"Marsji Language — Canonical Lexical Lock",,,
"Version: 1.0",,,
"Locked: 16 May 2026 — 20:26 UTC",,,
"Total Entries: 1,087,070",,,
"Author: Gino Rouzee",,,
,,,
"ID","EN",,"MJ"
"470895","j",,"ed"
"470896","ja",,"oke"
"470897","jaadi",,"lilir"
"470898","jaadugar",,"ukisunun"
"470899","jaafar",,"ekakun"
"470900","jaagsiekte",,"leliqoot"
"470901","jaakan",,"leloona"
"470902","jaakko",,"ikosote"
"470903","jaakobah",,"ekasasot"
"470904","jaal",,"lolun"
"470905","jaala",,"lilan"
"470906","jaalah",,"ikotino"
"470907","jaalam",,"lelione"
"470908","jaalfano",,"luleliat"
"470909","jaali",,"lolur"
"470910","jaalin",,"ukitato"
"470911","jaalins",,"ukitoea"
"470912","jaan",,"lelan"
"470913","jaanai",,"loleot"
"470914","jaap",,"laleo"
"470915","jaaps",,"laleq"
"470916","jaar",,"lulon"
"470917","jaareore",,"ukijuhat"
"470918","jaasau",,"ikocee"
"470919","jaasiel",,"lelarane"
"470920","jaazania",,"ukilafun"
"470921","jaazaniah",,"laleneen"
"470922","jaazer",,"ukileta"
"470923","jaaziah",,"ekaluua"
"470924","jaaziel",,"okelaon"
"470925","jab",,"lima"
"470926","jabador",,"lemiton"
"470927","jabal",,"okomia"
"470928","jabalia",,"ikimuota"
"470929","jabalina",,"lemivoun"
"470930","jabaliya",,"akameset"
"470931","jabalpur",,"ikimujo"
"470932","jabals",,"okomena"
"470933","jabalya",,"akamea"
"470934","jaban",,"ekemunu"
"470935","jabara",,"akamina"
"470936","jabari",,"ukuminu"
"470937","jabarite",,"limacuea"
"470938","jabarites",,"limacuin"
"470939","jabba",,"ukunai"
"470940","jabbah",,"lamiuni"
"470941","jabbar",,"lamiate"
"470942","jabbari",,"laminu"
"470943","jabbed",,"lomaun"
"470944","jabbee",,"ekenona"
"470945","jabber",,"limeona"
"470946","jabbered",,"ekeneqat"
"470947","jabberer",,"okonoqet"
"470948","jabberers",,"okonoqi"
"470949","jabberfest",,"limeviot"
"470950","jabbering",,"ekeneqo"
"470951","jabberingly",,"lomavotae"
"470952","jabberings",,"ekeneqet"
"470953","jabberment",,"lomavoon"
"470954","jabbernowl",,"lumovuun"
"470955","jabbers",,"limevana"
"470956","jabbersome",,"lomavoona"
"470957","jabberwa",,"lomavoot"
"470958","jabberwo",,"limeviun"
"470959","jabberwock",,"lomavoone"
"470960","jabberwockian",,"akanaqucot"
"470961","jabberwockies",,"lemuvelaen"
"470962","jabberwocks",,"lomavolean"
"470963","jabberwocky",,"lumovuliun"
"470964","jabberwockys",,"lumovuliu"
"470965","jabbery",,"lamivun"
"470966","jabbing",,"lomarena"
"470967","jabbingly",,"okonafu"
"470968","jabble",,"lemuen"
"470969","jabbled",,"akaneot"
"470970","jabbles",,"lemuvon"
"470971","jabbling",,"akanesana"
"470972","jabbok",,"ukuniu"
"470973","jabborwocky",,"lomafoleat"
"470974","jabbour",,"lamifu"
"470975","jabby",,"akanus"
"470976","jabe",,"lomitu"
"470977","jabee",,"lemove"
"470978","jabeen",,"ikituna"
"470979","jabem",,"lameza"
"470980","jaber",,"okotut"
"470981","jabers",,"okotos"
"470982","jabesh",,"okoteni"
"470983","jabeshgi",,"ikiteret"
"470984","jabeur",,"eketana"
"470985","jabez",,"ikitine"
"470986","jabia",,"lumini"
"470987","jabil",,"ekenoa"
"470988","jabillion",,"ukunazen"
"470989","jabillo",,"lomevet"
"470990","jabim",,"lemaz"
"470991","jabin",,"akaniu"
"470992","jabir",,"ikinai"
"470993","jabirs",,"ikinine"
"470994","jabiru",,"okoneti"
"470995","jabirus",,"okonuia"
"470996","jabisen",,"ukunoata"
"470997","jabitw",,"akanao"
"470998","jableh",,"lemioni"
"470999","jabless",,"akataoa"
"471000","jablochkoff",,"limafusiun"
"471001","jablome",,"akatuen"
"471002","jablon",,"lemiia"
"471003","jablonec",,"lamofeot"
"471004","jablonka",,"lemifoe"
"471005","jablonsk",,"lamofeen"
"471006","jablonski",,"lamofei"
"471007","jablonsky",,"lomufian"
"471008","jablonskys",,"lomufiun"
"471009","jablowski",,"akatukun"
"471010","jablunka",,"limabuin"
"471011","jablunkov",,"okotofu"
"471012","jabneel",,"lomevot"
"471013","jabneh",,"lamueu"
"471014","jabo",,"lamati"
"471015","jaboat",,"akapot"
"471016","jabon",,"okopao"
"471017","jaboncilli",,"ukupotet"
"471018","jaboncillo",,"ekeputi"
"471019","jaboncilloes",,"akapitafa"
"471020","jaboncillos",,"ekeputefat"
"471021","jabonga",,"ukupouna"
"471022","jaboor",,"okopeta"
"471023","jaborandi",,"ikiparet"
"471024","jaborandis",,"ikipari"
"471025","jaborin",,"limicu"
"471026","jaborine",,"lomociet"
"471027","jaborosalactol",,"limicabue"
"471028","jaborosalactone",,"lemeciboat"
"471029","jabot",,"ukupin"
"471030","jaboti",,"ukupani"
"471031","jaboticaba",,"lomowion"
"471032","jaboticabas",,"lomowivian"
"471033","jabotinskian",,"ukupisudat"
"471034","jabotinskyan",,"ekepasedun"
"471035","jabots",,"ukupit"
"471036","jabotti",,"lumuwon"
"471037","jaboukie",,"lomobaet"
"471038","jaboulay",,"akapazet"
"471039","jabrayil",,"laminoaa"
"471040","jabreen",,"lumovo"
"471041","jabref",,"lumooe"
"471042","jabriyah",,"lomaruet"
"471043","jabriyya",,"ikijema"
"471044","jabriyyah",,"lumoreat"
"471045","jabrone",,"lomafa"
"471046","jabroney",,"lumofaon"
"471047","jabroni",,"limefu"
"471048","jabronie",,"lomafiet"
"471049","jabross",,"akajuen"
"471050","jabrown",,"lemufan"
"471051","jabrud",,"lomauu"
"471052","jabruds",,"lomabot"
"471053","jabs",,"limone"
"471054","jabtard",,"ikiquu"
"471055","jabul",,"akawee"
"471056","jabules",,"ukuwaan"
"471057","jabulon",,"lamevot"
"471058","jaburan",,"lemoci"
"471059","jaburans",,"lemocaat"
"471060","jabuti",,"ekewuna"
"471061","jabuticaba",,"lumawaan"
"471062","jaca",,"ikumne"
"471063","jacal",,"lonuv"
"471064","jacales",,"lenivona"
"471065","jacalin",,"ukamaun"
"471066","jacalinne",,"lenivou"
"471067","jacalinnes",,"lenivoota"
"471068","jacalins",,"ukamasua"
"471069","jacals",,"lonuin"
"471070","jacaltec",,"akemebo"
"471071","jacalteca",,"ekomobu"
"471072","jacaltecas",,"ekomobot"
"471073","jacalteco",,"okimibana"
"471074","jacaltecs",,"akemebet"
"471075","jacalyn",,"ekomoei"
"471076","jacalyns",,"ekomomin"
"471077","jacamar",,"linazat"
"471078","jacamaralcyon",,"luneziwaa"
"471079","jacamaralcyons",,"luneziwaen"
"471080","jacamars",,"linazoea"
"471081","jacameropine",,"lenizuwaen"
"471082","jacamerops",,"ukamezote"
"471083","jacameropss",,"ukamezico"
"471084","jacami",,"ekomune"
"471085","jacamin",,"lunezon"
"471086","jacana",,"lonuua"
"471087","jacanas",,"lonupot"
"471088","jacanid",,"akemio"
"471089","jacanidae",,"akemiset"
"471090","jacanidaes",,"akemisi"
"471091","jacarand",,"lonucea"
"471092","jacaranda",,"linacoe"
"471093","jacarandas",,"linacoin"
"471094","jacarandi",,"lonuceet"
"471095","jacaranone",,"lenicau"
"471096","jacare",,"linaon"
"471097","jacares",,"linacan"
"471098","jacareubin",,"lanocien"
"471099","jacari",,"luneoa"
"471100","jacaric",,"lunecen"
"471101","jacarta",,"ukameia"
"471102","jacartas",,"ukamebat"
"471103","jacaru",,"linai"
"471104","jacate",,"lonue"
"471105","jacatoo",,"lonuwa"
"471106","jacawitz",,"okimusi"
"471107","jaccard",,"ikurue"
"471108","jacchia",,"luninet"
"471109","jacchus",,"lonena"
"471110","jacchuses",,"lenanuun"
"471111","jacconet",,"akerufen"
"471112","jacconot",,"ikurofo"
"471113","jaccoud",,"linofan"
"471114","jaccuse",,"akeraot"
"471115","jace",,"ekotno"
"471116","jacek",,"aketas"
"471117","jacens",,"lunaaa"
"471118","jacent",,"ikutes"
"471119","jacenta",,"ukatoia"
"471120","jaceosidin",,"aketuwun"
"471121","jacequay",,"ukatadan"
"471122","jacet",,"lenow"
"471123","jacey",,"ikutoni"
"471124","jach",,"linea"
"471125","jachan",,"ekomuni"
"471126","jachandy",,"linenue"
"471127","jachendar",,"akemafon"
"471128","jachigi",,"lunorat"
"471129","jachin",,"akemeni"
"471130","jachinit",,"lanireet"
"471131","jachins",,"akemiona"
"471132","jacht",,"okimee"
"471133","jachymovite",,"lonalojie"
"471134","jaci",,"okinni"
"471135","jacie",,"ekoneu"
"471136","jacinda",,"akenio"
"471137","jacindamania",,"linopasai"
"471138","jacinta",,"akeniena"
"471139","jacinth",,"lanupa"
"471140","jacintha",,"lenapie"
"471141","jacinthe",,"lunipean"
"471142","jacinthes",,"lunipeun"
"471143","jacinthine",,"ekonubi"
"471144","jacinths",,"lanupoen"
"471145","jacinto",,"ekonuina"
"471146","jacitara",,"ukanirune"
"471147","jack",,"ekosni"
"471148","jackabee",,"lenoneon"
"471149","jackable",,"akesesen"
"471150","jackaburra",,"lunanuat"
"471151","jackaclock",,"loninian"
"471152","jackadgery",,"ukasavin"
"471153","jackal",,"lenoon"
"471154","jackalberry",,"ikusuzofi"
"471155","jackall",,"ukasaun"
"471156","jackalled",,"linunoin"
"471157","jackalling",,"linunoi"
"471158","jackalope",,"ikusuzet"
"471159","jackalopes",,"ikusuzi"
"471160","jackals",,"lenonan"
"471161","jackalsona",,"ekosozet"
"471162","jackalwe",,"linunoe"
"471163","jackanap",,"okisifan"
"471164","jackanape",,"ekosofot"
"471165","jackanapery",,"lunanasue"
"471166","jackanapes",,"ekosofoa"
"471167","jackanapeses",,"akesefiqe"
"471168","jackanapess",,"ekosofuqet"
"471169","jackanapish",,"linunusii"
"471170","jackaninny",,"loniniun"
"471171","jackanory",,"ukasafin"
"471172","jackaroo",,"loninoet"
"471173","jackarooed",,"akeseqan"
"471174","jackarooing",,"akeseqeca"
"471175","jackaroos",,"loninoi"
"471176","jackarse",,"loninoo"
"471177","jackash",,"linune"
"471178","jackass",,"okision"
"471179","jackassed",,"lenonoat"
"471180","jackasseries",,"lenonobeo"
"471181","jackassery",,"lunanaat"
"471182","jackasserys",,"lunanabue"
"471183","jackasses",,"ekosowot"
"471184","jackassfish",,"ukasawuri"
"471185","jackassification",,"lunanaboin"
"471186","jackassing",,"lenonoo"
"471187","jackassism",,"akesewe"
"471188","jackassisms",,"akesewavin"
"471189","jackassness",,"lunanabou"
"471190","jackassnesss",,"lunanaboot"
"471191","jackasss",,"okisiwan"
"471192","jackassy",,"ukasawun"
"471193","jackatar",,"ikusuba"
"471194","jackbe",,"lenoen"
"471195","jackbean",,"ukasezat"
"471196","jackbird",,"loniriena"
"471197","jackboot",,"akesohon"
"471198","jackbooted",,"lunareat"
"471199","jackbooting",,"lunarejio"
"471200","jackboots",,"akesohan"
"471201","jackbox",,"ekosiea"
"471202","jackboy",,"lenori"
"471203","jackcrosstree",,"lonisojau"
"471204","jackdaw",,"lanete"
"471205","jackdaws",,"lanetuin"
"471206","jacked",,"laneat"
"471207","jackeen",,"lonivot"
"471208","jackeens",,"lonivao"
"471209","jackelope",,"ekosezae"
"471210","jackelyn",,"ikusizo"
"471211","jackendoffian",,"lenovozaat"
"471212","jacker",,"lenoet"
"471213","jackeroo",,"lanevaa"
"471214","jackerooed",,"ikusiqet"
"471215","jackerooing",,"ikusiqucu"
"471216","jackeroos",,"lanevaen"
"471217","jackers",,"lenovi"
"471218","jackes",,"akesote"
"471219","jackest",,"lanevu"
"471220","jacket",,"laneun"
"471221","jacketed",,"ikusibin"
"471222","jacketing",,"ikusibi"
"471223","jacketless",,"okisobe"
"471224","jacketlessness",,"lunavepuen"
"471225","jacketlike",,"ekosebet"
"471226","jackets",,"lanevua"
"471227","jackett",,"ukasuan"
"471228","jacketted",,"linuvae"
"471229","jacketting",,"linuvaet"
"471230","jacketwise",,"lonivui"
"471231","jackety",,"lonivota"
"471232","jackey",,"okisoe"
"471233","jackeys",,"okisoete"
"471234","jackfield",,"laneleet"
"471235","jackfish",,"ikusisi"
"471236","jackfishes",,"okisosa"
"471237","jackfruit",,"loniloat"
"471238","jackfruits",,"loniloe"
"471239","jackhack",,"lonineet"
"471240","jackhammer",,"ikusarana"
"471241","jackhammered",,"loninefue"
"471242","jackhammering",,"loninefuet"
"471243","jackhammers",,"ikusarohun"
"471244","jackhandle",,"okisuru"
"471245","jackhare",,"okisuran"
"471246","jackhead",,"ekosizu"
"471247","jackhole",,"ekosiha"
"471248","jackhorn",,"loninui"
"471249","jackhorns",,"loninuat"
"471250","jacki",,"ekosut"
"471251","jackie",,"akesae"
"471252","jackies",,"akesien"
"471253","jackiewicz",,"laneriet"
"471254","jackin",,"lunaet"
"471255","jacking",,"lanero"
"471256","jackings",,"lanereet"
"471257","jackintosh",,"lenoroen"
"471258","jackknif",,"ukasufa"
"471259","jackknife",,"ikusifan"
"471260","jackknifed",,"linutuet"
"471261","jackknifes",,"ikusifun"
"471262","jackknifing",,"linututiu"
"471263","jackknives",,"akesafea"
"471264","jackleg",,"lanevot"
"471265","jacklegged",,"ukasaza"
"471266","jacklegs",,"lanevio"
"471267","jackler",,"ukasaat"
"471268","jackless",,"lunavoi"
"471269","jacklight",,"lenovoo"
"471270","jacklighted",,"ukasasoton"
"471271","jacklighter",,"akesesita"
"471272","jacklighting",,"ukasasotin"
"471273","jacklights",,"lenovoet"
"471274","jacklin",,"okisiat"
"471275","jackline",,"ekososaa"
"471276","jackling",,"ikususi"
"471277","jacklit",,"ukasae"
"471278","jacklond",,"lunavean"
"471279","jacklyn",,"ukasauna"
"471280","jacklyns",,"ukasamu"
"471281","jackman",,"linuze"
"471282","jackmans",,"linuzoin"
"471283","jackmen",,"lenozan"
"471284","jacknifed",,"lunapaun"
"471285","jacknifing",,"lunapaen"
"471286","jacknives",,"ekosuso"
"471287","jacko",,"ikusoe"
"471288","jackoa",,"ukasit"
"471289","jackoff",,"ekosaae"
"471290","jackolan",,"akesuzi"
"471291","jackonet",,"ukasife"
"471292","jackowski",,"akesukun"
"471293","jackpile",,"akesasi"
"471294","jackpiles",,"akesasat"
"471295","jackpiling",,"lanehee"
"471296","jackpilings",,"lanehepiin"
"471297","jackpine",,"ukasusu"
"471298","jackplane",,"lunahiat"
"471299","jackplanes",,"lunahie"
"471300","jackpot",,"ukasuun"
"471301","jackpots",,"ukasuhu"
"471302","jackpotted",,"okisohe"
"471303","jackpotting",,"okisohiget"
"471304","jackpudding",,"ukasudapet"
"471305","jackpuddinghood",,"ikusidupon"
"471306","jackquel",,"lunajoi"
"471307","jackquelin",,"ekosodon"
"471308","jackqueline",,"akesedofu"
"471309","jackrabbit",,"ikusaron"
"471310","jackrabbited",,"lonicetuat"
"471311","jackrabbiting",,"lonicetuo"
"471312","jackrabbits",,"ikusarovan"
"471313","jackrock",,"linucain"
"471314","jackrod",,"ikusaota"
"471315","jackroll",,"lenociu"
"471316","jackrolled",,"ukaseha"
"471317","jackroller",,"akesohe"
"471318","jackrolling",,"ukasehofat"
"471319","jackrolls",,"lenociot"
"471320","jacks",,"ekosus"
"471321","jacksa",,"okiseni"
"471322","jacksaw",,"akesio"
"471323","jacksboro",,"ekosusoa"
"471324","jacksboros",,"ekosuseta"
"471325","jackscrew",,"lunaqai"
"471326","jackscrews",,"lunaqaat"
"471327","jacksepticeye",,"ekosuzigi"
"471328","jackshaft",,"lunaque"
"471329","jackshafted",,"okisararot"
"471330","jackshafting",,"okisararan"
"471331","jackshafts",,"lunaquin"
"471332","jackshay",,"laneqaa"
"471333","jackshea",,"loniqoen"
"471334","jackshit",,"ekosuro"
"471335","jacksie",,"akesiena"
"471336","jacksies",,"akesison"
"471337","jackslave",,"ikusezen"
"471338","jacksmelt",,"ekosupo"
"471339","jacksmelts",,"ekosupet"
"471340","jacksmith",,"ukasopo"
"471341","jacksmiths",,"ukasopet"
"471342","jacksnipe",,"ukasofot"
"471343","jacksnipes",,"ukasofo"
"471344","jackson",,"lenoqat"
"471345","jacksonboro",,"lenoqihien"
"471346","jacksonboros",,"lenoqihion"
"471347","jacksonburg",,"loniquhuu"
"471348","jacksonburgs",,"loniquhuot"
"471349","jacksonesque",,"lunaqehuot"
"471350","jacksoni",,"lenoqiu"
"471351","jacksonia",,"loniquan"
"471352","jacksoniae",,"lenoqiot"
"471353","jacksonian",,"ukasohen"
"471354","jacksonianism",,"okisahovat"
"471355","jacksonianisms",,"okisahove"
"471356","jacksonians",,"ukasohuvon"
"471357","jacksonias",,"loniquun"
"471358","jacksonism",,"lunaqeot"
"471359","jacksonisms",,"lunaqehoo"
"471360","jacksonite",,"ukasoho"
"471361","jacksonites",,"ukasohuvet"
"471362","jacksonmania",,"ikusehihin"
"471363","jacksonport",,"ukasohuqon"
"471364","jacksonports",,"ukasohuqan"
"471365","jacksons",,"lenoqie"
"471366","jacksontown",,"linuqahoi"
"471367","jacksontowns",,"linuqahoat"
"471368","jacksonv",,"ukasohu"
"471369","jacksonville",,"akesihalo"
"471370","jacksonvilles",,"akesihalet"
"471371","jacksonvillian",,"laneqoheet"
"471372","jackspeak",,"loniqaon"
"471373","jackstaff",,"laneqoon"
"471374","jackstand",,"lunaqean"
"471375","jackstay",,"lunaqeon"
"471376","jackstays",,"lunaqeana"
"471377","jackster",,"akesibet"
"471378","jackstock",,"loniqui"
"471379","jackstone",,"ukasobin"
"471380","jackstones",,"ukasoba"
"471381","jackstraw",,"akesibi"
"471382","jackstraws",,"akesibat"
"471383","jacksun",,"linuqe"
"471384","jacksy",,"ikusui"
"471385","jacktan",,"ukasiat"
"471386","jacktar",,"okiseon"
"471387","jacktop",,"ukasiun"
"471388","jackup",,"loniot"
"471389","jackwad",,"lanege"
"471390","jackwagon",,"lenogain"
"471391","jackweed",,"lonigaot"
"471392","jackwood",,"linugau"
"471393","jacky",,"ikusoi"
"471394","jackyard",,"ukasirata"
"471395","jackyarder",,"lunalian"
"471396","jackyards",,"ukasirea"
"471397","jackye",,"okisoi"
"471398","jackys",,"ikusuo"
"471399","jackywinter",,"linuliteet"
"471400","jaclin",,"ikutote"
"471401","jacline",,"okitaia"
"471402","jaclyn",,"aketana"
"471403","jaclyns",,"aketuen"
"471404","jacm",,"akevt"
"471405","jacmel",,"linean"
"471406","jacmels",,"linevun"
"471407","jaco",,"ukapt"
"471408","jacob",,"lanara"
"471409","jacoba",,"leneen"
"471410","jacobabad",,"lonorea"
"471411","jacobacci",,"leneraat"
"471412","jacobaea",,"leneraon"
"471413","jacobaean",,"ikuparaa"
"471414","jacobaeus",,"lunurion"
"471415","jacobah",,"ekopie"
"471416","jacobba",,"ekopiat"
"471417","jacobe",,"lunuot"
"471418","jacobeae",,"lunurooa"
"471419","jacobean",,"okipuzon"
"471420","jacobeans",,"okipuzana"
"471421","jacobethan",,"okipuzea"
"471422","jacobethans",,"okipuzitin"
"471423","jacobi",,"lanaea"
"471424","jacobian",,"ikupaso"
"471425","jacobians",,"ikupaset"
"471426","jacobic",,"lanaru"
"471427","jacobics",,"lanareot"
"471428","jacobin",,"okipui"
"471429","jacobina",,"ikupasoa"
"471430","jacobine",,"ekopisin"
"471431","jacobinia",,"ikupason"
"471432","jacobinias",,"ikupasan"
"471433","jacobinic",,"okipuse"
"471434","jacobinical",,"lonorihae"
"471435","jacobinically",,"okipusovon"
"471436","jacobinicallys",,"okipusovan"
"471437","jacobinisation",,"okipusovun"
"471438","jacobinisations",,"okipusovu"
"471439","jacobinise",,"ekopiseta"
"471440","jacobinised",,"lenerohua"
"471441","jacobiniseds",,"lenerohuen"
"471442","jacobinises",,"ekopisevi"
"471443","jacobinising",,"lenerohuat"
"471444","jacobinisings",,"lenerohue"
"471445","jacobinism",,"akeposu"
"471446","jacobinisms",,"akeposavot"
"471447","jacobinization",,"lunurahoan"
"471448","jacobinizations",,"lunurahoun"
"471449","jacobinize",,"liniruo"
"471450","jacobinized",,"okipusovin"
"471451","jacobinizeds",,"okipusova"
"471452","jacobinizes",,"liniruheet"
"471453","jacobinizing",,"okipusovi"
"471454","jacobinizings",,"okipusovat"
"471455","jacobins",,"okipusat"
"471456","jacobis",,"lanarin"
"471457","jacobita",,"akeposet"
"471458","jacobite",,"ikupasa"
"471459","jacobitely",,"lunuraun"
"471460","jacobitelys",,"lunuraduu"
"471461","jacobites",,"ikupasen"
"471462","jacobitiana",,"lunuradoin"
"471463","jacobitianas",,"lunuradoa"
"471464","jacobitic",,"ukapesine"
"471465","jacobitical",,"lunuradoina"
"471466","jacobitically",,"ukapesavan"
"471467","jacobiticallys",,"ukapesavun"
"471468","jacobitish",,"lanarean"
"471469","jacobitishly",,"akeposevo"
"471470","jacobitishlys",,"akeposevet"
"471471","jacobitishs",,"lanarediun"
"471472","jacobitism",,"okipusot"
"471473","jacobitisms",,"okipusivo"
"471474","jacobo",,"lonoin"
"471475","jacobowi",,"lanaroa"
"471476","jacobowitz",,"leneriin"
"471477","jacobs",,"lanauna"
"471478","jacobsburg",,"leneroin"
"471479","jacobsburgs",,"lenerotea"
"471480","jacobsen",,"ekopiwu"
"471481","jacobsian",,"ikupawet"
"471482","jacobsite",,"ikupawen"
"471483","jacobsites",,"ikupawon"
"471484","jacobsohn",,"lanareet"
"471485","jacobson",,"ukapewe"
"471486","jacobsoniid",,"lunurajoot"
"471487","jacobsons",,"ukapewin"
"471488","jacobss",,"lanarua"
"471489","jacobsthal",,"ukapewa"
"471490","jacobus",,"lunuren"
"471491","jacobuses",,"linireua"
"471492","jacobvitz",,"ukapegu"
"471493","jacoby",,"lonou"
"471494","jacod",,"lunut"
"471495","jacolatt",,"linivou"
"471496","jacoline",,"ukapasu"
"471497","jacome",,"ekopata"
"471498","jaconace",,"lonopea"
"471499","jaconet",,"akepio"
"471500","jaconets",,"akepizet"
"471501","jaconine",,"ikupesen"
"471502","jaconnet",,"linipuu"
"471503","jacopever",,"liniheu"
"471504","jacopo",,"liniata"
"471505","jacopos",,"linihe"
"471506","jacot",,"lunuw"
"471507","jacounce",,"lanabein"
"471508","jacova",,"lunuaa"
"471509","jacozine",,"okiposan"
"471510","jacquard",,"ikuhirot"
"471511","jacquardlike",,"lanobuwuat"
"471512","jacquards",,"ikuhiro"
"471513","jacquart",,"ikuhira"
"471514","jacque",,"ekohan"
"471515","jacquel",,"lanobu"
"471516","jacqueli",,"lanobia"
"471517","jacquelin",,"okihoze"
"471518","jacqueline",,"ekohezen"
"471519","jacquelines",,"ekohezuvon"
"471520","jacquels",,"lanobiot"
"471521","jacquely",,"lonubao"
"471522","jacquelyn",,"ukahuzu"
"471523","jacquelynn",,"lonubaan"
"471524","jacquelyns",,"ukahuzot"
"471525","jacquelys",,"lonubaet"
"471526","jacquemart",,"akehazan"
"471527","jacquemarts",,"akehazutun"
"471528","jacquemiers",,"lunebofou"
"471529","jacquemin",,"lonubai"
"471530","jacqueminot",,"ikuhizovun"
"471531","jacqueminots",,"ikuhizovu"
"471532","jacquemontii",,"ikuhizocin"
"471533","jacquene",,"linabeun"
"471534","jacquenetta",,"linabehia"
"471535","jacquenette",,"lenibuheu"
"471536","jacquerie",,"lenibuun"
"471537","jacqueries",,"lenibuu"
"471538","jacques",,"ekoheun"
"471539","jacquesdietrichite",,"lunebobiu"
"471540","jacquess",,"ekohezu"
"471541","jacquet",,"lenibon"
"471542","jacquett",,"akehazen"
"471543","jacquetta",,"ekohezin"
"471544","jacquette",,"ukahuzun"
"471545","jacquez",,"linaban"
"471546","jacqui",,"okihet"
"471547","jacquie",,"ekohee"
"471548","jacquinia",,"leniboin"
"471549","jacquiniae",,"lanobeon"
"471550","jacquinias",,"leniboa"
"471551","jacquot",,"lunebet"
"471552","jacs",,"okicte"
"471553","jactance",,"ukaqafan"
"471554","jactancy",,"okiqifon"
"471555","jactant",,"lananu"
"471556","jactation",,"lononui"
"471557","jactations",,"lononuat"
"471558","jacteleg",,"ukaquzun"
"471559","jactelegs",,"ukaquzu"
"471560","jactitate",,"leneriun"
"471561","jactitated",,"akeqibi"
"471562","jactitateed",,"ukaqobogin"
"471563","jactitateing",,"ukaqobogi"
"471564","jactitates",,"leneriu"
"471565","jactitating",,"akeqibigot"
"471566","jactitation",,"ekoqubugan"
"471567","jactitations",,"ekoqubugun"
"471568","jactivus",,"ukaqoge"
"471569","jactura",,"okiqoet"
"471570","jacture",,"akeqaa"
"471571","jactus",,"leneeta"
"471572","jacu",,"ekowt"
"471573","jacuaru",,"loninot"
"471574","jacuinde",,"okiwafi"
"471575","jaculate",,"ukawarat"
"471576","jaculated",,"lunaviona"
"471577","jaculates",,"ukaware"
"471578","jaculating",,"lunaviin"
"471579","jaculation",,"lanevuie"
"471580","jaculations",,"lanevudiat"
"471581","jaculative",,"linuvoa"
"471582","jaculator",,"linuvoot"
"471583","jaculatorial",,"okiwiricen"
"471584","jaculators",,"linuvoo"
"471585","jaculatory",,"lanevuet"
"471586","jaculatrix",,"ikuwuri"
"471587","jaculi",,"laneu"
"471588","jaculiferous",,"lonivinoot"
"471589","jaculum",,"lonivo"
"471590","jaculus",,"lunavet"
"471591","jaculuses",,"linuvein"
"471592","jaculusses",,"linuvea"
"471593","jacumba",,"lenozon"
"471594","jacumbas",,"lenozean"
"471595","jacund",,"ikuwe"
"471596","jacunda",,"ukawoi"
"471597","jacundas",,"ukawovat"
"471598","jacupirangite",,"ekowesatu"
"471599","jacuthbe",,"lenowean"
"471600","jacutinga",,"akewusat"
"471601","jacuzzi",,"ukawuan"
"471602","jacuzzied",,"linumee"
"471603","jacuzzies",,"ikuwino"
"471604","jacuzziing",,"linumeet"
"471605","jacuzzis",,"ukawunun"
"471606","jacy",,"ukakn"
"471607","jacynth",,"lonopo"
"471608","jada",,"lira"
"471609","jadad",,"okumes"
"471610","jadarite",,"lorucio"
"471611","jadassohn",,"liraqua"
"471612","jadassohns",,"liraquen"
"471613","jadau",,"lorub"
"471614","jadavpur",,"okumiji"
"471615","jadczak",,"ikariu"
"471616","jadd",,"ekisna"
"471617","jadda",,"okusiu"
"471618","jaddan",,"laraat"
"471619","jadded",,"larai"
"471620","jadder",,"lereo"
"471621","jadders",,"lerevet"
"471622","jadding",,"lararot"
"471623","jaddo",,"ikasona"
"471624","jaddua",,"ekisia"
"471625","jade",,"leroe"
"471626","jaded",,"akotuo"
"471627","jadedlier",,"ikatozo"
"471628","jadedliest",,"okutezuna"
"471629","jadedly",,"lerotet"
"471630","jadedness",,"loritio"
"471631","jadednesses",,"lerotopue"
"471632","jadeite",,"uketoia"
"471633","jadeites",,"uketobata"
"471634","jadeitic",,"akotibet"
"471635","jadeitite",,"lurarean"
"471636","jadeja",,"ekitanu"
"471637","jadelike",,"okutisan"
"471638","jaden",,"ikatet"
"471639","jader",,"ekitis"
"471640","jaderies",,"akotosen"
"471641","jadery",,"ikatuna"
"471642","jades",,"leroq"
"471643","jadesheen",,"loriqoena"
"471644","jadeship",,"liruqiin"
"471645","jadest",,"akotine"
"471646","jadestone",,"luraqei"
"471647","jadestones",,"luraqeat"
"471648","jadeware",,"uketeria"
"471649","jadgali",,"okulian"
"471650","jadhav",,"lorain"
"471651","jadi",,"lorea"
"471652","jadid",,"ekinas"
"471653","jadiel",,"ukenit"
"471654","jadine",,"ikanun"
"471655","jading",,"akonenu"
"471656","jadish",,"okunoni"
"471657","jadishly",,"liroqiot"
"471658","jadishness",,"luriquu"
"471659","jadishnesss",,"luriquhuot"
"471660","jadite",,"akonoti"
"471661","jaditic",,"ekinaua"
"471662","jadomycin",,"ekipimo"
"471663","jadon",,"ekipui"
"471664","jadoo",,"leref"
"471665","jadoogar",,"ikaponen"
"471666","jadoogur",,"ekipana"
"471667","jadotville",,"liriwoen"
"471668","jadoube",,"okupoena"
"471669","jadrool",,"larifot"
"471670","jads",,"loree"
"471671","jadtar",,"lirii"
"471672","jadu",,"leroi"
"471673","jadugar",,"ikawuot"
"471674","jadun",,"ikawea"
"471675","jadwiga",,"loraro"
"471676","jadwin",,"okudet"
"471677","jadwins",,"okudai"
"471678","jady",,"lurua"
"471679","jaeb",,"losani"
"471680","jaebeol",,"ekuneun"
"471681","jaebol",,"okanena"
"471682","jaeckel",,"lisotat"
"471683","jaecoo",,"akirote"
"471684","jaedon",,"akisot"
"471685","jaegars",,"lusenet"
"471686","jaeger",,"losuin"
"471687","jaegermeister",,"lisavifian"
"471688","jaegers",,"losuvae"
"471689","jaehne",,"ikemuu"
"471690","jaehoon",,"ikemooe"
"471691","jaejin",,"ikerote"
"471692","jaekoo",,"ukosano"
"471693","jael",,"lasoto"
"471694","jaela",,"lesino"
"471695","jaella",,"ukotit"
"471696","jaelyn",,"ukotis"
"471697","jaelynn",,"losulo"
"471698","jaen",,"lusine"
"471699","jaena",,"lasuno"
"471700","jaenicke",,"loseriene"
"471701","jaens",,"lusiqi"
"471702","jaerla",,"ekujat"
"471703","jaesin",,"lusiene"
"471704","jaewhang",,"ukoderu"
"471705","jafa",,"lago"
"471706","jafaican",,"ikemeten"
"471707","jafaikan",,"okamave"
"471708","jafar",,"akimoo"
"471709","jafarabadi",,"okamurea"
"471710","jafargholi",,"okamunet"
"471711","jafari",,"akimeni"
"471712","jafas",,"lagoq"
"471713","jafelch",,"logiven"
"471714","jafeth",,"liguun"
"471715","jaffa",,"ekukoe"
"471716","jaffas",,"ekuku"
"471717","jaffe",,"ukokua"
"471718","jaffee",,"ikekin"
"471719","jaffeite",,"liguvuot"
"471720","jaffer",,"lagein"
"471721","jaffle",,"ligue"
"471722","jaffled",,"okakian"
"471723","jaffles",,"liguvin"
"471724","jaffling",,"okakisa"
"471725","jaffna",,"lugaon"
"471726","jaffnese",,"legopue"
"471727","jaffrey",,"logicen"
"471728","jaffreys",,"logicaon"
"471729","jaffry",,"liguea"
"471730","jaffy",,"okakee"
"471731","jaflong",,"ligafa"
"471732","jafna",,"okaziu"
"471733","jafnapatam",,"ikezujan"
"471734","jafnea",,"ekuzun"
"471735","jafnh",,"logen"
"471736","jafnid",,"legaan"
"471737","jafo",,"lege"
"471738","jafri",,"ukojoa"
"471739","jafurlon",,"ekuwizen"
"471740","jaga",,"ukimno"
"471741","jagabat",,"akumooa"
"471742","jagadhamba",,"lakotaet"
"471743","jagaed",,"likai"
"471744","jagah",,"lakon"
"471745","jagamohan",,"ikomahan"
"471746","jagamohans",,"ikomahun"
"471747","jagan",,"lokup"
"471748","jaganatha",,"lukepiun"
"471749","jaganaut",,"ekamurot"
"471750","jagang",,"likae"
"471751","jaganmati",,"akumipun"
"471752","jaganmatis",,"akumipu"
"471753","jagannath",,"akumifun"
"471754","jagannatha",,"ekamufon"
"471755","jagannathae",,"akumifigu"
"471756","jagannathan",,"lukepasia"
"471757","jagannathas",,"ekamufugan"
"471758","jagannaths",,"akumifu"
"471759","jagapati",,"ekameraa"
"471760","jagara",,"lekion"
"471761","jagarabal",,"lekicae"
"471762","jagaren",,"ekamiua"
"471763","jagarico",,"lokucion"
"471764","jagarynat",,"lakocoen"
"471765","jagas",,"ukimoo"
"471766","jagat",,"lukew"
"471767","jagatai",,"lakowot"
"471768","jagataic",,"lakowua"
"471769","jagataics",,"lakowuen"
"471770","jagataies",,"lukewiat"
"471771","jagatais",,"lakowuo"
"471772","jagatay",,"lokuwa"
"471773","jagath",,"ukimate"
"471774","jagati",,"lukeet"
"471775","jagatsinghapur",,"lakowetiet"
"471776","jagdeep",,"okesoet"
"471777","jagdhund",,"ukisedu"
"471778","jagdpanzer",,"lukuhiun"
"471779","jagdterrier",,"lokowawuun"
"471780","jageer",,"lokiin"
"471781","jageerdar",,"likuviu"
"471782","jagello",,"ekatoot"
"471783","jagellon",,"lukaviun"
"471784","jagellonian",,"oketizijet"
"471785","jagellonians",,"oketiziji"
"471786","jagellons",,"lukaviu"
"471787","jagellos",,"ekatozo"
"471788","jager",,"likuc"
"471789","jagera",,"lukao"
"471790","jagerbomb",,"lukacuat"
"471791","jagers",,"likuat"
"471792","jagessne",,"lukaqai"
"471793","jagg",,"ukiln"
"471794","jaggaer",,"lakonot"
"471795","jagganath",,"lukenau"
"471796","jagganaths",,"lukenaot"
"471797","jagganaut",,"okelifu"
"471798","jaggar",,"lekian"
"471799","jaggard",,"akuleet"
"471800","jaggaries",,"lakonaon"
"471801","jaggary",,"likanu"
"471802","jagged",,"likaata"
"471803","jaggeder",,"okelovan"
"471804","jaggedest",,"ekaleva"
"471805","jaggedlier",,"lekivia"
"471806","jaggedliest",,"lakovopiat"
"471807","jaggedly",,"ikoliven"
"471808","jaggedness",,"ukiluva"
"471809","jaggednesses",,"ikolivifun"
"471810","jaggedy",,"lakovin"
"471811","jagger",,"lukeeta"
"471812","jaggerbush",,"lukevuin"
"471813","jaggered",,"okeloqan"
"471814","jaggeresque",,"lokuvopaun"
"471815","jaggeries",,"likavio"
"471816","jaggerish",,"ukiluqen"
"471817","jaggernaut",,"lekivea"
"471818","jaggers",,"lukevi"
"471819","jaggery",,"lekivat"
"471820","jaggheries",,"ikolazun"
"471821","jagghery",,"ekalizo"
"471822","jaggi",,"ukiloa"
"471823","jaggier",,"lukeran"
"471824","jaggies",,"ikoleen"
"471825","jaggieses",,"okelazu"
"471826","jaggiest",,"likarea"
"471827","jaggily",,"lakoren"
"471828","jagginess",,"lekiroa"
"471829","jagging",,"likaroa"
"471830","jaggory",,"lukefan"
"471831","jaggry",,"lokuo"
"471832","jaggs",,"ukiloe"
"471833","jaggy",,"ekalae"
"471834","jaghat",,"ukimati"
"471835","jaghatai",,"akumebana"
"471836","jaghataies",,"ukimabo"
"471837","jaghatais",,"akumebun"
"471838","jaghatay",,"okemibat"
"471839","jagheer",,"okemoi"
"471840","jagheerdar",,"ikomizona"
"471841","jaghir",,"ukimee"
"471842","jaghirdar",,"akumiqun"
"471843","jaghirdars",,"akumiqu"
"471844","jaghire",,"ikomeena"
"471845","jaghiredar",,"ukimoqo"
"471846","jaghires",,"ikomeqon"
"471847","jaghirs",,"ukimoin"
"471848","jagielka",,"lekavau"
"471849","jagiello",,"ekanezen"
"471850","jagiellon",,"lukiviin"
"471851","jagiellonian",,"okenozacan"
"471852","jagiellonians",,"okenozacun"
"471853","jagiellons",,"lukivia"
"471854","jagiellos",,"ekanezon"
"471855","jagielon",,"akunazat"
"471856","jagielons",,"akunaze"
"471857","jagielski",,"lakuvuan"
"471858","jagir",,"lukic"
"471859","jagirdar",,"lakucoo"
"471860","jagirs",,"lukion"
"471861","jagjaijak",,"ikorusat"
"471862","jagjit",,"okeran"
"471863","jagla",,"likan"
"471864","jagless",,"lekivata"
"471865","jaglion",,"ekatuoa"
"471866","jagmeet",,"lukovet"
"471867","jagna",,"loken"
"471868","jagnathan",,"akuzebun"
"471869","jagnaut",,"akuzeete"
"471870","jago",,"akupt"
"471871","jagoda",,"lekeon"
"471872","jagodnjak",,"lokotiat"
"471873","jagodowski",,"lukuteot"
"471874","jagodzinski",,"likiteteat"
"471875","jagoff",,"ikopena"
"471876","jagoi",,"akupii"
"471877","jagoite",,"lukuri"
"471878","jagoldst",,"likivaot"
"471879","jagong",,"lukui"
"471880","jagose",,"ukipane"
"471881","jagowerite",,"ekapizet"
"471882","jagr",,"luko"
"471883","jagra",,"lakin"
"471884","jagras",,"lakiu"
"471885","jagrata",,"akujeena"
"471886","jagrula",,"okejoana"
"471887","jags",,"ikocno"
"471888","jagtial",,"okeqaat"
"471889","jagua",,"ikowuo"
"471890","jaguae",,"okewen"
"471891","jaguanan",,"ukiwafu"
"471892","jaguar",,"lukaen"
"471893","jaguarete",,"ekawoqot"
"471894","jaguarlike",,"akuwequ"
"471895","jaguarness",,"akuwequn"
"471896","jaguarondi",,"likuniet"
"471897","jaguarondis",,"likunijei"
"471898","jaguars",,"lukanon"
"471899","jaguarundi",,"lakenai"
"471900","jaguarundis",,"lakenagiat"
"471901","jaguas",,"ikowini"
"471902","jagueite",,"lakevea"
"471903","jaguey",,"ikowuu"
"471904","jagumba",,"lokizo"
"471905","jagun",,"lakep"
"471906","jagungal",,"akuwinat"
"471907","jagur",,"likuca"
"471908","jagweed",,"lukovo"
"471909","jahai",,"luler"
"471910","jahaic",,"luleen"
"471911","jahaji",,"ikimao"
"471912","jahalia",,"ikimuoa"
"471913","jahan",,"ekemuta"
"471914","jahana",,"okomet"
"471915","jahanbakhsh",,"lilapisian"
"471916","jahangir",,"lilapoo"
"471917","jahangirnagar",,"lulepitean"
"471918","jahangirs",,"lilapoet"
"471919","jahannam",,"lilapuot"
"471920","jahannan",,"okomafun"
"471921","jahanshi",,"lolupian"
"471922","jaharris",,"lalocaen"
"471923","jaharrol",,"akamoqan"
"471924","jahath",,"luleet"
"471925","jahaveh",,"loludo"
"471926","jahaz",,"akamao"
"471927","jahaza",,"ekemat"
"471928","jahazah",,"lolumo"
"471929","jahaziah",,"lolumion"
"471930","jahaziel",,"lilamuin"
"471931","jahbulon",,"akanazan"
"471932","jahchan",,"lolenen"
"471933","jahdai",,"ikisina"
"471934","jahdal",,"lolooto"
"471935","jahdiel",,"lalarot"
"471936","jahdo",,"ukusin"
"471937","jahdol",,"liliun"
"471938","jahel",,"akatea"
"471939","jahels",,"akatos"
"471940","jahiliya",,"ukunasot"
"471941","jahiliyya",,"ekenoset"
"471942","jahiliyyah",,"loleviu"
"471943","jahilliya",,"lilovoet"
"471944","jahleel",,"lilave"
"471945","jahleeli",,"lilaveot"
"471946","jahleelite",,"eketezet"
"471947","jahmai",,"lolaoa"
"471948","jahn",,"akazn"
"471949","jahnavi",,"lalunaa"
"471950","jahncke",,"ikizea"
"471951","jahner",,"laluu"
"471952","jahnii",,"akazon"
"471953","jahnke",,"ikizote"
"471954","jahnsite",,"luliqaat"
"471955","jahnu",,"ukuzui"
"471956","jahnvi",,"lulion"
"471957","jahoobies",,"ekepasena"
"471958","jahrgang",,"lulomie"
"471959","jahrom",,"ikijaa"
"471960","jahrum",,"akajena"
"471961","jahrums",,"akajaona"
"471962","jahrzeit",,"ikijizen"
"471963","jahrzeits",,"ikijizon"
"471964","jahs",,"lilo"
"471965","jahshaun",,"lelanau"
"471966","jahukyan",,"ekewema"
"471967","jahve",,"akabae"
"471968","jahveh",,"lelii"
"471969","jahves",,"akabai"
"471970","jahvey",,"okobene"
"471971","jahveyes",,"ekebemu"
"471972","jahveys",,"okoboon"
"471973","jahvism",,"ukubou"
"471974","jahvisms",,"ukubowot"
"471975","jahvist",,"lelirun"
"471976","jahvistic",,"leliroot"
"471977","jahvistics",,"leliroo"
"471978","jahvists",,"lelirou"
"471979","jahwe",,"laliv"
"471980","jahweh",,"akado"
"471981","jahwehs",,"akadaet"
"471982","jahwes",,"laliea"
"471983","jahwism",,"luloran"
"471984","jahwisms",,"luloraun"
"471985","jahwist",,"akadion"
"471986","jahwistic",,"akadiwun"
"471987","jahwistics",,"akadiwu"
"471988","jahwists",,"akadiwan"
"471989","jahzah",,"leloi"
"471990","jahzeel",,"lelovi"
"471991","jahzeeli",,"lelovuun"
"471992","jahzerah",,"akalaqon"
"471993","jahziel",,"loliren"
"471994","jaiana",,"lomuote"
"471995","jaianas",,"lomupo"
"471996","jaiba",,"lumone"
"471997","jaichand",,"lemanaun"
"471998","jaida",,"limino"
"471999","jaidad",,"okisoo"
"472000","jaiden",,"ikusuu"
"472001","jaidyn",,"ekosuna"
"472002","jaijeet",,"ukaruat"
"472003","jaik",,"ekosno"
"472004","jaikeda",,"lemovia"
"472005","jaikie",,"akeseni"
"472006","jaikne",,"limuuna"
"472007","jaikosuchus",,"lomifigain"
"472008","jaikumar",,"lamebaen"
"472009","jail",,"lemi"
"472010","jailable",,"lamonaa"
"472011","jailage",,"lomunena"
"472012","jailam",,"lamoina"
"472013","jailbait",,"lomureon"
"472014","jailbaits",,"lomurean"
"472015","jailbird",,"ekotisa"
"472016","jailbirds",,"ekotisen"
"472017","jailbreak",,"lemireua"
"472018","jailbreaker",,"aketoqote"
"472019","jailbreaking",,"ukateqetat"
"472020","jailbreaks",,"lemireot"
"472021","jailbroke",,"lomuroan"
"472022","jailbroken",,"ukateqen"
"472023","jailcell",,"lomusaon"
"472024","jaildom",,"aketuone"
"472025","jailed",,"ukatit"
"472026","jailee",,"lumeoe"
"472027","jailer",,"aketoo"
"472028","jaileress",,"ukatuqin"
"472029","jaileresses",,"ikutiqadan"
"472030","jailering",,"lumevuin"
"472031","jailers",,"aketaete"
"472032","jailership",,"okitoqo"
"472033","jailfodder",,"limalaen"
"472034","jailful",,"lamolen"
"472035","jailhouse",,"ekotihet"
"472036","jailhouses",,"ekotihi"
"472037","jailing",,"ukatoot"
"472038","jailish",,"ekotuoe"
"472039","jailkeeper",,"lumetoe"
"472040","jailless",,"ikutuzet"
"472041","jaillike",,"okitisu"
"472042","jailmate",,"ikutaren"
"472043","jailolo",,"ikutoeta"
"472044","jailor",,"ikutanu"
"472045","jailoress",,"okitequ"
"472046","jailoresses",,"ekotaqidi"
"472047","jailoring",,"lomufou"
"472048","jailors",,"ikutoene"
"472049","jails",,"lemiq"
"472050","jailsco",,"limaqu"
"472051","jailscos",,"limaquota"
"472052","jailtacht",,"ekotaren"
"472053","jailtime",,"okitese"
"472054","jailward",,"lamogua"
"472055","jailwards",,"lamoguen"
"472056","jailwear",,"ukateze"
"472057","jailyard",,"lumelii"
"472058","jailyn",,"aketeno"
"472059","jaima",,"ekovoi"
"472060","jaime",,"ukavue"
"472061","jaimes",,"ukavane"
"472062","jaimez",,"lemuoni"
"472063","jaimie",,"ukavat"
"472064","jaimin",,"limeu"
"472065","jaimiqui",,"akevicun"
"472066","jaimy",,"okivee"
"472067","jain",,"lamu"
"472068","jaina",,"lemana"
"472069","jainas",,"lemaia"
"472070","jainca",,"lemaone"
"472071","jaine",,"lumiv"
"472072","jainer",,"ukazan"
"472073","jainest",,"ikuziaa"
"472074","jainism",,"limorot"
"472075","jainisms",,"limoruo"
"472076","jainist",,"ukazou"
"472077","jainister",,"lumirae"
"472078","jainistest",,"limoruet"
"472079","jainistic",,"ukazowo"
"472080","jainists",,"ukazowot"
"472081","jainite",,"ikuzeoa"
"472082","jainner",,"lomepen"
"472083","jainness",,"ekozuza"
"472084","jainnest",,"lemapue"
"472085","jainological",,"limofojuu"
"472086","jainologist",,"limofojue"
"472087","jainology",,"akezuzu"
"472088","jainosaurus",,"ekozawukan"
"472089","jains",,"lamuq"
"472090","jaintia",,"akezuona"
"472091","jaiphul",,"lominon"
"472092","jaipong",,"ukafiin"
"472093","jaipongan",,"limufueta"
"472094","jaipur",,"ikufoti"
"472095","jaipurhat",,"ukafuqa"
"472096","jaipuri",,"ikufien"
"472097","jaipurian",,"lomiboat"
"472098","jaipuris",,"ikufiqon"
"472099","jaipurite",,"lomiboan"
"472100","jaipurs",,"ikufioa"
"472101","jair",,"lime"
"472102","jairia",,"lumoeta"
"472103","jairite",,"ekojuin"
"472104","jairou",,"lumoete"
"472105","jairus",,"lomaaa"
"472106","jais",,"okicti"
"472107","jaisalmer",,"ukacazot"
"472108","jaish",,"limoni"
"472109","jaissi",,"okicii"
"472110","jaiswal",,"lamugot"
"472111","jaiyoung",,"lumufoun"
"472112","jaja",,"lina"
"472113","jajangmyeon",,"lanopufuun"
"472114","jajapura",,"lanohia"
"472115","jajapuras",,"lanohien"
"472116","jajawijaja",,"lonugiun"
"472117","jajawijajas",,"lonugiviu"
"472118","jajce",,"lenav"
"472119","jajillion",,"ikanuze"
"472120","jajman",,"ikavote"
"472121","jajmani",,"ikavuen"
"472122","jajoba",,"akopau"
"472123","jajpur",,"linuun"
"472124","jaka",,"okamna"
"472125","jakai",,"okamaa"
"472126","jakaltek",,"ikemuben"
"472127","jakalteko",,"akimebat"
"472128","jakan",,"larop"
"472129","jakariya",,"lericoun"
"472130","jakarta",,"ikemaota"
"472131","jakartae",,"okamubi"
"472132","jakartan",,"lericiun"
"472133","jakartas",,"ikemabo"
"472134","jakati",,"lorua"
"472135","jakay",,"ukomio"
"472136","jakb",,"lora"
"472137","jake",,"akitno"
"472138","jaked",,"laret"
"472139","jakeh",,"leron"
"472140","jakeller",,"loriveet"
"472141","jakeloo",,"liruvu"
"472142","jakeman",,"lorizo"
"472143","jakers",,"leroon"
"472144","jakes",,"akitit"
"472145","jakeses",,"ukotoan"
"472146","jakeshouse",,"leroqeot"
"472147","jakester",,"ukotobun"
"472148","jakey",,"okatei"
"472149","jakeys",,"okatena"
"472150","jakfruit",,"loricaan"
"472151","jakfruits",,"loricaun"
"472152","jakhalsbessie",,"larinubou"
"472153","jakhya",,"lariu"
"472154","jaki",,"ekunne"
"472155","jakie",,"akinao"
"472156","jakim",,"ukones"
"472157","jakin",,"lurip"
"472158","jaking",,"laruaa"
"472159","jakinib",,"ukonou"
"472160","jakins",,"luriona"
"472161","jakkamma",,"ikesupet"
"472162","jakks",,"akisio"
"472163","jaknap",,"ekuzei"
"472164","jako",,"ikepna"
"472165","jakob",,"lurur"
"472166","jakoba",,"larae"
"472167","jakobi",,"lurueta"
"472168","jakobid",,"ikepaai"
"472169","jakobsd",,"ikepaot"
"472170","jakobson",,"ikepawet"
"472171","jakobsonian",,"lororijain"
"472172","jakobsons",,"ikepawi"
"472173","jakobssonite",,"lororibeot"
"472174","jakobstad",,"lururaan"
"472175","jakol",,"lorov"
"472176","jakop",,"larah"
"472177","jakops",,"larain"
"472178","jakos",,"ikepee"
"472179","jakoten",,"ukopiun"
"472180","jakov",,"lorod"
"472181","jakovlje",,"lurudiat"
"472182","jaks",,"ekucto"
"472183","jakub",,"leror"
"472184","jakubiak",,"leroroe"
"472185","jakubik",,"larera"
"472186","jakubowski",,"lareroan"
"472187","jakun",,"lirup"
"472188","jakuns",,"liruune"
"472189","jakupi",,"lorio"
"472190","jakwood",,"lirefe"
"472191","jala",,"losu"
"472192","jalabiah",,"luseraan"
"472193","jalabiya",,"akumoset"
"472194","jalabiyah",,"lesirou"
"472195","jalainur",,"luseraate"
"472196","jalaja",,"okemetu"
"472197","jalal",,"akumeo"
"472198","jalalabad",,"okemirana"
"472199","jalalabads",,"okemirun"
"472200","jalalaean",,"lusevian"
"472201","jalalaeans",,"luseviuna"
"472202","jalalean",,"lisaveu"
"472203","jalali",,"akumeni"
"472204","jalan",,"ukimot"
"472205","jalandhar",,"lesipiu"
"472206","jalangkote",,"lasopuan"
"472207","jalap",,"ikomii"
"472208","jalapa",,"ukimit"
"472209","jalapate",,"lisahoe"
"472210","jalape",,"okemeno"
"472211","jalapeno",,"losuhaet"
"472212","jalapenos",,"losuhai"
"472213","jalapenotini",,"lusehohiet"
"472214","jalapic",,"ikomiae"
"472215","jalapin",,"lesihun"
"472216","jalapinolate",,"lesihohaon"
"472217","jalapinolic",,"ekamesecun"
"472218","jalapins",,"lesihou"
"472219","jalaps",,"ikomine"
"472220","jalaun",,"ikomini"
"472221","jalbert",,"akunaoa"
"472222","jalca",,"losent"
"472223","jaldabaoth",,"lasanaet"
"472224","jale",,"lase"
"472225","jalea",,"lesonn"
"472226","jalebi",,"akutat"
"472227","jalee",,"lusav"
"472228","jaleel",,"oketens"
"472229","jalees",,"lusaaa"
"472230","jalen",,"oketana"
"472231","jaleo",,"losif"
"472232","jalepe",,"akutott"
"472233","jalet",,"ukitis"
"472234","jalfrazi",,"akukoran"
"472235","jalfrezi",,"ikokazet"
"472236","jalfrezis",,"ikokazia"
"472237","jalgaon",,"okeliat"
"472238","jalgaons",,"okelihe"
"472239","jali",,"lesa"
"472240","jalia",,"losens"
"472241","jalil",,"ukinai"
"472242","jalili",,"ukinei"
"472243","jalisco",,"lisoqu"
"472244","jaliyah",,"ukiniea"
"472245","jalkar",,"ekaseu"
"472246","jallab",,"lesion"
"472247","jallao",,"oketono"
"472248","jallap",,"losuaa"
"472249","jallebi",,"lusevon"
"472250","jallier",,"luseri"
"472251","jallikattu",,"oketava"
"472252","jalloh",,"losuen"
"472253","jalloped",,"ekatajota"
"472254","jalloppy",,"ekatajoa"
"472255","jallow",,"ukitatu"
"472256","jalna",,"ukizaa"
"472257","jaloallofane",,"losonepea"
"472258","jaloeb",,"okepen"
"472259","jalomo",,"lisie"
"472260","jalon",,"akupio"
"472261","jalop",,"ukipua"
"472262","jalopies",,"ikopiset"
"472263","jaloppies",,"lasahion"
"472264","jaloppy",,"lisihua"
"472265","jalops",,"ukipata"
"472266","jalopy",,"ekapea"
"472267","jalor",,"ikopai"
"472268","jalore",,"okepeti"
"472269","jalors",,"ikopota"
"472270","jalotesu",,"akupuzon"
"472271","jalouse",,"leseban"
"472272","jaloused",,"akupawet"
"472273","jalouses",,"leseboun"
"472274","jalousie",,"leseboe"
"472275","jalousied",,"akupawan"
"472276","jalousies",,"leseboin"
"472277","jalousing",,"akupawu"
"472278","jalpaiguri",,"lusanaa"
"472279","jalpaite",,"losiniet"
"472280","jalpan",,"lesoie"
"472281","jalponga",,"lusafaun"
"472282","jalr",,"ekajt"
"472283","jals",,"lesai"
"472284","jalsa",,"losenna"
"472285","jalt",,"akuqna"
"472286","jaltabaoth",,"lasanaon"
"472287","jaltomata",,"losofoi"
"472288","jaluap",,"okeweto"
"472289","jaluit",,"ukiwat"
"472290","jalur",,"akuwoa"
"472291","jama",,"ekemno"
"472292","jamaal",,"letion"
"472293","jamaals",,"letinan"
"472294","jamaat",,"lotuin"
"472295","jamabandi",,"latoruo"
"472296","jamacaru",,"lotuseoa"
"472297","jamadagni",,"akamurate"
"472298","jamadar",,"okomeet"
"472299","jamadars",,"okomeri"
"472300","jamahey",,"litanun"
"472301","jamahiriya",,"akamosu"
"472302","jamahiriyas",,"akamosuvot"
"472303","jamaica",,"okomaon"
"472304","jamaicae",,"ekemutua"
"472305","jamaicamide",,"luteraseu"
"472306","jamaican",,"latorea"
"472307","jamaicanization",,"ekemutujo"
"472308","jamaicanize",,"akamitije"
"472309","jamaicanized",,"latoresian"
"472310","jamaicanizes",,"akamitijin"
"472311","jamaicanizing",,"latoresia"
"472312","jamaicanness",,"ekemutujan"
"472313","jamaicans",,"latoreen"
"472314","jamaicas",,"okomatana"
"472315","jamaicensis",,"litarupeon"
"472316","jamaicin",,"luteraat"
"472317","jamaicine",,"litarua"
"472318","jamais",,"ekemena"
"472319","jamal",,"latov"
"472320","jamalpur",,"letivue"
"472321","jamalpurs",,"letivuin"
"472322","jamals",,"latou"
"472323","jamamadi",,"latozua"
"472324","jaman",,"lutep"
"472325","jamana",,"latoe"
"472326","jamar",,"lotuc"
"472327","jamari",,"lotuaa"
"472328","jamarion",,"ekemiso"
"472329","jamarock",,"litacain"
"472330","jamarroq",,"akamoqi"
"472331","jamars",,"lotuot"
"472332","jamas",,"ekemute"
"472333","jamat",,"letiw"
"472334","jamath",,"ekemene"
"472335","jamb",,"letu"
"472336","jamba",,"lotan"
"472337","jambalaya",,"ukunaze"
"472338","jambalayas",,"ukunazin"
"472339","jambandu",,"litenue"
"472340","jambart",,"lotana"
"472341","jambarts",,"lotanoen"
"472342","jambavan",,"lutonion"
"472343","jambavati",,"letunae"
"472344","jambazian",,"lotanaon"
"472345","jambe",,"lative"
"472346","jambeau",,"lativea"
"472347","jambeaux",,"okonorona"
"472348","jambed",,"ukunet"
"472349","jambee",,"lutoota"
"472350","jambees",,"lutovoa"
"472351","jamber",,"akanota"
"472352","jamberoo",,"ukunuqe"
"472353","jamberries",,"lativaet"
"472354","jamberry",,"litevie"
"472355","jamberryes",,"lotavoona"
"472356","jamberrys",,"liteviin"
"472357","jambers",,"akanaoa"
"472358","jambes",,"latiuna"
"472359","jambeux",,"ekeneun"
"472360","jambhala",,"lotaneet"
"472361","jambi",,"letur"
"472362","jambia",,"lotaota"
"472363","jambier",,"akanien"
"472364","jambiers",,"akanizon"
"472365","jambing",,"ukunou"
"472366","jambis",,"letui"
"472367","jambite",,"ukunoate"
"472368","jambiya",,"lutoret"
"472369","jambiyah",,"ukunomu"
"472370","jambiyahs",,"ukunomot"
"472371","jambiyas",,"lutorei"
"472372","jambless",,"ikinuzo"
"472373","jamblichus",,"lutovain"
"472374","jamblicus",,"ikinuson"
"472375","jambo",,"litef"
"472376","jambok",,"lotaa"
"472377","jambokked",,"ukunivin"
"472378","jambokking",,"ukunivi"
"472379","jamboks",,"lotafen"
"472380","jambol",,"ekenes"
"472381","jambolan",,"latifuoa"
"472382","jambolana",,"letufau"
"472383","jambolanas",,"letufaot"
"472384","jambolans",,"latifuet"
"472385","jambon",,"akanoo"
"472386","jambone",,"ukuniat"
"472387","jambones",,"ukunife"
"472388","jambonneau",,"lotafian"
"472389","jambons",,"akanueta"
"472390","jamboo",,"latiu"
"472391","jambool",,"ikinooa"
"472392","jambools",,"ikinohet"
"472393","jamborandi",,"ekenaqet"
"472394","jamboree",,"ekenaqu"
"472395","jamborees",,"ekenaqot"
"472396","jamborette",,"akanuqan"
"472397","jamborite",,"lotafoi"
"472398","jambos",,"liteat"
"472399","jambosa",,"lutofet"
"472400","jambosae",,"litefue"
"472401","jambosas",,"lutofai"
"472402","jamboses",,"lotafien"
"472403","jamboss",,"litefe"
"472404","jambosses",,"lotafion"
"472405","jambou",,"lotaote"
"472406","jambox",,"akanau"
"472407","jamboy",,"latiee"
"472408","jamboys",,"latifin"
"472409","jambres",,"akanooa"
"472410","jambs",,"letuq"
"472411","jambstone",,"lutoqeat"
"472412","jambstones",,"lutoqee"
"472413","jambu",,"latib"
"472414","jambul",,"ikinini"
"472415","jambuls",,"ikiniaa"
"472416","jambus",,"latiei"
"472417","jambuster",,"lutobaana"
"472418","jambya",,"lutoaa"
"472419","jamdad",,"akasin"
"472420","jamdanee",,"ekesofea"
"472421","jamdani",,"ikisua"
"472422","jamdanis",,"ikisufen"
"472423","jamdanny",,"litinuua"
"472424","jamdhar",,"lotono"
"472425","jame",,"ukutnu"
"472426","jameed",,"lituona"
"472427","jameela",,"lituvat"
"472428","jamel",,"lituv"
"472429","jamels",,"lituat"
"472430","jameo",,"eketas"
"472431","jamer",,"latec"
"472432","jamerican",,"ikitaset"
"472433","jamerson",,"ukutewu"
"472434","james",,"ukutot"
"472435","jamesbon",,"ukutose"
"472436","jamesbra",,"eketusu"
"472437","jamesburg",,"akatisan"
"472438","jamesburgs",,"akatisuna"
"472439","jamesean",,"lotiqao"
"472440","jameses",,"ikiteine"
"472441","jamesett",,"okotazi"
"472442","jameshia",,"letoqee"
"472443","jamesian",,"lituquin"
"472444","jamesii",,"ukutoea"
"472445","jamesina",,"lituquina"
"472446","jamesinas",,"lituqua"
"472447","jamesite",,"lituquu"
"472448","jameson",,"lutaqon"
"472449","jamesonia",,"lateqoet"
"472450","jamesoniae",,"lutaqee"
"472451","jamesonian",,"okotahot"
"472452","jamesonias",,"lateqoi"
"472453","jamesonii",,"lutaqeu"
"472454","jamesonite",,"okotahin"
"472455","jamesonites",,"okotahova"
"472456","jamesons",,"lutaqean"
"472457","jamesport",,"lituqea"
"472458","jamesports",,"lituqeen"
"472459","jamess",,"ukutine"
"472460","jamesses",,"ikitewa"
"472461","jamesstore",,"akatiwat"
"472462","jamesstores",,"akatiwece"
"472463","jamester",,"ikiteba"
"472464","jamestow",,"lutaqei"
"472465","jamestown",,"eketubo"
"472466","jamestowns",,"eketubeta"
"472467","jamesville",,"lutaqiu"
"472468","jamesvilles",,"lutaqitaot"
"472469","jamesy",,"eketata"
"472470","jamette",,"okoteeta"
"472471","jamewar",,"lutagen"
"472472","jamey",,"eketane"
"472473","jamful",,"ukukun"
"472474","jamhuri",,"akamaie"
"472475","jami",,"akanna"
"472476","jamie",,"ukunuo"
"472477","jamies",,"ukunano"
"472478","jamieson",,"lutivaat"
"472479","jamil",,"lutiv"
"472480","jamila",,"latuin"
"472481","jamilah",,"akaneie"
"472482","jamill",,"okonana"
"472483","jamilla",,"ikinuen"
"472484","jamille",,"ekenoota"
"472485","jamiltepec",,"litovao"
"472486","jamima",,"ukunate"
"472487","jamin",,"litop"
"472488","jamindan",,"letapie"
"472489","jaminder",,"lotepuet"
"472490","jaminders",,"lotepui"
"472491","jaminite",,"ekenuso"
"472492","jamir",,"letac"
"472493","jamis",,"akanin"
"472494","jamisen",,"loteqen"
"472495","jamison",,"latuqo"
"472496","jamisontown",,"lotequheot"
"472497","jamjams",,"lutuni"
"472498","jamjap",,"okoron"
"472499","jamjar",,"ekere"
"472500","jamjars",,"ekeroin"
"472501","jamjoom",,"lotofon"
"472502","jamkhar",,"ekesiot"
"472503","jamlech",,"ikitiae"
"472504","jamless",,"litavea"
"472505","jamli",,"luter"
"472506","jamlike",,"loturet"
"472507","jamma",,"ukuvai"
"472508","jammabandi",,"litenio"
"472509","jammabandy",,"latinaen"
"472510","jammable",,"okovisan"
"472511","jammal",,"liteun"
"472512","jammed",,"lotain"
"472513","jammedness",,"ikivivon"
"472514","jammer",,"liteata"
"472515","jammerkillah",,"akavaqovet"
"472516","jammers",,"liteve"
"472517","jammie",,"okovone"
"472518","jammier",,"literu"
"472519","jammies",,"okovaan"
"472520","jammiest",,"lotaraon"
"472521","jammily",,"lutoran"
"472522","jammin",,"letuat"
"472523","jamminess",,"latireon"
"472524","jamming",,"lotari"
"472525","jammings",,"lotariat"
"472526","jammu",,"okovoe"
"472527","jammus",,"okovoni"
"472528","jammy",,"akavua"
"472529","jamnagar",,"ekezonaa"
"472530","jamnagars",,"ekezonen"
"472531","jamnapari",,"lotenaan"
"472532","jamnes",,"loteota"
"472533","jamnia",,"lutiet"
"472534","jamnian",,"ekezuota"
"472535","jamnias",,"lutiri"
"472536","jamnis",,"litoe"
"472537","jamnut",,"ekezea"
"472538","jamo",,"okopne"
"472539","jamoat",,"litiat"
"472540","jamoch",,"litiun"
"472541","jamocha",,"lutuson"
"472542","jamoka",,"okopona"
"472543","jamoke",,"akapoi"
"472544","jamon",,"latap"
"472545","jamoon",,"lotoo"
"472546","jamoora",,"letefat"
"472547","jamp",,"loti"
"472548","jampa",,"litun"
"472549","jampack",,"lotino"
"472550","jampacked",,"akafeton"
"472551","jampacking",,"akafetin"
"472552","jampacks",,"lotiniet"
"472553","jampan",,"akafoe"
"472554","jampanee",,"ikifufa"
"472555","jampanees",,"ikifufen"
"472556","jampani",,"akafeon"
"472557","jampanis",,"akafefan"
"472558","jampans",,"akafeeti"
"472559","jampaun",,"ukufauna"
"472560","jampel",,"ukufane"
"472561","jampon",,"ekefua"
"472562","jampot",,"ikifot"
"472563","jampots",,"ikifoo"
"472564","jamproof",,"litucao"
"472565","jamrach",,"okojii"
"472566","jamrosade",,"okojewat"
"472567","jams",,"akacto"
"472568","jamshed",,"ukuceat"
"472569","jamshedpur",,"akacozun"
"472570","jamshid",,"akacoon"
"472571","jamshoro",,"akacohat"
"472572","jamshyd",,"okocuia"
"472573","jamshyds",,"okocumat"
"472574","jamstack",,"latuwua"
"472575","jamtara",,"okoqiona"
"472576","jamtland",,"ekeqorot"
"472577","jamu",,"ukuwni"
"472578","jamui",,"ukuwoa"
"472579","jamul",,"lituva"
"472580","jamuls",,"lituun"
"472581","jamun",,"lotip"
"472582","jamuna",,"lituata"
"472583","jamunapari",,"letopaa"
"472584","jamura",,"letoon"
"472585","jamwich",,"lutori"
"472586","jamwood",,"lotafo"
"472587","jamy",,"okokn"
"472588","jana",,"levi"
"472589","janaab",,"okimos"
"472590","janacek",,"luvesen"
"472591","janacekian",,"okimazua"
"472592","janaceks",,"luvesoon"
"472593","janae",,"lavova"
"472594","janak",,"lavot"
"472595","janaka",,"levion"
"472596","janaki",,"lavoin"
"472597","janakpur",,"levitue"
"472598","janambre",,"luvezuon"
"472599","janamejaya",,"ekomizo"
"472600","janampa",,"ekomiua"
"472601","janani",,"ikumoto"
"472602","janapa",,"ikumuna"
"472603","janapada",,"luvehiet"
"472604","janapan",,"levihan"
"472605","janapum",,"ukamuun"
"472606","janardha",,"okimuvan"
"472607","janas",,"leviq"
"472608","janata",,"ekomati"
"472609","janatas",,"ekomaei"
"472610","janaya",,"luveaa"
"472611","janaye",,"lovuu"
"472612","janazah",,"luvemet"
"472613","janbia",,"ekonunu"
"472614","janbiya",,"ikuneota"
"472615","janbiyah",,"luvorean"
"472616","janccek",,"livosat"
"472617","jancceks",,"livosee"
"472618","jancourt",,"levafuun"
"472619","jancoy",,"luvio"
"472620","janczak",,"ekoree"
"472621","jand",,"ukasna"
"472622","janda",,"akesee"
"472623","jandal",,"luvuoa"
"472624","jandals",,"luvunet"
"472625","jandavra",,"akesegen"
"472626","jandaya",,"ikusuua"
"472627","janded",,"livion"
"472628","jandel",,"lovoin"
"472629","janders",,"luvuven"
"472630","jandreau",,"luvucoet"
"472631","jandy",,"ekosao"
"472632","jane",,"luva"
"472633","janea",,"laven"
"472634","janean",,"okiteni"
"472635","janeane",,"ekotoun"
"472636","janeb",,"ukatena"
"472637","janecek",,"lovisot"
"472638","janeczka",,"aketinen"
"472639","janeen",,"aketote"
"472640","janegirl",,"luvamaun"
"472641","janeiro",,"ekotuina"
"472642","janeiros",,"ekotuqaa"
"472643","janeite",,"okitaon"
"472644","janeiteism",,"aketibea"
"472645","janeites",,"okitabana"
"472646","janeitism",,"ekotubet"
"472647","janek",,"livut"
"472648","janel",,"okitit"
"472649","janela",,"ikutunu"
"472650","janelew",,"ukataan"
"472651","janelews",,"ukatazun"
"472652","janell",,"levoi"
"472653","janella",,"lovivo"
"472654","janelle",,"lavevin"
"472655","janelles",,"lavevua"
"472656","janells",,"levovat"
"472657","janene",,"aketoti"
"472658","janenna",,"lavepin"
"472659","janenschia",,"livupuen"
"472660","janequeo",,"lavejiot"
"472661","janerich",,"laveceo"
"472662","janes",,"luvaq"
"472663","janessa",,"lavequ"
"472664","janesville",,"ikutegan"
"472665","janesvilles",,"ikutegifun"
"472666","janet",,"ikutono"
"472667","janeta",,"ukatoni"
"472668","janeth",,"luvaeni"
"472669","janetian",,"loviwieta"
"472670","janets",,"ikututa"
"472671","janetta",,"luvawen"
"472672","janette",,"loviwot"
"472673","janettes",,"loviwuo"
"472674","janetti",,"livuwe"
"472675","janeu",,"livub"
"472676","janeva",,"ikuteno"
"472677","janeway",,"lavege"
"472678","janey",,"levol"
"472679","janez",,"aketane"
"472680","jang",,"levie"
"472681","jangada",,"okilion"
"472682","jangadeiro",,"livanaen"
"472683","jangajji",,"leviniot"
"472684","jangal",,"akelena"
"472685","jangaon",,"ekoloot"
"472686","jangar",,"okilona"
"472687","janggi",,"lovueta"
"472688","janggu",,"leviat"
"472689","janggunite",,"lovumau"
"472690","janghey",,"okiluan"
"472691","jangheys",,"okiluzun"
"472692","janghi",,"ekolot"
"472693","janghsue",,"ukalewin"
"472694","jangil",,"ukalea"
"472695","jangkar",,"ekoleot"
"472696","jangkundjara",,"livatehoat"
"472697","jangle",,"ikulot"
"472698","jangled",,"livave"
"472699","janglement",,"okilizot"
"472700","jangler",,"luvevi"
"472701","janglers",,"luvevoat"
"472702","janglery",,"levivuee"
"472703","jangles",,"ikuluo"
"472704","janglesome",,"okilizota"
"472705","janglest",,"livaveot"
"472706","jangleth",,"ikuluzon"
"472707","janglier",,"luvevaun"
"472708","jangliest",,"livavuena"
"472709","jangling",,"livavuet"
"472710","janglingly",,"ikulusin"
"472711","janglings",,"livavui"
"472712","janglish",,"lavovei"
"472713","jangly",,"ekolu"
"472714","jangmadang",,"luveziin"
"472715","jangnye",,"ukaloun"
"472716","jangoma",,"lovufet"
"472717","jangomay",,"luvefuat"
"472718","jangro",,"ikulae"
"472719","jangseung",,"okilazin"
"472720","janhaugite",,"lavinian"
"472721","jani",,"lavu"
"472722","jania",,"levan"
"472723","janiak",,"lavuin"
"472724","janian",,"ikunoto"
"472725","janice",,"luvioa"
"472726","janicehe",,"ikunezoa"
"472727","janicek",,"livose"
"472728","janiceps",,"akenizon"
"472729","janices",,"luviset"
"472730","janicki",,"luvisan"
"472731","janiculan",,"levasuin"
"472732","janiculum",,"ukanoda"
"472733","janie",,"luviva"
"472734","janies",,"luvien"
"472735","janifer",,"levalun"
"472736","janiform",,"loveluat"
"472737","janiforms",,"lovelue"
"472738","janiga",,"loveo"
"472739","janik",,"luvit"
"472740","janina",,"ikunotu"
"472741","janine",,"ekonet"
"472742","janines",,"ekonuine"
"472743","janiroidean",,"ukanehupet"
"472744","janis",,"lavuq"
"472745","janisaries",,"akenire"
"472746","janisary",,"ikuneren"
"472747","janish",,"akeneta"
"472748","janiss",,"lavuina"
"472749","janissar",,"ekonuwa"
"472750","janissarian",,"lavuqesoun"
"472751","janissarians",,"lavuqesou"
"472752","janissaries",,"akeniwibin"
"472753","janissary",,"ikunewon"
"472754","janissarys",,"ikunewan"
"472755","janissaryship",,"akeniwibon"
"472756","janiszewski",,"okinanumo"
"472757","janite",,"ikunins"
"472758","janith",,"lavuot"
"472759","janitor",,"lovewet"
"472760","janitori",,"lovewuan"
"472761","janitorial",,"ekonahan"
"472762","janitorially",,"lovewuwao"
"472763","janitoriat",,"okineha"
"472764","janitoring",,"akenuha"
"472765","janitors",,"lovewui"
"472766","janitorship",,"luviwewoet"
"472767","janitorships",,"luviwewoi"
"472768","janitory",,"luviweat"
"472769","janitress",,"luviwuun"
"472770","janitresses",,"livowipeet"
"472771","janitrix",,"okineqe"
"472772","janitrixes",,"ekonaqon"
"472773","janiuay",,"lovebo"
"472774","janiuszck",,"ukanuwota"
"472775","janiveer",,"lovedaen"
"472776","janiwde",,"ekoniea"
"472777","janiya",,"livoat"
"472778","janiyah",,"ikunooe"
"472779","janizar",,"livome"
"472780","janizarian",,"ekoneron"
"472781","janizarians",,"ekoneravan"
"472782","janizaries",,"lovemeat"
"472783","janizars",,"livomoin"
"472784","janizary",,"lavumua"
"472785","janizarys",,"lavumuen"
"472786","janjaweed",,"leveneata"
"472787","janjaweeds",,"levenee"
"472788","janjgir",,"levemu"
"472789","janjina",,"livirin"
"472790","janjira",,"leverun"
"472791","janjua",,"ukarani"
"472792","janjukian",,"levebua"
"472793","jank",,"luvae"
"472794","janka",,"lavena"
"472795","jankauskas",,"luvanou"
"472796","janke",,"livuv"
"472797","janked",,"okiseno"
"472798","jankel",,"ekosei"
"472799","jankell",,"laveva"
"472800","janken",,"akesou"
"472801","jankent",,"lavevot"
"472802","janker",,"ikusina"
"472803","jankers",,"ikusiaa"
"472804","jankey",,"laveea"
"472805","jankier",,"ikuseoe"
"472806","jankiest",,"okisazuna"
"472807","jankily",,"ukasoua"
"472808","jankiness",,"akesifun"
"472809","jankipuram",,"luvaroot"
"472810","janklow",,"okisiata"
"472811","janklowicz",,"luvavein"
"472812","janko",,"levof"
"472813","jankoi",,"levoat"
"472814","jankovci",,"ukasigin"
"472815","jankovic",,"ukasigina"
"472816","jankovicite",,"livufotei"
"472817","jankowiak",,"luvafuu"
"472818","jankowicz",,"akesukat"
"472819","jankowsk",,"livufia"
"472820","jankowski",,"livufiet"
"472821","jankowskis",,"livufii"
"472822","jankoy",,"livuun"
"472823","janky",,"levola"
"472824","janmashtami",,"livenusoan"
"472825","jann",,"okizu"
"472826","janna",,"ikuzui"
"472827","jannah",,"luviet"
"472828","jannali",,"lovenet"
"472829","jannas",,"ikuzina"
"472830","jannat",,"livoata"
"472831","jannatabad",,"lavunoo"
"472832","jannay",,"akeza"
"472833","jannel",,"lavuu"
"472834","jannelle",,"okizozat"
"472835","janner",,"loveota"
"472836","jannery",,"luvivet"
"472837","jannes",,"ekozuni"
"472838","janney",,"ikuzuo"
"472839","janneyed",,"lovevuae"
"472840","janneying",,"lovevuat"
"472841","janneys",,"ikuziota"
"472842","jannicke",,"akeziti"
"472843","jannie",,"ekozee"
"472844","jannied",,"levaran"
"472845","jannies",,"ekozuin"
"472846","jannissary",,"levaroa"
"472847","janno",,"ukaziu"
"472848","jannock",,"ikuzoo"
"472849","jannocks",,"ikuzotet"
"472850","janns",,"okizae"
"472851","janny",,"ukazin"
"472852","jannying",,"livoluo"
"472853","janoah",,"ikupoto"
"472854","janog",,"livim"
"472855","janohah",,"luvunan"
"472856","janok",,"levet"
"472857","janoks",,"levean"
"472858","janolid",,"lavava"
"472859","janolof",,"luvuvat"
"472860","janoo",,"luvuf"
"472861","janos",,"lovoq"
"472862","janosik",,"leveqe"
"472863","janoski",,"leveqea"
"472864","janot",,"ekopai"
"472865","janousek",,"luvubaana"
"472866","janover",,"lavadin"
"472867","janovian",,"luvudaat"
"472868","janovski",,"ukapawot"
"472869","janowiak",,"lavageen"
"472870","janowicz",,"ekopisot"
"472871","janowitzian",,"ukapesason"
"472872","janowski",,"luvugaun"
"472873","janpan",,"laveue"
"472874","janrober",,"okijesan"
"472875","jans",,"lavua"
"472876","jansch",,"akeco"
"472877","janse",,"luvive"
"472878","jansen",,"ekocun"
"472879","jansenis",,"ekocefa"
"472880","jansenism",,"ukacufa"
"472881","jansenisms",,"ukacufen"
"472882","jansenist",,"levavoin"
"472883","jansenistic",,"levavotuen"
"472884","jansenistical",,"akecafaden"
"472885","jansenists",,"levavoa"
"472886","jansenius",,"akecafat"
"472887","jansenize",,"lovevion"
"472888","jansenized",,"ekocefo"
"472889","jansenizes",,"lovevian"
"472890","jansenizing",,"ekocefesun"
"472891","jansens",,"ekoceua"
"472892","jansk",,"luvita"
"472893","janskies",,"livotuot"
"472894","jansky",,"levai"
"472895","janskys",,"levatat"
"472896","jansma",,"luviena"
"472897","janson",,"ukacat"
"472898","jansons",,"ukaciea"
"472899","jansporting",,"lovehuwea"
"472900","janssen",,"ekocuu"
"472901","janssens",,"ekocuzot"
"472902","jansson",,"ukacoe"
"472903","jant",,"ukaqna"
"472904","jantar",,"leveon"
"472905","jantarnyj",,"lavanaet"
"472906","jante",,"ikuqia"
"472907","janted",,"livii"
"472908","jantee",,"okiqo"
"472909","janthina",,"ikuqason"
"472910","janthinas",,"ikuqasan"
"472911","janthinid",,"lovoniun"
"472912","janthinidae",,"lovonihau"
"472913","janthinidaes",,"lovonihaot"
"472914","janthinobacterial",,"ukaqesucen"
"472915","janthinobacterium",,"lovonihee"
"472916","janthochir",,"livinai"
"472917","jantier",,"luvuron"
"472918","janties",,"ikuqeaa"
"472919","jantiest",,"livirein"
"472920","jantily",,"lavara"
"472921","jantina",,"liviru"
"472922","jantiness",,"leveroin"
"472923","janting",,"livirota"
"472924","janto",,"ekoqau"
"472925","jantra",,"leveona"
"472926","jants",,"ukaqoa"
"472927","jantu",,"ikuqii"
"472928","janty",,"ekoqat"
"472929","jantz",,"levem"
"472930","jantzen",,"okiqoon"
"472931","janua",,"laveni"
"472932","januarie",,"ukawaqe"
"472933","januaries",,"ukawaqin"
"472934","januarily",,"levonein"
"472935","januario",,"okiwiqun"
"472936","januarius",,"ukawaqot"
"472937","january",,"okiwion"
"472938","januarye",,"ekowoqu"
"472939","januaryish",,"livuniet"
"472940","januarys",,"okiwiqan"
"472941","januform",,"levoliin"
"472942","januisz",,"akewiet"
"472943","janum",,"loviz"
"472944","janus",,"luvaqa"
"472945","januses",,"livuqun"
"472946","janusfaced",,"laveqien"
"472947","janusian",,"okiwasun"
"472948","januslike",,"akewizun"
"472949","januslikes",,"akewizu"
"472950","januss",,"luvaeno"
"472951","janusses",,"livuquu"
"472952","janusz",,"akewaa"
"472953","januszewski",,"ekowunimi"
"472954","janvrin",,"ekobiot"
"472955","janwar",,"ukadi"
"472956","jany",,"lovo"
"472957","janya",,"livine"
"472958","janyce",,"leveen"
"472959","janye",,"levev"
"472960","janyes",,"leveete"
"472961","janys",,"lovoqa"
"472962","janyte",,"akekota"
"472963","janz",,"ekole"
"472964","janzen",,"livuan"
"472965","jaob",,"lazi"
"472966","jaoho",,"lozaf"
"472967","jaouad",,"luzaaa"
"472968","japa",,"lapo"
"472969","japaconin",,"lopusuan"
"472970","japaconine",,"lepisiot"
"472971","japaconitin",,"ekumuhevat"
"472972","japaconitine",,"akimihava"
"472973","japad",,"ukomin"
"472974","japadog",,"okameia"
"472975","japaed",,"ikemun"
"472976","japaing",,"ikemeen"
"472977","japalang",,"lipavoot"
"472978","japalura",,"lupevoi"
"472979","japamala",,"ikemaroa"
"472980","japan",,"okamae"
"472981","japanazi",,"lapopua"
"472982","japandering",,"lapopopoat"
"472983","japandi",,"lopupo"
"472984","japaned",,"lepipon"
"472985","japanee",,"akimiaa"
"472986","japanees",,"akimizen"
"472987","japanese",,"akimizena"
"472988","japanesely",,"lepipuu"
"472989","japaneseness",,"lopupaboun"
"472990","japanesery",,"lipapeot"
"472991","japaneserys",,"lipapebio"
"472992","japaneses",,"akimizon"
"472993","japanesey",,"okamazan"
"472994","japanesic",,"ekumuza"
"472995","japanesish",,"lopupaun"
"472996","japanesque",,"akimizan"
"472997","japanesquely",,"lepipuboo"
"472998","japanesquelys",,"lepipuboet"
"472999","japanesquery",,"lipapebuet"
"473000","japanesquerys",,"lipapebui"
"473001","japanest",,"lepipuat"
"473002","japanesy",,"ikemeza"
"473003","japanesys",,"ikemezen"
"473004","japanglish",,"okamanen"
"473005","japanic",,"okamaie"
"473006","japanicize",,"lipapuo"
"473007","japanicized",,"okamasovin"
"473008","japanicizes",,"lipapuveet"
"473009","japanicizing",,"okamasovi"
"473010","japanification",,"lupepanoun"
"473011","japanimation",,"akimisuten"
"473012","japanime",,"ukomosu"
"473013","japaning",,"lepipoin"
"473014","japanisation",,"okamasoton"
"473015","japanisations",,"okamasotan"
"473016","japanise",,"ekumusota"
"473017","japanised",,"lepipoe"
"473018","japanises",,"ekumusoe"
"473019","japanish",,"lipapua"
"473020","japanising",,"lepipoet"
"473021","japanism",,"akimisan"
"473022","japanisms",,"akimisun"
"473023","japanization",,"lupeparaen"
"473024","japanizations",,"lupeparaon"
"473025","japanize",,"lipapuu"
"473026","japanized",,"okamasat"
"473027","japanizes",,"lipapuot"
"473028","japanizing",,"okamaso"
"473029","japanned",,"ikemefa"
"473030","japanner",,"ukomofe"
"473031","japanners",,"ukomofin"
"473032","japannery",,"ekumufa"
"473033","japannest",,"ikemefeta"
"473034","japanning",,"ikemefat"
"473035","japannish",,"akimife"
"473036","japannishs",,"akimifin"
"473037","japano",,"ukomanu"
"473038","japanoise",,"ikemehona"
"473039","japanolatry",,"lepipipoo"
"473040","japanolatrys",,"lepipipoet"
"473041","japanological",,"akimihicon"
"473042","japanologist",,"akimihicet"
"473043","japanologists",,"akimihici"
"473044","japanology",,"lipapaon"
"473045","japanologys",,"lipapapoan"
"473046","japanophile",,"lupepeceo"
"473047","japanophiles",,"lupepeceet"
"473048","japanophilia",,"lepipiciat"
"473049","japanophilic",,"lapopocoot"
"473050","japanophobe",,"lipapacaon"
"473051","japanophobes",,"lipapacaan"
"473052","japanophobia",,"lapopocou"
"473053","japanophobias",,"lapopocoota"
"473054","japanophobic",,"lupepeceen"
"473055","japanophone",,"lapopocoun"
"473056","japans",,"okameti"
"473057","japantown",,"ukomobot"
"473058","japanware",,"lepipeun"
"473059","japanzee",,"lopupaa"
"473060","japas",,"lapoq"
"473061","japayuki",,"lapolio"
"473062","japbenzaconine",,"ukonufetan"
"473063","japchae",,"ukorean"
"473064","jape",,"lipu"
"473065","japearso",,"ekutoqina"
"473066","japed",,"okateu"
"473067","japer",,"iketane"
"473068","japeries",,"okatusan"
"473069","japers",,"iketuni"
"473070","japery",,"akitota"
"473071","japes",,"lipuq"
"473072","japester",,"lopiquo"
"473073","japeth",,"lipuat"
"473074","japetian",,"lepowoun"
"473075","japetus",,"ekutae"
"473076","japetuss",,"ekutadin"
"473077","japeworthy",,"akitohune"
"473078","japh",,"ukomna"
"473079","japha",,"akime"
"473080","japhetan",,"ekumebot"
"473081","japheth",,"ikemio"
"473082","japhethic",,"ikemibi"
"473083","japhethite",,"lopavuun"
"473084","japhethitic",,"lipevasean"
"473085","japheths",,"ikemibet"
"473086","japhetian",,"ekumeben"
"473087","japhetic",,"lipevain"
"473088","japhetide",,"ekumeba"
"473089","japhetides",,"ekumebena"
"473090","japhetite",,"ekumebo"
"473091","japhetites",,"ekumebet"
"473092","japhetitic",,"okamobot"
"473093","japhia",,"akimeno"
"473094","japhlet",,"ekumoine"
"473095","japhleti",,"ekumozoa"
"473096","japho",,"ekumae"
"473097","japhug",,"ukomuno"
"473098","japie",,"lipov"
"473099","japing",,"okanan"
"473100","japingly",,"lipopoo"
"473101","japings",,"okanauna"
"473102","japino",,"ikenan"
"473103","japinoy",,"akiniona"
"473104","japish",,"ukonunn"
"473105","japishly",,"lapuqaet"
"473106","japishness",,"lepaqeo"
"473107","japland",,"akiteen"
"473108","japlish",,"liparot"
"473109","japn",,"ekuzna"
"473110","japns",,"ekuzue"
"473111","japodagrin",,"akipurua"
"473112","japodagrone",,"ekuparubi"
"473113","japodes",,"ukopian"
"473114","japon",,"ikepeo"
"473115","japonaise",,"ikeperon"
"473116","japonaiserie",,"lipipotean"
"473117","japonaiseries",,"lipipoteun"
"473118","japonate",,"lipipou"
"473119","japonese",,"ekupuzin"
"473120","japonesque",,"ekupuzen"
"473121","japonia",,"ukopoee"
"473122","japonian",,"lopopii"
"473123","japonic",,"ikepeoa"
"473124","japonica",,"ukoposu"
"473125","japonicadom",,"lupupavaot"
"473126","japonically",,"ikepesite"
"473127","japonicallys",,"ikepesitin"
"473128","japonicas",,"ukoposot"
"473129","japonicize",,"lupupau"
"473130","japonicized",,"ikepesivat"
"473131","japonicizes",,"lupupavoot"
"473132","japonicizing",,"ikepesivo"
"473133","japonics",,"ikepeset"
"473134","japonicum",,"akipisuna"
"473135","japonicus",,"okapasu"
"473136","japonification",,"lapapenion"
"473137","japonilure",,"akipisu"
"473138","japonise",,"okapasun"
"473139","japonised",,"lopopiia"
"473140","japonises",,"okapasua"
"473141","japonising",,"lopopiot"
"473142","japonism",,"ekupusen"
"473143","japonisme",,"akipisune"
"473144","japonisms",,"ekupuson"
"473145","japonium",,"akipisat"
"473146","japonize",,"lupupaan"
"473147","japonized",,"ikepeseta"
"473148","japonizer",,"ukoposota"
"473149","japonizers",,"ukoposo"
"473150","japonizes",,"lupupaun"
"473151","japonizing",,"ikepesu"
"473152","japow",,"lupug"
"473153","jappa",,"ekufoe"
"473154","japped",,"lupaa"
"473155","japper",,"lapeea"
"473156","japping",,"luparat"
"473157","jappy",,"okafei"
"473158","japs",,"lupi"
"473159","japscat",,"ukocoan"
"473160","japseye",,"lupivo"
"473161","japso",,"lepaf"
"473162","japur",,"ikewai"
"473163","japura",,"ukowi"
"473164","japuras",,"ukoweat"
"473165","japurc",,"ikewu"
"473166","japurcs",,"ikewaot"
"473167","japurs",,"ikewina"
"473168","japydes",,"ukokii"
"473169","japygid",,"ekukoin"
"473170","japygidae",,"ekukosa"
"473171","japygidaes",,"ekukosen"
"473172","japygids",,"ekukosaa"
"473173","japygoid",,"ikekuhet"
"473174","japyx",,"ikeke"
"473175","japyxs",,"ikeku"
"473176","jaqai",,"ukimos"
"473177","jaqaru",,"lufeo"
"473178","jaqed",,"lofit"
"473179","jaqing",,"lofeen"
"473180","jaqitsch",,"ikonowet"
"473181","jaqs",,"ikocnu"
"473182","jaqua",,"ikowun"
"473183","jaquan",,"lefoon"
"473184","jaquelee",,"lifuvoun"
"473185","jaquelees",,"lifuvou"
"473186","jaquelin",,"okewozun"
"473187","jaqueline",,"ekawezo"
"473188","jaquelines",,"ekawezet"
"473189","jaquelyn",,"ukiwuze"
"473190","jaquenet",,"okewofi"
"473191","jaquenetta",,"lifuvuot"
"473192","jaquenette",,"lefovoe"
"473193","jaques",,"ekawata"
"473194","jaquesian",,"lafeveen"
"473195","jaquesians",,"lafeveon"
"473196","jaquess",,"ekawee"
"473197","jaquest",,"lefovi"
"473198","jaquette",,"ukiwubat"
"473199","jaquez",,"lifui"
"473200","jaquilla",,"akuwizan"
"473201","jaquima",,"ekawuina"
"473202","jaquish",,"lifurin"
"473203","jaquiss",,"okewaan"
"473204","jaquith",,"okewaat"
"473205","jar",,"liha"
"473206","jara",,"luhe"
"473207","jarabe",,"ikimun"
"473208","jarabina",,"liharuua"
"473209","jarabub",,"luhero"
"473210","jarabubs",,"luheroeta"
"473211","jarabulus",,"lehiruee"
"473212","jaracaca",,"lehisaon"
"473213","jarad",,"ikimoi"
"473214","jaraff",,"lohuoe"
"473215","jaragua",,"lahomin"
"473216","jarah",,"ukumei"
"473217","jarai",,"luher"
"473218","jarales",,"ekemoea"
"473219","jaraless",,"ekemozina"
"473220","jarama",,"lihaan"
"473221","jaramie",,"lehizan"
"473222","jaramies",,"lehizoun"
"473223","jaramillo",,"lehizoa"
"473224","jaramos",,"luhezon"
"473225","jarana",,"okomene"
"473226","jarandolite",,"lahopojean"
"473227","jararaca",,"ekemire"
"473228","jararacas",,"ekemirina"
"473229","jararacussin",,"lohucevou"
"473230","jararacussu",,"ikimariki"
"473231","jararaka",,"akamoret"
"473232","jararakas",,"akamori"
"473233","jararhagin",,"ukumeret"
"473234","jararref",,"akamoqon"
"473235","jarash",,"ukumane"
"473236","jarashs",,"ukumoune"
"473237","jaravis",,"okomii"
"473238","jarawa",,"lihai"
"473239","jarbah",,"lahie"
"473240","jarbidge",,"liherau"
"473241","jarbidges",,"liheraot"
"473242","jarbird",,"ikineota"
"473243","jarble",,"lehuete"
"473244","jarbled",,"akaneaa"
"473245","jarbles",,"lehuvi"
"473246","jarbling",,"akanesat"
"473247","jarboe",,"ukunona"
"473248","jarbot",,"lahiea"
"473249","jarbua",,"ikineu"
"473250","jarchow",,"ikiraae"
"473251","jard",,"okosn"
"473252","jardalu",,"leheni"
"473253","jardaneh",,"akasefet"
"473254","jarde",,"ekeseo"
"473255","jardena",,"lahave"
"473256","jardin",,"lahaue"
"473257","jardine",,"luhuret"
"473258","jardinere",,"ikisefen"
"473259","jardines",,"luhurai"
"473260","jarding",,"leherun"
"473261","jardini",,"lahara"
"473262","jardiniere",,"ikisefi"
"473263","jardinieres",,"ikisefifat"
"473264","jardinis",,"lahareen"
"473265","jardinor",,"okosafun"
"473266","jardins",,"laharota"
"473267","jardon",,"lohoote"
"473268","jards",,"okosao"
"473269","jareb",,"okotus"
"473270","jarecki",,"lehosan"
"473271","jared",,"eketani"
"473272","jaredite",,"lahetein"
"473273","jareds",,"eketano"
"473274","jareed",,"akatue"
"473275","jarejah",,"lihuse"
"473276","jarek",,"lehot"
"473277","jarel",,"akatee"
"473278","jarema",,"lehoet"
"473279","jaren",,"ukutos"
"473280","jares",,"lohiq"
"473281","jaresiah",,"ikitesena"
"473282","jaret",,"eketanu"
"473283","jarett",,"lehoeta"
"473284","jarey",,"luhal"
"473285","jareyes",,"lihulan"
"473286","jarfly",,"laheina"
"473287","jarful",,"lohio"
"473288","jarfuls",,"lohibet"
"473289","jarg",,"luhea"
"473290","jargle",,"ekelea"
"473291","jargled",,"lehivan"
"473292","jargles",,"ekeloina"
"473293","jargling",,"lehivoaa"
"473294","jargogle",,"ukulinot"
"473295","jargon",,"ikilae"
"473296","jargonal",,"lihafua"
"473297","jargonaphasia",,"ikilofeqo"
"473298","jargonaut",,"lihafuo"
"473299","jargoned",,"lohufiet"
"473300","jargoneer",,"lohufii"
"473301","jargoneers",,"lohufiat"
"473302","jargonel",,"lehifou"
"473303","jargonelle",,"ikilofat"
"473304","jargonelles",,"ikilofafe"
"473305","jargonels",,"lehifoot"
"473306","jargoner",,"lihafuot"
"473307","jargonese",,"ekelafo"
"473308","jargonesque",,"ekelafidi"
"473309","jargonic",,"ikilofon"
"473310","jargoning",,"lohufiu"
"473311","jargonisation",,"ikilofidet"
"473312","jargonisations",,"ikilofidi"
"473313","jargonise",,"okolefin"
"473314","jargonised",,"lohufiun"
"473315","jargonises",,"okolefa"
"473316","jargonish",,"luhefaot"
"473317","jargonising",,"lohufitaen"
"473318","jargonist",,"lihafuet"
"473319","jargonistic",,"lihafuteat"
"473320","jargonists",,"lihafui"
"473321","jargonitis",,"lihafuan"
"473322","jargonium",,"akalufu"
"473323","jargonization",,"lahofetao"
"473324","jargonizations",,"lahofetaet"
"473325","jargonize",,"luhefae"
"473326","jargonized",,"ikilofan"
"473327","jargonizer",,"ukulifen"
"473328","jargonizes",,"luhefain"
"473329","jargonizing",,"ikilofisa"
"473330","jargonless",,"lehifoo"
"473331","jargonnelle",,"lehifoheet"
"473332","jargons",,"ikiloen"
"473333","jargony",,"akaluon"
"473334","jargoon",,"akaluia"
"473335","jargoons",,"akaluhat"
"473336","jarha",,"ukumae"
"473337","jarhead",,"lihevat"
"473338","jarheads",,"lihevoe"
"473339","jari",,"liho"
"473340","jariah",,"ukunati"
"473341","jarib",,"ikinao"
"473342","jarid",,"okonee"
"473343","jarietta",,"lohevuen"
"473344","jarijah",,"luhisan"
"473345","jarina",,"ekenene"
"473346","jarinas",,"ekenuini"
"473347","jarins",,"akanene"
"473348","jaripeo",,"akanaeta"
"473349","jaris",,"lihoq"
"473350","jarisch",,"ikineoa"
"473351","jarita",,"ikinino"
"473352","jariwala",,"ekenirot"
"473353","jariya",,"lehaona"
"473354","jark",,"lohi"
"473355","jarked",,"akasota"
"473356","jarking",,"akasian"
"473357","jarklaustur",,"ukusaredet"
"473358","jarklin",,"lihuvot"
"473359","jarkman",,"ikisaoa"
"473360","jarkmen",,"ekesiina"
"473361","jarks",,"lohiqa"
"473362","jarl",,"eketna"
"473363","jarlath",,"okotiane"
"473364","jarlathus",,"eketoben"
"473365","jarldom",,"lehitat"
"473366","jarldoms",,"lehitie"
"473367","jarlen",,"lihaat"
"473368","jarless",,"akataena"
"473369","jarlett",,"ukutuat"
"473370","jarlic",,"eketeu"
"473371","jarlig",,"okotant"
"473372","jarlike",,"ukutoee"
"473373","jarliq",,"okotin"
"473374","jarlite",,"lahorot"
"473375","jarls",,"eketuna"
"473376","jarlsberg",,"okotasea"
"473377","jarlsbergs",,"okotasin"
"473378","jarlship",,"ikiteri"
"473379","jarlsjo",,"lihaqin"
"473380","jarm",,"lehu"
"473381","jarmakee",,"luhonoon"
"473382","jarmaki",,"lehunun"
"473383","jarmal",,"akavoi"
"473384","jarman",,"ukuvano"
"473385","jarmans",,"ukuvauna"
"473386","jarmas",,"lohaote"
"473387","jarmies",,"lahirot"
"473388","jarmila",,"akavion"
"473389","jarmina",,"ukuvoea"
"473390","jarmo",,"lihef"
"473391","jarmon",,"akavena"
"473392","jarmusch",,"akavawi"
"473393","jarmuth",,"lahiba"
"473394","jarn",,"akazt"
"473395","jarnac",,"ekezate"
"473396","jarnagin",,"lahunuet"
"473397","jarndyce",,"lehatii"
"473398","jarndyces",,"lehatiat"
"473399","jarnefel",,"ikizimen"
"473400","jarnigan",,"lahuruet"
"473401","jarno",,"okozes"
"473402","jarnsaxa",,"lahuquot"
"473403","jarnut",,"luhiena"
"473404","jarny",,"okozena"
"473405","jaro",,"laha"
"473406","jaroah",,"ekepe"
"473407","jarocho",,"okopaan"
"473408","jarocin",,"okopaana"
"473409","jarolavskij",,"ekeporudun"
"473410","jaroljub",,"okopitun"
"473411","jaromir",,"ikipaen"
"473412","jaromirs",,"ikipason"
"473413","jaron",,"okopau"
"473414","jaronson",,"lohopii"
"473415","jarool",,"akapene"
"473416","jarools",,"akapuon"
"473417","jaros",,"lahaq"
"473418","jarosch",,"akapieti"
"473419","jarosewichite",,"leheqului"
"473420","jarosite",,"ikipesen"
"473421","jarosites",,"ikipesoni"
"473422","jaroslav",,"lihiqoin"
"473423","jaroslavs",,"lihiqoa"
"473424","jaroslaw",,"okopazat"
"473425","jaroso",,"lohoaa"
"473426","jarosos",,"lohoqen"
"473427","jarosz",,"ekepun"
"473428","jaroszewicz",,"lahaqipoon"
"473429","jarovise",,"okopisat"
"473430","jarovised",,"lohodion"
"473431","jarovises",,"okopise"
"473432","jarovising",,"lohodiin"
"473433","jarovization",,"lahadereu"
"473434","jarovizations",,"lahadereot"
"473435","jarovize",,"luhudai"
"473436","jarovized",,"ikipusen"
"473437","jarovizes",,"luhudaat"
"473438","jarovizing",,"ikipuse"
"473439","jarp",,"ukufe"
"473440","jarped",,"lihui"
"473441","jarping",,"lihurot"
"473442","jarps",,"ukufo"
"473443","jarquin",,"akahaon"
"473444","jarr",,"ikiju"
"473445","jarra",,"ukujau"
"473446","jarrad",,"luhoae"
"473447","jarrah",,"lahiu"
"473448","jarrahdale",,"lihenia"
"473449","jarrahmond",,"lohanoun"
"473450","jarrahs",,"lahinot"
"473451","jarrahwood",,"ekejoret"
"473452","jarrard",,"ukujaan"
"473453","jarratt",,"ikijuot"
"473454","jarratts",,"ikijubo"
"473455","jarreau",,"okojoet"
"473456","jarreaus",,"okojori"
"473457","jarred",,"lohau"
"473458","jarreds",,"lohavot"
"473459","jarrell",,"ukujuuna"
"473460","jarresque",,"ekejewota"
"473461","jarret",,"lohaine"
"473462","jarreth",,"okojoia"
"473463","jarrett",,"ekejee"
"473464","jarretts",,"ekejebin"
"473465","jarrettsville",,"lehuvidui"
"473466","jarrettsvilles",,"lehuviduat"
"473467","jarrick",,"okojaan"
"473468","jarrid",,"liheata"
"473469","jarring",,"loharon"
"473470","jarringl",,"akajifun"
"473471","jarringlier",,"lahirereu"
"473472","jarringliest",,"luhoraraon"
"473473","jarringly",,"okojafot"
"473474","jarringness",,"ikijefeju"
"473475","jarrings",,"loharian"
"473476","jarrod",,"lahiee"
"473477","jarrods",,"lahifin"
"473478","jarrol",,"luhoeta"
"473479","jarrold",,"ikijoa"
"473480","jarrow",,"ikijin"
"473481","jarry",,"akajuo"
"473482","jarryd",,"lahiune"
"473483","jars",,"lihoe"
"473484","jarsdel",,"lahutu"
"473485","jarsful",,"lohelet"
"473486","jarsome",,"lohefo"
"473487","jart",,"okoqne"
"473488","jarta",,"ikique"
"473489","jartai",,"ikiqin"
"473490","jartas",,"ikiquo"
"473491","jaruco",,"luhaoe"
"473492","jarud",,"ekewau"
"473493","jaruda",,"okowo"
"473494","jarudi",,"ekewune"
"473495","jarul",,"akawei"
"473496","jaruls",,"akawo"
"473497","jaruzelski",,"lahemii"
"473498","jaruzelskis",,"lahemipiat"
"473499","jarv",,"ekebo"
"473500","jarvey",,"okoboa"
"473501","jarveys",,"okoboet"
"473502","jarvi",,"ekebu"
"473503","jarvie",,"akabao"
"473504","jarvies",,"akabien"
"473505","jarvik",,"akaben"
"473506","jarvin",,"luheet"
"473507","jarvins",,"luheri"
"473508","jarvis",,"ekebea"
"473509","jarvisburg",,"okobawot"
"473510","jarvisburgs",,"okobaweko"
"473511","jarviss",,"ekebuin"
"473512","jarvy",,"ikiboi"
"473513","jarvys",,"ikibu"
"473514","jary",,"lahae"
"473515","jarzynski",,"lihuluo"
"473516","jasa",,"ikumni"
"473517","jasaan",,"lojuin"
"473518","jasad",,"lijat"
"473519","jasamayo",,"ekomirine"
"473520","jasaw",,"ekomii"
"473521","jascha",,"lujio"
"473522","jaschas",,"lujinet"
"473523","jasdf",,"ikusie"
"473524","jase",,"ekotnu"
"473525","jasek",,"aketani"
"473526","jasen",,"lujap"
"473527","jasenko",,"lajepot"
"473528","jasenovac",,"aketihona"
"473529","jaseran",,"aketooa"
"473530","jaseur",,"lejoeta"
"473531","jasey",,"ikutonu"
"473532","jaseyed",,"lojilu"
"473533","jaseys",,"ikutenu"
"473534","jashawk",,"lejunat"
"473535","jashen",,"ukamane"
"473536","jasher",,"okimetu"
"473537","jasho",,"lajif"
"473538","jashobea",,"akemuset"
"473539","jashore",,"ukamiune"
"473540","jashpur",,"lujohi"
"473541","jashub",,"okimetn"
"473542","jashubil",,"lejubeu"
"473543","jashubit",,"lojaboon"
"473544","jashvant",,"ukamaru"
"473545","jasia",,"ikunus"
"473546","jasiah",,"lujiet"
"473547","jasiel",,"lajuu"
"473548","jasien",,"lujien"
"473549","jasies",,"ekonunn"
"473550","jasik",,"ekones"
"473551","jasim",,"akenoni"
"473552","jasin",,"lajup"
"473553","jasinski",,"lujipae"
"473554","jasione",,"lejafat"
"473555","jasiones",,"lejafoe"
"473556","jasionka",,"lojefii"
"473557","jasisa",,"ikuninna"
"473558","jask",,"ekosnu"
"473559","jaskiewicz",,"lajeriona"
"473560","jaskolski",,"lejofao"
"473561","jaskolskiite",,"ukasizupun"
"473562","jaskowiak",,"ekosaket"
"473563","jaskrash",,"ikusaret"
"473564","jasm",,"akevs"
"473565","jasmin",,"lijee"
"473566","jasmina",,"lujori"
"473567","jasminaceae",,"lijeruseo"
"473568","jasminaceaes",,"lijeruseet"
"473569","jasminaceous",,"lujorasoa"
"473570","jasmine",,"lojaren"
"473571","jasmined",,"ekovufot"
"473572","jasminelike",,"ikuvefafu"
"473573","jasmines",,"lojarion"
"473574","jasminewood",,"ikuvefamun"
"473575","jasminoides",,"ikuvefuve"
"473576","jasminoidin",,"lojarijaa"
"473577","jasminoside",,"ikuvefude"
"473578","jasmins",,"lijerin"
"473579","jasminum",,"lajireet"
"473580","jasminums",,"lajirei"
"473581","jasminy",,"lajira"
"473582","jasmith",,"akevii"
"473583","jasmoides",,"lejufou"
"473584","jasmolin",,"ikuvozi"
"473585","jasmolone",,"ukaviza"
"473586","jasmonate",,"ukavifin"
"473587","jasmone",,"lujofon"
"473588","jasmonic",,"lajifeen"
"473589","jasmonol",,"akevufat"
"473590","jasmonoyl",,"okivefin"
"473591","jasmonyl",,"akevufana"
"473592","jasmundite",,"lajibeon"
"473593","jaso",,"ukaps"
"473594","jason",,"lojop"
"473595","jasons",,"lojoaa"
"473596","jasonville",,"ekopugi"
"473597","jasonvilles",,"ekopugefat"
"473598","jasoos",,"ekopen"
"473599","jasp",,"luja"
"473600","jaspa",,"lajen"
"473601","jaspachate",,"lajeneen"
"473602","jaspagate",,"akefeni"
"473603","jaspal",,"ikufini"
"473604","jaspe",,"lijuve"
"473605","jaspellite",,"ikufizana"
"473606","jasper",,"ikufua"
"473607","jasperated",,"okifoqat"
"473608","jaspered",,"lojivoa"
"473609","jaspering",,"lojivoat"
"473610","jasperise",,"okifoqun"
"473611","jasperised",,"lojivoi"
"473612","jasperises",,"okifoqu"
"473613","jasperising",,"lojivotaot"
"473614","jasperite",,"lojivoon"
"473615","jasperization",,"lajevatain"
"473616","jasperize",,"lujavuan"
"473617","jasperized",,"ikufiqet"
"473618","jasperizes",,"lujavuun"
"473619","jasperizing",,"ikufiqisu"
"473620","jasperoid",,"lajevaen"
"473621","jasperous",,"ukafuqin"
"473622","jaspers",,"ikufiot"
"473623","jasperson",,"lijuvia"
"473624","jasperss",,"ikufiqo"
"473625","jasperware",,"lojivoona"
"473626","jasperwares",,"lojivolian"
"473627","jaspery",,"akefao"
"473628","jaspes",,"lijuan"
"473629","jaspidean",,"lejorie"
"473630","jaspideous",,"ikufevi"
"473631","jaspilite",,"lejoraot"
"473632","jaspilites",,"lejorao"
"473633","jaspillite",,"ukafozet"
"473634","jaspilyte",,"lijuroa"
"473635","jaspis",,"lujaet"
"473636","jaspises",,"lijuruin"
"473637","jasplakinolide",,"lujavizoat"
"473638","jaspoid",,"akefueta"
"473639","jasponyx",,"lijufuin"
"473640","jaspopal",,"lojifaon"
"473641","jasps",,"lujaq"
"473642","jass",,"okicto"
"473643","jassamine",,"lijoniae"
"473644","jassendar",,"lajuvea"
"473645","jasses",,"ekocati"
"473646","jassi",,"okicao"
"473647","jassic",,"okiceta"
"473648","jassid",,"lojeote"
"473649","jassidae",,"lojeruo"
"473650","jassidaes",,"lojerueta"
"473651","jassids",,"lojero"
"473652","jasso",,"ukacii"
"473653","jassoid",,"lujifon"
"473654","jasss",,"okicau"
"473655","jassy",,"ukacin"
"473656","jaster",,"ekoqata"
"473657","jastrebarsko",,"ukaqezitet"
"473658","jastrow",,"okiquia"
"473659","jastrz",,"lujuo"
"473660","jastrzeb",,"ikuqanot"
"473661","jastrzebie",,"okiqunun"
"473662","jastrzebies",,"okiqunuvu"
"473663","jasun",,"lujapa"
"473664","jasus",,"ekowuo"
"473665","jasy",,"ukakt"
"473666","jasys",,"ukakoa"
"473667","jasz",,"lujaa"
"473668","jaszczakite",,"lujasosue"
"473669","jataco",,"lacoun"
"473670","jataka",,"licaan"
"473671","jatakas",,"licatun"
"473672","jatamansi",,"ukemerot"
"473673","jate",,"leco"
"473674","jatec",,"lecos"
"473675","jategaon",,"okutirat"
"473676","jateorhiza",,"ekitaqet"
"473677","jateorhizas",,"ekitaqavi"
"473678","jateorhizin",,"licufisean"
"473679","jateorhizine",,"locifosaot"
"473680","jater",,"ekitita"
"473681","jatha",,"ikamuno"
"473682","jathi",,"okumaa"
"473683","jathniel",,"okumase"
"473684","jati",,"loce"
"473685","jatia",,"licon"
"473686","jatin",,"ukenoo"
"473687","jatinegara",,"locepaat"
"473688","jatjuk",,"ukerata"
"473689","jatki",,"lecor"
"473690","jatkis",,"lecoan"
"473691","jatni",,"ukezoe"
"473692","jatnis",,"ukezat"
"473693","jato",,"lucu"
"473694","jatob",,"ukepea"
"473695","jatoba",,"akopot"
"473696","jatos",,"lucuq"
"473697","jatra",,"ikajuo"
"473698","jatropha",,"okujejun"
"473699","jatrophae",,"ekijajo"
"473700","jatrophane",,"lucofou"
"473701","jatrophas",,"okujeju"
"473702","jatrophic",,"ekijajet"
"473703","jatrophone",,"lacifian"
"473704","jatrorrhizine",,"lucofuwei"
"473705","jatroxel",,"ukejile"
"473706","jats",,"locea"
"473707","jatsai",,"licoat"
"473708","jatt",,"ekiqna"
"473709","jattir",,"locoaa"
"473710","jatty",,"ikaqon"
"473711","jatulian",,"licuvuot"
"473712","jatulians",,"licuvuo"
"473713","jatvingian",,"okubafo"
"473714","jatz",,"ikalu"
"473715","jauch",,"loqena"
"473716","jaudie",,"laqaun"
"473717","jaudon",,"akisane"
"473718","jauhar",,"ikeminn"
"473719","jauk",,"akisno"
"473720","jauked",,"luqaaa"
"473721","jauking",,"luqarat"
"473722","jauks",,"akisiu"
"473723","jaulingite",,"loquriu"
"473724","jaum",,"ukovn"
"473725","jaumin",,"loqao"
"473726","jaumpaun",,"ikeviren"
"473727","jaun",,"luqi"
"473728","jaunce",,"liqoi"
"473729","jaunced",,"okazaen"
"473730","jaunces",,"liqosat"
"473731","jauncey",,"laqusea"
"473732","jauncing",,"okazase"
"473733","jaunder",,"liqotat"
"473734","jaundered",,"ekuzazu"
"473735","jaundering",,"ekuzazon"
"473736","jaunders",,"liqotee"
"473737","jaundice",,"okazesi"
"473738","jaundiced",,"loqetien"
"473739","jaundiceroot",,"ekuzasefan"
"473740","jaundices",,"okazesat"
"473741","jaundicing",,"loqetie"
"473742","jaundies",,"okazesan"
"473743","jaune",,"liqov"
"473744","jauner",,"ikezuo"
"473745","jaunita",,"ukozoun"
"473746","jaunpur",,"laquhot"
"473747","jaunpuri",,"laquhien"
"473748","jaunse",,"liqoan"
"473749","jaunsed",,"okazaet"
"473750","jaunses",,"liqoqun"
"473751","jaunsing",,"okazasu"
"473752","jaunt",,"ikezoi"
"473753","jaunted",,"loqewot"
"473754","jauntee",,"ekuzaun"
"473755","jaunter",,"liqowun"
"473756","jauntie",,"okazei"
"473757","jauntier",,"liqowuin"
"473758","jaunties",,"okazesata"
"473759","jauntiest",,"loqewii"
"473760","jauntilier",,"ekuzasi"
"473761","jauntiliest",,"akizusivot"
"473762","jauntily",,"luqiwaat"
"473763","jauntine",,"laquweo"
"473764","jauntiness",,"laquwei"
"473765","jauntinesses",,"luqiwahua"
"473766","jaunting",,"loqewian"
"473767","jauntingly",,"okazeso"
"473768","jaunts",,"ikezin"
"473769","jaunty",,"akizae"
"473770","jauor",,"luquc"
"473771","jaup",,"liqu"
"473772","jauped",,"ekufan"
"473773","jauping",,"ekufuaa"
"473774","jaups",,"liquq"
"473775","jaur",,"loqa"
"473776","jauras",,"liqean"
"473777","jaurass",,"liqenuna"
"473778","jauregg",,"liqevu"
"473779","jauregui",,"lequvae"
"473780","jaureguiberry",,"ikejinavu"
"473781","jaures",,"lequete"
"473782","jaurs",,"loqaq"
"473783","jaussan",,"laquqin"
"473784","jauyau",,"ikekea"
"473785","java",,"lowu"
"473786","javabean",,"laworiu"
"473787","javabeans",,"laworiot"
"473788","javacard",,"liwasoat"
"473789","javadd",,"lewio"
"473790","javaee",,"lawoan"
"473791","javafx",,"lewion"
"473792","javahai",,"ikomaae"
"473793","javahais",,"ikomarena"
"473794","javaid",,"ekamati"
"473795","javaite",,"akumio"
"473796","javakheti",,"lawotaet"
"473797","javakishvili",,"ikomisito"
"473798","javakishvilis",,"ikomisitet"
"473799","javali",,"akumona"
"473800","javalike",,"ikomusen"
"473801","javals",,"akuman"
"473802","javaman",,"ikomaot"
"473803","javame",,"luwea"
"473804","javan",,"ukimoni"
"473805","javanais",,"akumiron"
"473806","javanee",,"okemaen"
"473807","javanees",,"okemazon"
"473808","javanese",,"okemazona"
"473809","javaneses",,"okemazan"
"473810","javanica",,"akumiset"
"473811","javanicin",,"lowupian"
"473812","javanicus",,"ikomeseta"
"473813","javanine",,"lewipoun"
"473814","javanines",,"lewipou"
"473815","javanite",,"liwapuu"
"473816","javanka",,"ukimoata"
"473817","javans",,"ukimis"
"473818","javanthropi",,"ikomebobu"
"473819","javanthropus",,"okemabebet"
"473820","javanthropuses",,"ekamubabin"
"473821","javanthropusses",,"ekamubaba"
"473822","javaphone",,"okemorea"
"473823","javar",,"okemue"
"473824","javari",,"okemetn"
"473825","javaris",,"okemuie"
"473826","javary",,"ukimono"
"473827","javarys",,"ukimean"
"473828","javas",,"lowuq"
"473829","javascript",,"ikometi"
"473830","javascripted",,"lowuqiwaun"
"473831","javascripter",,"liwaquweon"
"473832","javascripting",,"lowuqiwaen"
"473833","javascripts",,"ikometovat"
"473834","javase",,"lewien"
"473835","javaughn",,"lawobuen"
"473836","javaws",,"lawoun"
"473837","javazon",,"liwamun"
"473838","jave",,"lawe"
"473839","javed",,"ukitina"
"473840","javel",,"ikotuni"
"473841","javelin",,"lewovat"
"473842","javelina",,"lowiviet"
"473843","javelinas",,"lowivii"
"473844","javeline",,"lawevea"
"473845","javelined",,"ukitasua"
"473846","javelineer",,"ukitasote"
"473847","javelinfish",,"liwuvuhiun"
"473848","javelinier",,"akutesea"
"473849","javelining",,"ukitason"
"473850","javelinist",,"akutesu"
"473851","javelinman",,"oketisot"
"473852","javelinned",,"lowivian"
"473853","javelinning",,"lowivihaa"
"473854","javelins",,"lewovoe"
"473855","javelle",,"lewovi"
"473856","javellization",,"ikotuzisa"
"473857","javelot",,"lawevin"
"473858","javels",,"ikotuno"
"473859","javer",,"akutone"
"473860","javert",,"laweun"
"473861","javertian",,"ikotabet"
"473862","javian",,"ukinane"
"473863","javid",,"akunuu"
"473864","javier",,"akunas"
"473865","javiers",,"akunaen"
"473866","javion",,"akunene"
"473867","javitero",,"lowewaet"
"473868","javiteros",,"lowewai"
"473869","javitri",,"lewawun"
"473870","javler",,"luweo"
"473871","javlor",,"lowua"
"473872","javon",,"akupiu"
"473873","javonica",,"ekapusota"
"473874","javonte",,"luwupet"
"473875","javor",,"ikopau"
"473876","jaw",,"akat"
"473877","jawa",,"ekemnu"
"473878","jawab",,"lobur"
"473879","jawad",,"lebit"
"473880","jawaharlal",,"ekemiret"
"473881","jawaharlals",,"ekemirafi"
"473882","jawaiian",,"laboreo"
"473883","jawan",,"lubep"
"473884","jawana",,"laboun"
"473885","jawans",,"lubeo"
"473886","jawar",,"lobuc"
"473887","jawara",,"libai"
"473888","jawaras",,"libacat"
"473889","jawari",,"lobuot"
"473890","jawaris",,"lobuco"
"473891","jawaub",,"lebien"
"473892","jawbation",,"lebuniu"
"473893","jawbations",,"lebuniot"
"473894","jawblock",,"akanehon"
"473895","jawblocked",,"luboveat"
"473896","jawblocking",,"lubovevuo"
"473897","jawblocks",,"akanehan"
"473898","jawbone",,"ukunian"
"473899","jawboned",,"lubofaet"
"473900","jawboneist",,"lubofae"
"473901","jawboner",,"labifeot"
"473902","jawboners",,"labifeo"
"473903","jawbones",,"ukunifun"
"473904","jawboning",,"lubofau"
"473905","jawbonings",,"lubofaot"
"473906","jawbonist",,"labifeet"
"473907","jawbox",,"akanote"
"473908","jawboxes",,"ukunilat"
"473909","jawbreak",,"akanozen"
"473910","jawbreaker",,"labicio"
"473911","jawbreakers",,"labicisaet"
"473912","jawbreaking",,"lubocosuot"
"473913","jawbreakingly",,"ukunezopat"
"473914","jawbreakings",,"lubocosuo"
"473915","jawcrusher",,"labuciet"
"473916","jawcrushers",,"labuciboi"
"473917","jawdropper",,"labacoet"
"473918","jawdropping",,"lubucecuo"
"473919","jawdroppingly",,"ukuseheqe"
"473920","jawed",,"lubat"
"473921","jawellnofine",,"lubavihiet"
"473922","jawfall",,"labena"
"473923","jawfallen",,"ekekozen"
"473924","jawfalls",,"labenuen"
"473925","jawfaln",,"lubani"
"473926","jawfeet",,"ukukuana"
"473927","jawfish",,"okokauna"
"473928","jawfishes",,"ekekuwet"
"473929","jawfishs",,"okokawu"
"473930","jawfoot",,"akakuon"
"473931","jawfooted",,"lubafeat"
"473932","jawhole",,"akamueta"
"473933","jawholes",,"akamuzi"
"473934","jawi",,"akanne"
"473935","jawing",,"lubion"
"473936","jawings",,"lubipan"
"473937","jawis",,"akanit"
"473938","jawjah",,"ekerea"
"473939","jawjuh",,"ukurat"
"473940","jawjutting",,"ekereban"
"473941","jawl",,"lube"
"473942","jawled",,"okotota"
"473943","jawlensky",,"eketefo"
"473944","jawlenskys",,"eketefet"
"473945","jawler",,"ikitune"
"473946","jawless",,"libavun"
"473947","jawlessness",,"ukutuwujo"
"473948","jawlike",,"loburen"
"473949","jawline",,"akatieta"
"473950","jawlined",,"laborea"
"473951","jawlines",,"akatifi"
"473952","jawling",,"okotaun"
"473953","jawls",,"lubeq"
"473954","jawmaxx",,"ukuvaan"
"473955","jawmaxxed",,"libenue"
"473956","jawmaxxes",,"ikivulo"
"473957","jawmaxxing",,"libenuet"
"473958","jawn",,"libo"
"473959","jawned",,"ekezan"
"473960","jawning",,"ekezuaa"
"473961","jawohl",,"ekepua"
"473962","jawor",,"libic"
"473963","jaworowski",,"lobocue"
"473964","jaworski",,"lobocii"
"473965","jaworzno",,"lubucoan"
"473966","jaworzyna",,"labacio"
"473967","jawp",,"lobi"
"473968","jawplate",,"labevuot"
"473969","jawps",,"lobiq"
"473970","jawright",,"lobarean"
"473971","jawrope",,"ikijoot"
"473972","jawropes",,"ikijojo"
"473973","jaws",,"akactu"
"473974","jawsmith",,"ikicason"
"473975","jawtooth",,"lubufeat"
"473976","jawtwister",,"lobogian"
"473977","jawy",,"okokt"
"473978","jawzjan",,"labesin"
"473979","jaxa",,"ledi"
"473980","jaxartes",,"ladocoin"
"473981","jaxartess",,"ladocoa"
"473982","jaxartosaurus",,"okimubiden"
"473983","jaxb",,"akent"
"473984","jaxen",,"ekotute"
"473985","jaxie",,"ludiv"
"473986","jaxies",,"ludio"
"473987","jaxom",,"ladaz"
"473988","jaxon",,"ukapoe"
"473989","jaxsen",,"ekocato"
"473990","jaxson",,"ukacane"
"473991","jaxton",,"luduen"
"473992","jaxv",,"ikub"
"473993","jaxx",,"okiga"
"473994","jaxxon",,"lodeot"
"473995","jaxy",,"lodo"
"473996","jay",,"ukeu"
"473997","jaya",,"akomno"
"473998","jayakars",,"legitaat"
"473999","jayakuma",,"okumodan"
"474000","jayant",,"okumeni"
"474001","jayanta",,"ikamein"
"474002","jayanth",,"ligape"
"474003","jayantha",,"lugepei"
"474004","jayanti",,"okumai"
"474005","jayapal",,"ekimeee"
"474006","jayapura",,"okumodi"
"474007","jayapuran",,"lagohio"
"474008","jayapuras",,"okumodata"
"474009","jayaque",,"ukemai"
"474010","jayaram",,"lagocu"
"474011","jayaraman",,"ikamaren"
"474012","jayashankar",,"lagoqasian"
"474013","jayasri",,"legiqan"
"474014","jayate",,"lugeot"
"474015","jayavant",,"logudeo"
"474016","jayaward",,"ukemeran"
"474017","jayawardena",,"logugeweon"
"474018","jayawardenas",,"logugewean"
"474019","jayawardene",,"lagoguwuo"
"474020","jayawardenepura",,"logugewein"
"474021","jayawardenes",,"lagoguwuet"
"474022","jaybird",,"lagiru"
"474023","jaybirds",,"lagiraot"
"474024","jaycat",,"laguat"
"474025","jayce",,"ikari"
"474026","jaycee",,"okurot"
"474027","jayceen",,"laguvun"
"474028","jaycees",,"okuroo"
"474029","jayceess",,"okurozet"
"474030","jayceette",,"akorazo"
"474031","jayceon",,"ligovat"
"474032","jaycob",,"logeu"
"474033","jayda",,"lagane"
"474034","jayde",,"ligiv"
"474035","jayden",,"akosina"
"474036","jaydon",,"ikasus"
"474037","jaye",,"ikatnu"
"474038","jayem",,"ekitite"
"474039","jayems",,"ekitatt"
"474040","jayes",,"ikates"
"474041","jayesh",,"lugao"
"474042","jayess",,"ikateni"
"474043","jayesss",,"ikateina"
"474044","jayet",,"liguw"
"474045","jaygee",,"ikalea"
"474046","jaygees",,"ikaliin"
"474047","jayhawk",,"ligene"
"474048","jayhawked",,"ekimokot"
"474049","jayhawker",,"okumikun"
"474050","jayhawkers",,"okumiku"
"474051","jayhawking",,"ekimokan"
"474052","jayhawks",,"ligeniin"
"474053","jayhoun",,"ikamooa"
"474054","jayjay",,"logoina"
"474055","jayla",,"lugen"
"474056","jaylah",,"uketane"
"474057","jaylee",,"legien"
"474058","jayleen",,"ikatiin"
"474059","jaylen",,"uketii"
"474060","jaylene",,"ikatiina"
"474061","jaylike",,"legirat"
"474062","jaylin",,"akotent"
"474063","jaylyn",,"okutete"
"474064","jaylynn",,"lagolot"
"474065","jayma",,"ikavuo"
"474066","jayme",,"ekivee"
"474067","jaymee",,"akovin"
"474068","jaymey",,"ikavee"
"474069","jaymie",,"ekivun"
"474070","jayn",,"loget"
"474071","jayna",,"ligon"
"474072","jayne",,"legav"
"474073","jaynell",,"ligove"
"474074","jaynes",,"legaet"
"474075","jaynesian",,"ukezuwin"
"474076","jaynne",,"ikazue"
"474077","jaynnes",,"ikazeot"
"474078","jayns",,"logeq"
"474079","jayo",,"ekipne"
"474080","jayonc",,"luguo"
"474081","jaypie",,"lagee"
"474082","jaypiet",,"ukefoat"
"474083","jayran",,"ikajuu"
"474084","jayroe",,"leguet"
"474085","jayrun",,"ekijune"
"474086","jayrunner",,"ikajifet"
"474087","jayrunning",,"okujofo"
"474088","jayruns",,"ekijeu"
"474089","jays",,"ukecti"
"474090","jayse",,"ikacie"
"474091","jayshree",,"ikacaqa"
"474092","jayshrike",,"ikacaqi"
"474093","jaysis",,"ukecana"
"474094","jayson",,"lugien"
"474095","jaysons",,"lugifon"
"474096","jaysus",,"ikacuo"
"474097","jayton",,"ikaqine"
"474098","jaytons",,"ikaqoae"
"474099","jayuya",,"ekiwan"
"474100","jayuyas",,"ekiwaun"
"474101","jayvee",,"legio"
"474102","jayvees",,"legivet"
"474103","jayvion",,"okubaan"
"474104","jaywalk",,"legunan"
"474105","jaywalked",,"ukedaze"
"474106","jaywalker",,"akodezi"
"474107","jaywalkers",,"akodezat"
"474108","jaywalking",,"ukedazet"
"474109","jaywalkings",,"ukedazevi"
"474110","jaywalks",,"legunaun"
"474111","jaywick",,"ekiduu"
"474112","jayzus",,"lageun"
"474113","jaza",,"lako"
"474114","jazail",,"ikemint"
"474115","jazakallah",,"ikemiran"
"474116","jazarine",,"lokucien"
"474117","jazeera",,"iketiea"
"474118","jazel",,"ekutoi"
"474119","jazer",,"iketani"
"474120","jazeraint",,"ekutiraa"
"474121","jazeran",,"lokicot"
"474122","jazerant",,"ekutiru"
"474123","jazerants",,"ekutirot"
"474124","jazey",,"lakel"
"474125","jazeys",,"lakeata"
"474126","jaziel",,"ekununa"
"474127","jazies",,"likoan"
"474128","jazillion",,"akinezu"
"474129","jaziya",,"lokein"
"474130","jaziz",,"akinau"
"474131","jazlyn",,"lokuot"
"474132","jazlynn",,"ukotiun"
"474133","jazman",,"akivae"
"474134","jazmin",,"ukovata"
"474135","jazmine",,"ikeveaa"
"474136","jazy",,"lekee"
"474137","jazyges",,"lekemi"
"474138","jazygess",,"lekemuat"
"474139","jazys",,"lekeqa"
"474140","jazz",,"akilu"
"474141","jazzband",,"lukarien"
"474142","jazzbo",,"likui"
"474143","jazzbos",,"likurat"
"474144","jazzbow",,"lekoron"
"474145","jazzcore",,"lokisua"
"474146","jazzdom",,"laketu"
"474147","jazze",,"ukolu"
"474148","jazzed",,"lukain"
"474149","jazzer",,"lakeate"
"474150","jazzerati",,"akilaqon"
"474151","jazzercise",,"lukavuan"
"474152","jazzercised",,"ikeliqivet"
"474153","jazzercises",,"lukavuvoun"
"474154","jazzercising",,"ikeliqivu"
"474155","jazzercize",,"akilaqona"
"474156","jazzers",,"lakeve"
"474157","jazzes",,"ukolet"
"474158","jazzetry",,"ekulebe"
"474159","jazzfest",,"akilazet"
"474160","jazzfests",,"akilazi"
"474161","jazzhead",,"akilozo"
"474162","jazzical",,"lakereot"
"474163","jazzier",,"lakeru"
"474164","jazziest",,"lukaroon"
"474165","jazzification",,"lokirataen"
"474166","jazzified",,"akiliman"
"474167","jazzifies",,"lekoruin"
"474168","jazzify",,"lukaron"
"474169","jazzifying",,"okalamo"
"474170","jazzily",,"lekoran"
"474171","jazziness",,"lokirion"
"474172","jazzinesses",,"lekoropuot"
"474173","jazzing",,"lukari"
"474174","jazzish",,"lekorat"
"474175","jazzist",,"lakerin"
"474176","jazzistic",,"lakereen"
"474177","jazzless",,"likuveea"
"474178","jazzlessness",,"ukolazuden"
"474179","jazzlike",,"lokiviet"
"474180","jazzman",,"lokiza"
"474181","jazzmans",,"lokizeen"
"474182","jazzmen",,"lakezu"
"474183","jazzmens",,"lakeziot"
"474184","jazznik",,"lokipen"
"474185","jazzophile",,"lokifaun"
"474186","jazzophone",,"likufeen"
"474187","jazzperson",,"lekohuin"
"474188","jazzplayer",,"likuhoot"
"474189","jazzs",,"akilie"
"474190","jazzstep",,"akilibena"
"474191","jazzster",,"ukolobat"
"474192","jazzwoman",,"lokiguon"
"474193","jazzwomen",,"lakegoo"
"474194","jazzy",,"okalei"
"474195","jbailey",,"olenion"
"474196","jbcc",,"linee"
"474197","jbclarke",,"lenonaot"
"474198","jbcs",,"linei"
"474199","jbeil",,"ulonaa"
"474200","jbeils",,"ulonani"
"474201","jbernabe",,"ulojoran"
"474202","jbgoldma",,"likovuon"
"474203","jbhender",,"lulupae"
"474204","jbhs",,"oloci"
"474205","jbiebs",,"elotat"
"474206","jbig",,"luma"
"474207","jblevin",,"aluteet"
"474208","jbmail",,"ulumat"
"474209","jbmason",,"alamiet"
"474210","jbmorse",,"elepiua"
"474211","jbobilly",,"ilanezet"
"474212","jbod",,"ilast"
"474213","jbpm",,"eluv"
"474214","jbriscoe",,"ilineto"
"474215","jbrody",,"loheeti"
"474216","jbsc",,"lije"
"474217","jbss",,"lijea"
"474218","jbwhitta",,"alamibi"
"474219","jbxx",,"lide"
"474220","jcac",,"omere"
"474221","jcae",,"ematna"
"474222","jcah",,"laleu"
"474223","jcaho",,"lolif"
"474224","jcanette",,"lulevua"
"474225","jcanettes",,"lulevuen"
"474226","jcbach",,"imime"
"474227","jcbs",,"lumenu"
"474228","jcdbs",,"eminu"
"474229","jcdrisco",,"imajewo"
"474230","jcdunphy",,"emiwujot"
"474231","jcee",,"umoti"
"474232","jcet",,"losata"
"474233","jcgealow",,"likonaun"
"474234","jchedge",,"amatuo"
"474235","jcio",,"imupe"
"474236","jclandry",,"amumivet"
"474237","jcls",,"losun"
"474238","jcmt",,"letun"
"474239","jcnos",,"liveq"
"474240","jcpeople",,"lapufeu"
"474241","jcpeters",,"lipowuan"
"474242","jcpoa",,"lipen"
"474243","jcputnam",,"lapuwuin"
"474244","jcss",,"emocni"
"474245","jctn",,"imaza"
"474246","jcuken",,"liqoona"
"474247","jcvi",,"lowue"
"474248","jcwang",,"lebeen"
"474249","jcwu",,"imiwn"
"474250","jcyao",,"emima"
"474251","jdabbott",,"loloreet"
"474252","jdam",,"lilia"
"474253","jdarnold",,"lilipoa"
"474254","jdat",,"enaqi"
"474255","jdavie",,"unibon"
"474256","jdavis",,"anubaa"
"474257","jdbad",,"lamut"
"474258","jdbc",,"enera"
"474259","jddeeds",,"leruvona"
"474260","jddevine",,"unetasat"
"474261","jdevans",,"lasunot"
"474262","jdfr",,"legea"
"474263","jdgold",,"lakoa"
"474264","jdgs",,"lake"
"474265","jdharrin",,"luliceu"
"474266","jdhoward",,"onopuran"
"474267","jdkipnis",,"lorihae"
"474268","jdlr",,"lisi"
"474269","jdlubarr",,"lusoraat"
"474270","jdoest",,"enitat"
"474271","jdpon",,"lapop"
"474272","jdpowers",,"lapogaen"
"474273","jdrama",,"enemat"
"474274","jdroh",,"lohunn"
"474275","jdrsmzg",,"lahezen"
"474276","jdrszg",,"lohiene"
"474277","jdrzgs",,"lohaena"
"474278","jdsn",,"inuzi"
"474279","jdsscc",,"lujaene"
"474280","jdunaway",,"unozakat"
"474281","jdworden",,"onopuvi"
"474282","jdwp",,"anafe"
"474283","jeacock",,"orereet"
"474284","jeadine",,"oresaet"
"474285","jeaffreson",,"irokiqat"
"474286","jeah",,"lelas"
"474287","jeal",,"lulos"
"474288","jealous",,"lalifan"
"474289","jealouse",,"lulofiot"
"474290","jealoused",,"uritide"
"474291","jealouser",,"arutudi"
"474292","jealouses",,"lulofio"
"474293","jealousest",,"uritidot"
"474294","jealoushood",,"lulofiboat"
"474295","jealoushoods",,"lulofiboe"
"474296","jealousi",,"lalifue"
"474297","jealousie",,"lulofien"
"474298","jealousies",,"lulofion"
"474299","jealousing",,"uritidet"
"474300","jealousl",,"uritidu"
"474301","jealouslier",,"lilefobaot"
"474302","jealousliest",,"lolafebuan"
"474303","jealously",,"eratado"
"474304","jealousness",,"oretedojot"
"474305","jealousnesses",,"eratadejat"
"474306","jealousser",,"arutudat"
"474307","jealoussest",,"uritidudo"
"474308","jealousy",,"lolafeu"
"474309","jeames",,"irovee"
"474310","jeamess",,"iroviin"
"474311","jean",,"lilie"
"474312","jeana",,"lulun"
"474313","jeananda",,"lolonuun"
"474314","jeanbandyite",,"lolorohoen"
"474315","jeanbaptiste",,"lulurucuan"
"474316","jeanceyaz",,"orezazon"
"474317","jeane",,"lolova"
"474318","jeaned",,"orezas"
"474319","jeanelle",,"lilivion"
"474320","jeanerette",,"aruzaqon"
"474321","jeanerettes",,"aruzaqogan"
"474322","jeanes",,"loloi"
"474323","jeanetta",,"lolovaun"
"474324","jeanette",,"lalavii"
"474325","jeanettes",,"lalaviat"
"474326","jeanhee",,"orezuet"
"474327","jeanie",,"loloana"
"474328","jeanies",,"lolorun"
"474329","jeanine",,"aruziena"
"474330","jeanines",,"aruzifon"
"474331","jeanlike",,"aruzesi"
"474332","jeanloui",,"irozuhet"
"474333","jeanluc",,"erazoe"
"474334","jeanmarie",,"orezurun"
"474335","jeanna",,"orezen"
"474336","jeanne",,"aruzot"
"474337","jeanneret",,"urizoze"
"474338","jeannes",,"aruzio"
"474339","jeannett",,"urizozun"
"474340","jeannetta",,"aruzizon"
"474341","jeannettas",,"aruzizan"
"474342","jeannette",,"irozezo"
"474343","jeannettes",,"irozezet"
"474344","jeannie",,"aruziene"
"474345","jeannies",,"aruzison"
"474346","jeannine",,"lolopuin"
"474347","jeannines",,"lolopua"
"474348","jeannye",,"orezaet"
"474349","jeannyes",,"orezami"
"474350","jeanpaul",,"lilihii"
"474351","jeanpaulia",,"luluhuona"
"474352","jeanpaulias",,"luluhugean"
"474353","jeanpierre",,"urizusot"
"474354","jeans",,"liliqa"
"474355","jeansed",,"orezaena"
"474356","jeanselme",,"irozezen"
"474357","jeansies",,"loloquu"
"474358","jeansonne",,"luluqoen"
"474359","jeanswear",,"orezakan"
"474360","jeansy",,"lalaeta"
"474361","jeanty",,"aruzota"
"474362","jeany",,"lalala"
"474363","jeapordize",,"arufuqan"
"474364","jeapordized",,"lulefaziet"
"474365","jeapordizes",,"arufuqevun"
"474366","jeapordizing",,"lulefaziu"
"474367","jeapordous",,"lalofeina"
"474368","jear",,"lelana"
"474369","jearim",,"luliui"
"474370","jears",,"lelaq"
"474371","jeasley",,"lalavon"
"474372","jeast",,"lalaw"
"474373","jeat",,"lalen"
"474374","jeaterai",,"eraqequ"
"474375","jeats",,"laleqa"
"474376","jeavons",,"uribiat"
"474377","jeaz",,"lolus"
"474378","jebail",,"aramat"
"474379","jebailey",,"eremuzu"
"474380","jebait",,"eremato"
"474381","jebaited",,"lumorou"
"474382","jebaiting",,"lumoroon"
"474383","jebaits",,"eremuee"
"474384","jebat",,"erematu"
"474385","jebb",,"erenn"
"474386","jebba",,"oroniu"
"474387","jebbs",,"erenui"
"474388","jebediah",,"lamotoan"
"474389","jebel",,"iritui"
"474390","jebels",,"irites"
"474391","jebena",,"irituna"
"474392","jeberech",,"lumeciu"
"474393","jeberechiah",,"eretizetet"
"474394","jeberger",,"lamocaan"
"474395","jebus",,"lumeqi"
"474396","jebusi",,"lumeee"
"474397","jebusis",,"lumeqin"
"474398","jebusite",,"iriwesa"
"474399","jebusites",,"iriwesen"
"474400","jebusitic",,"uruwosin"
"474401","jebusitical",,"limaqadoin"
"474402","jebusiticals",,"limaqadoa"
"474403","jebusitics",,"uruwosa"
"474404","jebusitish",,"lumeqean"
"474405","jebusitishs",,"lumeqediun"
"474406","jebuss",,"lumeuna"
"474407","jebya",,"limuna"
"474408","jecall",,"irumus"
"474409","jecamiah",,"lanizoun"
"474410","jecc",,"areru"
"474411","jecho",,"lonef"
"474412","jecholia",,"orimezun"
"474413","jecholiah",,"lonefoen"
"474414","jechonia",,"eromafa"
"474415","jechonias",,"eromafen"
"474416","jecoa",,"irupua"
"474417","jecoliah",,"oripisun"
"474418","jecon",,"lunap"
"474419","jeconiah",,"eropusa"
"474420","jecoral",,"oripuon"
"474421","jecorin",,"arepoet"
"474422","jecorize",,"irupasa"
"474423","jectigation",,"lanerasaet"
"474424","jects",,"lunaq"
"474425","jedaiah",,"orumaon"
"474426","jedburgh",,"erineqot"
"474427","jedburghs",,"erineqo"
"474428","jedcock",,"larafon"
"474429","jedd",,"uresn"
"474430","jedda",,"arosei"
"474431","jeddah",,"lareen"
"474432","jeddart",,"aroseot"
"474433","jedding",,"lorire"
"474434","jeddito",,"lareri"
"474435","jeddo",,"erisao"
"474436","jeddock",,"arosuaa"
"474437","jeddos",,"erisan"
"474438","jeddy",,"erisau"
"474439","jedediah",,"luretein"
"474440","jedek",,"lorut"
"474441","jedgar",,"orulena"
"474442","jedge",,"lurov"
"474443","jedged",,"ureleta"
"474444","jedging",,"urelou"
"474445","jedgment",,"lurozia"
"474446","jedi",,"lurue"
"474447","jediael",,"iranuin"
"474448","jedicide",,"iranesot"
"474449","jedidah",,"larati"
"474450","jedidiah",,"laratoun"
"474451","jediism",,"lororu"
"474452","jediist",,"urenouna"
"474453","jedis",,"luruq"
"474454","jedlicka",,"irateto"
"474455","jedlinsk",,"luroreen"
"474456","jedno",,"urezie"
"474457","jedr",,"arojna"
"474458","jedrs",,"arojie"
"474459","jedrzejow",,"arojazon"
"474460","jeds",,"lurui"
"474461","jedthus",,"lirunet"
"474462","jeduah",,"arowot"
"474463","jeduthun",,"arowuron"
"474464","jedwabite",,"lorenie"
"474465","jedward",,"lirona"
"474466","jedwood",,"eridaun"
"474467","jee",,"uroo"
"474468","jeebees",,"losevona"
"474469","jeebies",,"lisoroa"
"474470","jeebus",,"lisoota"
"474471","jeebusite",,"oranowan"
"474472","jeeby",,"lesale"
"474473","jeebys",,"lesaea"
"474474","jeed",,"lisuna"
"474475","jeeesus",,"orataena"
"474476","jeehoon",,"erumaina"
"474477","jeeing",,"losouna"
"474478","jeej",,"lisune"
"474479","jeejee",,"lesoea"
"474480","jeek",,"iresne"
"474481","jeel",,"losati"
"474482","jeeled",,"erutiu"
"474483","jeelian",,"erutuua"
"474484","jeelie",,"lesuina"
"474485","jeelied",,"erutuun"
"474486","jeelieing",,"aritizun"
"474487","jeelies",,"lesura"
"474488","jeeling",,"erutuot"
"474489","jeels",,"losaqi"
"474490","jeely",,"lusole"
"474491","jeelying",,"iretoset"
"474492","jeem",,"oravn"
"474493","jeemany",,"losenat"
"474494","jeena",,"losoni"
"474495","jeenbek",,"arizoaa"
"474496","jeep",,"lasotu"
"474497","jeepable",,"lusenau"
"474498","jeepcj",,"arifot"
"474499","jeeped",,"urofena"
"474500","jeepers",,"arifaa"
"474501","jeeperss",,"arifaqen"
"474502","jeepfund",,"irefido"
"474503","jeeping",,"urofoe"
"474504","jeeplike",,"orafisat"
"474505","jeepney",,"urofoi"
"474506","jeepneys",,"urofozat"
"474507","jeeps",,"lasoqt"
"474508","jeepss",,"lasoeta"
"474509","jeer",,"lusini"
"474510","jeera",,"lasunn"
"474511","jeeralang",,"lisoniate"
"474512","jeered",,"irejate"
"474513","jeerer",,"urojet"
"474514","jeerers",,"urojui"
"474515","jeerest",,"irejiu"
"474516","jeereth",,"lisovene"
"474517","jeering",,"irejeo"
"474518","jeeringlier",,"erujufufat"
"474519","jeeringliest",,"arijififo"
"474520","jeeringly",,"lisorae"
"474521","jeerings",,"irejefet"
"474522","jeerleader",,"orajizan"
"474523","jeerproof",,"orajoqu"
"474524","jeers",,"lusiqo"
"474525","jeery",,"lesali"
"474526","jees",,"urocta"
"474527","jeesely",,"lisivo"
"474528","jeesh",,"lusunn"
"474529","jeesly",,"lusuun"
"474530","jeet",,"lisuno"
"474531","jeetee",,"lesouna"
"474532","jeeter",,"irequn"
"474533","jeetery",,"ariqaota"
"474534","jeetho",,"eruquna"
"474535","jeetification",,"ariqimazet"
"474536","jeetled",,"lasevet"
"474537","jeevaatma",,"irebura"
"474538","jeevatma",,"orabibon"
"474539","jeeveh",,"oraboa"
"474540","jeeves",,"lesue"
"474541","jeevesian",,"aribawon"
"474542","jeevess",,"lesuvine"
"474543","jeewhillijers",,"lisonapai"
"474544","jeewhillikens",,"aridosifon"
"474545","jeeyoon",,"losifuna"
"474546","jeez",,"lasora"
"474547","jeeze",,"lusev"
"474548","jeezely",,"arilaota"
"474549","jeezer",,"arilue"
"474550","jeezerit",,"lusevain"
"474551","jeezerite",,"lisavuon"
"474552","jeezes",,"luseane"
"474553","jeezly",,"erulan"
"474554","jeezs",,"lasoqs"
"474555","jeezum",,"losuii"
"474556","jeezus",,"luseata"
"474557","jeezy",,"losula"
"474558","jefand",,"lugoe"
"474559","jefcoat",,"uroriat"
"474560","jefe",,"lagoa"
"474561","jefes",,"lagoqa"
"474562","jeff",,"irekna"
"474563","jeffares",,"liganuan"
"474564","jeffbell",,"lugerien"
"474565","jeffcoat",,"lagosie"
"474566","jeffcott",,"urokohin"
"474567","jeffed",,"legiot"
"474568","jeffer",,"loguuna"
"474569","jefferey",,"ligavui"
"474570","jeffereys",,"ligavuat"
"474571","jefferies",,"legivoan"
"474572","jefferisite",,"erukeqedat"
"474573","jeffers",,"loguvu"
"474574","jeffersa",,"ligavuan"
"474575","jefferso",,"lugevaen"
"474576","jefferson",,"orakoqin"
"474577","jeffersonia",,"irekiqicu"
"474578","jeffersonian",,"lagovebaan"
"474579","jeffersonianism",,"ligavubiin"
"474580","jeffersonianisms",,"ligavubia"
"474581","jeffersonians",,"lagovebaun"
"474582","jeffersonias",,"irekiqicot"
"474583","jeffersonite",,"lagovebai"
"474584","jeffersons",,"orakoqa"
"474585","jeffersonton",,"erukeqecu"
"474586","jeffersontons",,"erukeqecot"
"474587","jeffersontown",,"urokuquce"
"474588","jeffersontowns",,"urokuqucin"
"474589","jeffersonville",,"legivobei"
"474590","jeffersonvilles",,"legivobeat"
"474591","jeffery",,"lugevot"
"474592","jefferys",,"lugevao"
"474593","jeffi",,"irekea"
"474594","jeffie",,"orakie"
"474595","jeffing",,"legiran"
"474596","jeffl",,"legiv"
"474597","jeffo",,"arikui"
"474598","jeffrey",,"lugecot"
"474599","jeffreyi",,"lugecien"
"474600","jeffreyite",,"irekazan"
"474601","jeffreys",,"lugecio"
"474602","jeffrie",,"logucin"
"474603","jeffries",,"logucua"
"474604","jeffry",,"lagoana"
"474605","jeffrys",,"lagocun"
"474606","jeffs",,"irekee"
"474607","jeffy",,"arikuo"
"474608","jefko",,"loguf"
"474609","jeganath",,"lakipae"
"474610","jegar",,"lokac"
"474611","jegarsah",,"urimewu"
"474612","jegeris",,"lakocat"
"474613","jeggar",,"likeet"
"474614","jegger",,"lekua"
"474615","jegging",,"lakirin"
"474616","jeggings",,"lakiroa"
"474617","jeghers",,"eramein"
"474618","jegichagi",,"likisuin"
"474619","jegland",,"lokane"
"474620","jegog",,"uripaa"
"474621","jegogan",,"lokimin"
"474622","jehad",,"eremara"
"474623","jehadee",,"urumion"
"474624","jehadi",,"eremuno"
"474625","jehadis",,"eremaua"
"474626","jehadism",,"urumisua"
"474627","jehadisms",,"urumisot"
"474628","jehadist",,"lalitoun"
"474629","jehadists",,"lalitouu"
"474630","jehads",,"erematn"
"474631","jehai",,"lelur"
"474632","jehalele",,"leluvaen"
"474633","jehan",,"urumou"
"474634","jehanabad",,"eremurin"
"474635","jehangir",,"lalipain"
"474636","jehangirs",,"lalipaa"
"474637","jehanna",,"lolape"
"474638","jehanne",,"lalipan"
"474639","jehannum",,"lilepaat"
"474640","jehans",,"urumane"
"474641","jehanum",,"eremuin"
"474642","jehdeiah",,"lalevoun"
"474643","jehezeke",,"iritizot"
"474644","jehezekel",,"lelimaet"
"474645","jehiah",,"oronin"
"474646","jehial",,"aranene"
"474647","jehias",,"leleae"
"474648","jehiel",,"irinoto"
"474649","jehieli",,"irinien"
"474650","jehillia",,"lilivie"
"474651","jehius",,"luluina"
"474652","jehizkia",,"oronove"
"474653","jehizkiah",,"lolomeet"
"474654","jehlam",,"iritota"
"474655","jehle",,"iriti"
"474656","jehoadah",,"lulanoa"
"474657","jehoadda",,"liluneet"
"474658","jehoaddan",,"erepovot"
"474659","jehoahaz",,"lelonoeta"
"474660","jehoash",,"urupae"
"474661","jehohana",,"lolinoot"
"474662","jehohanan",,"araporun"
"474663","jehoiach",,"uruporin"
"474664","jehoiachin",,"leloreu"
"474665","jehoiada",,"urupore"
"474666","jehoiadas",,"uruporina"
"474667","jehoiaki",,"loliroo"
"474668","jehoiakim",,"lalerao"
"474669","jehoiari",,"uruporot"
"474670","jehoiarib",,"lularuon"
"474671","jehol",,"erepo"
"474672","jeholodens",,"urupaho"
"474673","jehonada",,"lelopeen"
"474674","jehonadab",,"oroparat"
"474675","jehonath",,"erepuroa"
"474676","jehoram",,"oropuan"
"474677","jehosaphat",,"erepuron"
"474678","jehoshab",,"lulaqao"
"474679","jehoshabeath",,"lulaqasoun"
"474680","jehoshap",,"laleqeu"
"474681","jehoshaphat",,"leloqosoin"
"474682","jehoshaphats",,"leloqosoa"
"474683","jehosheb",,"loliqiina"
"474684","jehosheba",,"liluquat"
"474685","jehoshua",,"iripereta"
"474686","jehosophat",,"oropahaa"
"474687","jehovah",,"lolidu"
"474688","jehovahj",,"oropire"
"474689","jehovahn",,"araperan"
"474690","jehovahs",,"lolidoot"
"474691","jehovan",,"luladot"
"474692","jehovian",,"luladeen"
"474693","jehovic",,"erepoin"
"474694","jehovie",,"arapeet"
"474695","jehovism",,"urupasot"
"474696","jehovisms",,"urupaso"
"474697","jehovist",,"laledou"
"474698","jehovistic",,"laledoo"
"474699","jehovists",,"laledoot"
"474700","jehovy",,"iripin"
"474701","jehozaba",,"lelomeo"
"474702","jehozabad",,"ereperin"
"474703","jehozada",,"lalemaan"
"474704","jehozadak",,"lulamuo"
"474705","jehs",,"lala"
"474706","jehu",,"lule"
"474707","jehubbah",,"orowusan"
"474708","jehucal",,"uruwoat"
"474709","jehud",,"uruwiu"
"474710","jehudah",,"lalotan"
"474711","jehudahs",,"lalotaun"
"474712","jehudi",,"uruwana"
"474713","jehudija",,"luleteo"
"474714","jehudijah",,"arawusun"
"474715","jehup",,"erewee"
"474716","jehus",,"luleq"
"474717","jehush",,"arawena"
"474718","jeida",,"lamena"
"474719","jeiel",,"lomuv"
"474720","jeir",,"lamua"
"474721","jeistiecor",,"erocaset"
"474722","jeistiecors",,"erocasizi"
"474723","jeitinho",,"lumareon"
"474724","jejenum",,"irateaa"
"474725","jejeunostomy",,"linabajoo"
"474726","jejeunum",,"orutofat"
"474727","jejo",,"leno"
"474728","jeju",,"linaa"
"474729","jejun",,"eriwua"
"474730","jejuna",,"oruwet"
"474731","jejunal",,"lanopat"
"474732","jejunation",,"eriwuri"
"474733","jejunator",,"ureworot"
"474734","jejune",,"arowai"
"474735","jejunectomies",,"linapovien"
"474736","jejunectomy",,"lenipaveun"
"474737","jejunectomys",,"lenipaveu"
"474738","jejunely",,"lanopuun"
"474739","jejuneness",,"lenipaan"
"474740","jejunenesses",,"lanopuheo"
"474741","jejuner",,"lanopan"
"474742","jejunery",,"lonupeu"
"474743","jejunest",,"lunepia"
"474744","jejunisation",,"eriwusetu"
"474745","jejunites",,"lunepeet"
"474746","jejunitides",,"urewosavet"
"474747","jejunities",,"lunepean"
"474748","jejunitis",,"lanopoa"
"474749","jejunitises",,"lunepediun"
"474750","jejunitisses",,"lunepediu"
"474751","jejunity",,"lonupuot"
"474752","jejunitys",,"lonupuo"
"474753","jejunization",,"lonupuruun"
"474754","jejuno",,"irawota"
"474755","jejunocaecal",,"lonupavuet"
"474756","jejunocecal",,"lenipuvoat"
"474757","jejunocecostomy",,"lanopiveun"
"474758","jejunocolic",,"linapevia"
"474759","jejunocolostomy",,"oruwahocu"
"474760","jejunoduodenal",,"urewohakat"
"474761","jejunogastric",,"arowihitet"
"474762","jejunoileal",,"arowihafot"
"474763","jejunoileites",,"urewohufun"
"474764","jejunoileitides",,"linapetaun"
"474765","jejunoileitis",,"arowihafi"
"474766","jejunoileitises",,"urewohufa"
"474767","jejunoileitisses",,"urewohufen"
"474768","jejunoileostomy",,"urewohufaa"
"474769","jejunojejunal",,"oruwahifan"
"474770","jejunojejunostomy",,"eriwuhofat"
"474771","jejunoplasty",,"lanopicoon"
"474772","jejunoplication",,"irawehafan"
"474773","jejunorrhaphy",,"lunepowoa"
"474774","jejunoscopy",,"linapeboot"
"474775","jejunosity",,"lunepoan"
"474776","jejunostomies",,"lenipubeen"
"474777","jejunostomy",,"lunepobuun"
"474778","jejunostomys",,"lunepobuu"
"474779","jejunotomy",,"lunepoana"
"474780","jejunum",,"iraweo"
"474781","jejunums",,"irawedet"
"474782","jekabzee",,"arimona"
"474783","jekameam",,"erumizin"
"474784","jekamiah",,"lurozeen"
"474785","jekavian",,"oramisat"
"474786","jekem",,"erutit"
"474787","jekhovsk",,"uromigot"
"474788","jekkie",,"orasona"
"474789","jekuthie",,"orawerun"
"474790","jekyll",,"irekota"
"474791","jekyllesque",,"erukozidon"
"474792","jekyllian",,"leroveat"
"474793","jekylls",,"irekuo"
"474794","jelab",,"arumoe"
"474795","jelabee",,"iromaea"
"474796","jelabs",,"arumoti"
"474797","jelak",,"liset"
"474798","jelambar",,"lusozaot"
"474799","jelatong",,"lusowoen"
"474800","jelcz",,"arurae"
"474801","jelen",,"arutit"
"474802","jelena",,"eratate"
"474803","jelene",,"uritona"
"474804","jelengrad",,"oretanun"
"474805","jelenia",,"eratuui"
"474806","jelerang",,"losucoin"
"474807","jelevine",,"losuduu"
"474808","jelf",,"arukt"
"474809","jelgava",,"aruleena"
"474810","jeli",,"lisii"
"474811","jelib",,"urineu"
"474812","jelica",,"lusuea"
"474813","jelick",,"losoune"
"474814","jelinek",,"urinoea"
"474815","jelinekian",,"losopeon"
"474816","jeliya",,"leseot"
"474817","jelk",,"losus"
"474818","jelked",,"erasat"
"474819","jelking",,"erasuo"
"474820","jelks",,"losuq"
"474821","jell",,"oretni"
"474822","jellab",,"liseoa"
"474823","jellaba",,"lusonu"
"474824","jellabah",,"aruteson"
"474825","jellabahs",,"arutesan"
"474826","jellabas",,"lusonaot"
"474827","jellabiya",,"lesunoon"
"474828","jellat",,"losaata"
"474829","jelle",,"erateu"
"474830","jelled",,"lasiet"
"474831","jellett",,"arutaen"
"474832","jelley",,"irotut"
"474833","jellib",,"losaune"
"474834","jellibs",,"losaru"
"474835","jellica",,"iroteai"
"474836","jellico",,"uritoea"
"474837","jellicoe",,"iroteten"
"474838","jellicos",,"uritotin"
"474839","jellied",,"lasiran"
"474840","jelliedness",,"oretazijot"
"474841","jelliednesss",,"oretazijo"
"474842","jellies",,"eratuin"
"474843","jellification",,"liserotoat"
"474844","jellifications",,"liserotoe"
"474845","jellified",,"oretamin"
"474846","jellifies",,"losareet"
"474847","jelliform",,"uritomet"
"474848","jellify",,"lasire"
"474849","jellifying",,"uritoman"
"474850","jellily",,"losarin"
"474851","jellinek",,"losarua"
"474852","jelling",,"lasiru"
"474853","jellis",,"oretis"
"474854","jellison",,"lesuriana"
"474855","jellium",,"uritoua"
"474856","jello",,"uritis"
"474857","jelloid",,"lisefi"
"474858","jellop",,"lasiane"
"474859","jelloped",,"uritije"
"474860","jellopped",,"lasifuu"
"474861","jellos",,"uritate"
"474862","jellow",,"oretone"
"474863","jells",,"oretau"
"474864","jelly",,"uritina"
"474865","jellybag",,"lesuloet"
"474866","jellybean",,"oretesat"
"474867","jellybeans",,"oretese"
"474868","jellybelly",,"losalio"
"474869","jellybone",,"irotoseta"
"474870","jellybrain",,"liseluu"
"474871","jellybush",,"uritisot"
"474872","jellyby",,"lesulaa"
"474873","jellybys",,"lesuloen"
"474874","jellycoat",,"lesulion"
"474875","jellycopter",,"lesulijoun"
"474876","jellydom",,"liselean"
"474877","jellyfis",,"lasiluin"
"474878","jellyfish",,"eratami"
"474879","jellyfishes",,"arutumada"
"474880","jellyfishlike",,"losaletea"
"474881","jellyfishs",,"eratamat"
"474882","jellyfishy",,"irotome"
"474883","jellygraph",,"liseliot"
"474884","jellygraphed",,"oreteneten"
"474885","jellygraphing",,"oretenete"
"474886","jellygraphs",,"liseliwao"
"474887","jellying",,"losaluo"
"474888","jellyings",,"losaluet"
"474889","jellyish",,"lusoleet"
"474890","jellyleaf",,"uritizot"
"474891","jellyleafs",,"uritizo"
"474892","jellyleaves",,"arutuzotun"
"474893","jellylike",,"lasilaot"
"474894","jellylikeness",,"oretezopi"
"474895","jellyliker",,"eratazi"
"474896","jellylikest",,"arutuzapot"
"474897","jellynose",,"losalua"
"474898","jellyplankton",,"lasilupoun"
"474899","jellyroll",,"liseluua"
"474900","jellyrolls",,"liseluot"
"474901","jellys",,"uritan"
"474902","jellyspoons",,"oretewucen"
"474903","jellysto",,"lasiloe"
"474904","jellyvore",,"uritigin"
"474905","jellyvorous",,"eratagoban"
"474906","jellyworms",,"losaliet"
"474907","jelm",,"lesan"
"474908","jelms",,"lesaq"
"474909","jelotong",,"lasewiin"
"474910","jelq",,"luso"
"474911","jelqed",,"irohe"
"474912","jelqer",,"urihi"
"474913","jelqing",,"iroheet"
"474914","jelqs",,"lusoq"
"474915","jelske",,"leseota"
"474916","jelskis",,"losotina"
"474917","jelsma",,"losoat"
"474918","jelum",,"lasoz"
"474919","jelutong",,"losuwaa"
"474920","jelutongs",,"losuwaen"
"474921","jelveti",,"lasivan"
"474922","jema",,"urumne"
"474923","jemadar",,"aramuaa"
"474924","jemadars",,"aramuren"
"474925","jemaine",,"latiran"
"474926","jemalong",,"irimuhona"
"474927","jemappes",,"eremejin"
"474928","jemautdar",,"litebei"
"474929","jembaicumbene",,"lotenuvion"
"474930","jembe",,"loteve"
"474931","jembes",,"loteia"
"474932","jemble",,"erenata"
"474933","jembrana",,"litocion"
"474934","jemelle",,"irituot"
"474935","jemena",,"latoet"
"474936","jemez",,"litama"
"474937","jemezs",,"litaaa"
"474938","jemidar",,"uruniata"
"474939","jemidars",,"urunire"
"474940","jemie",,"orononi"
"474941","jemima",,"oronono"
"474942","jemimah",,"lotozin"
"474943","jemimas",,"oronuana"
"474944","jemina",,"letea"
"474945","jeminah",,"oronaat"
"474946","jemine",,"lutuua"
"474947","jeminy",,"lotouna"
"474948","jemison",,"lotoqin"
"474949","jemisons",,"lotoqaa"
"474950","jemlah",,"iritote"
"474951","jemma",,"orovia"
"474952","jemmapes",,"loteneu"
"474953","jemmie",,"aravoa"
"474954","jemmied",,"lutirin"
"474955","jemmier",,"laturat"
"474956","jemmies",,"araviet"
"474957","jemmiest",,"lutirio"
"474958","jemmily",,"letaret"
"474959","jemminess",,"loteruo"
"474960","jemminesses",,"letaripae"
"474961","jemmott",,"orovean"
"474962","jemmy",,"irivoe"
"474963","jemmying",,"letalian"
"474964","jemmys",,"irivin"
"474965","jemnut",,"uruzana"
"474966","jempty",,"erefun"
"474967","jemput",,"irifin"
"474968","jemseg",,"iricina"
"474969","jemuel",,"lutee"
"474970","jemulpo",,"uruwaea"
"474971","jemutdar",,"lotuwae"
"474972","jemy",,"araki"
"474973","jena",,"live"
"474974","jenae",,"lovav"
"474975","jenafer",,"luvolin"
"474976","jenai",,"liver"
"474977","jenas",,"liveqa"
"474978","jenbach",,"luvinu"
"474979","jenbacher",,"uranate"
"474980","jenbe",,"orinono"
"474981","jenchen",,"luvunin"
"474982","jencks",,"leveot"
"474983","jenda",,"irusui"
"474984","jenday",,"aresina"
"474985","jendouba",,"luvafiin"
"474986","jendrassik",,"lovicoen"
"474987","jenefer",,"lovulun"
"474988","jenei",,"levir"
"474989","jenelle",,"lovuvun"
"474990","jenequen",,"irutuda"
"474991","jeneroux",,"lavociata"
"474992","jenesia",,"lovuqun"
"474993","jenessa",,"lovuqat"
"474994","jenette",,"luvewe"
"474995","jenever",,"luvede"
"474996","jeng",,"livea"
"474997","jenga",,"luvon"
"474998","jenghis",,"uralein"
"474999","jenghiz",,"lavine"
"475000","jengkol",,"iruliet"
"475001","jenglish",,"lovavuena"
"475002","jenhua",,"irumino"
"475003","jeni",,"lovoa"
"475004","jenialb",,"lovone"
"475005","jenica",,"livioi"
"475006","jenice",,"leveine"
"475007","jenices",,"levesa"
"475008","jeniece",,"lavavona"
"475009","jenifer",,"livili"
"475010","jenifers",,"liviloat"
"475011","jeniffer",,"arenamat"
"475012","jeniguana",,"orinidu"
"475013","jenilee",,"uranaat"
"475014","jenilyn",,"lavavun"
"475015","jenin",,"areniu"
"475016","jenine",,"uranan"
"475017","jenins",,"areneni"
"475018","jenipher",,"uranurin"
"475019","jeniquen",,"uranadu"
"475020","jenison",,"orinaat"
"475021","jenisons",,"orinahe"
"475022","jenite",,"eronuni"
"475023","jenjen",,"livuene"
"475024","jenkel",,"urasan"
"475025","jenkem",,"livaene"
"475026","jenkin",,"urasun"
"475027","jenkins",,"urasou"
"475028","jenkinsburg",,"aresifava"
"475029","jenkinsburgs",,"aresifaven"
"475030","jenkinsian",,"lovurui"
"475031","jenkinson",,"livarain"
"475032","jenkinsonian",,"orisafocan"
"475033","jenkinsons",,"livaraa"
"475034","jenkinss",,"urasofot"
"475035","jenkinsville",,"livarabaon"
"475036","jenkinsvilles",,"livarabaan"
"475037","jenkinto",,"lavoroin"
"475038","jenkintown",,"erosufan"
"475039","jenkintowns",,"erosufocun"
"475040","jenks",,"leviqa"
"475041","jenkyns",,"erosaina"
"475042","jenman",,"uravan"
"475043","jenminpi",,"luvireon"
"475044","jenn",,"arezo"
"475045","jenna",,"erozoi"
"475046","jennabeth",,"lavanee"
"475047","jennah",,"leveaa"
"475048","jennalyn",,"urazazu"
"475049","jennann",,"erozoin"
"475050","jennas",,"erozuna"
"475051","jenne",,"urazuo"
"475052","jennee",,"iruzea"
"475053","jennens",,"levevo"
"475054","jenner",,"luvue"
"475055","jennerian",,"iruziqona"
"475056","jennerization",,"erozeqesu"
"475057","jennerize",,"arezaqi"
"475058","jennerized",,"luvuvaen"
"475059","jennerizes",,"arezaqat"
"475060","jennerizing",,"luvuvatae"
"475061","jennermania",,"orizoqeta"
"475062","jenners",,"luvuvin"
"475063","jennerstown",,"levevobee"
"475064","jennerstowns",,"levevobein"
"475065","jenness",,"urazuat"
"475066","jennet",,"livioo"
"475067","jenneting",,"orizobin"
"475068","jennetings",,"orizoba"
"475069","jennets",,"livivet"
"475070","jennett",,"iruziot"
"475071","jennette",,"orizobi"
"475072","jenney",,"erozat"
"475073","jenni",,"arezia"
"475074","jennica",,"erozuua"
"475075","jennie",,"urazana"
"475076","jennied",,"livireta"
"475077","jennier",,"luvurot"
"475078","jennies",,"urazoun"
"475079","jennifer",,"erozumo"
"475080","jennifers",,"erozumet"
"475081","jennilee",,"levereet"
"475082","jennilyn",,"iruzezon"
"475083","jennine",,"leveren"
"475084","jenning",,"livirat"
"475085","jenninges",,"lovoruen"
"475086","jennings",,"livirae"
"475087","jenningss",,"livirain"
"475088","jennison",,"luvureet"
"475089","jennite",,"liviron"
"475090","jenns",,"arezie"
"475091","jennu",,"urazun"
"475092","jenny",,"orizeo"
"475093","jennyass",,"iruzoro"
"475094","jennygate",,"lovoloot"
"475095","jennying",,"lavaloin"
"475096","jennys",,"orizet"
"475097","jennywood",,"liviluat"
"475098","jeno",,"luvan"
"475099","jenoar",,"eropun"
"475100","jenolan",,"levoven"
"475101","jenrick",,"orijaan"
"475102","jens",,"lovoe"
"475103","jensch",,"irucin"
"475104","jensen",,"uraci"
"475105","jensenism",,"oricofu"
"475106","jensenite",,"lovovuot"
"475107","jensens",,"uracuat"
"475108","jenson",,"oricona"
"475109","jensons",,"oriceana"
"475110","jenssen",,"uracoat"
"475111","jent",,"oriqs"
"475112","jentacular",,"oriqite"
"475113","jentaculum",,"lovinuo"
"475114","jentik",,"eroqu"
"475115","jentling",,"uraqasa"
"475116","jentoft",,"arequona"
"475117","jentschite",,"eroqutet"
"475118","jenu",,"levii"
"475119","jenufa",,"urawan"
"475120","jenufas",,"urawuun"
"475121","jenv",,"erobo"
"475122","jenz",,"urala"
"475123","jeofail",,"irakuena"
"475124","jeofaile",,"orukisun"
"475125","jeofails",,"irakuson"
"475126","jeogla",,"lozaune"
"475127","jeogori",,"lazife"
"475128","jeok",,"erisne"
"475129","jeolla",,"arototi"
"475130","jeolpyeon",,"lozahaa"
"475131","jeon",,"luzu"
"475132","jeonbuk",,"irazaa"
"475133","jeong",,"lazam"
"475134","jeongeum",,"lezemaon"
"475135","jeongol",,"erizoaa"
"475136","jeonju",,"irazote"
"475137","jeonse",,"lizioa"
"475138","jeopard",,"luzenu"
"475139","jeoparde",,"lizanuet"
"475140","jeoparded",,"irafuqa"
"475141","jeoparder",,"urefaqe"
"475142","jeoparders",,"urefaqin"
"475143","jeopardi",,"luzenaa"
"475144","jeopardied",,"irafuqet"
"475145","jeopardies",,"lizanuun"
"475146","jeoparding",,"irafuqat"
"475147","jeopardious",,"lazonezuo"
"475148","jeopardisation",,"luzenazia"
"475149","jeopardise",,"lizanuuna"
"475150","jeopardised",,"irafuquvi"
"475151","jeopardises",,"lizanuzou"
"475152","jeopardising",,"irafuquvot"
"475153","jeopardization",,"erifoqovin"
"475154","jeopardize",,"arofeqan"
"475155","jeopardized",,"luzenaziet"
"475156","jeopardizer",,"lazonezuot"
"475157","jeopardizes",,"arofeqevun"
"475158","jeopardizing",,"luzenaziu"
"475159","jeopardous",,"lazonein"
"475160","jeopardously",,"erifoqocan"
"475161","jeopardousness",,"orufiqicon"
"475162","jeopardousnesss",,"orufiqican"
"475163","jeopards",,"luzenaot"
"475164","jeopardy",,"lezinoo"
"475165","jeopardying",,"arofeqerin"
"475166","jeopordize",,"erifaqen"
"475167","jeopordized",,"lazofezuot"
"475168","jeopordizes",,"erifaqovon"
"475169","jeopordizing",,"lazofezuan"
"475170","jeos",,"orucni"
"475171","jeotgal",,"oruqiana"
"475172","jeparit",,"lopace"
"475173","jeph",,"orams"
"475174","jephrey",,"lipocet"
"475175","jephte",,"lapuona"
"475176","jephtes",,"lapuwan"
"475177","jephthae",,"oramerat"
"475178","jephthah",,"lipowuun"
"475179","jephthahs",,"lipowuu"
"475180","jephum",,"uromati"
"475181","jephunne",,"arimafi"
"475182","jepierce",,"arinaqen"
"475183","jeppe",,"orafo"
"475184","jeppeite",,"lapovoat"
"475185","jeppestown",,"urofuwa"
"475186","jeppsen",,"lupeqin"
"475187","jeppson",,"lopuqu"
"475188","jepson",,"erucei"
"475189","jepum",,"lipaz"
"475190","jeql",,"lufo"
"475191","jeqlu",,"lifeb"
"475192","jequerities",,"irowiqigat"
"475193","jequerity",,"eraweqa"
"475194","jequi",,"aruwia"
"475195","jequia",,"erawun"
"475196","jequias",,"erawuu"
"475197","jequie",,"uriwia"
"475198","jequies",,"uriwoat"
"475199","jequirities",,"uriwoqugon"
"475200","jequirity",,"orewaqu"
"475201","jerabek",,"aramoaa"
"475202","jerablus",,"luhoruot"
"475203","jerad",,"eremare"
"475204","jerah",,"oromut"
"475205","jerahmee",,"irimapa"
"475206","jerahmeel",,"lehunoon"
"475207","jerahmeelite",,"aramopofin"
"475208","jerahmeelites",,"aramopofa"
"475209","jerahmeelitess",,"aramopofen"
"475210","jerahmeels",,"lehunoan"
"475211","jerald",,"luhouna"
"475212","jeraldine",,"eremova"
"475213","jeralds",,"luhovu"
"475214","jeralee",,"irimuue"
"475215","jeram",,"luhoz"
"475216","jeramey",,"lahizon"
"475217","jeramie",,"lihezeta"
"475218","jerangle",,"lohapoin"
"475219","jerash",,"oromet"
"475220","jerashs",,"oromaia"
"475221","jerauld",,"liheben"
"475222","jerba",,"oronit"
"475223","jerbear",,"lehavin"
"475224","jerbil",,"luhiua"
"475225","jerbils",,"luhirot"
"475226","jerble",,"lihoae"
"475227","jerboa",,"urunone"
"475228","jerboarodent",,"oronerecot"
"475229","jerboas",,"urunian"
"475230","jercel",,"irirea"
"475231","jerdan",,"lihuaa"
"475232","jerde",,"urusue"
"475233","jerdon",,"luhaea"
"475234","jerdonitin",,"lehofie"
"475235","jerdons",,"luhafin"
"475236","jere",,"luhen"
"475237","jered",,"urutina"
"475238","jereed",,"iritate"
"475239","jereeds",,"iritie"
"475240","jereld",,"lohuie"
"475241","jerelyn",,"lohuvun"
"475242","jerem",,"lohuz"
"475243","jeremadra",,"luhezuot"
"475244","jeremai",,"lihazet"
"475245","jereme",,"lehiue"
"475246","jeremeievite",,"lohuzetiet"
"475247","jeremejeffite",,"lehizavoa"
"475248","jeremejevite",,"orotuzifot"
"475249","jeremejewite",,"lehizavoun"
"475250","jeremiad",,"iritasa"
"475251","jeremiads",,"iritasen"
"475252","jeremiah",,"urutesu"
"475253","jeremiahs",,"urutesot"
"475254","jeremian",,"eretisot"
"475255","jeremianic",,"eretiseta"
"475256","jeremias",,"lihazai"
"475257","jeremiasz",,"aratosi"
"475258","jeremie",,"lehiza"
"475259","jeremitaylorically",,"eretisotan"
"475260","jeremoth",,"luhezoo"
"475261","jeremy",,"luheune"
"475262","jeremys",,"luhezu"
"475263","jerepigo",,"urutusin"
"475264","jerepigos",,"urutusa"
"475265","jeres",,"luheq"
"475266","jerevan",,"lehidot"
"475267","jerevans",,"lehideo"
"475268","jerez",,"eretenu"
"475269","jerezano",,"lehimeo"
"475270","jerezes",,"arataot"
"475271","jerezzes",,"lehimaot"
"475272","jerfalcon",,"erekozen"
"475273","jerfalcons",,"erekozon"
"475274","jerff",,"lihal"
"475275","jergarbal",,"iriluqet"
"475276","jerger",,"erelun"
"475277","jergon",,"erelu"
"475278","jerhuang",,"luhibuen"
"475279","jeri",,"lahan"
"475280","jeriah",,"orononu"
"475281","jerib",,"ereniu"
"475282","jeribai",,"oronuia"
"475283","jerican",,"urunoata"
"475284","jerichi",,"erenuot"
"475285","jericho",,"irineoa"
"475286","jerichoan",,"lehesoan"
"475287","jerichoes",,"oronare"
"475288","jerichoite",,"lehesoun"
"475289","jerichos",,"irineret"
"475290","jericoacoara",,"irinehezat"
"475291","jerid",,"aranun"
"475292","jerids",,"aranat"
"475293","jeriel",,"irinin"
"475294","jerigonza",,"lihimee"
"475295","jerijah",,"leheset"
"475296","jerilderie",,"oronivu"
"475297","jerilyn",,"lihivi"
"475298","jerimoth",,"lahaziin"
"475299","jerioth",,"lohofin"
"475300","jeris",,"lahaqa"
"475301","jerislav",,"lihiqian"
"475302","jeritah",,"lehewen"
"475303","jeritza",,"lohowun"
"475304","jeritzas",,"lohoweu"
"475305","jerjen",,"lehoota"
"475306","jerk",,"luhet"
"475307","jerkass",,"lahonana"
"475308","jerkbait",,"lahoraun"
"475309","jerkball",,"irisaren"
"475310","jerkdar",,"lahoti"
"475311","jerkdom",,"urusiuna"
"475312","jerked",,"irise"
"475313","jerker",,"urusia"
"475314","jerkers",,"urusuat"
"475315","jerkery",,"ereseea"
"475316","jerkess",,"lihavet"
"475317","jerkface",,"ereserin"
"475318","jerkhead",,"luheniot"
"475319","jerkhole",,"luhenoen"
"475320","jerkhood",,"lihaneat"
"475321","jerkied",,"iriseot"
"475322","jerkier",,"urusoun"
"475323","jerkies",,"liharona"
"475324","jerkiest",,"irisezen"
"475325","jerkilier",,"lohuroen"
"475326","jerkiliest",,"lehiree"
"475327","jerkily",,"arasion"
"475328","jerkimer",,"orosapun"
"475329","jerkin",,"orosii"
"475330","jerkined",,"lahoroun"
"475331","jerkines",,"eresufa"
"475332","jerkiness",,"eresufen"
"475333","jerkinesses",,"arasifodu"
"475334","jerkinesss",,"eresufon"
"475335","jerkinet",,"lahoroe"
"475336","jerking",,"iriseet"
"475337","jerkingly",,"liharain"
"475338","jerkings",,"irisefi"
"475339","jerkinhead",,"orosafin"
"475340","jerkinheads",,"orosafefa"
"475341","jerkins",,"orosaat"
"475342","jerkish",,"arasii"
"475343","jerkishly",,"lahoroa"
"475344","jerkishness",,"lehirisain"
"475345","jerkism",,"lohurina"
"475346","jerkitude",,"lehiruon"
"475347","jerkle",,"oroset"
"475348","jerkled",,"lehivai"
"475349","jerkles",,"orosiia"
"475350","jerkless",,"orosizat"
"475351","jerklike",,"eresoso"
"475352","jerkling",,"lehiviat"
"475353","jerkmeter",,"lahozue"
"475354","jerkness",,"eresuzot"
"475355","jerko",,"lehif"
"475356","jerkoff",,"luhefen"
"475357","jerkola",,"eresain"
"475358","jerks",,"luheqe"
"475359","jerksome",,"lihaqean"
"475360","jerkum",,"lehiae"
"475361","jerkwad",,"irisain"
"475362","jerkwater",,"lohugoin"
"475363","jerkwaters",,"lohugoa"
"475364","jerkweed",,"arasozo"
"475365","jerky",,"lehil"
"475366","jerkying",,"arasusat"
"475367","jerl",,"uruts"
"475368","jerm",,"lihou"
"475369","jermain",,"orovian"
"475370","jermaine",,"erevosot"
"475371","jermaines",,"erevosoa"
"475372","jerman",,"oroveta"
"475373","jermantown",,"uruvafo"
"475374","jermayne",,"irivuma"
"475375","jermonal",,"lohefuot"
"475376","jermoonal",,"luhifoon"
"475377","jermyh",,"erevei"
"475378","jermyn",,"irivina"
"475379","jernak",,"irizin"
"475380","jernie",,"orozete"
"475381","jernigan",,"lohoroa"
"475382","jeroboam",,"urupehe"
"475383","jeroboams",,"urupehin"
"475384","jerod",,"oropee"
"475385","jeroham",,"oropuana"
"475386","jerol",,"erepoa"
"475387","jerold",,"laheona"
"475388","jerolds",,"lahevan"
"475389","jerom",,"lahez"
"475390","jeroma",,"lehoote"
"475391","jerome",,"luhaee"
"475392","jeromegb",,"erepizota"
"475393","jeromes",,"luhazin"
"475394","jeromesville",,"urupezuli"
"475395","jeromesvilles",,"urupezulat"
"475396","jeromian",,"urupesin"
"475397","jeromians",,"urupesa"
"475398","jeromite",,"urupesua"
"475399","jeromy",,"lohiata"
"475400","jerong",,"erepui"
"475401","jeronima",,"uruposin"
"475402","jeronimas",,"uruposaa"
"475403","jeronimo",,"arapisat"
"475404","jeronymite",,"lihupeu"
"475405","jeronymites",,"lihupefoot"
"475406","jeropiga",,"erepeso"
"475407","jerque",,"luhoune"
"475408","jerqued",,"uruhui"
"475409","jerquer",,"arahao"
"475410","jerquers",,"arahazet"
"475411","jerques",,"luhobu"
"475412","jerquing",,"uruhusot"
"475413","jerquings",,"uruhuso"
"475414","jerrabattgulla",,"lahunesaan"
"475415","jerrabomberra",,"urujasahet"
"475416","jerramcil",,"lihonuun"
"475417","jerran",,"luhie"
"475418","jerrara",,"lihonena"
"475419","jerrawa",,"erejoun"
"475420","jerre",,"arajan"
"475421","jerreed",,"lihovae"
"475422","jerreeds",,"lihovoen"
"475423","jerreld",,"irijiin"
"475424","jerrell",,"orojoi"
"475425","jerres",,"arajot"
"475426","jerri",,"erejuo"
"475427","jerric",,"erejune"
"475428","jerrican",,"luhirea"
"475429","jerricans",,"luhireen"
"475430","jerrid",,"lahuone"
"475431","jerrids",,"lahurana"
"475432","jerrie",,"arajat"
"475433","jerried",,"luhirua"
"475434","jerries",,"arajien"
"475435","jerrilee",,"loherou"
"475436","jerrilyn",,"urujozin"
"475437","jerrimy",,"erejuin"
"475438","jerrine",,"lohere"
"475439","jerris",,"erejea"
"475440","jerrod",,"loheane"
"475441","jerrods",,"lohefun"
"475442","jerrol",,"lehaae"
"475443","jerrold",,"erejau"
"475444","jerrolds",,"erejazot"
"475445","jerroll",,"arajuona"
"475446","jerrome",,"arajuena"
"475447","jerrong",,"lehafet"
"475448","jerrup",,"lehaota"
"475449","jerry",,"irijot"
"475450","jerrybag",,"lahuleat"
"475451","jerrybuild",,"lahulein"
"475452","jerrybuilder",,"arajusovu"
"475453","jerrybuilders",,"arajusovot"
"475454","jerrybuilding",,"urujisevun"
"475455","jerrybuilds",,"lahulegua"
"475456","jerrybuilt",,"lahuleot"
"475457","jerrycan",,"lehalio"
"475458","jerrycans",,"lehaliet"
"475459","jerrycummumble",,"irijotahot"
"475460","jerrygibbsite",,"liholiteen"
"475461","jerrying",,"lehalii"
"475462","jerryish",,"liholaat"
"475463","jerryism",,"erejasa"
"475464","jerrylee",,"luhiluin"
"475465","jerrymander",,"liholusoe"
"475466","jerrymandered",,"orojepajot"
"475467","jerrymandering",,"orojepajan"
"475468","jerrymanders",,"liholusoin"
"475469","jerrymumble",,"erejapihon"
"475470","jerrymunglum",,"urujipejat"
"475471","jerrys",,"irijuu"
"475472","jers",,"lahat"
"475473","jersawitz",,"lahanee"
"475474","jersey",,"leheua"
"475475","jerseyan",,"aracamen"
"475476","jerseyans",,"aracamon"
"475477","jerseyed",,"aracama"
"475478","jerseyese",,"luhuvoin"
"475479","jerseyit",,"erecemin"
"475480","jerseyite",,"aracamona"
"475481","jerseyites",,"aracaman"
"475482","jerseymac",,"lahaviat"
"475483","jerseyman",,"iricimen"
"475484","jerseymans",,"iricimon"
"475485","jerseys",,"lehevote"
"475486","jerseyville",,"erecemuvon"
"475487","jerseyvilles",,"erecemuvan"
"475488","jerseywoman",,"iricimocan"
"475489","jersian",,"urucoun"
"475490","jersy",,"lohol"
"475491","jert",,"araqta"
"475492","jerubbaa",,"lohuriat"
"475493","jerubbaal",,"erewisin"
"475494","jerubbaals",,"erewisaa"
"475495","jerubbal",,"arawosen"
"475496","jerubbals",,"arawoson"
"475497","jerubbes",,"luherau"
"475498","jerubbesheth",,"uruweseden"
"475499","jerudong",,"luhetoo"
"475500","jeruel",,"orowena"
"475501","jerupigia",,"iriwisan"
"475502","jerusal",,"uruwoata"
"475503","jerusale",,"iriwera"
"475504","jerusalem",,"erewura"
"475505","jerusalemite",,"luhequpaat"
"475506","jerusalemites",,"luhequpae"
"475507","jerusalems",,"erewuren"
"475508","jerusha",,"erewuua"
"475509","jerushah",,"lehiqoon"
"475510","jervell",,"arabaen"
"475511","jerveratrum",,"lehuvoseat"
"475512","jervia",,"arabai"
"475513","jervin",,"lehuaa"
"475514","jervina",,"lohare"
"475515","jervine",,"lahiran"
"475516","jervis",,"uruban"
"475517","jervisite",,"loharua"
"475518","jerwood",,"orodeon"
"475519","jery",,"lohia"
"475520","jeryl",,"erekoe"
"475521","jerz",,"orola"
"475522","jerzy",,"urulia"
"475523","jesa",,"eromne"
"475524","jesaconitine",,"lejusuhain"
"475525","jesaiah",,"lojare"
"475526","jeschke",,"lijinet"
"475527","jescu",,"urarui"
"475528","jeselnik",,"uratafin"
"475529","jesenice",,"lajopoan"
"475530","jesenje",,"aretioa"
"475531","jeseri",,"lujeee"
"475532","jesh",,"laju"
"475533","jeshaiah",,"irumuset"
"475534","jeshanah",,"lajunoe"
"475535","jesharel",,"lujinaa"
"475536","jeshebea",,"aremasoa"
"475537","jeshebeab",,"lajuvean"
"475538","jesher",,"aremao"
"475539","jeshimon",,"irumepi"
"475540","jeshisha",,"orimawe"
"475541","jeshohai",,"uramirota"
"475542","jeshohaiah",,"lajufeen"
"475543","jeshtak",,"aremuet"
"475544","jeshua",,"lajuon"
"475545","jeshuah",,"eromein"
"475546","jeshurun",,"lejaboon"
"475547","jesi",,"arenni"
"475548","jesiah",,"lejeaa"
"475549","jesica",,"eronato"
"475550","jesika",,"arenou"
"475551","jesimiel",,"lajazou"
"475552","jeske",,"irusii"
"475553","jeskie",,"irusin"
"475554","jesmine",,"lujirot"
"475555","jesmines",,"lujireoa"
"475556","jesmond",,"orivei"
"475557","jesmonite",,"erovafen"
"475558","jesolo",,"lojiun"
"475559","jesper",,"erofat"
"475560","jespersen",,"lojuviin"
"475561","jespersenian",,"erofeqefan"
"475562","jespersens",,"lojuvia"
"475563","jess",,"arecno"
"475564","jessa",,"erocoa"
"475565","jessabell",,"lojoniin"
"475566","jessakeed",,"lojoneea"
"475567","jessakid",,"lujunia"
"475568","jessalin",,"oricizuna"
"475569","jessalyn",,"uracaze"
"475570","jessalynn",,"lejenei"
"475571","jessamie",,"irucupo"
"475572","jessamies",,"irucupet"
"475573","jessamin",,"lejenoon"
"475574","jessamine",,"lajaneua"
"475575","jessamines",,"lajaneot"
"475576","jessamy",,"erocoee"
"475577","jessamyn",,"lijinui"
"475578","jessant",,"irucuot"
"475579","jesse",,"uracua"
"475580","jessean",,"lojovat"
"475581","jesseans",,"lojovoe"
"475582","jessed",,"lijiot"
"475583","jessee",,"irucun"
"475584","jesselton",,"lejevei"
"475585","jesselyn",,"oricozan"
"475586","jessemin",,"lujuvaoa"
"475587","jessen",,"lejein"
"475588","jesserant",,"lojoviina"
"475589","jesserants",,"lojovia"
"475590","jesses",,"uracon"
"475591","jessey",,"erocane"
"475592","jessi",,"arecii"
"475593","jessica",,"erocue"
"475594","jessicah",,"lejeriet"
"475595","jessicas",,"erocutin"
"475596","jessicka",,"areciton"
"475597","jessickah",,"lajaroin"
"475598","jessie",,"uracia"
"475599","jessies",,"uracoata"
"475600","jessieville",,"lijirokoot"
"475601","jessievilles",,"lijirokoo"
"475602","jessika",,"areciet"
"475603","jessikah",,"lajaruu"
"475604","jessilyn",,"irucezet"
"475605","jessimae",,"irucepo"
"475606","jessiman",,"lejeroon"
"475607","jessing",,"lijiran"
"475608","jessiqa",,"oricai"
"475609","jessonda",,"arecufet"
"475610","jessop",,"lijien"
"475611","jessore",,"lejefa"
"475612","jessores",,"lejefoen"
"475613","jessorite",,"erocaqo"
"475614","jesss",,"arecio"
"475615","jessup",,"lajaon"
"475616","jessups",,"lajaban"
"475617","jessur",,"lujue"
"475618","jessy",,"oricea"
"475619","jessyca",,"irucou"
"475620","jessyka",,"oriceon"
"475621","jest",,"lujae"
"475622","jestbook",,"iruqahena"
"475623","jestbooks",,"iruqahon"
"475624","jested",,"iruquni"
"475625","jestee",,"lojiona"
"475626","jestees",,"lojivan"
"475627","jester",,"uraqona"
"475628","jesterdoll",,"lojivio"
"475629","jestered",,"lojiviat"
"475630","jestergoon",,"lejovoun"
"475631","jestergooned",,"areqaqicin"
"475632","jestergooning",,"areqaqici"
"475633","jestergoons",,"lejovoreu"
"475634","jestering",,"lojivioa"
"475635","jestermaxx",,"iruqiqet"
"475636","jestermaxxed",,"lejovofian"
"475637","jestermaxxes",,"oriqoqetin"
"475638","jestermaxxing",,"lejovofia"
"475639","jesters",,"uraquan"
"475640","jestest",,"iruqiina"
"475641","jesteth",,"lijuveta"
"475642","jestful",,"lijuli"
"475643","jestfully",,"uraquda"
"475644","jestfulness",,"areqadijin"
"475645","jestice",,"lijuren"
"475646","jesting",,"iruqeen"
"475647","jestinglier",,"eroqufufun"
"475648","jestingliest",,"areqififen"
"475649","jestingly",,"lijurau"
"475650","jestingness",,"lujareriun"
"475651","jestings",,"iruqefon"
"475652","jestingstock",,"lijuraroet"
"475653","jestmonger",,"lojizaet"
"475654","jestproof",,"oriqoqin"
"475655","jestress",,"uraqezun"
"475656","jestrum",,"oriqui"
"475657","jests",,"lujaqa"
"475658","jestude",,"oriqoen"
"475659","jesture",,"iruqiine"
"475660","jestwise",,"lejogien"
"475661","jestword",,"lujagoot"
"475662","jesty",,"lejol"
"475663","jesu",,"urawt"
"475664","jesuate",,"lijano"
"475665","jesuates",,"lijaneet"
"475666","jesui",,"urawoi"
"475667","jesuism",,"oriwaan"
"475668","jesuist",,"lijaron"
"475669","jesuit",,"lijaene"
"475670","jesuited",,"oriwabi"
"475671","jesuiteds",,"oriwabat"
"475672","jesuiter",,"iruwebo"
"475673","jesuites",,"lojurau"
"475674","jesuitess",,"lojuraota"
"475675","jesuitesss",,"lojurao"
"475676","jesuitest",,"oriwabun"
"475677","jesuitic",,"lijarean"
"475678","jesuitical",,"iruweban"
"475679","jesuitically",,"lijaretoo"
"475680","jesuitisation",,"lijaretoi"
"475681","jesuitisations",,"lijaretoat"
"475682","jesuitise",,"lojuraa"
"475683","jesuitised",,"oriwabu"
"475684","jesuitises",,"lojuraen"
"475685","jesuitish",,"urawobo"
"475686","jesuitishs",,"urawobet"
"475687","jesuitising",,"oriwabodon"
"475688","jesuitism",,"lejiruat"
"475689","jesuitisms",,"lejiruea"
"475690","jesuitist",,"iruwebi"
"475691","jesuitists",,"iruwebat"
"475692","jesuitization",,"arewibaset"
"475693","jesuitizations",,"arewibasi"
"475694","jesuitize",,"urawobin"
"475695","jesuitized",,"lijareun"
"475696","jesuitizes",,"urawoba"
"475697","jesuitizing",,"lijaretuen"
"475698","jesuitocracy",,"urawobazen"
"475699","jesuitocracys",,"urawobazon"
"475700","jesuitries",,"iruwebana"
"475701","jesuitry",,"erowubot"
"475702","jesuits",,"lijarona"
"475703","jesuitter",,"lojuraote"
"475704","jesuittest",,"lejiruan"
"475705","jesum",,"oriwue"
"475706","jesup",,"lajoh"
"475707","jesups",,"lajoona"
"475708","jesurum",,"lejico"
"475709","jesurun",,"erowiu"
"475710","jesus",,"urawoo"
"475711","jesusanity",,"urawora"
"475712","jesuschr",,"arewiton"
"475713","jesused",,"lojuqan"
"475714","jesuses",,"iruwein"
"475715","jesusian",,"lojuquin"
"475716","jesusing",,"lojuqua"
"475717","jesusland",,"lajoqae"
"475718","jesuslike",,"lajoqain"
"475719","jesusly",,"lujeqin"
"475720","jesusolatry",,"lojuqapuet"
"475721","jesusological",,"oriwahacan"
"475722","jesusologist",,"oriwahaci"
"475723","jesusology",,"lujeqoan"
"475724","jesuss",,"urawia"
"475725","jesusy",,"erowata"
"475726","jesyca",,"irukun"
"475727","jesyka",,"orikene"
"475728","jet",,"luce"
"475729","jeta",,"laci"
"475730","jetas",,"laciq"
"475731","jetate",,"uremeti"
"475732","jetavator",,"orumirat"
"475733","jetavators",,"orumire"
"475734","jetbead",,"lucivat"
"475735","jetbeads",,"lucivue"
"475736","jetbike",,"iraneot"
"475737","jetblue",,"lecavot"
"475738","jetboard",,"iranorota"
"475739","jetboat",,"locefat"
"475740","jetboater",,"oruneran"
"475741","jetboating",,"erinaron"
"475742","jetborne",,"ureniqun"
"475743","jetbridge",,"aronosi"
"475744","jetcar",,"eriran"
"475745","jetcopter",,"orurejat"
"475746","jete",,"lica"
"475747","jeter",,"uretes"
"475748","jetersville",,"licacakoin"
"475749","jetersvilles",,"licacakoa"
"475750","jeterus",,"irataina"
"475751","jetes",,"licaq"
"475752","jetest",,"irateu"
"475753","jetevator",,"aroteron"
"475754","jetfighter",,"lecireu"
"475755","jetfoil",,"lecifon"
"475756","jetfoils",,"lecifian"
"475757","jetful",,"licaeta"
"475758","jetfuls",,"licabi"
"475759","jeth",,"aroms"
"475760","jethart",,"erimou"
"475761","jether",,"lucie"
"475762","jetheth",,"uremuune"
"475763","jethlah",,"aromeon"
"475764","jethou",,"erimea"
"475765","jethra",,"lecaot"
"475766","jethras",,"lecaco"
"475767","jethro",,"loceun"
"475768","jethroh",,"iramaen"
"475769","jethronian",,"licoceot"
"475770","jethronians",,"licocehoo"
"475771","jeths",,"aromie"
"475772","jetiquette",,"lecejai"
"475773","jetix",,"orunaa"
"475774","jetlag",,"arototo"
"475775","jetlagged",,"luconuen"
"475776","jetlaggy",,"iratunet"
"475777","jetlags",,"aroteet"
"475778","jetless",,"orutoon"
"475779","jetlike",,"erituina"
"475780","jetline",,"lucorota"
"475781","jetliner",,"arotifi"
"475782","jetliners",,"arotifata"
"475783","jetload",,"lacifi"
"475784","jetmore",,"ureviat"
"475785","jetmores",,"ureviqe"
"475786","jetness",,"erizeea"
"475787","jeton",,"urepoa"
"475788","jetons",,"urepana"
"475789","jetpack",,"erifoe"
"475790","jetpacked",,"luceneota"
"475791","jetpacker",,"laconoun"
"475792","jetpacking",,"lucenean"
"475793","jetpacks",,"erifotin"
"475794","jetpipe",,"leciro"
"475795","jetplane",,"orufiran"
"475796","jetplanes",,"orufirun"
"475797","jetport",,"irafoaa"
"475798","jetports",,"irafoqen"
"475799","jetronic",,"lucifeo"
"475800","jets",,"lucua"
"475801","jetsam",,"licio"
"475802","jetsams",,"licinet"
"475803","jetsend",,"lacavon"
"475804","jetset",,"irace"
"475805","jetsets",,"iraciina"
"475806","jetsetted",,"ericebu"
"475807","jetsetter",,"orucoban"
"475808","jetsetting",,"ericebon"
"475809","jetsetty",,"lucuvoina"
"475810","jetski",,"liciet"
"475811","jetskied",,"orucosan"
"475812","jetskier",,"iracisen"
"475813","jetskiing",,"orucosa"
"475814","jetskis",,"liciti"
"475815","jetso",,"lecef"
"475816","jetsom",,"lucuu"
"475817","jetsoms",,"lucufot"
"475818","jetson",,"urecane"
"475819","jetsonian",,"locofuo"
"475820","jetsons",,"ureciun"
"475821","jetsonville",,"licifakoa"
"475822","jetstar",,"lacawi"
"475823","jetstream",,"locowiin"
"475824","jetstreams",,"locowia"
"475825","jett",,"ureqna"
"475826","jetta",,"aroqee"
"475827","jettable",,"iraqusot"
"475828","jettage",,"aroqeo"
"475829","jettatore",,"eriqobot"
"475830","jettatura",,"aroqebon"
"475831","jettaturas",,"aroqeban"
"475832","jetteau",,"iraqiu"
"475833","jetted",,"lociona"
"475834","jetteds",,"locivan"
"475835","jettee",,"oruqa"
"475836","jetten",,"laceet"
"475837","jetter",,"licua"
"475838","jettest",,"locivat"
"475839","jettie",,"iraqua"
"475840","jettied",,"locirat"
"475841","jettier",,"licuret"
"475842","jetties",,"iraqeot"
"475843","jettiest",,"locireu"
"475844","jettiness",,"lacerou"
"475845","jettinesses",,"lucarepii"
"475846","jettinesss",,"laceroot"
"475847","jetting",,"locirin"
"475848","jettingly",,"iraqefan"
"475849","jettings",,"locirua"
"475850","jettison",,"licuraat"
"475851","jettisonability",,"aroqiwejat"
"475852","jettisonable",,"locirujei"
"475853","jettisoned",,"oruqawu"
"475854","jettisoning",,"oruqawijon"
"475855","jettisons",,"licurae"
"475856","jetton",,"licuena"
"475857","jettons",,"licufon"
"475858","jettru",,"licuoa"
"475859","jetty",,"eriqaa"
"475860","jettyhead",,"eriqarin"
"475861","jettying",,"lucaleen"
"475862","jettywise",,"iraqoken"
"475863","jetuka",,"licaoi"
"475864","jetur",,"urewea"
"475865","jetware",,"iraduu"
"475866","jetwash",,"uredaat"
"475867","jetwashed",,"locenuu"
"475868","jetwashes",,"iraduwen"
"475869","jetwashing",,"locenuon"
"475870","jetway",,"lacuen"
"475871","jetways",,"lacunon"
"475872","jeu",,"urou"
"475873","jeudy",,"laqela"
"475874","jeuel",,"leqiv"
"475875","jeuk",,"iresni"
"475876","jeumont",,"eruvain"
"475877","jeun",,"leqe"
"475878","jeune",,"laqav"
"475879","jeuner",,"eruzat"
"475880","jeuners",,"eruzeea"
"475881","jeunes",,"laqaet"
"475882","jeunesse",,"luquvein"
"475883","jeung",,"loqom"
"475884","jeungpyeon",,"luqumii"
"475885","jeurene",,"arijaa"
"475886","jeus",,"urocte"
"475887","jeush",,"luquna"
"475888","jeux",,"leqea"
"475889","jeuz",,"laqo"
"475890","jevg",,"luwo"
"475891","jevington",,"eranunon"
"475892","jevon",,"iropeu"
"475893","jevonian",,"lewopion"
"475894","jevons",,"iropina"
"475895","jevonsian",,"lewopian"
"475896","jevonss",,"iropeaa"
"475897","jevtana",,"lowinat"
"475898","jew",,"irio"
"475899","jewart",,"urumoni"
"475900","jewbag",,"labuet"
"475901","jewbird",,"liboren"
"475902","jewboy",,"lobei"
"475903","jewbu",,"lobeb"
"475904","jewbush",,"iriniota"
"475905","jewbushes",,"oronowat"
"475906","jewdaism",,"lebonien"
"475907","jewdar",,"uruseta"
"475908","jewdom",,"lobiana"
"475909","jewdoms",,"lobifun"
"475910","jewed",,"lebita"
"475911","jeweeman",,"lobuviun"
"475912","jewel",,"labov"
"475913","jewelcraft",,"irituton"
"475914","jewelcrafting",,"lebiviwio"
"475915","jeweled",,"urutaon"
"475916","jeweler",,"arateaa"
"475917","jeweleries",,"urutazina"
"475918","jewelers",,"aratezen"
"475919","jewelery",,"orotizon"
"475920","jewelfish",,"lobuveen"
"475921","jewelfishes",,"lebivatau"
"475922","jewelflower",,"aratemicu"
"475923","jewelfront",,"lebivaun"
"475924","jewelhouse",,"eretorene"
"475925","jeweling",,"urutasin"
"475926","jewell",,"urutine"
"475927","jewelle",,"irituin"
"475928","jewelled",,"lobuvoun"
"475929","jeweller",,"libavion"
"475930","jewelleries",,"lobuvopaen"
"475931","jewellers",,"libavian"
"475932","jewellery",,"labovaun"
"475933","jewellerys",,"labovau"
"475934","jewelless",,"irituzena"
"475935","jewellike",,"orotizee"
"475936","jewelling",,"lobuvoen"
"475937","jewells",,"urutaat"
"475938","jewelly",,"eretoee"
"475939","jewelrie",,"arateqet"
"475940","jewelried",,"lubevaa"
"475941","jewelries",,"arateqi"
"475942","jewelry",,"irituina"
"475943","jewelrying",,"lebivoun"
"475944","jewelrylike",,"lubevanean"
"475945","jewels",,"laboet"
"475946","jewelsmith",,"libavain"
"475947","jewelsmithing",,"orotiwevun"
"475948","jewelweed",,"eretoke"
"475949","jewelweeds",,"eretokin"
"475950","jewely",,"lobui"
"475951","jewes",,"orotat"
"475952","jewess",,"orotot"
"475953","jewesses",,"eretuwe"
"475954","jewesss",,"orotaet"
"475955","jewett",,"eretane"
"475956","jewey",,"urutini"
"475957","jewface",,"lubene"
"475958","jewfish",,"arakii"
"475959","jewfishes",,"urukowa"
"475960","jewfishs",,"arakiwat"
"475961","jewfro",,"orokon"
"475962","jewfucker",,"orokotun"
"475963","jewgirl",,"irileen"
"475964","jewgle",,"lebuot"
"475965","jewhatred",,"irimubo"
"475966","jewhood",,"oromeia"
"475967","jewhoods",,"oromehat"
"475968","jewhurst",,"lobebiin"
"475969","jewie",,"oronota"
"475970","jewies",,"oronene"
"475971","jewification",,"lubulevein"
"475972","jewified",,"irinisen"
"475973","jewifies",,"libilaat"
"475974","jewify",,"lebea"
"475975","jewifying",,"aranamu"
"475976","jewiness",,"lubupia"
"475977","jewing",,"lebeo"
"475978","jewis",,"irines"
"475979","jewish",,"libiet"
"475980","jewisher",,"irineren"
"475981","jewishest",,"oronarea"
"475982","jewishish",,"urunoren"
"475983","jewishly",,"urunorin"
"475984","jewishmo",,"libiquun"
"475985","jewishness",,"aranire"
"475986","jewishnesses",,"urunorufon"
"475987","jewishy",,"labaqat"
"475988","jewism",,"erenea"
"475989","jewisms",,"erenuin"
"475990","jewiss",,"irinina"
"475991","jewitch",,"irinoaa"
"475992","jewitchery",,"lubuweet"
"475993","jewkike",,"arasieta"
"475994","jewkraine",,"arasoran"
"475995","jewkrainian",,"lubecutiun"
"475996","jewland",,"lubonu"
"475997","jewlatto",,"libenei"
"475998","jewlensky",,"urutufin"
"475999","jewless",,"labivi"
"476000","jewlessness",,"orotowojin"
"476001","jewlesss",,"labivoat"
"476002","jewlike",,"luborot"
"476003","jewlikes",,"luborio"
"476004","jewling",,"aratiie"
"476005","jewlings",,"aratifat"
"476006","jewlover",,"lebufeen"
"476007","jewlywood",,"aratuki"
"476008","jewman",,"lubiea"
"476009","jewmania",,"labunoun"
"476010","jewmaxx",,"oroviet"
"476011","jewmaxxed",,"labunoan"
"476012","jewmaxxes",,"erevolin"
"476013","jewmaxxing",,"labunoa"
"476014","jewmerica",,"lebavoet"
"476015","jewmerican",,"uruvuqot"
"476016","jewnion",,"arazion"
"476017","jewnited",,"libireon"
"476018","jewniverse",,"loboroa"
"476019","jewniversity",,"arazigobot"
"476020","jewocracy",,"libusuon"
"476021","jewong",,"libueta"
"476022","jewphile",,"lobunuot"
"476023","jewphobia",,"libaneun"
"476024","jewries",,"loberun"
"476025","jewrusalem",,"urujuwot"
"476026","jewry",,"labul"
"476027","jewrys",,"labueta"
"476028","jews",,"iricni"
"476029","jewsa",,"urucae"
"476030","jewsharp",,"lebeneet"
"476031","jewship",,"aracoon"
"476032","jewships",,"aracosan"
"476033","jewson",,"loboate"
"476034","jewspeak",,"libihoon"
"476035","jewsplain",,"lebehean"
"476036","jewsplained",,"aracazive"
"476037","jewsplaining",,"aracazivet"
"476038","jewsplains",,"lebeheun"
"476039","jewsploitation",,"lubuhujien"
"476040","jewsrael",,"orocuri"
"476041","jewstone",,"erecahin"
"476042","jewstones",,"erecaha"
"476043","jewtard",,"libuno"
"476044","jewtopia",,"oroqejat"
"476045","jewtown",,"araquena"
"476046","jewtube",,"ereqeat"
"476047","jewy",,"arako"
"476048","jewys",,"arakia"
"476049","jexun",,"urawou"
"476050","jeyarara",,"erimire"
"476051","jeynes",,"ligia"
"476052","jezabel",,"lakiret"
"476053","jezabella",,"arimozet"
"476054","jezabelle",,"iremaza"
"476055","jezail",,"erumuno"
"476056","jezails",,"erumuui"
"476057","jezaniah",,"lekupiet"
"476058","jezanna",,"likepen"
"476059","jezd",,"eruss"
"476060","jezebel",,"likara"
"476061","jezebelian",,"oratuzun"
"476062","jezebelians",,"oratuzavu"
"476063","jezebelic",,"likaroon"
"476064","jezebelish",,"urotezot"
"476065","jezebelishs",,"urotezovo"
"476066","jezebels",,"likaroen"
"476067","jezek",,"luket"
"476068","jezekite",,"iretisa"
"476069","jezer",,"erutis"
"476070","jezera",,"oratas"
"476071","jezerite",,"lukecein"
"476072","jezero",,"iretes"
"476073","jezerskosolcavska",,"oratuwucu"
"476074","jeziah",,"irenin"
"476075","jezica",,"lokoi"
"476076","jeziel",,"uronie"
"476077","jezierski",,"arinaqat"
"476078","jezika",,"lekeot"
"476079","jeziora",,"arinuen"
"476080","jeziorski",,"irenoqan"
"476081","jezkazgan",,"lokuneot"
"476082","jezliah",,"lekuren"
"476083","jezo",,"likuo"
"476084","jezoar",,"aripot"
"476085","jezrahia",,"lukinaa"
"476086","jezrahiah",,"arijerat"
"476087","jezreel",,"likovo"
"476088","jezreeli",,"likovoon"
"476089","jezreelite",,"orajozun"
"476090","jezreelites",,"orajozavu"
"476091","jezve",,"urobu"
"476092","jezya",,"lukan"
"476093","jezyah",,"arikot"
"476094","jezyca",,"lukaana"
"476095","jezyka",,"likuaa"
"476096","jezza",,"urolaa"
"476097","jezzer",,"lokuon"
"476098","jezzy",,"arilui"
"476099","jfalu",,"edate"
"476100","jfbulzac",,"idiwuno"
"476101","jfcl",,"edota"
"476102","jfdi",,"odune"
"476103","jfet",,"eduq"
"476104","jfgi",,"liki"
"476105","jfif",,"udaka"
"476106","jfked",,"aditu"
"476107","jfking",,"adinan"
"476108","jfks",,"lere"
"476109","jflandau",,"udimovu"
"476110","jflap",,"liseh"
"476111","jfma",,"letus"
"476112","jfmip",,"odono"
"476113","jfnger",,"laviat"
"476114","jfngers",,"lavive"
"476115","jfraser",,"liheqon"
"476116","jfrobert",,"luhario"
"476117","jftabor",,"edimiin"
"476118","jftr",,"locee"
"476119","jfyi",,"lugua"
"476120","jganders",,"lalutia"
"476121","jgapost",,"egafaot"
"476122","jgauld",,"aguwo"
"476123","jgds",,"loreo"
"476124","jgeq",,"ogah"
"476125","jgequ",,"eguhe"
"476126","jger",,"losato"
"476127","jgers",,"losaqo"
"476128","jggrimes",,"lekureot"
"476129","jghwang",,"agadean"
"476130","jgkphead",,"liruneot"
"476131","jgleason",,"agutewan"
"476132","jgmds",,"lataq"
"476133","jgptrfsk",,"ugoqemo"
"476134","jgrif",,"ugunua"
"476135","jgroups",,"agapai"
"476136","jgsd",,"lojo"
"476137","jgsdf",,"igusi"
"476138","jgsmd",,"lajit"
"476139","jgszilag",,"ugaloza"
"476140","jgtam",,"leciz"
"476141","jgtr",,"oguje"
"476142","jgtru",,"egijea"
"476143","jgwf",,"lobia"
"476144","jhabua",,"ikonuu"
"476145","jhabvala",,"okeniran"
"476146","jhabvalas",,"okenirun"
"476147","jhajjar",,"ikoroen"
"476148","jhakri",,"okesana"
"476149","jhala",,"oketiu"
"476150","jhalas",,"oketonu"
"476151","jhalawar",,"lilunoet"
"476152","jhalfrezi",,"laleluu"
"476153","jhalokati",,"lulafeeta"
"476154","jhampani",,"loluhain"
"476155","jhampanie",,"lelihuon"
"476156","jhana",,"ekazoi"
"476157","jhandi",,"leluin"
"476158","jhang",,"ekazoo"
"476159","jhangar",,"lulomin"
"476160","jhanger",,"lolamun"
"476161","jhangjhou",,"okezito"
"476162","jhangvi",,"lelumen"
"476163","jhankaradhvani",,"lalitiwaan"
"476164","jhankot",,"lolate"
"476165","jhansi",,"akuzet"
"476166","jhappan",,"ukifuea"
"476167","jharal",,"luleune"
"476168","jhargram",,"lalomuun"
"476169","jharkhand",,"loluteot"
"476170","jharkhandi",,"loluteen"
"476171","jharna",,"lilaa"
"476172","jharoka",,"akujuon"
"476173","jharokha",,"lolufuin"
"476174","jharsuguda",,"luleqeen"
"476175","jhatka",,"okeqone"
"476176","jhatkas",,"okeqoan"
"476177","jhau",,"liliu"
"476178","jhaump",,"ekawu"
"476179","jhaveri",,"lolivat"
"476180","jhchun",,"lanoona"
"476181","jhdavis",,"loridat"
"476182","jhdono",,"luriea"
"476183","jheel",,"iketuno"
"476184","jheenga",,"ukotoun"
"476185","jhejiang",,"lesaruon"
"476186","jhelum",,"ekutuu"
"476187","jhenaidah",,"akizesat"
"476188","jhereg",,"ekujeu"
"476189","jheri",,"ekujuo"
"476190","jhgruber",,"okejosun"
"476191","jhhoff",,"okopeo"
"476192","jhil",,"aketn"
"476193","jhilam",,"ukatene"
"476194","jhin",,"ukazo"
"476195","jhinga",,"ekozota"
"476196","jhingade",,"lemumuen"
"476197","jhingran",,"ukazaqo"
"476198","jhinn",,"limep"
"476199","jhirschf",,"ukajoto"
"476200","jhit",,"ekoqt"
"476201","jhjung",,"lanaan"
"476202","jhkim",,"lariz"
"476203","jhmantho",,"akamibun"
"476204","jhmurray",,"lutuciot"
"476205","jhola",,"ikatut"
"476206","jhon",,"ekizn"
"476207","jhong",,"okuzie"
"476208","jhongjheng",,"lezumoin"
"476209","jhongli",,"lozamot"
"476210","jhongsha",,"lazimau"
"476211","jhongshan",,"ekizowana"
"476212","jhool",,"ukepaa"
"476213","jhoom",,"lazuz"
"476214","jhoomia",,"lezazen"
"476215","jhooming",,"okupusa"
"476216","jhopadpatti",,"okufivuto"
"476217","jhorts",,"lazoon"
"476218","jhou",,"luzui"
"476219","jhove",,"ekibee"
"476220","jhow",,"liza"
"476221","jhsang",,"ekominu"
"476222","jhslater",,"aketebi"
"476223","jhstell",,"okiqoat"
"476224","jhti",,"ekinn"
"476225","jhtml",,"lucev"
"476226","jhuapl",,"liquoi"
"476227","jhubei",,"akinono"
"476228","jhukar",,"ekusuni"
"476229","jhul",,"ukotn"
"476230","jhula",,"akiteu"
"476231","jhum",,"laqoa"
"476232","jhumar",,"akiven"
"476233","jhumke",,"liqaoa"
"476234","jhummia",,"luqezot"
"476235","jhumming",,"akivosu"
"476236","jhun",,"ikezi"
"476237","jhuna",,"ukozaa"
"476238","jhunjhun",,"lequsai"
"476239","jhunjhunu",,"laqisuot"
"476240","jhunka",,"ikezae"
"476241","jhuolan",,"leqavo"
"476242","jhuria",,"okajii"
"476243","jhurias",,"okajaat"
"476244","jhvh",,"lowuo"
"476245","jhvhs",,"lowuqa"
"476246","jhweygan",,"akatuni"
"476247","jhwh",,"akamu"
"476248","jhziegle",,"lokavau"
"476249","jiabong",,"ilonoen"
"476250","jiachen",,"ulireun"
"476251","jiading",,"alusii"
"476252","jiagedaqi",,"leleveun"
"476253","jiak",,"elast"
"476254","jiakkwan",,"lulitoi"
"476255","jialat",,"elateo"
"476256","jialing",,"ulitoot"
"476257","jiamao",,"ilovot"
"476258","jiamusi",,"ulivuu"
"476259","jian",,"loluna"
"476260","jiana",,"lilana"
"476261","jianan",,"ilozote"
"476262","jianbing",,"leliraea"
"476263","jiancaoping",,"lalosojiat"
"476264","jianchang",,"lolusai"
"476265","jianchen",,"lulesoon"
"476266","jiande",,"ilozue"
"476267","jiandu",,"ilozin"
"476268","jiang",,"lilama"
"476269","jiangan",,"ulizau"
"476270","jiangbei",,"aluzesan"
"476271","jiangdong",,"lilamio"
"476272","jianghan",,"lolumaon"
"476273","jianghon",,"lilamea"
"476274","jiangjin",,"lalomaet"
"476275","jiangjun",,"lulemuat"
"476276","jiangjunmiaosaurus",,"olezituji"
"476277","jiangkou",,"lilamuot"
"476278","jiangling",,"lalomoan"
"476279","jiangmen",,"aluzepat"
"476280","jiangnan",,"lulemian"
"476281","jiangning",,"lulemiin"
"476282","jiangshanian",,"ilozuwoto"
"476283","jiangshi",,"elazowon"
"476284","jiangshui",,"aluzewin"
"476285","jiangsu",,"lolumoa"
"476286","jiangsunese",,"aluzewojin"
"476287","jiangsus",,"lolumeet"
"476288","jiangwan",,"olezike"
"476289","jiangxi",,"ilozuet"
"476290","jiangxia",,"ulizalot"
"476291","jiangxis",,"ilozuli"
"476292","jiangyin",,"aluzemun"
"476293","jiangyong",,"ilozumun"
"476294","jiangyuan",,"aluzemuna"
"476295","jiangzhou",,"lelimoin"
"476296","jianhuazi",,"lulenaat"
"476297","jianli",,"ilozo"
"476298","jianlu",,"olezii"
"476299","jiann",,"olezaa"
"476300","jianning",,"lilapoa"
"476301","jiannyan",,"lalopaot"
"476302","jianou",,"lilaane"
"476303","jianping",,"loluhei"
"476304","jianqi",,"lilaat"
"476305","jianshi",,"aluzian"
"476306","jianshih",,"lilaqea"
"476307","jianshui",,"ulizora"
"476308","jianshuiite",,"laloqigeat"
"476309","jiantizi",,"lilawoina"
"476310","jianu",,"lelib"
"476311","jianwen",,"ulizeun"
"476312","jianxi",,"olezio"
"476313","jianxing",,"lilakoot"
"476314","jianyang",,"elazaroa"
"476315","jianye",,"lilaona"
"476316","jianyun",,"ilozoo"
"476317","jianzhi",,"lulemon"
"476318","jianzhou",,"lalomia"
"476319","jianzi",,"elazu"
"476320","jiao",,"ulipna"
"476321","jiaocheng",,"oleparin"
"476322","jiaogulan",,"elapodon"
"476323","jiaohe",,"leluete"
"476324","jiaojiang",,"iloposun"
"476325","jiaokou",,"ulipuu"
"476326","jiaos",,"ulipoa"
"476327","jiaosi",,"ulipuna"
"476328","jiaoxi",,"lulooa"
"476329","jiaoying",,"lolaleon"
"476330","jiaozhou",,"olepore"
"476331","jiaozi",,"lileane"
"476332","jiaozis",,"lilemuna"
"476333","jiaozuo",,"lulomena"
"476334","jiari",,"laler"
"476335","jiashi",,"laloua"
"476336","jiasian",,"lilaruna"
"476337","jiawen",,"lulaoti"
"476338","jiaxian",,"ilogeo"
"476339","jiaxing",,"ilogeet"
"476340","jiayi",,"uliko"
"476341","jiayin",,"lulooe"
"476342","jiayu",,"iloki"
"476343","jiayuan",,"lulobo"
"476344","jiayuguan",,"lulobean"
"476345","jib",,"lum"
"476346","jibarito",,"lomoceen"
"476347","jibaro",,"alamos"
"476348","jibaros",,"alamoet"
"476349","jibb",,"olono"
"476350","jibba",,"ilinui"
"476351","jibbah",,"lemoen"
"476352","jibbahs",,"lemonon"
"476353","jibbas",,"ilinuo"
"476354","jibbed",,"limuen"
"476355","jibbeh",,"lumaot"
"476356","jibber",,"lumaina"
"476357","jibbered",,"alanaqo"
"476358","jibbering",,"alanaqun"
"476359","jibberish",,"olonoqu"
"476360","jibbers",,"lumava"
"476361","jibbing",,"limure"
"476362","jibbings",,"limuroin"
"476363","jibbities",,"limuriin"
"476364","jibbon",,"lumaae"
"476365","jibbons",,"lumafen"
"476366","jibboom",,"ulunie"
"476367","jibbooms",,"ulunihin"
"476368","jibbs",,"olonai"
"476369","jibby",,"ulunii"
"476370","jibe",,"limono"
"476371","jibed",,"alatua"
"476372","jibeinia",,"ulutofin"
"476373","jiber",,"eletio"
"476374","jibers",,"eletuna"
"476375","jibert",,"limoona"
"476376","jibes",,"limoqo"
"476377","jibhead",,"lumavaa"
"476378","jibi",,"lumeta"
"476379","jibing",,"alanon"
"476380","jibingly",,"limapaot"
"476381","jibito",,"ilinaa"
"476382","jiblet",,"lemeene"
"476383","jibman",,"ilivot"
"476384","jibmen",,"elevea"
"476385","jiboa",,"lomano"
"476386","jiboia",,"lomaino"
"476387","jiboney",,"olopai"
"476388","jibou",,"lamibe"
"476389","jibouti",,"olopoat"
"476390","jiboutis",,"olopobe"
"476391","jiboya",,"lumoota"
"476392","jibril",,"limuate"
"476393","jibs",,"lumete"
"476394","jibsam",,"limaia"
"476395","jibsheet",,"lomuniaa"
"476396","jibstay",,"uluciat"
"476397","jibuti",,"alawen"
"476398","jibutis",,"alawuon"
"476399","jica",,"olimta"
"476400","jicalapa",,"ulamare"
"476401","jicama",,"elomuni"
"476402","jicamas",,"elomiu"
"476403","jicaque",,"elomoea"
"476404","jicaquean",,"lonojio"
"476405","jicaqueans",,"lonojiet"
"476406","jicaques",,"elomodin"
"476407","jicara",,"leneo"
"476408","jicarilla",,"linicoot"
"476409","jicarillas",,"linicoo"
"476410","jichi",,"lunar"
"476411","jichimu",,"lenorat"
"476412","jichuu",,"loniin"
"476413","jick",,"alest"
"476414","jickajog",,"lenanee"
"476415","jickajogged",,"ilusutusu"
"476416","jickajogging",,"ilusutuson"
"476417","jickajogs",,"lenanein"
"476418","jicohen",,"alepoon"
"476419","jicrar",,"ilujin"
"476420","jidai",,"lurura"
"476421","jidaigeki",,"liriraa"
"476422","jidanul",,"lurupen"
"476423","jidda",,"eliso"
"476424","jiddah",,"luroot"
"476425","jiddas",,"elisat"
"476426","jidder",,"loraun"
"476427","jidgha",,"ilalaa"
"476428","jidlaph",,"olutiat"
"476429","jidvei",,"ilabin"
"476430","jiedushi",,"ulosuwin"
"476431","jiefang",,"elukoa"
"476432","jieitaikakut",,"ilenoripot"
"476433","jiejie",,"lesuet"
"476434","jiethye",,"eluqiu"
"476435","jiexi",,"lasor"
"476436","jiexiu",,"luseaa"
"476437","jieyang",,"lusonen"
"476438","jieyong",,"lasifin"
"476439","jieznas",,"alilien"
"476440","jiff",,"uloku"
"476441","jiffed",,"laguea"
"476442","jiffies",,"ilekeon"
"476443","jiffing",,"laguret"
"476444","jiffle",,"lugiet"
"476445","jiffled",,"elukoaa"
"476446","jiffles",,"lugivi"
"476447","jiffling",,"elukosat"
"476448","jiffs",,"ulokoe"
"476449","jiffy",,"elukaa"
"476450","jig",,"olei"
"476451","jigaboo",,"lakarin"
"476452","jigaboos",,"lakaraa"
"476453","jigajig",,"lekese"
"476454","jigajigged",,"ilomosu"
"476455","jigajigging",,"ilomoseson"
"476456","jigajigs",,"lekesain"
"476457","jigajog",,"likisin"
"476458","jigajogged",,"alumuhot"
"476459","jigajogging",,"alumuhisan"
"476460","jigajogs",,"likisia"
"476461","jigamaree",,"likizau"
"476462","jigamarees",,"likizaot"
"476463","jigawa",,"olemon"
"476464","jigawatt",,"elamira"
"476465","jigga",,"ulilaa"
"476466","jiggaboo",,"lekenue"
"476467","jiggambob",,"alulepe"
"476468","jigged",,"lukuo"
"476469","jiggedy",,"lekevi"
"476470","jiggeh",,"lakaina"
"476471","jigger",,"lakau"
"476472","jiggered",,"elaleqa"
"476473","jiggerer",,"oleloqe"
"476474","jiggering",,"elaleqat"
"476475","jiggerman",,"uliluqen"
"476476","jiggermast",,"elaleqan"
"476477","jiggermasts",,"elaleqatun"
"476478","jiggers",,"lakavot"
"476479","jiggery",,"lokovo"
"476480","jigget",,"lukuen"
"476481","jiggety",,"lekevan"
"476482","jiggi",,"iloleo"
"476483","jiggier",,"lakara"
"476484","jiggiest",,"lukuraat"
"476485","jigginess",,"lokoreat"
"476486","jigging",,"lukurun"
"476487","jiggingly",,"olelafet"
"476488","jiggings",,"lukuriu"
"476489","jiggish",,"lekeru"
"476490","jiggit",,"lakaot"
"476491","jiggity",,"lokoret"
"476492","jiggle",,"likiun"
"476493","jiggled",,"alulei"
"476494","jiggler",,"elaloo"
"476495","jigglers",,"elalozet"
"476496","jiggles",,"likivu"
"476497","jigglesome",,"lokoviun"
"476498","jigglety",,"olelizu"
"476499","jigglier",,"elaloson"
"476500","jigglies",,"likivoa"
"476501","jiggliest",,"alulesin"
"476502","jiggliness",,"ilolusin"
"476503","jiggling",,"alulesot"
"476504","jigglingly",,"likivoat"
"476505","jiggly",,"lekean"
"476506","jigglypuff",,"olelimi"
"476507","jiggot",,"lokoo"
"476508","jiggs",,"iloleu"
"476509","jiggumbob",,"ilolipat"
"476510","jiggumbobs",,"ilolipe"
"476511","jiggy",,"alulue"
"476512","jigha",,"lekon"
"476513","jighead",,"olemoan"
"476514","jigida",,"lakoe"
"476515","jigit",,"lukewa"
"476516","jigitovka",,"oleneha"
"476517","jigjig",,"lakiaa"
"476518","jigjigged",,"olerano"
"476519","jigjigging",,"oleranun"
"476520","jigjigs",,"lakiren"
"476521","jiglike",,"lekerun"
"476522","jigmaker",,"lokiniet"
"476523","jigman",,"lekoi"
"476524","jigme",,"ulivua"
"476525","jigmechholing",,"ulivutito"
"476526","jigmen",,"lukaena"
"476527","jigna",,"likana"
"476528","jignas",,"likaate"
"476529","jigo",,"ulipne"
"476530","jigokuraku",,"lukotain"
"476531","jigot",,"lekuw"
"476532","jigote",,"lakiea"
"476533","jigots",,"lekui"
"476534","jigpin",,"elafaa"
"476535","jigs",,"olecs"
"476536","jigsaw",,"elacu"
"476537","jigsawed",,"lokunaa"
"476538","jigsawing",,"lokunaat"
"476539","jigsawlike",,"lakonii"
"476540","jigsawn",,"lekinan"
"476541","jigsaws",,"elacoot"
"476542","jigsimophile",,"lukerojoi"
"476543","jigsimophilist",,"olecapiqen"
"476544","jigtime",,"lekurat"
"476545","jigyasa",,"elakoin"
"476546","jigzhi",,"ulilu"
"476547","jihad",,"olomee"
"476548","jihaded",,"lilitia"
"476549","jihadee",,"alamuo"
"476550","jihadi",,"olomia"
"476551","jihadic",,"olomean"
"476552","jihading",,"lilitoot"
"476553","jihadis",,"olomeat"
"476554","jihadisation",,"olomesoti"
"476555","jihadise",,"elemasa"
"476556","jihadised",,"lilitou"
"476557","jihadises",,"elemasen"
"476558","jihadising",,"lilitoon"
"476559","jihadism",,"alamusat"
"476560","jihadisms",,"alamuse"
"476561","jihadisphere",,"lalatubiat"
"476562","jihadist",,"lulutii"
"476563","jihadistic",,"lulutie"
"476564","jihadists",,"lulutiat"
"476565","jihadization",,"leletaraet"
"476566","jihadize",,"lalatuin"
"476567","jihadized",,"olomesun"
"476568","jihadizes",,"lalatua"
"476569","jihadizing",,"olomesen"
"476570","jihads",,"olomona"
"476571","jihan",,"alamii"
"476572","jihchao",,"alaroi"
"476573","jihlava",,"lilinun"
"476574","jihlavas",,"lilinau"
"476575","jihobbyist",,"elepisi"
"476576","jihong",,"olopuna"
"476577","jihun",,"iliwea"
"476578","jihyun",,"alaket"
"476579","jiin",,"lemia"
"476580","jiinshuh",,"lemiquin"
"476581","jiir",,"lumai"
"476582","jijel",,"ilatua"
"476583","jiji",,"linau"
"476584","jijia",,"lunen"
"476585","jijiga",,"lanoin"
"476586","jijigas",,"lanoma"
"476587","jiju",,"lone"
"476588","jikan",,"lerep"
"476589","jikininki",,"ulonosana"
"476590","jiko",,"olaps"
"476591","jikoekd",,"lorava"
"476592","jikook",,"ilepeni"
"476593","jikun",,"luripa"
"476594","jikungu",,"luripi"
"476595","jila",,"lisin"
"476596","jilaabah",,"lesenuan"
"476597","jilabi",,"elamue"
"476598","jilam",,"lesez"
"476599","jilann",,"lisiat"
"476600","jilapi",,"olemane"
"476601","jilaudar",,"lisibiuna"
"476602","jilbaab",,"lasenun"
"476603","jilbab",,"lusaote"
"476604","jilboob",,"losifa"
"476605","jildi",,"ulisoa"
"476606","jildy",,"elasae"
"476607","jilebi",,"ulitati"
"476608","jilek",,"lasut"
"476609","jiles",,"lesaqa"
"476610","jilgie",,"losoa"
"476611","jilgies",,"losoren"
"476612","jili",,"losune"
"476613","jilichy",,"olenaun"
"476614","jilin",,"olenai"
"476615","jilins",,"olenata"
"476616","jilisa",,"lisaat"
"476617","jill",,"ilott"
"476618","jillana",,"lasanina"
"476619","jillane",,"lisinun"
"476620","jillaroo",,"lesenue"
"476621","jillarooed",,"oletiqot"
"476622","jillarooing",,"oletiqican"
"476623","jillaroos",,"lesenuin"
"476624","jillayne",,"lasanaot"
"476625","jilled",,"lusuae"
"476626","jilleen",,"lesevi"
"476627","jillene",,"lesevia"
"476628","jilleroo",,"lusuvoan"
"476629","jillet",,"lusuoa"
"476630","jillets",,"lusuvet"
"476631","jillette",,"alutabie"
"476632","jillflirt",,"ilotizu"
"476633","jillflirts",,"ilotizot"
"476634","jilli",,"ilotet"
"476635","jillian",,"lusuri"
"476636","jillians",,"lusureat"
"476637","jilliby",,"lisire"
"476638","jillick",,"oletaea"
"476639","jillicked",,"lisiroot"
"476640","jillicking",,"lisiroan"
"476641","jillicks",,"oletatin"
"476642","jillie",,"oletana"
"476643","jilling",,"lusurat"
"476644","jillion",,"lasaro"
"476645","jillionaire",,"ilotehitot"
"476646","jillions",,"lasaraet"
"476647","jillionth",,"lasaraan"
"476648","jillock",,"ulitiine"
"476649","jills",,"ilotes"
"476650","jillson",,"lasaqa"
"476651","jillstrap",,"lisiqia"
"476652","jilly",,"alutuo"
"476653","jilolo",,"olepat"
"476654","jilong",,"alupia"
"476655","jilpander",,"lesanaun"
"476656","jilt",,"uliqi"
"476657","jilted",,"lasiato"
"476658","jiltee",,"oleqet"
"476659","jilter",,"lesueta"
"476660","jilters",,"lesuvia"
"476661","jilting",,"lasiro"
"476662","jiltish",,"losaret"
"476663","jilts",,"uliqoa"
"476664","jily",,"lusoa"
"476665","jima",,"alamna"
"476666","jimador",,"olomeana"
"476667","jimalalud",,"lutuvean"
"476668","jimanez",,"ilimeaa"
"476669","jimanezs",,"ilimezen"
"476670","jimarnol",,"letecae"
"476671","jimbang",,"ulunau"
"476672","jimbaran",,"lotinao"
"476673","jimbe",,"letovi"
"476674","jimber",,"ulunan"
"476675","jimberjaw",,"latevia"
"476676","jimberjawed",,"eleneqotet"
"476677","jimbo",,"lutaf"
"476678","jimboite",,"alanusan"
"476679","jimbolia",,"elenazen"
"476680","jimbu",,"letob"
"476681","jimcas",,"alaro"
"476682","jimcrack",,"lotucuo"
"476683","jimcrackery",,"elerirepon"
"476684","jimcracks",,"lotucuet"
"476685","jimcro",,"luteo"
"476686","jimdandies",,"litenoot"
"476687","jimdandy",,"letunai"
"476688","jimdandyes",,"latinua"
"476689","jimdandys",,"letunaat"
"476690","jimdavis",,"ilisuget"
"476691","jimenbuen",,"lutipoi"
"476692","jimenez",,"eletuu"
"476693","jimenezs",,"eletuzot"
"476694","jimerson",,"ilitawon"
"476695","jimhickey",,"lotirei"
"476696","jimhickeyes",,"letorazua"
"476697","jimhickeys",,"lotireat"
"476698","jimi",,"uluns"
"476699","jimigaki",,"alaneru"
"476700","jimigakis",,"alanerot"
"476701","jiminez",,"olonaat"
"476702","jiming",,"latoota"
"476703","jiminy",,"letii"
"476704","jiminycr",,"ulunomot"
"476705","jimison",,"letiqun"
"476706","jimjam",,"latiua"
"476707","jimjammed",,"ulurapa"
"476708","jimjamming",,"ulurapat"
"476709","jimjams",,"latinot"
"476710","jimjilbang",,"olorazet"
"476711","jimjums",,"litebu"
"476712","jimlin",,"alatis"
"476713","jimma",,"ilivu"
"476714","jimmed",,"litui"
"476715","jimmer",,"lutao"
"476716","jimmerson",,"eleveqon"
"476717","jimmi",,"olova"
"476718","jimmie",,"elevina"
"476719","jimmied",,"liturun"
"476720","jimmies",,"elevua"
"476721","jimmin",,"lotio"
"476722","jimming",,"liturot"
"476723","jimminy",,"lutari"
"476724","jimmy",,"uluvie"
"476725","jimmying",,"lateluet"
"476726","jimmyproof",,"lutalaot"
"476727","jimmys",,"uluvun"
"476728","jimmyweed",,"lotilao"
"476729","jimna",,"laton"
"476730","jimnah",,"ilizoi"
"476731","jimnez",,"olozone"
"476732","jimnezs",,"olozoan"
"476733","jimnites",,"alazibat"
"476734","jimp",,"lito"
"476735","jimper",,"alafen"
"476736","jimpest",,"ulufue"
"476737","jimpier",,"alafii"
"476738","jimpiest",,"ulufozot"
"476739","jimping",,"ulufoa"
"476740","jimply",,"elefin"
"476741","jimpness",,"olofaze"
"476742","jimpnesses",,"elefuzon"
"476743","jimpnesss",,"olofazin"
"476744","jimpricute",,"letacain"
"476745","jimpsecute",,"olofazu"
"476746","jimpson",,"alafian"
"476747","jimpsonweed",,"litoqihio"
"476748","jimpsonweedes",,"loteqohoe"
"476749","jimpsonweeds",,"litoqihiet"
"476750","jimpy",,"latul"
"476751","jims",,"ulucni"
"476752","jimscaline",,"alaciru"
"476753","jimsedge",,"latovain"
"476754","jimson",,"letiia"
"476755","jimsonweed",,"ulucifa"
"476756","jimsonweeds",,"ulucififen"
"476757","jimstock",,"lotuwoet"
"476758","jimsun",,"litaat"
"476759","jimswinger",,"alacosot"
"476760","jimthompsonite",,"letunefuu"
"476761","jimthorp",,"iliqahan"
"476762","jimyoung",,"litefuot"
"476763","jina",,"lovoo"
"476764","jinalinan",,"ulamasen"
"476765","jinan",,"olimai"
"476766","jinans",,"olimii"
"476767","jinbao",,"olinone"
"476768","jincamas",,"levinuan"
"476769","jincan",,"oliron"
"476770","jincans",,"oliriana"
"476771","jinchang",,"levinie"
"476772","jinchao",,"oliruat"
"476773","jincheng",,"luvenaan"
"476774","jinchuan",,"luvenai"
"476775","jincumbilly",,"alerapuva"
"476776","jind",,"ilusi"
"476777","jindabyne",,"ilususena"
"476778","jindal",,"laviun"
"476779","jinden",,"lovau"
"476780","jindera",,"levuvet"
"476781","jindivick",,"liveraa"
"476782","jindivik",,"liveraot"
"476783","jindo",,"alesua"
"476784","jindy",,"alesue"
"476785","jindyworobak",,"ilusokubu"
"476786","jine",,"lavue"
"476787","jineology",,"ilutozat"
"476788","jines",,"lavuqa"
"476789","jinete",,"elotuna"
"476790","jineteada",,"lavuweu"
"476791","jinfeng",,"lavuva"
"476792","jing",,"lovou"
"476793","jingal",,"ulalee"
"476794","jingali",,"ulalaot"
"476795","jingall",,"lavanaa"
"476796","jingalls",,"lavanoen"
"476797","jingals",,"ulalain"
"476798","jingan",,"iluloe"
"476799","jingang",,"ulalaota"
"476800","jingangshan",,"ilulufeda"
"476801","jingbai",,"eloliaa"
"476802","jingbang",,"lovoruon"
"476803","jingbangs",,"lovoruan"
"476804","jingbian",,"leverae"
"476805","jingchuan",,"lavasiet"
"476806","jingdezhen",,"luvutaun"
"476807","jingellic",,"livivao"
"476808","jingera",,"alelaon"
"476809","jinggu",,"lovooa"
"476810","jinghai",,"elolien"
"476811","jinghis",,"aleloun"
"476812","jinghong",,"livinien"
"476813","jinghpaw",,"livinuot"
"476814","jinghpaws",,"livinuo"
"476815","jinghpi",,"luvunate"
"476816","jinghpo",,"levenea"
"476817","jinghpoes",,"lavaneon"
"476818","jinghpos",,"levenoin"
"476819","jinghu",,"ulalui"
"476820","jingjiang",,"levesao"
"476821","jingju",,"ilulena"
"476822","jingko",,"livie"
"476823","jingkoes",,"lovotoon"
"476824","jingle",,"olilan"
"476825","jinglebob",,"alelezun"
"476826","jingled",,"luvuvet"
"476827","jinglejangle",,"levevovai"
"476828","jinglejangled",,"iluluzuten"
"476829","jinglejangleed",,"olilizitun"
"476830","jinglejangleing",,"oliliziten"
"476831","jinglejangles",,"levevovaat"
"476832","jinglejangling",,"iluluzute"
"476833","jingler",,"lavavot"
"476834","jinglers",,"lavaveo"
"476835","jingles",,"oliliun"
"476836","jinglesome",,"elolozan"
"476837","jinglet",,"luvuvon"
"476838","jinglets",,"luvuvaan"
"476839","jinglier",,"lavavuen"
"476840","jingliest",,"luvuvie"
"476841","jingling",,"luvuviu"
"476842","jinglingly",,"olilisi"
"476843","jinglish",,"levevaot"
"476844","jinglun",,"lovovet"
"476845","jingly",,"alelon"
"476846","jingmen",,"ulalein"
"476847","jingmenvirus",,"oliluzolan"
"476848","jingning",,"livipoen"
"476849","jingo",,"luvufa"
"476850","jingodom",,"elolavet"
"476851","jingoed",,"aleluon"
"476852","jingoes",,"livife"
"476853","jingoing",,"alelusin"
"476854","jingoish",,"olilesaa"
"476855","jingoism",,"lovofean"
"476856","jingoisms",,"lovofeun"
"476857","jingoist",,"elolason"
"476858","jingoister",,"livifoet"
"476859","jingoistest",,"lovofebuu"
"476860","jingoistic",,"elolasun"
"476861","jingoistically",,"elolaseget"
"476862","jingoists",,"elolasan"
"476863","jingoize",,"olilesu"
"476864","jingoized",,"luvufiat"
"476865","jingoizes",,"olilesot"
"476866","jingoizing",,"luvufioa"
"476867","jingos",,"luvuet"
"476868","jingpho",,"levehe"
"476869","jingpo",,"ilulene"
"476870","jingru",,"ulalei"
"476871","jings",,"lovoqe"
"476872","jingsha",,"eloluo"
"476873","jingshan",,"levequu"
"476874","jingu",,"leveb"
"476875","jingulu",,"eloleo"
"476876","jingus",,"leveia"
"476877","jingwei",,"luvugon"
"476878","jingxi",,"olilat"
"476879","jingxin",,"lovoket"
"476880","jingyang",,"elolaret"
"476881","jingyu",,"liviat"
"476882","jingyuan",,"ulalidot"
"476883","jingzhao",,"lovomaon"
"476884","jingzhaotoxin",,"eloleruco"
"476885","jingzhe",,"livime"
"476886","jingzhou",,"lavamien"
"476887","jinhae",,"ulamat"
"476888","jinho",,"elomai"
"476889","jinhu",,"ilumie"
"476890","jinhua",,"ulamuna"
"476891","jini",,"levio"
"476892","jinich",,"ulanee"
"476893","jining",,"olinune"
"476894","jinja",,"ularao"
"476895","jinjall",,"eloroo"
"476896","jinjas",,"ularun"
"476897","jinjee",,"elore"
"476898","jinji",,"ilure"
"476899","jinjiang",,"laviroet"
"476900","jinjili",,"luvorat"
"476901","jinjilis",,"luvoree"
"476902","jinjiz",,"lovaa"
"476903","jinju",,"oliroa"
"476904","jink",,"lavun"
"476905","jinked",,"elosea"
"476906","jinker",,"olisia"
"476907","jinkered",,"livoveun"
"476908","jinkering",,"livoveen"
"476909","jinkers",,"olisoat"
"476910","jinket",,"elosua"
"476911","jinkies",,"luviron"
"476912","jinking",,"elosuet"
"476913","jinkings",,"elosufi"
"476914","jinkins",,"alesiat"
"476915","jinkle",,"aleset"
"476916","jinkled",,"loveva"
"476917","jinkles",,"aleseia"
"476918","jinkling",,"loveveat"
"476919","jinkohol",,"livofeo"
"476920","jinkosolar",,"luvifiin"
"476921","jinks",,"lavuqe"
"476922","jinky",,"lovel"
"476923","jinlun",,"leveie"
"476924","jinmen",,"iluva"
"476925","jinn",,"eloz"
"476926","jinnah",,"lavou"
"476927","jinnahs",,"lavonot"
"476928","jinnan",,"lovuot"
"476929","jinnathugau",,"olizibeket"
"476930","jinne",,"aleza"
"476931","jinnee",,"ulazan"
"476932","jinnees",,"ulazuun"
"476933","jinnestan",,"iluziwi"
"476934","jinnet",,"lovuin"
"476935","jinni",,"elozue"
"476936","jinnia",,"olizan"
"476937","jinnie",,"alezeta"
"476938","jinnies",,"aleziia"
"476939","jinning",,"lovuron"
"476940","jinningian",,"iluzefot"
"476941","jinnis",,"elozot"
"476942","jinniwink",,"livareet"
"476943","jinniyah",,"lovuroon"
"476944","jinniyeh",,"lavorao"
"476945","jinniyya",,"elozumo"
"476946","jinnkuen",,"livatuin"
"476947","jinns",,"elozui"
"476948","jinny",,"iluzoe"
"476949","jinnyrickshaw",,"olizeqozat"
"476950","jinnys",,"iluzaa"
"476951","jinnywink",,"lavolion"
"476952","jinotega",,"elopazo"
"476953","jinping",,"levare"
"476954","jinr",,"ulajn"
"476955","jinrickisha",,"lovireziin"
"476956","jinricksha",,"lovireuna"
"476957","jinrickshas",,"lovireziu"
"476958","jinrickshaw",,"laveruzeat"
"476959","jinrickshaws",,"laveruzee"
"476960","jinriki",,"ilujei"
"476961","jinrikiman",,"loviriu"
"476962","jinrikimen",,"lavereat"
"476963","jinrikisha",,"loviriua"
"476964","jinrikishas",,"loviritiot"
"476965","jinriksha",,"loviriat"
"476966","jinrikshas",,"lovirie"
"476967","jins",,"leviu"
"476968","jinsen",,"alecen"
"476969","jinseng",,"eloceaa"
"476970","jinsens",,"alecaone"
"476971","jinsha",,"alecet"
"476972","jinshajiang",,"ulaceravun"
"476973","jinshajiangite",,"lavonoveen"
"476974","jinshan",,"lavonota"
"476975","jinshang",,"leviniu"
"476976","jinsheng",,"luvenaat"
"476977","jinshi",,"ulacua"
"476978","jinshin",,"luvenan"
"476979","jinshinu",,"livanoa"
"476980","jinshui",,"ilucaon"
"476981","jinsing",,"olicau"
"476982","jinsong",,"ulaciota"
"476983","jinsoo",,"lavoua"
"476984","jint",,"iluqs"
"476985","jinta",,"ulaqa"
"476986","jintai",,"ulaqun"
"476987","jintan",,"luvoo"
"476988","jintishi",,"levurain"
"476989","jints",,"iluqei"
"476990","jinuo",,"lovef"
"476991","jinwan",,"aleden"
"476992","jinx",,"elog"
"476993","jinxed",,"lovue"
"476994","jinxee",,"ulagi"
"476995","jinxer",,"livai"
"476996","jinxes",,"alego"
"476997","jinxi",,"elogu"
"476998","jinxian",,"lovuro"
"476999","jinxing",,"lovuret"
"477000","jinxml",,"lavoue"
"477001","jinxs",,"elogua"
"477002","jinyuan",,"ilukio"
"477003","jinzhai",,"luvinon"
"477004","jinzhong",,"elolihon"
"477005","jinzhou",,"luvinona"
"477006","jinzhu",,"loveote"
"477007","jioglutoside",,"luzuvadeo"
"477008","jiong",,"luzem"
"477009","jionoside",,"elizawet"
"477010","jipa",,"lepe"
"477011","jipapad",,"lipihan"
"477012","jiphtah",,"ulomiin"
"477013","jiphthah",,"lopiwai"
"477014","jipijapa",,"lipasain"
"477015","jipijapas",,"lipasaa"
"477016","jipmer",,"aliven"
"477017","jippa",,"alife"
"477018","jipped",,"lapuat"
"477019","jipper",,"lepaet"
"477020","jipping",,"lapuro"
"477021","jipyapa",,"ilekua"
"477022","jipyapas",,"ilekujen"
"477023","jiqui",,"elawua"
"477024","jiquies",,"aluwion"
"477025","jiquilisco",,"lufirein"
"477026","jiquis",,"elawin"
"477027","jira",,"lahas"
"477028","jirai",,"lahar"
"477029","jiraimaxx",,"luhuroan"
"477030","jiraimaxxed",,"alamipine"
"477031","jiraimaxxes",,"lihiresuo"
"477032","jiraimaxxing",,"alamipinet"
"477033","jirajara",,"lohosuo"
"477034","jirajaran",,"olomeru"
"477035","jirble",,"lohiu"
"477036","jirbled",,"ulunaat"
"477037","jirbles",,"lohivot"
"477038","jirbling",,"ulunaso"
"477039","jird",,"elesn"
"477040","jirdes",,"alasaa"
"477041","jirds",,"elesue"
"477042","jireh",,"eletiu"
"477043","jirem",,"lehaz"
"477044","jirga",,"lehen"
"477045","jirgah",,"ululea"
"477046","jirgas",,"leheon"
"477047","jiri",,"luhes"
"477048","jiribam",,"eleniot"
"477049","jirik",,"lihat"
"477050","jirja",,"oloria"
"477051","jirkinet",,"luhirian"
"477052","jirkinets",,"luhiriun"
"477053","jirmilik",,"olovaza"
"477054","jiro",,"lehui"
"477055","jiron",,"elepue"
"477056","jirr",,"oloj"
"477057","jirra",,"iliju"
"477058","jirrbal",,"olojuan"
"477059","jirrbales",,"elejiro"
"477060","jirrbals",,"olojurun"
"477061","jirre",,"elejee"
"477062","jirtig",,"oloqat"
"477063","jisang",,"lijiat"
"477064","jisc",,"elori"
"477065","jisei",,"aletit"
"477066","jiseong",,"lijofe"
"477067","jishan",,"alemet"
"477068","jisheng",,"ulamuin"
"477069","jishishan",,"lijuroen"
"477070","jishnu",,"ilumoi"
"477071","jishou",,"lajeu"
"477072","jishui",,"lijuun"
"477073","jiskra",,"lujioa"
"477074","jislaaik",,"lijinaina"
"477075","jism",,"ulave"
"477076","jisms",,"ulavo"
"477077","jisr",,"lujan"
"477078","jiss",,"elocta"
"477079","jisselster",,"lajovoen"
"477080","jissom",,"elocina"
"477081","jissoms",,"elocaa"
"477082","jissum",,"ilucaa"
"477083","jist",,"lijei"
"477084","jita",,"lucue"
"477085","jitai",,"lucur"
"477086","jitbag",,"ilanot"
"477087","jited",,"uletii"
"477088","jitendra",,"ilatevo"
"477089","jiti",,"licaa"
"477090","jitia",,"lucena"
"477091","jiting",,"ulenue"
"477092","jitneur",,"luceven"
"477093","jitneuse",,"alozadon"
"477094","jitney",,"ulezan"
"477095","jitneyed",,"lacovae"
"477096","jitneying",,"lacovaet"
"477097","jitneyman",,"licaviin"
"477098","jitneys",,"ulezuun"
"477099","jito",,"lacii"
"477100","jitro",,"ilajo"
"477101","jits",,"licae"
"477102","jitsu",,"locub"
"477103","jitsuko",,"licabe"
"477104","jitted",,"lecuo"
"477105","jittejutsu",,"eliqeton"
"477106","jitter",,"locau"
"477107","jitterbu",,"ulequqe"
"477108","jitterbug",,"aloqaqat"
"477109","jitterbugged",,"locavataun"
"477110","jitterbugger",,"liceveteon"
"477111","jitterbuggers",,"licevetean"
"477112","jitterbugging",,"locavataen"
"477113","jitterbugs",,"aloqaqe"
"477114","jittered",,"ilaqiqa"
"477115","jitterier",,"ulequqota"
"477116","jitteriest",,"ilaqiqan"
"477117","jitterily",,"aloqaqun"
"477118","jitteriness",,"eliqeqejan"
"477119","jitterinesses",,"aloqaqajo"
"477120","jittering",,"ilaqiqat"
"477121","jitteringly",,"lecuvutoen"
"477122","jitterless",,"oluqoqin"
"477123","jitterplot",,"eliqeqi"
"477124","jitters",,"locavot"
"477125","jittersome",,"lecuvuu"
"477126","jittery",,"lucovo"
"477127","jitting",,"lecurun"
"477128","jitty",,"oluqei"
"477129","jiuduansha",,"lequbiu"
"477130","jiuhuai",,"liqube"
"477131","jiujiang",,"ulororo"
"477132","jiujitsu",,"ilerebi"
"477133","jiujitsus",,"ilerebat"
"477134","jiujutsu",,"olarobe"
"477135","jiujutsus",,"olarobin"
"477136","jiul",,"leqee"
"477137","jiulong",,"ulotiot"
"477138","jiulongpo",,"laqafui"
"477139","jiun",,"laqoe"
"477140","jiuniang",,"olazarin"
"477141","jiuquan",,"leqebi"
"477142","jiusian",,"leqiran"
"477143","jiuzhaigou",,"alilorot"
"477144","jiva",,"liwi"
"477145","jivaatma",,"alumebon"
"477146","jivadaya",,"ulimirat"
"477147","jivamukti",,"elamidon"
"477148","jivan",,"ilomee"
"477149","jivanmukta",,"lowopaan"
"477150","jivanmukti",,"lewepua"
"477151","jivaran",,"lowocot"
"477152","jivarans",,"lowocuo"
"477153","jivaro",,"ilomot"
"477154","jivaroan",,"luwucuon"
"477155","jivaroans",,"luwucuan"
"477156","jivaros",,"ilomao"
"477157","jivatma",,"ulimiun"
"477158","jive",,"lewa"
"477159","jiveass",,"lowenin"
"477160","jived",,"ilotoo"
"477161","jiver",,"uliteu"
"477162","jivers",,"ulitane"
"477163","jives",,"lewaq"
"477164","jivey",,"liwol"
"477165","jividen",,"liwatat"
"477166","jivier",,"ulinata"
"477167","jiviest",,"ilonio"
"477168","jivin",,"olenao"
"477169","jiving",,"ilonena"
"477170","jiviniva",,"luwepian"
"477171","jivy",,"luwoa"
"477172","jiwani",,"labae"
"477173","jiwarli",,"ulumeu"
"477174","jixi",,"ledia"
"477175","jixian",,"olinit"
"477176","jixianite",,"lidanoot"
"477177","jixie",,"ladov"
"477178","jixuecao",,"lodeveot"
"477179","jiya",,"ulemta"
"477180","jiyang",,"lagae"
"477181","jiyuan",,"ligoi"
"477182","jiyue",,"eliwea"
"477183","jizbag",,"alinoo"
"477184","jizera",,"iletua"
"477185","jizhou",,"ulomune"
"477186","jizillion",,"ulonazon"
"477187","jizo",,"lokan"
"477188","jizya",,"liken"
"477189","jizyah",,"eluke"
"477190","jizyas",,"likeon"
"477191","jizz",,"uloli"
"477192","jizzak",,"ulolan"
"477193","jizzakh",,"lokena"
"477194","jizzbag",,"lukiro"
"477195","jizzed",,"lakuii"
"477196","jizzen",,"likoon"
"477197","jizzer",,"lekaoa"
"477198","jizzes",,"ilelu"
"477199","jizzhound",,"lakunao"
"477200","jizzing",,"lakurota"
"477201","jizzle",,"lukiota"
"477202","jizzmopper",,"lukizuun"
"477203","jizzrag",,"lukicen"
"477204","jizztastic",,"ulolira"
"477205","jizztrumpet",,"elulaqihi"
"477206","jizzum",,"elulea"
"477207","jizzwad",,"lakugat"
"477208","jizzy",,"elulai"
"477209","jjajangmyeon",,"umirafohat"
"477210","jjallen",,"amuteon"
"477211","jjamppong",,"imovijun"
"477212","jjapaguri",,"lilenui"
"477213","jjaraki",,"omejiat"
"477214","jjayala",,"umikaat"
"477215","jjba",,"omomu"
"477216","jjchiu",,"amemeta"
"477217","jjdoher",,"omupuan"
"477218","jjgilles",,"lekovoen"
"477219","jjgwynn",,"lakalon"
"477220","jjharris",,"imimaqi"
"477221","jjhyman",,"lilazo"
"477222","jjigae",,"lamuo"
"477223","jjim",,"lomo"
"477224","jjimdak",,"imuvoen"
"477225","jjimjilbang",,"lamasipuen"
"477226","jjinppang",,"lumahuen"
"477227","jjjj",,"linan"
"477228","jjjjj",,"umeri"
"477229","jjjjjj",,"lonuat"
"477230","jjjjjjj",,"imaroan"
"477231","jjjjjjjj",,"lenisai"
"477232","jjkoslos",,"omapazin"
"477233","jjmi",,"lotia"
"477234","jjoo",,"lizaa"
"477235","jjpenny",,"imeteo"
"477236","jjraush",,"lahubet"
"477237","jjschirr",,"omirusu"
"477238","jjtreste",,"imajiwo"
"477239","jjung",,"imezu"
"477240","jjws",,"lobie"
"477241","jkhand",,"lileeti"
"477242","jkim",,"inuvi"
"477243","jkjohn",,"lunao"
"477244","jkjonas",,"anopii"
"477245","jkkuchar",,"aniwiran"
"477246","jkping",,"anini"
"477247","jkpings",,"aniniat"
"477248","jkram",,"luhoza"
"477249","jksson",,"lujuot"
"477250","jlalpers",,"arutazi"
"477251","jlangemo",,"irozuzon"
"477252","jlbarnes",,"irimafo"
"477253","jlbc",,"arara"
"477254","jlbox",,"lamak"
"477255","jlbs",,"aracu"
"477256","jlcohan",,"lenenun"
"477257","jlcpcb",,"loniina"
"477258","jldentz",,"loripa"
"477259","jldotson",,"aropuwan"
"477260","jlem",,"losatu"
"477261","jleq",,"lasore"
"477262","jlequ",,"luseb"
"477263","jlflight",,"legiraen"
"477264","jlgray",,"urijat"
"477265","jliebman",,"lemoree"
"477266","jlin",,"orizni"
"477267","jling",,"iruzue"
"477268","jlkinsey",,"oranawe"
"477269","jllund",,"uriwata"
"477270","jlns",,"orict"
"477271","jlpan",,"lapopa"
"477272","jlpt",,"lepee"
"477273","jlschoen",,"lujineata"
"477274","jlsdmg",,"irusas"
"477275","jlsherre",,"uramuqu"
"477276","jlshreev",,"orimuzata"
"477277","jlsimmon",,"arenope"
"477278","jlsnyder",,"iruzovo"
"477279","jlsokolo",,"irupihan"
"477280","jlss",,"lajui"
"477281","jlssu",,"lujib"
"477282","jltaylor",,"iramozet"
"477283","jlthomas",,"lecufein"
"477284","jltllt",,"leciat"
"477285","jlunny",,"leqaan"
"477286","jlvanmukta",,"iromepata"
"477287","jlveal",,"lowiot"
"477288","jlzgdrs",,"oralean"
"477289","jmap",,"lilin"
"477290","jmarquet",,"usijade"
"477291","jmbloom",,"asatui"
"477292","jmbrown",,"lumefu"
"477293","jmcasas",,"esomue"
"477294","jmchui",,"lanoone"
"477295","jmcoyne",,"lenalin"
"477296","jmdgs",,"leroqa"
"477297","jmdrszg",,"liraqen"
"477298","jmdsg",,"lerum"
"477299","jmeter",,"osaqen"
"477300","jmgds",,"lekaq"
"477301","jmgs",,"asucna"
"477302","jmharged",,"lolicae"
"477303","jmhernan",,"asatofan"
"477304","jmho",,"liloa"
"477305","jmikey",,"usasat"
"477306","jmilgram",,"isutuqan"
"477307","jmking",,"lireon"
"477308","jmkoonme",,"lirofian"
"477309","jmmarchi",,"usumetot"
"477310","jmnr",,"osiji"
"477311","jmoses",,"asoco"
"477312","jmpret",,"lepiu"
"477313","jmrzg",,"osolie"
"477314","jmsdf",,"asesa"
"477315","jmsorci",,"lijocet"
"477316","jmtg",,"lecoi"
"477317","jmting",,"osunat"
"477318","jmvidal",,"liweten"
"477319","jmvorih",,"lowecu"
"477320","jmyang",,"logian"
"477321","jmzgdrs",,"likuten"
"477322","jnana",,"itozu"
"477323","jnanamarga",,"lolunai"
"477324","jnanas",,"itozin"
"477325","jnanashakti",,"itozuwotu"
"477326","jnanayoga",,"utizamot"
"477327","jnanendriya",,"lulevizuun"
"477328","jnavarro",,"otebiqat"
"477329","jndamask",,"otumurat"
"477330","jndi",,"itane"
"477331","jneq",,"leseno"
"477332","jnequ",,"lasab"
"477333","jnglab",,"lokoin"
"477334","jnieh",,"itutai"
"477335","jningram",,"lumemoat"
"477336","jnlp",,"lesas"
"477337","jnlst",,"lusew"
"477338","jnmusher",,"litoqeu"
"477339","jnos",,"lizae"
"477340","jnotlrac",,"atoqeqi"
"477341","jnov",,"uteba"
"477342","jnrees",,"ototen"
"477343","jnres",,"ititea"
"477344","jnrs",,"utucu"
"477345","jntsc",,"itacea"
"477346","jnusu",,"luqeb"
"477347","jnye",,"loges"
"477348","jo",,"iva"
"477349","joab",,"lilis"
"477350","joachim",,"lelonin"
"477351","joachima",,"lolinaat"
"477352","joachimism",,"lulanoet"
"477353","joachimite",,"evarisi"
"477354","joachimites",,"evarisavat"
"477355","joachims",,"lelonua"
"477356","joachimsthal",,"overusedi"
"477357","joachimsthaler",,"lalenifaon"
"477358","joachite",,"ivorasen"
"477359","joacima",,"ivorea"
"477360","joacimah",,"loliruat"
"477361","joadja",,"uvisia"
"477362","joah",,"lilina"
"477363","joahaz",,"ovemeta"
"477364","joan",,"lales"
"477365","joana",,"lelona"
"477366","joane",,"lulave"
"477367","joaned",,"avuzota"
"477368","joanetta",,"lulaviat"
"477369","joanette",,"loliveon"
"477370","joanie",,"lulai"
"477371","joanieca",,"laleraena"
"477372","joaning",,"avuzian"
"477373","joann",,"uvizoa"
"477374","joanna",,"avuzo"
"477375","joannas",,"avuziet"
"477376","joanne",,"ivozina"
"477377","joannes",,"ivozea"
"477378","joanneses",,"ovezazun"
"477379","joanneumite",,"lolipogeot"
"477380","joannite",,"lelopuot"
"477381","joannites",,"lelopuo"
"477382","joanns",,"uvizat"
"477383","joans",,"laleqe"
"477384","joany",,"lolila"
"477385","joao",,"evapo"
"477386","joappa",,"ivofina"
"477387","joaqu",,"uvihu"
"477388","joaquim",,"ovehoat"
"477389","joaquin",,"lalubet"
"477390","joaquina",,"lelabuot"
"477391","joaquinite",,"avuhasu"
"477392","joaquins",,"lalubii"
"477393","joas",,"uvicnu"
"477394","joash",,"lilunn"
"477395","joashus",,"lolini"
"477396","joass",,"uvicoa"
"477397","joat",,"loluni"
"477398","joateca",,"loluvo"
"477399","joatham",,"ivoqao"
"477400","job",,"lom"
"477401","joba",,"limonu"
"477402","jobab",,"avamoo"
"477403","joback",,"lomeo"
"477404","jobade",,"ivimun"
"477405","jobama",,"lomeoa"
"477406","joban",,"ovomae"
"477407","jobanowl",,"lumipie"
"477408","jobarbe",,"limoce"
"477409","jobation",,"lomewaat"
"477410","jobations",,"lomewaea"
"477411","jobbe",,"ivinii"
"477412","jobbed",,"lemeone"
"477413","jobbeds",,"lemevan"
"477414","jobber",,"lomoaa"
"477415","jobberies",,"lemeviin"
"477416","jobbernoul",,"lumuveot"
"477417","jobbernowl",,"limivaon"
"477418","jobbernowlism",,"lemevihoe"
"477419","jobbers",,"lomoven"
"477420","jobbery",,"lumuvon"
"477421","jobbet",,"lemeie"
"477422","jobbie",,"ivinui"
"477423","jobbies",,"ivineota"
"477424","jobbing",,"lemerin"
"477425","jobbings",,"lemerua"
"477426","jobbish",,"limira"
"477427","jobble",,"lamain"
"477428","jobbled",,"evenoun"
"477429","jobbles",,"lamavaa"
"477430","jobbling",,"evenosen"
"477431","jobby",,"evenao"
"477432","jobcentre",,"uvurufe"
"477433","jobcentres",,"uvurufin"
"477434","jobday",,"evesana"
"477435","jobe",,"lemuro"
"477436","jobed",,"ovoteo"
"477437","jobelan",,"limevin"
"477438","jobena",,"evetato"
"477439","jobernowl",,"uvutefota"
"477440","jobernowls",,"uvutefo"
"477441","jobes",,"lemuqu"
"477442","jobey",,"limel"
"477443","jobfish",,"lumorua"
"477444","jobforce",,"lamifoet"
"477445","jobholde",,"ivimozen"
"477446","jobholder",,"lomofiun"
"477447","jobholders",,"lomofiu"
"477448","jobholding",,"lemefoan"
"477449","jobhour",,"lumufun"
"477450","jobhunter",,"limibeet"
"477451","jobhunting",,"lomobao"
"477452","jobi",,"lomire"
"477453","jobian",,"ovonono"
"477454","jobie",,"lemovo"
"477455","jobin",,"evenut"
"477456","jobina",,"ovononu"
"477457","jobing",,"ovonane"
"477458","jobless",,"eveteua"
"477459","joblessly",,"lamuvii"
"477460","joblessness",,"lemavubeet"
"477461","joblessnesses",,"lamuvibain"
"477462","joblife",,"lemarin"
"477463","joblike",,"avation"
"477464","jobling",,"lumiru"
"477465","joblist",,"lamuret"
"477466","joblots",,"lomefi"
"477467","jobmaker",,"evevovot"
"477468","jobman",,"avavo"
"477469","jobmaster",,"lamanion"
"477470","jobmate",,"evevoe"
"477471","jobmen",,"ivivina"
"477472","jobmistress",,"lumurodien"
"477473","jobmonger",,"lamafiat"
"477474","jobname",,"uvuzaat"
"477475","jobnames",,"uvuzape"
"477476","jobo",,"lumeti"
"477477","jobpocalypse",,"uvufitofet"
"477478","jobran",,"lemeat"
"477479","jobrani",,"lemenu"
"477480","jobs",,"lomiri"
"477481","jobsearch",,"limuvuo"
"477482","jobseeker",,"avacazon"
"477483","jobseekers",,"avacazan"
"477484","jobseeking",,"uvucuzen"
"477485","jobshare",,"limunua"
"477486","jobshared",,"uvuceru"
"477487","jobshares",,"limunuen"
"477488","jobsharing",,"uvuceron"
"477489","jobsian",,"ovocaan"
"477490","jobsite",,"ovocai"
"477491","jobsmith",,"lamezian"
"477492","jobson",,"ivicot"
"477493","jobsonism",,"evecafon"
"477494","jobspeak",,"uvucuze"
"477495","jobss",,"lomiqt"
"477496","jobst",,"ivicoa"
"477497","jobster",,"lemowun"
"477498","jobstopper",,"lemowaen"
"477499","jobstown",,"lumawie"
"477500","jobstowns",,"lumawiin"
"477501","jobsworth",,"uvuceha"
"477502","jobsworths",,"uvucehen"
"477503","joburg",,"uvuwat"
"477504","jobweek",,"lomovena"
"477505","joby",,"lumeto"
"477506","jobye",,"limavo"
"477507","jobyna",,"uvuki"
"477508","jocant",,"evomuni"
"477509","jocasta",,"linoqu"
"477510","jocastan",,"ovimaban"
"477511","jocastas",,"linoqoot"
"477512","jocaste",,"lenaqat"
"477513","jocastes",,"lenaqae"
"477514","jocatory",,"ivumohoa"
"477515","jocelin",,"ivutuoa"
"477516","joceline",,"ovitisat"
"477517","jocelyn",,"aveteena"
"477518","jocelyne",,"uvatamun"
"477519","jocelynn",,"lenuvain"
"477520","jocelynne",,"lanivuon"
"477521","jocelynnes",,"lanivuan"
"477522","jocelyns",,"avetemon"
"477523","joch",,"lonoe"
"477524","jochabed",,"lononuet"
"477525","jochabeds",,"lononuia"
"477526","jochbed",,"lenerat"
"477527","jochebed",,"lanavoa"
"477528","jochen",,"avemot"
"477529","jocheung",,"avemadan"
"477530","jochiang",,"ivumeri"
"477531","jochim",,"lanaen"
"477532","jochum",,"lunuan"
"477533","jochums",,"lunubun"
"477534","jock",,"ovisna"
"477535","jockdom",,"laniten"
"477536","jocked",,"lunoet"
"477537","jocker",,"laniota"
"477538","jockette",,"uvasubun"
"477539","jockettes",,"uvasubu"
"477540","jockey",,"ivusua"
"477541","jockeydom",,"lenuvaot"
"477542","jockeyed",,"lanivuaa"
"477543","jockeying",,"lanivuat"
"477544","jockeyish",,"lonavee"
"477545","jockeyism",,"evosemena"
"477546","jockeyisms",,"evosemon"
"477547","jockeylike",,"linevoi"
"477548","jockeys",,"ivusiot"
"477549","jockeyship",,"avesamu"
"477550","jockeyships",,"avesamatot"
"477551","jocking",,"lunoru"
"477552","jockish",,"lenurot"
"477553","jockland",,"lonavian"
"477554","jockless",,"linevio"
"477555","jocklike",,"lonavaun"
"477556","jockney",,"lunopan"
"477557","jockneys",,"lunopuun"
"477558","jocko",,"uvasiu"
"477559","jockocracy",,"lenufua"
"477560","jockocrat",,"avesutan"
"477561","jockocratic",,"avesututu"
"477562","jockos",,"uvasate"
"477563","jocks",,"ovisai"
"477564","jockstra",,"ivuseben"
"477565","jockstrap",,"lineqoet"
"477566","jockstrappery",,"lenuqawuat"
"477567","jockstraps",,"lineqoi"
"477568","jockteleg",,"uvasizot"
"477569","jocktelegs",,"uvasizo"
"477570","jocky",,"uvasin"
"477571","joco",,"avept"
"477572","jocoaitique",,"linanediat"
"477573","jocolatte",,"lenivoote"
"477574","jocolet",,"ovipiia"
"477575","joconde",,"evopuea"
"477576","jocooserie",,"lunefoota"
"477577","jocoque",,"uvapaat"
"477578","jocoqui",,"avepeon"
"477579","jocoro",,"leniun"
"477580","jocose",,"uvapii"
"477581","jocosely",,"linaqia"
"477582","jocoseness",,"lunequin"
"477583","jocosenesses",,"linaqihaan"
"477584","jocoser",,"linaqin"
"477585","jocoseriosity",,"ivupezova"
"477586","jocoserious",,"lunequwuen"
"477587","jocosest",,"lonuqoi"
"477588","jocosities",,"lonuqain"
"477589","jocosity",,"lanoqion"
"477590","jocote",,"lonuo"
"477591","jocotes",,"lonuwet"
"477592","jocotoco",,"lonuwean"
"477593","jocsm",,"evoci"
"477594","jocson",,"lenouna"
"477595","jocteleg",,"aveqazon"
"477596","jocu",,"oviwa"
"477597","jocular",,"oviwii"
"477598","jocularism",,"aveweru"
"477599","jocularities",,"lunovawuon"
"477600","jocularity",,"lonaviu"
"477601","jocularly",,"lenuvoa"
"477602","jocularness",,"lonaviwoin"
"477603","joculary",,"uvaware"
"477604","joculator",,"lonaviun"
"477605","joculators",,"lonaviua"
"477606","joculatory",,"lunovaot"
"477607","joculatrix",,"uvawaro"
"477608","joculous",,"lanivuona"
"477609","jocum",,"avewo"
"477610","jocuma",,"evowun"
"477611","jocund",,"uvawie"
"477612","jocunder",,"lonapeon"
"477613","jocundest",,"lenupaina"
"477614","jocundities",,"lenupatoon"
"477615","jocundity",,"lunopiu"
"477616","jocundlier",,"oviwavin"
"477617","jocundliest",,"evowuvuvi"
"477618","jocundly",,"linepoa"
"477619","jocundness",,"lunopiin"
"477620","jocundnesses",,"linepohaan"
"477621","jocundry",,"lanipuen"
"477622","jocuno",,"laniaa"
"477623","jocunoity",,"ivuwehi"
"477624","joda",,"loreu"
"477625","jodan",,"evimuu"
"477626","jodave",,"evimana"
"477627","jodean",,"avotot"
"477628","jodeans",,"avoteo"
"477629","jodee",,"lurova"
"477630","jodeen",,"ivate"
"477631","jodeens",,"ivatiin"
"477632","jodel",,"avotea"
"477633","jodeled",,"loravo"
"477634","jodeler",,"lirevu"
"477635","jodeling",,"loravaun"
"477636","jodelled",,"ovutizi"
"477637","jodeller",,"ivatuzoa"
"477638","jodelling",,"ovutizot"
"477639","jodelr",,"luroon"
"477640","jodels",,"avotae"
"477641","jodene",,"ivatee"
"477642","jodenes",,"ivatein"
"477643","jodh",,"ivamn"
"477644","jodhpur",,"uvemuea"
"477645","jodhpured",,"lereheot"
"477646","jodhpuri",,"uvemudot"
"477647","jodhpurred",,"ivamidi"
"477648","jodhpurs",,"uvemudin"
"477649","jodhs",,"ivamea"
"477650","jodi",,"leroo"
"477651","jodie",,"larev"
"477652","jodies",,"lareot"
"477653","jodine",,"uvenane"
"477654","jodines",,"uvenoune"
"477655","jodis",,"leroqe"
"477656","jodl",,"evitne"
"477657","jodls",,"evitui"
"477658","jodo",,"liraa"
"477659","jodoigne",,"ovupane"
"477660","jodoin",,"ovupio"
"477661","jodphur",,"uvefee"
"477662","jodphures",,"ivafadon"
"477663","jodphurs",,"uvefedin"
"477664","jodrell",,"uvejuuna"
"477665","jodrells",,"uvejuzu"
"477666","jods",,"lerou"
"477667","jody",,"lirae"
"477668","jodyn",,"ovukaa"
"477669","jodynne",,"lorupet"
"477670","jodynnes",,"lorupai"
"477671","jodyns",,"ovuket"
"477672","jodys",,"liraq"
"477673","joe",,"ovau"
"477674","joeann",,"ivemine"
"477675","joebama",,"lesenat"
"477676","joeboat",,"avinuo"
"477677","joeboats",,"avinuret"
"477678","joebush",,"ovanoia"
"477679","joed",,"lasosa"
"477680","joee",,"evutnu"
"477681","joehead",,"ovamoet"
"477682","joel",,"lusino"
"477683","joela",,"lasunt"
"477684","joelah",,"ovatona"
"477685","joelie",,"lisoua"
"477686","joell",,"uvotae"
"477687","joella",,"avitos"
"477688","joelle",,"ivetina"
"477689","joellen",,"lusivat"
"477690","joelly",,"evutena"
"477691","joellyn",,"losevi"
"477692","joelr",,"evutia"
"477693","joels",,"lusiqu"
"477694","joelson",,"avition"
"477695","joelton",,"lisowa"
"477696","joeltons",,"lisowoen"
"477697","joely",,"lesalo"
"477698","joelyn",,"avitone"
"477699","joelynn",,"lesalu"
"477700","joemorg",,"losofan"
"477701","joen",,"lisunu"
"477702","joena",,"lusan"
"477703","joensen",,"evuzuu"
"477704","joensuu",,"lesoqe"
"477705","joensuus",,"lesoqein"
"477706","joeorso",,"lasocen"
"477707","joeph",,"uvofe"
"477708","joepmc",,"lasioti"
"477709","joerg",,"losoma"
"477710","joerger",,"ivejua"
"477711","joeron",,"ovajon"
"477712","joes",,"ovacne"
"477713","joeseph",,"ivecia"
"477714","joesmithite",,"losizadeo"
"477715","joesph",,"uvocata"
"477716","joesphs",,"uvocue"
"477717","joetard",,"lesinat"
"477718","joete",,"luseva"
"477719","joette",,"aviqot"
"477720","joeuser",,"lusoqi"
"477721","joever",,"avibot"
"477722","joewood",,"losofet"
"477723","joewoodes",,"lesefain"
"477724","joewoods",,"losofei"
"477725","joey",,"uvoko"
"477726","joeyes",,"iveke"
"477727","joeys",,"uvokoa"
"477728","joezer",,"ivelee"
"477729","joffe",,"avikaa"
"477730","joffre",,"lugoat"
"477731","joffres",,"lugoce"
"477732","joffrion",,"evukisi"
"477733","joforite",,"lugecoin"
"477734","jofre",,"uvojua"
"477735","joga",,"avumni"
"477736","jogah",,"lukin"
"477737","joganosh",,"avumihun"
"477738","jogappa",,"uvimuea"
"477739","jogathon",,"likowaon"
"477740","jogbehah",,"lukuveu"
"477741","joged",,"lekut"
"477742","jogee",,"ovetoi"
"477743","joget",,"lekuwa"
"477744","jogg",,"avult"
"477745","jogged",,"lokeet"
"477746","jogger",,"likoot"
"477747","joggered",,"ivoliqen"
"477748","joggering",,"ivoliqe"
"477749","joggers",,"likovoa"
"477750","joggies",,"uviloin"
"477751","joggin",,"lekaot"
"477752","jogging",,"lokerua"
"477753","joggingly",,"uvilofi"
"477754","joggings",,"lokeraot"
"477755","joggle",,"lekaua"
"477756","joggled",,"oveliat"
"477757","joggler",,"ivoluet"
"477758","jogglers",,"ivoluzi"
"477759","joggles",,"lekavot"
"477760","jogglety",,"uvilazot"
"477761","jogglework",,"ovelizen"
"477762","joggling",,"oveliso"
"477763","joggly",,"lukiun"
"477764","joggy",,"oveleo"
"477765","joghee",,"lekeune"
"477766","joghi",,"likir"
"477767","jogi",,"uvinn"
"477768","jogjakarta",,"lukenuo"
"477769","jogjakartan",,"ivoruvebu"
"477770","jogjakartas",,"lukenusiet"
"477771","jogjoljor",,"evarazat"
"477772","joglar",,"uvitun"
"477773","jogle",,"lakuv"
"477774","jogli",,"lekar"
"477775","jogo",,"evapn"
"477776","jogpants",,"lokanaun"
"477777","jogs",,"uvicta"
"477778","jogtrot",,"lukece"
"477779","jogtrots",,"lukeciin"
"477780","jogtrotted",,"lokuceu"
"477781","jogtrotting",,"lokucedion"
"477782","jogtrottism",,"ivoqahugot"
"477783","jogue",,"ovewoa"
"477784","jogulamba",,"ovewiru"
"477785","joha",,"liloe"
"477786","johachidolite",,"lolesutii"
"477787","johad",,"uvumio"
"477788","johal",,"ivimue"
"477789","johan",,"ovomai"
"477790","johanama",,"ovomarun"
"477791","johanan",,"lulipun"
"477792","johanchr",,"ivimeton"
"477793","johann",,"liloote"
"477794","johanna",,"lulipuna"
"477795","johannah",,"evemufena"
"477796","johannas",,"lulipou"
"477797","johanne",,"lolepi"
"477798","johannean",,"ovomafu"
"477799","johanneans",,"ovomafot"
"477800","johannes",,"lolepaat"
"477801","johannesburg",,"lilopepiu"
"477802","johannesburger",,"uvumofede"
"477803","johannesburgs",,"lilopepiot"
"477804","johannesen",,"avamife"
"477805","johanneses",,"lelapuen"
"477806","johanneshov",,"lilopepie"
"477807","johanness",,"lolepae"
"477808","johannessen",,"avamifodin"
"477809","johanneum",,"lulipoot"
"477810","johanni",,"lilopen"
"477811","johannian",,"ivimefata"
"477812","johannic",,"lilopeet"
"477813","johannine",,"evemufon"
"477814","johanning",,"ivimefe"
"477815","johannisberg",,"lulipotuan"
"477816","johannisberger",,"avamifadi"
"477817","johannism",,"lelapuon"
"477818","johannist",,"uvumofen"
"477819","johannists",,"uvumofon"
"477820","johannite",,"ivimefan"
"477821","johannites",,"ivimefun"
"477822","johanns",,"lilopo"
"477823","johannsen",,"evemufeta"
"477824","johannsenite",,"lilopebau"
"477825","johanseb",,"lalupiet"
"477826","johansen",,"lolepaata"
"477827","johanson",,"lalupian"
"477828","johansons",,"lalupiun"
"477829","johanssen",,"lolepaea"
"477830","johansson",,"lalupiuna"
"477831","johar",,"avamou"
"477832","johari",,"avameta"
"477833","joharito",,"laluciana"
"477834","johathan",,"ivimorona"
"477835","johen",,"avatin"
"477836","johiah",,"avanona"
"477837","johillerite",,"lolivipeen"
"477838","johimbe",,"eveniot"
"477839","johm",,"lalan"
"477840","john",,"evezo"
"477841","johna",,"ovozie"
"477842","johnadam",,"lulanie"
"477843","johnadreams",,"avazevufu"
"477844","johnadreamss",,"avazevufot"
"477845","johnath",,"ovoziun"
"477846","johnatha",,"ivizubon"
"477847","johnathan",,"lulaniaa"
"477848","johnathans",,"lulanien"
"477849","johnatho",,"uvuzaba"
"477850","johnathon",,"lalenue"
"477851","johnathons",,"lalenuin"
"477852","johnbaumite",,"ivizarahe"
"477853","johnboat",,"uvuzehin"
"477854","johnboater",,"lolireu"
"477855","johnboats",,"uvuzeha"
"477856","johncock",,"ovozahe"
"477857","johnd",,"lulat"
"477858","johndarm",,"avazuran"
"477859","johndave",,"uvuzire"
"477860","johnday",,"loliton"
"477861","johndays",,"lolitian"
"477862","johne",,"avazai"
"477863","johned",,"liluua"
"477864","johnes",,"avazena"
"477865","johnetta",,"avazabi"
"477866","johnette",,"iviziben"
"477867","johnfitz",,"lolilau"
"477868","johni",,"evezua"
"477869","johnian",,"liluren"
"477870","johnians",,"liluruon"
"477871","johnie",,"avazeta"
"477872","johnies",,"avazii"
"477873","johnij",,"lulaea"
"477874","johnin",,"loliane"
"477875","johninnesite",,"lolirahuon"
"477876","johnins",,"loliruna"
"477877","johnj",,"lulas"
"477878","johnjkim",,"leloseon"
"477879","johnkat",,"lulate"
"477880","johnlenn",,"lolivoe"
"477881","johnless",,"lolivoun"
"477882","johnlock",,"lulaviot"
"477883","johnlocker",,"avazehin"
"477884","johnm",,"uvuze"
"477885","johnmeyer",,"liluziet"
"477886","johnna",,"liluoti"
"477887","johnni",,"loliani"
"477888","johnnie",,"lelopota"
"477889","johnnies",,"lelopuoa"
"477890","johnno",,"lulauna"
"477891","johnny",,"lulaata"
"477892","johnnycake",,"lilupoi"
"477893","johnnycakes",,"lilupoveat"
"477894","johnnydom",,"avazime"
"477895","johnnys",,"lulape"
"477896","johno",,"ivizoi"
"477897","johnofga",,"lalefaun"
"477898","johnop",,"liluaa"
"477899","johnpaul",,"evezeren"
"477900","johns",,"evezue"
"477901","johnsa",,"ovoziu"
"477902","johnsburg",,"ovozasot"
"477903","johnsburgs",,"ovozaso"
"477904","johnsbury",,"ivizesi"
"477905","johnsen",,"leloqin"
"477906","johnsens",,"leloqea"
"477907","johnshaven",,"leloqion"
"477908","johnsmas",,"avazipat"
"477909","johnsmass",,"avazipe"
"477910","johnsomervilleite",,"loliqefuo"
"477911","johnson",,"lulaqu"
"477912","johnsonb",,"evezuhen"
"477913","johnsonburg",,"lalequhua"
"477914","johnsonburgs",,"lalequhuen"
"477915","johnsonese",,"loliqeina"
"477916","johnsoneses",,"loliqehua"
"477917","johnsongrass",,"ivizehiso"
"477918","johnsongrasses",,"ovozahose"
"477919","johnsonian",,"uvuzohi"
"477920","johnsoniana",,"avazihavo"
"477921","johnsonianas",,"avazihavet"
"477922","johnsonianism",,"ovozahovu"
"477923","johnsonianisms",,"ovozahovot"
"477924","johnsonianly",,"liluqohia"
"477925","johnsonianlys",,"liluqohien"
"477926","johnsonians",,"uvuzohuvat"
"477927","johnsonism",,"loliqeen"
"477928","johnsonisms",,"loliqehoon"
"477929","johnsonite",,"uvuzohon"
"477930","johnsonomics",,"lulaqihaun"
"477931","johnsons",,"lulaqiot"
"477932","johnsonv",,"uvuzoha"
"477933","johnsonville",,"avazihalon"
"477934","johnsonvilles",,"avazihalan"
"477935","johnsrud",,"avaziqan"
"477936","johnss",,"evezin"
"477937","johnsson",,"lulaqoota"
"477938","johnsten",,"ovozabe"
"477939","johnston",,"avazibun"
"477940","johnstone",,"uvuzobo"
"477941","johnstoni",,"avazibin"
"477942","johnstons",,"avazibu"
"477943","johnstonville",,"liluqojien"
"477944","johnstow",,"lulaqiin"
"477945","johnstown",,"ivizebat"
"477946","johnstowns",,"ivizebe"
"477947","johnstrupite",,"avazibuken"
"477948","johnsvil",,"ivizegana"
"477949","johnsville",,"lulaqaet"
"477950","johntomaite",,"avazuhuta"
"477951","johnwalkite",,"evezirupun"
"477952","johny",,"ivizoo"
"477953","joho",,"lulei"
"477954","johol",,"uvupae"
"477955","johor",,"evepi"
"477956","johore",,"avapeno"
"477957","johorean",,"lolucoat"
"477958","johorian",,"lilaceon"
"477959","johors",,"evepin"
"477960","johppa",,"leluee"
"477961","johppah",,"ivifiet"
"477962","johst",,"ivicoe"
"477963","joiada",,"limoea"
"477964","joiadas",,"limotin"
"477965","joiakim",,"evomeo"
"477966","joiarib",,"avemoon"
"477967","joice",,"oviro"
"477968","joiceless",,"limuvuen"
"477969","joicey",,"uvari"
"477970","joichiro",,"evoriset"
"477971","joie",,"ovitna"
"477972","joigny",,"lomeia"
"477973","joik",,"ovisne"
"477974","joiked",,"lumoia"
"477975","joiker",,"lamioa"
"477976","joiking",,"lumorota"
"477977","join",,"luman"
"477978","joinability",,"ovizisofet"
"477979","joinable",,"limunao"
"477980","joinant",,"lominan"
"477981","joind",,"avezue"
"477982","joinder",,"limutot"
"477983","joinders",,"limutio"
"477984","joined",,"uvazane"
"477985","joinedst",,"lomivean"
"477986","joiner",,"avezena"
"477987","joinered",,"lomivui"
"477988","joineries",,"uvazuqa"
"477989","joinering",,"lomivuot"
"477990","joiners",,"avezaon"
"477991","joinerville",,"limuvakie"
"477992","joinervilles",,"limuvakiin"
"477993","joinery",,"ovizoan"
"477994","joinerys",,"ovizoqun"
"477995","joinest",,"uvazue"
"477996","joineth",,"limuvo"
"477997","joinhand",,"uvazerot"
"477998","joinin",,"ivuzena"
"477999","joining",,"uvazoaa"
"478000","joiningly",,"limureun"
"478001","joinings",,"uvazofen"
"478002","joinpoint",,"evozehan"
"478003","joins",,"lumaq"
"478004","joinson",,"avezian"
"478005","joint",,"avezui"
"478006","jointage",,"evozaro"
"478007","jointassets",,"limuwubiat"
"478008","jointed",,"lomiwon"
"478009","jointedly",,"uvazizot"
"478010","jointedness",,"avezuzeju"
"478011","jointednesses",,"uvazizaji"
"478012","jointednesss",,"avezuzejot"
"478013","jointer",,"limuwa"
"478014","jointers",,"limuwien"
"478015","jointery",,"lamewaon"
"478016","jointest",,"lomiwoat"
"478017","jointfir",,"ovizemot"
"478018","jointing",,"lomiwain"
"478019","jointings",,"lomiwaa"
"478020","jointist",,"limuweon"
"478021","jointless",,"lemowoen"
"478022","jointlessly",,"ivuzozadu"
"478023","jointlessness",,"uvazizedun"
"478024","jointlier",,"ivuzozat"
"478025","jointliest",,"ovizezo"
"478026","jointly",,"lumawea"
"478027","jointness",,"lamewiat"
"478028","jointnesses",,"lumawopuen"
"478029","jointproperty",,"lamewaween"
"478030","jointress",,"limuwaona"
"478031","jointresses",,"lomiwupoot"
"478032","joints",,"avezet"
"478033","jointtenancy",,"lamewupain"
"478034","jointure",,"lomiwoata"
"478035","jointured",,"ivuzodon"
"478036","jointureless",,"evozadafun"
"478037","jointures",,"lomiwoe"
"478038","jointuress",,"lomiwoin"
"478039","jointuresses",,"lemowewian"
"478040","jointuring",,"ivuzodin"
"478041","jointvetch",,"lemowoet"
"478042","jointweed",,"lumawee"
"478043","jointweeds",,"lumawein"
"478044","jointwood",,"lamewoat"
"478045","jointworm",,"lomiwuin"
"478046","jointworms",,"lomiwua"
"478047","jointy",,"ovizie"
"478048","joinup",,"evozin"
"478049","joinvile",,"lamedian"
"478050","joinviles",,"lamediun"
"478051","joinville",,"avezesu"
"478052","joio",,"aveps"
"478053","joisey",,"uvacan"
"478054","joist",,"lemow"
"478055","joisted",,"evocau"
"478056","joisting",,"evocason"
"478057","joistless",,"avecuzun"
"478058","joistlike",,"uvacizena"
"478059","joists",,"lemoe"
"478060","joistwork",,"ovicekot"
"478061","joji",,"lenoa"
"478062","jojifuku",,"evinedon"
"478063","jojo",,"linat"
"478064","jojoba",,"evipea"
"478065","jojobas",,"evipiin"
"478066","jojola",,"uvepun"
"478067","jojos",,"linaq"
"478068","jojtori",,"linafen"
"478069","jojutsu",,"avowuon"
"478070","jokai",,"ivemeo"
"478071","jokais",,"ivemao"
"478072","jokamachi",,"lerazoen"
"478073","jokari",,"loreon"
"478074","jokaste",,"laruqo"
"478075","jokbal",,"ovanon"
"478076","jokdeam",,"liravin"
"478077","jokduri",,"evuseot"
"478078","joke",,"evutta"
"478079","jokebook",,"lireroen"
"478080","jokebooks",,"lireroon"
"478081","joked",,"lurot"
"478082","jokee",,"avita"
"478083","jokefest",,"evuteza"
"478084","jokefic",,"lerulin"
"478085","jokeful",,"avitaie"
"478086","jokefully",,"lurolua"
"478087","jokefulness",,"larilapain"
"478088","jokelang",,"uvotarot"
"478089","jokeless",,"loravoan"
"478090","jokelessness",,"avitezadot"
"478091","jokelet",,"ivetuaa"
"478092","jokelike",,"leruvua"
"478093","jokely",,"lariaa"
"478094","jokeman",,"leruzu"
"478095","jokeproof",,"lorahuin"
"478096","joker",,"laric"
"478097","jokeresque",,"lireciet"
"478098","jokeress",,"lurocuun"
"478099","jokerfication",,"ivetamizen"
"478100","jokers",,"lariae"
"478101","jokes",,"evutui"
"478102","jokesmith",,"uvotopena"
"478103","jokesmiths",,"uvotopon"
"478104","jokesome",,"avitihi"
"478105","jokesomeness",,"lariqufoin"
"478106","jokest",,"luroi"
"478107","jokester",,"avitibon"
"478108","jokesters",,"avitibana"
"478109","jokette",,"uvotiat"
"478110","jokey",,"ivetos"
"478111","jokeyness",,"lireleen"
"478112","jokgu",,"ovaloa"
"478113","joki",,"ovann"
"478114","jokic",,"ovanaa"
"478115","jokier",,"lareo"
"478116","jokiest",,"luravun"
"478117","jokily",,"leroua"
"478118","jokim",,"avinoe"
"478119","jokin",,"lirupa"
"478120","jokiness",,"loripoun"
"478121","jokinesses",,"leropeet"
"478122","joking",,"luraea"
"478123","jokinglier",,"loripien"
"478124","jokingliest",,"leropopee"
"478125","jokingly",,"evununon"
"478126","jokish",,"leroine"
"478127","jokist",,"lareena"
"478128","jokjakarta",,"lorunoin"
"478129","jokkmokk",,"uvosehen"
"478130","jokmeam",,"ivevio"
"478131","jokneam",,"lerovu"
"478132","jokokuite",,"luretua"
"478133","jokol",,"leriv"
"478134","jokowi",,"ovapana"
"478135","jokshan",,"evuciaa"
"478136","joktaleg",,"evuqozo"
"478137","joktalegs",,"evuqozet"
"478138","joktan",,"aviqene"
"478139","joktheel",,"lorunoat"
"478140","jokul",,"lirev"
"478141","jokulhaup",,"larivoun"
"478142","jokulhlaup",,"aviwerot"
"478143","joky",,"uvoku"
"478144","jokyakarta",,"evukovet"
"478145","jola",,"lesani"
"478146","jolabokaflod",,"lasuruzia"
"478147","jolada",,"ivomu"
"478148","jolani",,"avumet"
"478149","jolanta",,"lusipat"
"478150","jolda",,"ovesii"
"478151","jole",,"lusoi"
"478152","joled",,"avutui"
"478153","jolee",,"lisev"
"478154","joleen",,"oveteti"
"478155","jolejole",,"lisesoen"
"478156","jolene",,"oveteto"
"478157","jolenes",,"ovetaie"
"478158","jolenta",,"losapon"
"478159","joles",,"lusoqe"
"478160","joletta",,"lusowan"
"478161","jolfa",,"uvika"
"478162","joli",,"laseu"
"478163","jolicoeur",,"ovenahu"
"478164","jolie",,"lusava"
"478165","joliet",,"avunene"
"478166","joliets",,"avunaon"
"478167","joliette",,"losivean"
"478168","joliettes",,"losiveun"
"478169","jolimont",,"losizeu"
"478170","jolin",,"uvinou"
"478171","jolina",,"avuneti"
"478172","joline",,"ivonae"
"478173","joling",,"avunii"
"478174","joliot",,"ivono"
"478175","joliotite",,"lasefuun"
"478176","joliotium",,"avunubin"
"478177","jolitz",,"lesoee"
"478178","jolivet",,"losidi"
"478179","jolivets",,"losidoat"
"478180","jolivette",,"ovenize"
"478181","jolix",,"uvinot"
"478182","jolixes",,"ivoneo"
"478183","jolkinin",,"lusoroo"
"478184","jolkinolide",,"ovesafifon"
"478185","joll",,"avutna"
"478186","jolla",,"evatoi"
"478187","jollanta",,"uvitafina"
"478188","jollas",,"evatus"
"478189","jolled",,"loseen"
"478190","jollenta",,"ovetofun"
"478191","joller",,"lisoino"
"478192","jolles",,"uvitate"
"478193","jolley",,"evatet"
"478194","jolleyed",,"lisovoot"
"478195","jolleyer",,"lusiviun"
"478196","jolleyers",,"lusiviu"
"478197","jolleying",,"lisovoan"
"478198","jolleyings",,"lisovoun"
"478199","jolleyman",,"lesavao"
"478200","jolleys",,"evateina"
"478201","jollied",,"loseri"
"478202","jollier",,"lisoroe"
"478203","jolliers",,"lisoriet"
"478204","jollies",,"uvitou"
"478205","jolliest",,"loseroun"
"478206","jolliet",,"loserana"
"478207","jolliets",,"loserouna"
"478208","jolliff",,"ivotean"
"478209","jolliffe",,"ovetamot"
"478210","jolliffeite",,"lusirunean"
"478211","jollification",,"lasurataan"
"478212","jollifications",,"lasurataun"
"478213","jollified",,"avutimu"
"478214","jollifies",,"lusiruena"
"478215","jollify",,"loseruna"
"478216","jollifying",,"ovetami"
"478217","jollilier",,"ivotezune"
"478218","jolliliest",,"ovetazen"
"478219","jollily",,"lusiru"
"478220","jolliment",,"uvitopen"
"478221","jolliments",,"uvitopon"
"478222","jolliness",,"lasuriun"
"478223","jollinesses",,"lusiropuet"
"478224","jolling",,"losere"
"478225","jollisome",,"uvitowen"
"478226","jollities",,"loserein"
"478227","jollitry",,"ovetabu"
"478228","jollity",,"lasuron"
"478229","jollof",,"losean"
"478230","jollop",,"loseia"
"478231","jolloped",,"ovetejun"
"478232","jollops",,"losefat"
"478233","jolls",,"avutina"
"478234","jolly",,"oveteu"
"478235","jollyball",,"lusileot"
"478236","jollyboat",,"avutusat"
"478237","jollyboats",,"avutuse"
"478238","jollyer",,"lasulen"
"478239","jollyers",,"lasulaon"
"478240","jollyful",,"evatamet"
"478241","jollyhead",,"oveterea"
"478242","jollyheads",,"oveterina"
"478243","jollying",,"lusiloa"
"478244","jollyings",,"lusiloen"
"478245","jollyness",,"loselae"
"478246","jollyrog",,"lusileota"
"478247","jollysome",,"evatawet"
"478248","jollytail",,"evatabon"
"478249","jolo",,"losuno"
"478250","joloano",,"uvipau"
"478251","joloanos",,"uvipafota"
"478252","jolof",,"avupae"
"478253","jolokia",,"losutat"
"478254","jolon",,"evapue"
"478255","jolons",,"evapina"
"478256","jolpan",,"lasioa"
"478257","jols",,"lasen"
"478258","jolson",,"evacin"
"478259","jolsonian",,"lisufean"
"478260","jolsons",,"evacaaa"
"478261","jolt",,"evaqne"
"478262","jolted",,"lisaea"
"478263","jolter",,"luseia"
"478264","jolterhead",,"lusevein"
"478265","jolterheaded",,"uviquqifo"
"478266","jolterheadedness",,"luseveseat"
"478267","jolterheads",,"lusevesea"
"478268","jolters",,"lusevata"
"478269","jolthead",,"evaqizot"
"478270","joltheaded",,"lisanien"
"478271","joltheads",,"evaqizo"
"478272","joltier",,"luserun"
"478273","joltiest",,"lisarien"
"478274","joltily",,"lasorona"
"478275","joltiness",,"lesiruen"
"478276","joltinesss",,"lesiruona"
"478277","jolting",,"lisareta"
"478278","joltingly",,"avuqifin"
"478279","joltless",,"losuvoat"
"478280","joltproof",,"losuhuot"
"478281","joltram",,"lusecuna"
"478282","jolts",,"evaqui"
"478283","jolty",,"ivoqoe"
"478284","joly",,"losuta"
"478285","jolyn",,"evakua"
"478286","jolynn",,"losuona"
"478287","jolyon",,"ivokaa"
"478288","joma",,"ovomna"
"478289","jomada",,"letaan"
"478290","jomadas",,"letatun"
"478291","jomalig",,"latuvi"
"478292","jomart",,"ovomono"
"478293","jomayca",,"avamuo"
"478294","jombola",,"ivinooe"
"478295","jomda",,"latona"
"478296","jomer",,"lutoc"
"478297","jominian",,"ovonasine"
"478298","jomo",,"ivipna"
"478299","jomoke",,"evepuu"
"478300","jomolhari",,"lotuvuot"
"478301","jomon",,"lutepa"
"478302","jomos",,"ivipeu"
"478303","jompon",,"ovofan"
"478304","jona",,"lavut"
"478305","jonadab",,"levatata"
"478306","jonael",,"uvamanu"
"478307","jonaerys",,"ivumiqo"
"478308","jonafree",,"lavuloet"
"478309","jonagold",,"levamaa"
"478310","jonah",,"ovimuo"
"478311","jonahesque",,"avemozune"
"478312","jonahism",,"avemosun"
"478313","jonahisms",,"avemosu"
"478314","jonahs",,"ovimi"
"478315","jonalicious",,"evomosevun"
"478316","jonamac",,"luvizan"
"478317","jonan",,"uvamoi"
"478318","jonancy",,"evomuu"
"478319","jonancys",,"evomutot"
"478320","jonanian",,"levapua"
"478321","jonas",,"lavuqi"
"478322","jonass",,"lavuaa"
"478323","jonasson",,"evomuwo"
"478324","jonathan",,"avemuran"
"478325","jonathanisation",,"avemurije"
"478326","jonathanisations",,"avemurijin"
"478327","jonathanization",,"lavuwosaat"
"478328","jonathanizations",,"lavuwosae"
"478329","jonathans",,"avemurun"
"478330","jonathanson",,"livowasie"
"478331","jonathon",,"evomaren"
"478332","jonathons",,"evomaron"
"478333","jonati",,"evomua"
"478334","jonatic",,"evomain"
"478335","jonava",,"evomuno"
"478336","jonbar",,"leveata"
"478337","jonben",,"leveate"
"478338","jonbens",,"levevea"
"478339","joncanoe",,"averefon"
"478340","joncanoes",,"averefan"
"478341","jonchets",,"livunio"
"478342","jondla",,"livau"
"478343","jone",,"liven"
"478344","joned",,"uvatis"
"478345","jonel",,"ivutus"
"478346","jonell",,"lavio"
"478347","jonelle",,"luvovat"
"478348","jonels",,"ivutota"
"478349","jonerys",,"ovitui"
"478350","jones",,"liveqe"
"478351","jonesboro",,"liveqaet"
"478352","jonesboros",,"liveqai"
"478353","jonesborough",,"avetiseben"
"478354","jonesboroughs",,"avetisebon"
"478355","jonesburg",,"luvoqein"
"478356","jonesburgs",,"luvoqea"
"478357","jonesed",,"ivutein"
"478358","jonesee",,"levuqat"
"478359","joneser",,"uvatoata"
"478360","joneses",,"lovaqet"
"478361","jonesesque",,"levuqea"
"478362","jonesian",,"ivuteset"
"478363","jonesians",,"ivutesi"
"478364","jonesin",,"ovitaata"
"478365","jonesing",,"ivutesia"
"478366","jonesite",,"ivutesen"
"478367","jonesport",,"ivuteji"
"478368","jonesports",,"ivutejat"
"478369","joness",,"liveue"
"478370","jonestow",,"uvatobu"
"478371","jonestown",,"laviquan"
"478372","jonestowner",,"evotubomi"
"478373","jonestowns",,"laviquun"
"478374","jonesville",,"uvatogen"
"478375","jonesvilles",,"uvatogufon"
"478376","jonesvillian",,"lovaqitaon"
"478377","jonesy",,"laviota"
"478378","jonette",,"levuwun"
"478379","jonezin",,"lovami"
"478380","jonezing",,"livemeet"
"478381","jong",,"lavus"
"478382","jongchih",,"levasiet"
"478383","jongensland",,"livovebeun"
"478384","jongg",,"levam"
"478385","jonggu",,"lavuete"
"478386","jongh",,"ovilu"
"478387","jonghun",,"lovenun"
"478388","jonghyuk",,"ovilumin"
"478389","jongian",,"aveliane"
"478390","jongkhar",,"levatien"
"478391","jongkind",,"levatuen"
"478392","jongkinds",,"levatuon"
"478393","jonglei",,"uvalain"
"478394","jonglem",,"oviliun"
"478395","jonglery",,"lavuvaia"
"478396","jongleur",,"lovevoune"
"478397","jongleuresses",,"lavuvagua"
"478398","jongleurs",,"lovevou"
"478399","jongo",,"lovefa"
"478400","jongpen",,"livoho"
"478401","jongpon",,"levaha"
"478402","jongs",,"lavuqo"
"478403","jongseong",,"evoluzi"
"478404","jongsun",,"ivuleet"
"478405","jongwoei",,"luvigiin"
"478406","jongwoo",,"lovegat"
"478407","joni",,"luvas"
"478408","jonidan",,"loviti"
"478409","jonie",,"livuve"
"478410","jonigkeit",,"uvanavet"
"478411","jonina",,"uvanune"
"478412","joning",,"uvanu"
"478413","jonis",,"luvaqe"
"478414","jonker",,"uvasati"
"478415","jonkler",,"levuvin"
"478416","jonkmanskas",,"evosiredun"
"478417","jonkonna",,"levufuo"
"478418","jonkoping",,"lavifain"
"478419","jonkopings",,"lavifaa"
"478420","jonme",,"leveva"
"478421","jonna",,"uvazaa"
"478422","jonneek",,"avezaet"
"478423","jonnesco",,"uvazuwu"
"478424","jonnick",,"ovizaun"
"478425","jonno",,"avezuo"
"478426","jonnock",,"uvaziu"
"478427","jonnop",,"laveena"
"478428","jonny",,"avezuu"
"478429","jonnycake",,"uvazitin"
"478430","jonnycakes",,"uvazita"
"478431","jonokuchi",,"evopedi"
"478432","jonovich",,"lavodian"
"478433","jonque",,"livoua"
"478434","jonqui",,"luviata"
"478435","jonquil",,"uvahuin"
"478436","jonquill",,"levabuen"
"478437","jonquilla",,"lovebain"
"478438","jonquille",,"lavubiun"
"478439","jonquils",,"uvahusa"
"478440","jons",,"luvana"
"478441","jonsa",,"laveno"
"478442","jonse",,"livuvi"
"478443","jonsen",,"ovicon"
"478444","jonsered",,"lovivuon"
"478445","jonsok",,"laveene"
"478446","jonson",,"avecet"
"478447","jonsonesque",,"ivucofadun"
"478448","jonsonian",,"lovifain"
"478449","jonsons",,"avecuia"
"478450","jonsson",,"avecii"
"478451","jonties",,"uvaqoe"
"478452","jontron",,"aveqoi"
"478453","jonty",,"oviqee"
"478454","jonval",,"loveeta"
"478455","jonvalization",,"avebezason"
"478456","jonvalize",,"uvabazot"
"478457","jonvals",,"lovenia"
"478458","jonway",,"lavaota"
"478459","jonwin",,"evodin"
"478460","jonwolf",,"luvufua"
"478461","jooal",,"lizov"
"478462","jooals",,"lizoin"
"478463","jooar",,"lazuc"
"478464","jooc",,"avorn"
"478465","jooish",,"luzauna"
"478466","jooj",,"lizao"
"478467","joojed",,"ivarina"
"478468","joojes",,"lozuete"
"478469","joojing",,"ivarei"
"478470","jook",,"uvess"
"478471","jooked",,"lezuat"
"478472","jooker",,"lozaet"
"478473","jookerie",,"lezuviot"
"478474","jookeries",,"lezuvioa"
"478475","jookery",,"luzovat"
"478476","jooking",,"lezuro"
"478477","jookraine",,"ovusurin"
"478478","jooks",,"uvesoe"
"478479","jool",,"loze"
"478480","joola",,"lizon"
"478481","joolah",,"avoteta"
"478482","jools",,"lozeq"
"478483","joom",,"ivavn"
"478484","jooming",,"lazaran"
"478485","joomla",,"lezeea"
"478486","joomscan",,"lazaqion"
"478487","joon",,"lezo"
"478488","joondalup",,"ovuzerua"
"478489","joong",,"lozim"
"478490","joonooi",,"lazefi"
"478491","jooot",,"lazow"
"478492","joos",,"avocte"
"478493","joosh",,"luzano"
"478494","jooshed",,"uveceuna"
"478495","jooshes",,"lizuna"
"478496","jooshing",,"uvecesen"
"478497","jooss",,"avocia"
"478498","joosss",,"avocena"
"478499","joost",,"lizuw"
"478500","jooste",,"lozien"
"478501","joosten",,"evicain"
"478502","joostes",,"loziwon"
"478503","jootha",,"eviqu"
"478504","jooyul",,"lizain"
"478505","joozh",,"ovulua"
"478506","joozhed",,"luzonan"
"478507","joozhes",,"eviliin"
"478508","joozhing",,"luzonoaa"
"478509","jopa",,"lupia"
"478510","jopadhola",,"ovamerue"
"478511","jopara",,"ovameti"
"478512","jophiel",,"leperot"
"478513","jophiels",,"lepereo"
"478514","joplin",,"lupiun"
"478515","joplinesque",,"loperapoa"
"478516","joplins",,"lupirua"
"478517","jopp",,"evufe"
"478518","joppa",,"ovafia"
"478519","joppae",,"evufun"
"478520","joppas",,"ovafon"
"478521","jora",,"lihon"
"478522","jorah",,"avamos"
"478523","jorai",,"lihor"
"478524","joram",,"lehaza"
"478525","jorams",,"lehauna"
"478526","jorb",,"uvunn"
"478527","jord",,"ivist"
"478528","jordaens",,"luhenuata"
"478529","jordahl",,"ivisuo"
"478530","jordain",,"lahonen"
"478531","jordan",,"lahoot"
"478532","jordana",,"lehinun"
"478533","jordanaires",,"ovosifavot"
"478534","jordanella",,"lohunae"
"478535","jordanellae",,"lehinupuen"
"478536","jordanellas",,"lohunapain"
"478537","jordanes",,"luhenoat"
"478538","jordanesque",,"lihanepion"
"478539","jordanhill",,"uvusafona"
"478540","jordania",,"lehinuin"
"478541","jordanian",,"avasefat"
"478542","jordanianism",,"ivisufitot"
"478543","jordanianization",,"lahonitiun"
"478544","jordanianize",,"luhenotoet"
"478545","jordanianized",,"avasefata"
"478546","jordanianizes",,"luhenotoi"
"478547","jordanianizing",,"avasefatat"
"478548","jordanianness",,"lahonitia"
"478549","jordanians",,"avasefe"
"478550","jordanite",,"avasefan"
"478551","jordanization",,"ivisufisa"
"478552","jordanize",,"ovosifun"
"478553","jordanna",,"avasefon"
"478554","jordano",,"lohunon"
"478555","jordanon",,"evesofa"
"478556","jordans",,"lahono"
"478557","jordanson",,"evesofen"
"478558","jordanston",,"luhenoa"
"478559","jordanstone",,"lihanebuan"
"478560","jordanstown",,"lohunabiot"
"478561","jordanville",,"evesofuvan"
"478562","jordanvilles",,"evesofuvun"
"478563","jordeloo",,"lihavuoa"
"478564","jordeloos",,"lihavueta"
"478565","jorden",,"lihaee"
"478566","jordi",,"ivisee"
"478567","jordison",,"lehirua"
"478568","jordon",,"lehiune"
"478569","jords",,"ivisei"
"478570","jordy",,"avasua"
"478571","jordyn",,"lehiata"
"478572","jordynn",,"avasuet"
"478573","jorean",,"evetuni"
"478574","joree",,"lahiva"
"478575","joret",,"ovoteu"
"478576","jorey",,"lihel"
"478577","jorg",,"lihot"
"478578","jorgan",,"ivilaa"
"478579","jorge",,"lohev"
"478580","jorgense",,"avalafi"
"478581","jorgensen",,"lehavuo"
"478582","jorgenso",,"ivilifon"
"478583","jorgenson",,"luhivoa"
"478584","jorges",,"loheeto"
"478585","jorhat",,"lihiina"
"478586","jori",,"lohin"
"478587","jorie",,"lehov"
"478588","jorim",,"laheza"
"478589","jorin",,"evenus"
"478590","joris",,"lohiqe"
"478591","jorism",,"laheena"
"478592","jorist",,"ivinai"
"478593","jorists",,"ivineen"
"478594","jorizzo",,"lohimi"
"478595","jorja",,"uvura"
"478596","jorjorian",,"uvuriqen"
"478597","jork",,"lehun"
"478598","jorked",,"evesuna"
"478599","jorking",,"evesuen"
"478600","jorkoam",,"lohafan"
"478601","jorks",,"lehuq"
"478602","jorma",,"lehena"
"478603","jormunga",,"avavafat"
"478604","jormungand",,"ovovofa"
"478605","jormungandr",,"leheburuan"
"478606","jormungandrs",,"leheburuun"
"478607","jornada",,"lehonun"
"478608","jornadas",,"lehonau"
"478609","joro",,"luhena"
"478610","joromi",,"lohuii"
"478611","joropo",,"uvupuna"
"478612","joropos",,"uvupuu"
"478613","joross",,"luheane"
"478614","jorram",,"ivijota"
"478615","jorrens",,"luhuvata"
"478616","jorrie",,"ivijote"
"478617","jorrit",,"lohoona"
"478618","jorry",,"evejao"
"478619","jors",,"lohit"
"478620","jorstad",,"lohiwet"
"478621","jort",,"iviqt"
"478622","jortner",,"avaqieta"
"478623","jorts",,"iviqee"
"478624","jorum",,"luhoze"
"478625","jorums",,"luhoane"
"478626","jory",,"luheni"
"478627","josabad",,"avemoaa"
"478628","josamycin",,"lajuzuan"
"478629","josaphat",,"lajuhoon"
"478630","josas",,"uvamoo"
"478631","joscelin",,"ivurizet"
"478632","joscelyne",,"uvaruzua"
"478633","jose",,"ovitne"
"478634","josean",,"lujoon"
"478635","josedech",,"evotazu"
"478636","josee",,"evoteu"
"478637","josef",,"lojal"
"478638","josefa",,"lijeua"
"478639","josefas",,"lijelot"
"478640","josefina",,"ovitose"
"478641","josefinas",,"ovitosin"
"478642","josefino",,"ivutisia"
"478643","josefite",,"ovitosun"
"478644","josefowicz",,"avetahe"
"478645","josefs",,"lojaet"
"478646","josei",,"ovitai"
"478647","joseite",,"lujoran"
"478648","joseito",,"lojari"
"478649","josejiro",,"uvatisota"
"478650","joseki",,"evotua"
"478651","joselin",,"ivutuena"
"478652","joselito",,"ovitise"
"478653","josella",,"aveteet"
"478654","joseloff",,"lujoviot"
"478655","joselow",,"lujovat"
"478656","joselyn",,"aveteeta"
"478657","josemaria",,"lejuzoa"
"478658","josemarias",,"lejuzoen"
"478659","josenii",,"lijepo"
"478660","joseon",,"lajiaa"
"478661","joseonjok",,"ovitefot"
"478662","josep",,"lojah"
"478663","joseph",,"uvatate"
"478664","josepha",,"avetaeta"
"478665","josephin",,"lajihoan"
"478666","josephina",,"lejuhien"
"478667","josephine",,"lujoheot"
"478668","josephines",,"lujoheo"
"478669","josephinism",,"lijehatiin"
"478670","josephinisms",,"lijehatia"
"478671","josephinite",,"avetaraja"
"478672","josephinites",,"avetarajen"
"478673","josephism",,"ovitorot"
"478674","josephisms",,"ovitoro"
"478675","josephite",,"lejuhio"
"478676","josephites",,"lejuhiet"
"478677","josephjk",,"lejuhioa"
"478678","josephoartigasia",,"avetaretu"
"478679","josephological",,"ovitorifu"
"478680","josephologist",,"ovitorife"
"478681","josephology",,"lijehajeu"
"478682","josephs",,"uvatuea"
"478683","josephso",,"evotero"
"478684","josephson",,"lojahuu"
"478685","josephsons",,"lojahuot"
"478686","josephus",,"ivutiret"
"478687","josephuss",,"ivutiria"
"478688","joseps",,"lojaen"
"478689","joser",,"lejuc"
"478690","josers",,"lejuat"
"478691","joses",,"ovitao"
"478692","josetsu",,"lujowan"
"478693","josey",,"uvatine"
"478694","josh",,"lojoi"
"478695","joshah",,"avemet"
"478696","joshan",,"ovimia"
"478697","joshanda",,"lejenuin"
"478698","joshapha",,"lejenea"
"478699","joshaphat",,"ovimijin"
"478700","joshavia",,"uvamagin"
"478701","joshaviah",,"lijinuia"
"478702","joshbeka",,"ivumazena"
"478703","joshbekashah",,"avemozoto"
"478704","joshed",,"ovimetu"
"478705","josher",,"ivumota"
"478706","joshers",,"ivumioe"
"478707","joshes",,"lejeuna"
"478708","joshevama",,"evomego"
"478709","joshi",,"lojor"
"478710","joshia",,"lijiota"
"478711","joshie",,"lejee"
"478712","joshin",,"evomot"
"478713","joshiness",,"avemife"
"478714","joshing",,"ovimau"
"478715","joshingly",,"lejeruia"
"478716","joshpara",,"lejehoot"
"478717","joshs",,"lojoq"
"478718","joshspie",,"uvamojot"
"478719","joshua",,"lojoeta"
"478720","joshuae",,"lejebe"
"478721","joshuah",,"uvamuua"
"478722","joshuas",,"lojobi"
"478723","joshy",,"lujul"
"478724","josi",,"ivunna"
"478725","josiah",,"lijuota"
"478726","josiahs",,"lijuno"
"478727","josiane",,"lujanata"
"478728","josianic",,"lajenii"
"478729","josias",,"uvanatu"
"478730","josibiah",,"avenosat"
"478731","josie",,"ovinoi"
"478732","josiemance",,"lejovio"
"478733","josiemancer",,"ivunipejat"
"478734","josies",,"ovinona"
"478735","josikaea",,"ivuniren"
"478736","josikea",,"ovinoana"
"478737","josip",,"lijuh"
"478738","josipdol",,"lijuhoet"
"478739","josiphia",,"evonereta"
"478740","josipovic",,"avenahe"
"478741","josips",,"lijuote"
"478742","joskin",,"lijeaa"
"478743","joskins",,"lijeren"
"478744","josler",,"evotet"
"478745","joslin",,"uvateo"
"478746","joslyn",,"evotue"
"478747","josquin",,"lujibe"
"478748","josquins",,"lujiboin"
"478749","joss",,"ivucte"
"478750","jossakeed",,"lujanuun"
"478751","jossed",,"lajein"
"478752","jossel",,"lujaia"
"478753","josselyn",,"avecazi"
"478754","josser",,"lejoata"
"478755","jossers",,"lejove"
"478756","josses",,"ovicet"
"478757","jossing",,"lajeri"
"478758","jossop",,"lajeo"
"478759","jossup",,"lojieta"
"478760","jossverse",,"avecezia"
"478761","jost",,"leji"
"478762","jostaberry",,"evoqoso"
"478763","jostedalsbreen",,"oviqovafen"
"478764","jostick",,"lajoret"
"478765","jostle",,"aveqoa"
"478766","jostled",,"lijavin"
"478767","jostlement",,"uvaqazo"
"478768","jostlements",,"uvaqazifet"
"478769","jostler",,"lujevat"
"478770","jostlers",,"lujevue"
"478771","jostles",,"aveqeet"
"478772","jostling",,"lijavei"
"478773","jostlingly",,"aveqesa"
"478774","jostlings",,"lijaveat"
"478775","jostly",,"ivuqota"
"478776","josue",,"evowee"
"478777","josues",,"evowuna"
"478778","joswick",,"avedion"
"478779","josy",,"aveko"
"478780","jot",,"lec"
"478781","jota",,"locei"
"478782","jotalot",,"locevi"
"478783","jotas",,"loceq"
"478784","jotation",,"lecawua"
"478785","jotbah",,"liciu"
"478786","jotbath",,"uvenaun"
"478787","jotbatha",,"avonebon"
"478788","jotham",,"ovumie"
"478789","jotisaru",,"ivaneret"
"478790","jotisi",,"lecoua"
"478791","jotnian",,"locirana"
"478792","jotnians",,"lociriun"
"478793","jots",,"lecoo"
"478794","jotted",,"luceet"
"478795","jotter",,"lacoot"
"478796","jottering",,"avoqaqe"
"478797","jotters",,"lacovo"
"478798","jotting",,"luceru"
"478799","jottings",,"luceroot"
"478800","jotto",,"uveqio"
"478801","jotty",,"uveqiu"
"478802","jotun",,"uvewoa"
"478803","jotunhei",,"locapuun"
"478804","jotunheim",,"lacipoun"
"478805","jotunheimen",,"ivaweravu"
"478806","jotunite",,"lecupuot"
"478807","jotunn",,"lacioa"
"478808","jotunnheim",,"uvewofon"
"478809","jotunnheims",,"uvewofifan"
"478810","jotunns",,"lacipet"
"478811","jotuns",,"uvewat"
"478812","joual",,"laquv"
"478813","jouals",,"laqua"
"478814","jouan",,"luqip"
"478815","jouanins",,"ivemeson"
"478816","jouanolous",,"ovamaha"
"478817","jouars",,"loqeena"
"478818","joub",,"leqei"
"478819","joubarb",,"liqinu"
"478820","joubert",,"laqava"
"478821","jouberts",,"laqavoen"
"478822","jouett",,"avitaa"
"478823","joueur",,"luqoon"
"478824","joug",,"iveln"
"478825","jough",,"loqene"
"478826","jougs",,"ivelei"
"478827","jouhari",,"uvomaua"
"478828","jouhaux",,"avimeet"
"478829","jouhauxs",,"avimedi"
"478830","jouisance",,"liququen"
"478831","jouisances",,"liququon"
"478832","jouissance",,"liquqeon"
"478833","jouissant",,"aviniwun"
"478834","jouk",,"evusni"
"478835","joukahainen",,"lequnisean"
"478836","joukahainens",,"lequniseun"
"478837","jouked",,"liqee"
"478838","joukeries",,"liqevaet"
"478839","joukery",,"lequve"
"478840","joukerypawkery",,"loqavunuet"
"478841","jouking",,"liqeret"
"478842","joukowski",,"avisuku"
"478843","joukowsky",,"ovasekin"
"478844","jouks",,"evusuo"
"478845","joul",,"luqie"
"478846","joulakian",,"uvotavoa"
"478847","joule",,"liqova"
"478848","joulean",,"ivetiaa"
"478849","jouled",,"uvotiu"
"478850","joulemeter",,"luqivein"
"478851","joules",,"liqoua"
"478852","joulies",,"liqora"
"478853","jouling",,"uvotoot"
"478854","jouls",,"luqiq"
"478855","joulwan",,"ovatuana"
"478856","joumana",,"liqinot"
"478857","joumou",,"evuvue"
"478858","jounce",,"loqio"
"478859","jounced",,"ivezein"
"478860","jounces",,"loqiset"
"478861","jouncier",,"uvozosu"
"478862","jounciest",,"ivezeson"
"478863","jouncing",,"ivezesi"
"478864","jouncingly",,"loqisaa"
"478865","jouncy",,"laqeot"
"478866","joung",,"luqam"
"478867","jounieh",,"uvozoua"
"478868","jouniehs",,"uvozozot"
"478869","jour",,"leqen"
"478870","jouraku",,"laqanen"
"478871","jouravskite",,"liqinubaat"
"478872","jourdain",,"luqutae"
"478873","jourdaine",,"liqituen"
"478874","jourdan",,"luqutan"
"478875","jourdanton",,"liqitui"
"478876","jourdantons",,"liqituhuat"
"478877","journ",,"aviji"
"478878","journal",,"liqipa"
"478879","journalary",,"ivejeran"
"478880","journale",,"loqopian"
"478881","journaled",,"ivejeret"
"478882","journaler",,"uvojorot"
"478883","journalese",,"leqepoo"
"478884","journaleses",,"leqepopiet"
"478885","journali",,"liqipuet"
"478886","journaling",,"ivejeru"
"478887","journalisation",,"liqipupiet"
"478888","journalisations",,"liqipupii"
"478889","journalise",,"loqopiin"
"478890","journalised",,"ivejerevun"
"478891","journaliser",,"uvojorovon"
"478892","journalisers",,"uvojorovan"
"478893","journalises",,"loqopipoa"
"478894","journalish",,"avijirot"
"478895","journalising",,"ivejereven"
"478896","journalism",,"leqepoi"
"478897","journalisms",,"leqepopeat"
"478898","journalist",,"uvojoret"
"478899","journalistic",,"uvojorovat"
"478900","journalistical",,"loqopipoat"
"478901","journalistically",,"uvojoroven"
"478902","journalistics",,"uvojorove"
"478903","journalists",,"uvojorovi"
"478904","journalization",,"evujuruvo"
"478905","journalizations",,"evujuruvet"
"478906","journalize",,"avijire"
"478907","journalized",,"liqipupian"
"478908","journalizer",,"luqupapuen"
"478909","journalizers",,"luqupapuon"
"478910","journalizes",,"avijirivin"
"478911","journalizing",,"liqipupia"
"478912","journall",,"ivejeron"
"478913","journalled",,"laqapeat"
"478914","journalling",,"laqapepio"
"478915","journals",,"liqipuen"
"478916","journaux",,"leqepoin"
"478917","journee",,"ivejeot"
"478918","journey",,"evujuu"
"478919","journeycake",,"avijizezun"
"478920","journeye",,"avijizet"
"478921","journeyed",,"liqipia"
"478922","journeyer",,"luqupue"
"478923","journeyers",,"luqupuin"
"478924","journeyest",,"liqipiet"
"478925","journeyeth",,"avijizun"
"478926","journeyi",,"evujuza"
"478927","journeying",,"liqipiat"
"478928","journeyings",,"liqipinie"
"478929","journeylike",,"leqepenui"
"478930","journeym",,"uvojozu"
"478931","journeyman",,"leqepeen"
"478932","journeymans",,"leqepenaon"
"478933","journeymanship",,"liqipinoen"
"478934","journeymen",,"luqupuot"
"478935","journeymens",,"luqupunio"
"478936","journeyperson",,"laqapanoa"
"478937","journeys",,"evujuzot"
"478938","journeywoman",,"leqepenaan"
"478939","journeywomen",,"luqupuniet"
"478940","journeywork",,"luqupunien"
"478941","journeyworker",,"avijizemo"
"478942","journeyworks",,"luqupunion"
"478943","journo",,"ovaji"
"478944","journos",,"ovajaat"
"478945","journy",,"ovajona"
"478946","jours",,"leqeq"
"478947","jousseaume",,"ivecezon"
"478948","joust",,"laqew"
"478949","jousted",,"avicuo"
"478950","jouster",,"evucau"
"478951","jousters",,"evucazot"
"478952","jousteth",,"luqawue"
"478953","jousting",,"avicusun"
"478954","joustings",,"avicusu"
"478955","jousts",,"laqea"
"478956","joutes",,"luqeon"
"478957","jouvay",,"loqeoa"
"478958","jouve",,"liqove"
"478959","jouvence",,"evubefu"
"478960","jouvert",,"liqovin"
"478961","jouves",,"liqoea"
"478962","jouy",,"uvokn"
"478963","jouysaunce",,"luqeqau"
"478964","jouysaunces",,"luqeqaguot"
"478965","jova",,"lewaa"
"478966","joval",,"evamoe"
"478967","jovan",,"avumia"
"478968","jovani",,"avumene"
"478969","jovanni",,"lewapin"
"478970","jovanovi",,"luwipiu"
"478971","jovanovic",,"luwipiin"
"478972","jovanovich",,"evamuhi"
"478973","jovanovichs",,"evamuhuvat"
"478974","jovas",,"lewaqa"
"478975","jove",,"luwoi"
"478976","jovel",,"uvitao"
"478977","jovellar",,"uvitazu"
"478978","jovem",,"lowaz"
"478979","joven",,"ivotet"
"478980","jovenel",,"luwopan"
"478981","joves",,"luwoq"
"478982","jovi",,"lawea"
"478983","jovia",,"lewon"
"478984","jovial",,"evanui"
"478985","jovialer",,"luwanae"
"478986","jovialest",,"liwunuet"
"478987","jovialise",,"avunezun"
"478988","jovialises",,"avunezu"
"478989","jovialist",,"luwanaa"
"478990","jovialistic",,"luwanatuon"
"478991","jovialities",,"liwunutue"
"478992","joviality",,"lewonoen"
"478993","jovialize",,"lawenean"
"478994","jovialized",,"evanozet"
"478995","jovializes",,"laweneun"
"478996","jovializing",,"evanozesu"
"478997","joviall",,"liwuno"
"478998","jovialler",,"uvinaza"
"478999","joviallest",,"ivonuzat"
"479000","joviallier",,"uvinazet"
"479001","jovialliest",,"ivonuzevu"
"479002","jovially",,"lawenei"
"479003","jovialness",,"lewonoet"
"479004","jovialnesses",,"lawenehoin"
"479005","jovialnesss",,"lewonohii"
"479006","jovialties",,"liwunuan"
"479007","jovialty",,"lewonoot"
"479008","jovian",,"avuneni"
"479009","jovianer",,"liwuneo"
"479010","jovianest",,"lowinaun"
"479011","jovianly",,"luwanou"
"479012","jovianlys",,"luwanoot"
"479013","jovianner",,"ovenifu"
"479014","joviannest",,"evanofon"
"479015","jovice",,"luwaona"
"479016","jovicentric",,"ivonezigun"
"479017","jovicentrical",,"lewosehoun"
"479018","jovicentrically",,"ivoneziget"
"479019","jovicentricallys",,"ivonezigi"
"479020","jovicentricals",,"lewosehou"
"479021","jovicentrics",,"ivonezigu"
"479022","jovicline",,"laweseat"
"479023","jovie",,"luwav"
"479024","jovies",,"luwai"
"479025","jovilabe",,"luwavaun"
"479026","joviniamish",,"lowipaseon"
"479027","joviniamishs",,"lowipasean"
"479028","jovinian",,"lewopuo"
"479029","jovinianism",,"luwaposuan"
"479030","jovinianisms",,"luwaposuun"
"479031","jovinianist",,"ovenasajon"
"479032","jovinianistic",,"ovenasajun"
"479033","jovinianistics",,"ovenasaju"
"479034","jovinianists",,"ovenasajan"
"479035","jovinians",,"lewopuet"
"479036","jovis",,"laweq"
"479037","jovita",,"ovenono"
"479038","jovitah",,"lewowin"
"479039","jovite",,"avunoa"
"479040","jovites",,"avunuet"
"479041","jovitta",,"lawewen"
"479042","jovo",,"lowuu"
"479043","jovon",,"evapui"
"479044","jovy",,"lowun"
"479045","jovysaunce",,"avukiran"
"479046","jovysaunces",,"avukirojun"
"479047","jow",,"eveo"
"479048","jowan",,"libop"
"479049","jowar",,"lebac"
"479050","jowari",,"lebaun"
"479051","jowaris",,"lebacu"
"479052","jowarree",,"evemiqu"
"479053","jowarry",,"avamoen"
"479054","jowars",,"lebaat"
"479055","jowaur",,"labuot"
"479056","jowder",,"avasot"
"479057","jowed",,"libet"
"479058","jowel",,"lobav"
"479059","jowell",,"ovotone"
"479060","jower",,"luboc"
"479061","jowery",,"lebuan"
"479062","jowett",,"uvutiu"
"479063","jowetts",,"uvutiat"
"479064","jowing",,"libuaa"
"479065","jowisz",,"leboun"
"479066","jowitt",,"avaneno"
"479067","jowl",,"liboa"
"479068","jowled",,"ivitut"
"479069","jowler",,"uvutani"
"479070","jowlers",,"uvutuuna"
"479071","jowlier",,"uvutoe"
"479072","jowliest",,"ivitezet"
"479073","jowliness",,"evetufet"
"479074","jowlinesses",,"avatifodin"
"479075","jowling",,"iviteon"
"479076","jowlish",,"avatiana"
"479077","jowlop",,"ivitae"
"479078","jowloped",,"labufaet"
"479079","jowlopped",,"ivitojon"
"479080","jowls",,"liboq"
"479081","jowlser",,"uvutoune"
"479082","jowly",,"labula"
"479083","jowpy",,"libel"
"479084","jows",,"evecta"
"479085","jowser",,"lubaon"
"479086","jowster",,"avacuen"
"479087","jowter",,"avaqa"
"479088","jowzjan",,"lubosat"
"479089","joxe",,"lidee"
"479090","joxes",,"lideq"
"479091","joxun",,"oviwaa"
"479092","joya",,"evimni"
"479093","joyal",,"ligova"
"479094","joyan",,"logep"
"479095","joyance",,"legapat"
"479096","joyances",,"legapue"
"479097","joyancy",,"lugipi"
"479098","joyann",,"evimena"
"479099","joyant",,"ivamina"
"479100","joybait",,"evinoua"
"479101","joybaited",,"liginea"
"479102","joybaiting",,"ligineat"
"479103","joybaits",,"evinosot"
"479104","joyce",,"uverue"
"479105","joycean",,"legovat"
"479106","joyceans",,"legovoe"
"479107","joycelin",,"avorazi"
"479108","joycelyn",,"ovurozan"
"479109","joyces",,"uverona"
"479110","joycian",,"logiron"
"479111","joydom",,"ligaua"
"479112","joye",,"uvets"
"479113","joyed",,"logat"
"479114","joyen",,"lagip"
"479115","joyened",,"avotiaa"
"479116","joyening",,"avotisat"
"479117","joyens",,"lagiot"
"479118","joyflight",,"evikosat"
"479119","joyful",,"uvekun"
"479120","joyfull",,"legubot"
"479121","joyfuller",,"ovukozina"
"479122","joyfullest",,"evikezi"
"479123","joyfullier",,"ovukozo"
"479124","joyfulliest",,"evikezuvun"
"479125","joyfully",,"ligebuet"
"479126","joyfulne",,"lugobau"
"479127","joyfulness",,"lugobao"
"479128","joyfulnesses",,"ligebuhae"
"479129","joygasm",,"avoleon"
"479130","joyhood",,"uvemiea"
"479131","joyhop",,"uvemuni"
"479132","joyhopped",,"uvemijot"
"479133","joyhopping",,"uvemijan"
"479134","joyhops",,"uvemiua"
"479135","joyhouse",,"lugufue"
"479136","joying",,"logii"
"479137","joyish",,"lugaat"
"479138","joyjud",,"ivarine"
"479139","joykiller",,"lugoraa"
"479140","joyleaf",,"avotaet"
"479141","joyless",,"legave"
"479142","joylesslier",,"lugivoboen"
"479143","joylessliest",,"ligovebee"
"479144","joylessly",,"ivatiwon"
"479145","joylessness",,"uvetuwujen"
"479146","joylessnesses",,"ivatiwiju"
"479147","joylessnesss",,"uvetuwujon"
"479148","joylet",,"ovuteto"
"479149","joylike",,"lagureta"
"479150","joyment",,"uvevuun"
"479151","joyn",,"legoe"
"479152","joyne",,"lagev"
"479153","joyned",,"evizat"
"479154","joyner",,"ovuzeta"
"479155","joyners",,"ovuzoi"
"479156","joyness",,"lagevo"
"479157","joyning",,"evizuo"
"479158","joyns",,"legoqa"
"479159","joynson",,"ovuzaat"
"479160","joynt",,"ovuzea"
"479161","joynter",,"lagewo"
"479162","joyous",,"evipee"
"479163","joyouser",,"lugeboun"
"479164","joyousest",,"ligabeen"
"479165","joyouslier",,"uvepuwen"
"479166","joyousliest",,"ivapiweve"
"479167","joyously",,"lagobion"
"479168","joyousne",,"legibuin"
"479169","joyousness",,"legibuen"
"479170","joyousnesses",,"lagobihou"
"479171","joyouss",,"evipein"
"479172","joyousser",,"lugebou"
"479173","joyoussest",,"ligabeon"
"479174","joypad",,"ovufen"
"479175","joypads",,"ovufion"
"479176","joypop",,"avofen"
"479177","joypopped",,"avofujan"
"479178","joypopper",,"evifajen"
"479179","joypoppers",,"evifajon"
"479180","joypopping",,"avofuja"
"479181","joypops",,"avofuon"
"479182","joyport",,"logafi"
"479183","joypowder",,"lugofee"
"479184","joyproof",,"legucao"
"479185","joyridden",,"evijuva"
"479186","joyride",,"uvejoat"
"479187","joyrider",,"ligiroa"
"479188","joyriders",,"ligiroen"
"479189","joyrides",,"uvejove"
"479190","joyriding",,"logorein"
"479191","joyridings",,"logorea"
"479192","joyrode",,"evijae"
"479193","joys",,"avocti"
"479194","joysome",,"uveciuna"
"479195","joysomeness",,"lugafepuo"
"479196","joystick",,"logiwaat"
"479197","joysticked",,"ovucesu"
"479198","joysticking",,"ovucesopon"
"479199","joysticklike",,"avocusapen"
"479200","joysticks",,"logiwae"
"479201","joyva",,"ligone"
"479202","joyward",,"uvedaan"
"479203","joyweed",,"luguvet"
"479204","jozabad",,"lakurin"
"479205","jozachar",,"lekasiu"
"479206","jozadak",,"avimuo"
"479207","jozef",,"avitao"
"479208","jozefowicz",,"lakiluat"
"479209","jozi",,"likuu"
"479210","joziah",,"evunue"
"479211","jozie",,"lokiv"
"479212","jozjan",,"lekiun"
"479213","jozwiak",,"lekerua"
"479214","jozy",,"lakoi"
"479215","jozys",,"lakoq"
"479216","jozzer",,"lukoet"
"479217","jpaik",,"lolota"
"479218","jpas",,"liline"
"479219","jpbm",,"ezev"
"479220","jpbonsen",,"uzupowu"
"479221","jpda",,"izama"
"479222","jpdeyst",,"lorulat"
"479223","jpeg",,"losara"
"479224","jpegd",,"ozale"
"479225","jpeged",,"ezulat"
"479226","jpegged",,"ozalii"
"479227","jpegging",,"ozalisot"
"479228","jpeging",,"ezuluo"
"479229","jpegs",,"losaqu"
"479230","jpest",,"ezuca"
"479231","jpferry",,"ezutiin"
"479232","jpgonzal",,"uziponot"
"479233","jpierre",,"lemico"
"479234","jpjoseph",,"azopizat"
"479235","jpkarand",,"ezumirot"
"479236","jpko",,"liru"
"479237","jpkoeman",,"uzopupin"
"479238","jpkoonme",,"azipufat"
"479239","jplng",,"lusum"
"479240","jplopto",,"ezapea"
"479241","jplpub",,"ozefon"
"479242","jpmartel",,"uzumebu"
"479243","jpmckee",,"lototun"
"479244","jpme",,"lute"
"479245","jpmorgan",,"loticoo"
"479246","jpms",,"lata"
"479247","jpop",,"ezifa"
"479248","jpotter",,"izaqoa"
"479249","jpql",,"ozet"
"479250","jpquaad",,"uziwaan"
"479251","jpramsey",,"izimawo"
"479252","jpsachs",,"uzamoun"
"479253","jpschwon",,"lajaneue"
"479254","jpsdryztg",,"lejocui"
"479255","jpsi",,"lojoo"
"479256","jpsmdryztg",,"lujitai"
"479257","jpsnyder",,"ezozavin"
"479258","jpss",,"lojon"
"479259","jptgdrys",,"azoluqi"
"479260","jpzink",,"lakaat"
"479261","jpztgmdrs",,"lokimio"
"479262","jqed",,"lesenu"
"479263","jqing",,"lemam"
"479264","jquery",,"liquan"
"479265","jrandom",,"lelutot"
"479266","jrbush",,"limiae"
"479267","jref",,"ofak"
"479268","jres",,"losare"
"479269","jrferro",,"afitoon"
"479270","jrgill",,"lekuo"
"479271","jrgort",,"lekaota"
"479272","jrmitche",,"latiwaata"
"479273","jrmp",,"efefu"
"479274","jrotc",,"ifaqea"
"479275","jrotto",,"lezaina"
"479276","jrottoii",,"lezawoon"
"479277","jrpg",,"ufolu"
"479278","jrprouty",,"efujada"
"479279","jrrauen",,"lahebet"
"479280","jrrazor",,"ofomoi"
"479281","jrrt",,"lihos"
"479282","jrsb",,"ofint"
"479283","jrschaef",,"lajiniana"
"479284","jrsmzg",,"ofivi"
"479285","jrst",,"efoqt"
"479286","jrszg",,"ufalae"
"479287","jrti",,"efin"
"479288","jrtracy",,"lecinua"
"479289","jrtrotma",,"ofujebun"
"479290","jrweston",,"lubuqain"
"479291","jryan",,"ofumaa"
"479292","jrzg",,"ufoln"
"479293","jsandye",,"ahuzua"
"479294","jsaravis",,"ohejigat"
"479295","jsbach",,"ihimua"
"479296","jschoi",,"lenoona"
"479297","jscript",,"laneru"
"479298","jscrum",,"lenoena"
"479299","jscureto",,"ehowizin"
"479300","jsdf",,"ohuk"
"479301","jsdg",,"luruo"
"479302","jsdk",,"loren"
"479303","jsdrzg",,"leroen"
"479304","jsdt",,"ahoqe"
"479305","jselam",,"lasaati"
"479306","jsgd",,"lukoa"
"479307","jsgf",,"leka"
"479308","jsgmd",,"lokit"
"479309","jsgmdr",,"ahuven"
"479310","jsgmdy",,"lukaa"
"479311","jsgotcha",,"ahuputan"
"479312","jshaoul",,"ohomeat"
"479313","jsharman",,"lolocaene"
"479314","jshimawa",,"loluzuen"
"479315","jsjanosk",,"ahomihat"
"479316","jskane",,"laraata"
"479317","jskwon",,"laree"
"479318","jslalom",,"uhimau"
"479319","jslc",,"losute"
"479320","jsle",,"lesanu"
"479321","jslombar",,"lusozoon"
"479322","jsmaltzm",,"latavaot"
"479323","jsmdg",,"lotam"
"479324","jsmdrzg",,"lutocen"
"479325","jsnach",,"ahemoa"
"479326","jsni",,"levin"
"479327","jsol",,"luzun"
"479328","json",,"lizau"
"479329","jsong",,"luzema"
"479330","jsonp",,"ohuzo"
"479331","jsow",,"ehida"
"479332","jspitche",,"lupewion"
"479333","jsqr",,"lafe"
"479334","jsrc",,"luheno"
"479335","jsrd",,"ehesi"
"479336","jsreel",,"ihitua"
"479337","jssc",,"ehoro"
"479338","jsse",,"ahetn"
"479339","jsshrews",,"uhamezu"
"479340","jssilver",,"lajovoot"
"479341","jsss",,"ehocn"
"479342","jsstein",,"ohiqoan"
"479343","jstewart",,"lecagion"
"479344","jstl",,"uhete"
"479345","jstravis",,"licunae"
"479346","jsunderk",,"liqatuun"
"479347","jsurfrig",,"leqoluu"
"479348","jswdk",,"labit"
"479349","jsyang",,"lagaun"
"479350","jsyk",,"ohuse"
"479351","jsys",,"ihacna"
"479352","jsyz",,"logena"
"479353","jszahavi",,"lekenian"
"479354","jszgdr",,"lekeen"
"479355","jszgmdr",,"lukuzen"
"479356","jszgr",,"uhole"
"479357","jtac",,"lalena"
"479358","jtag",,"lelane"
"479359","jtanders",,"ijozoza"
"479360","jtburch",,"ejewiu"
"479361","jtcc",,"lunae"
"479362","jtels",,"ijetea"
"479363","jtfiner",,"ujonou"
"479364","jtfraser",,"ijejuwen"
"479365","jtheriot",,"ojotuse"
"479366","jtids",,"ajesi"
"479367","jtkohl",,"lureun"
"479368","jtkung",,"ojawan"
"479369","jtly",,"ejak"
"479370","jtlyk",,"ajuka"
"479371","jtmaeda",,"ujumui"
"479372","jtmandev",,"ujumovun"
"479373","jtpolevo",,"ojapizun"
"479374","jtrs",,"ejece"
"479375","jtstr",,"lujec"
"479376","jttf",,"laciu"
"479377","jtunn",,"liqup"
"479378","jtunns",,"liquina"
"479379","jtwi",,"lobii"
"479380","jtwros",,"ejeje"
"479381","juab",,"lelano"
"479382","juabite",,"acunio"
"479383","juamave",,"lolenat"
"479384","juan",,"lilini"
"479385","juana",,"luluna"
"479386","juanadiaz",,"lelenuet"
"479387","juanadiazs",,"lelenui"
"479388","juanas",,"lulue"
"479389","juane",,"lolove"
"479390","juanero",,"acuzaen"
"479391","juanesque",,"leleviet"
"479392","juanez",,"ucizona"
"479393","juang",,"lulum"
"479394","juangs",,"luluine"
"479395","juanico",,"lalarat"
"479396","juanilama",,"ocezazu"
"479397","juanish",,"ucizou"
"479398","juanism",,"leleret"
"479399","juanist",,"icozeo"
"479400","juanita",,"ucizoun"
"479401","juanitaite",,"loloraen"
"479402","juanitas",,"ucizobu"
"479403","juanite",,"ocezai"
"479404","juanne",,"acuzaa"
"479405","juans",,"liliqe"
"479406","juantorena",,"icozohi"
"479407","juantorenas",,"icozohofat"
"479408","juarbe",,"ecajan"
"479409","juarbeos",,"icojaza"
"479410","juarez",,"ocejoa"
"479411","juarezed",,"laluvuon"
"479412","juarezes",,"ecajene"
"479413","juarezing",,"laluvuin"
"479414","juarezs",,"ocejoet"
"479415","juarezzes",,"lolevee"
"479416","juari",,"lelar"
"479417","juarista",,"ocejawat"
"479418","juarree",,"acujoaa"
"479419","juaton",,"acuqoi"
"479420","juay",,"icoke"
"479421","juazeiro",,"uciluse"
"479422","juba",,"lemuru"
"479423","juback",,"lamieta"
"479424","jubail",,"acamoi"
"479425","jubal",,"acamea"
"479426","jubaland",,"icimura"
"479427","jubals",,"acamae"
"479428","juban",,"ucumos"
"479429","jubarb",,"lomaia"
"479430","jubardy",,"limeco"
"479431","jubartas",,"lomacaea"
"479432","jubartes",,"lamiciana"
"479433","jubas",,"lemuqn"
"479434","jubata",,"ocomou"
"479435","jubate",,"acamine"
"479436","jubatum",,"icimoot"
"479437","jubatus",,"acamuo"
"479438","jubay",,"limela"
"479439","jubayl",,"ocomena"
"479440","jubb",,"eceni"
"479441","jubba",,"oconie"
"479442","jubbah",,"lomeane"
"479443","jubbahs",,"lomenun"
"479444","jubbe",,"acanao"
"479445","jubbeh",,"lamueta"
"479446","jubber",,"lamuen"
"479447","jubbies",,"acanio"
"479448","jubbly",,"lemaina"
"479449","jubbulpore",,"lemabean"
"479450","jubbulpuria",,"lamubaceo"
"479451","jube",,"lumetu"
"479452","jubel",,"icitu"
"479453","juberg",,"ecetun"
"479454","juberous",,"ecetihin"
"479455","jubes",,"lumeqo"
"479456","jubhah",,"lomeuna"
"479457","jubhahs",,"lomenu"
"479458","jubie",,"lumuvo"
"479459","jubilance",,"lemeveon"
"479460","jubilances",,"lemevean"
"479461","jubilancies",,"lemevehae"
"479462","jubilancy",,"lumuvuen"
"479463","jubilancys",,"lumuvuon"
"479464","jubilant",,"oconirun"
"479465","jubilantly",,"lomovoet"
"479466","jubilar",,"lamavat"
"479467","jubilarian",,"ucunaren"
"479468","jubilarians",,"ucunarivon"
"479469","jubilate",,"limivii"
"479470","jubilated",,"icinuren"
"479471","jubilates",,"limiviat"
"479472","jubilating",,"icinure"
"479473","jubilatio",,"lemeveat"
"479474","jubilation",,"ucunaret"
"479475","jubilations",,"ucunaravi"
"479476","jubilatios",,"lemeveea"
"479477","jubilatory",,"ucunaro"
"479478","jubilatr",,"acaneri"
"479479","jubile",,"icinine"
"479480","jubileal",,"lomovein"
"479481","jubilean",,"lemevaet"
"479482","jubilee",,"oconiona"
"479483","jubilees",,"oconizan"
"479484","jubilej",,"lomovu"
"479485","jubiles",,"icinuaa"
"479486","jubili",,"ucunune"
"479487","jubilist",,"limivaun"
"479488","jubilization",,"lamavoroan"
"479489","jubilize",,"lumuveo"
"479490","jubilized",,"ucunasin"
"479491","jubilizes",,"lumuveeta"
"479492","jubilizing",,"ucunasi"
"479493","jubiloso",,"icinuhon"
"479494","jubilus",,"icinuo"
"479495","jubiluss",,"icinudet"
"479496","jubious",,"lemefen"
"479497","jubjub",,"lumaea"
"479498","jublag",,"ecetee"
"479499","jublilantly",,"ecetuzujat"
"479500","jublilation",,"lomarosoat"
"479501","jublilations",,"lomarosoe"
"479502","jubnuts",,"lemebo"
"479503","jubous",,"lemooti"
"479504","jubran",,"lumiee"
"479505","jubus",,"lumequ"
"479506","juby",,"lomiro"
"479507","jucal",,"lunov"
"479508","juccuya",,"ociroena"
"479509","juchart",,"lenano"
"479510","juche",,"luniva"
"479511","jucheism",,"lonevuot"
"479512","jucheist",,"ucamusu"
"479513","juchit",,"acemene"
"479514","juck",,"ucase"
"479515","juckies",,"icuseaa"
"479516","jucking",,"lonurot"
"479517","juco",,"ocipi"
"479518","jucos",,"ocipae"
"479519","jucrez",,"ecojan"
"479520","jucrezs",,"ecojeun"
"479521","jucu",,"ucawn"
"479522","jucuapa",,"lonunat"
"479523","jucuar",,"lanoet"
"479524","jucuna",,"lonuan"
"479525","jucunas",,"lonupun"
"479526","jucund",,"ecowat"
"479527","jucunda",,"ociwaet"
"479528","jucundity",,"lonupaot"
"479529","jucundus",,"acewivet"
"479530","jucy",,"ociki"
"479531","juda",,"lari"
"479532","judaea",,"lario"
"479533","judaean",,"icamiu"
"479534","judaeans",,"icamirot"
"479535","judaeism",,"loravuu"
"479536","judaeo",,"leruu"
"479537","judaeocide",,"acomahon"
"479538","judaeomancy",,"acomahutat"
"479539","judaeomancys",,"acomahute"
"479540","judaeophile",,"ecimehiti"
"479541","judaeophiles",,"ecimehitat"
"479542","judaeophilism",,"acomahoton"
"479543","judaeophilisms",,"acomahotan"
"479544","judaeophobe",,"acomahotun"
"479545","judaeophobes",,"acomahotu"
"479546","judaeophobia",,"ocumohuto"
"479547","judaeophobias",,"ocumohutet"
"479548","judaeophobic",,"ecimehitan"
"479549","judaeus",,"lirevo"
"479550","judah",,"ecimie"
"479551","judahite",,"luronea"
"479552","judahites",,"luroneen"
"479553","judahs",,"ecimuna"
"479554","judaic",,"lariet"
"479555","judaica",,"lerurot"
"479556","judaicae",,"lariroi"
"479557","judaical",,"acomitet"
"479558","judaically",,"lariroin"
"479559","judaicas",,"lerurio"
"479560","judaiccer",,"acomiteta"
"479561","judaiccest",,"ucemotu"
"479562","judaicer",,"acomiten"
"479563","judaicest",,"ucemote"
"479564","judaick",,"lurorin"
"479565","judaification",,"ocumamozan"
"479566","judaisation",,"larirosaen"
"479567","judaisations",,"larirosaon"
"479568","judaise",,"lurorua"
"479569","judaised",,"ucemowat"
"479570","judaiser",,"acomiwet"
"479571","judaisers",,"acomiwi"
"479572","judaises",,"luroreot"
"479573","judaising",,"ucemowo"
"479574","judaism",,"lireron"
"479575","judaisms",,"lireraan"
"479576","judaist",,"acomien"
"479577","judaistic",,"acomiwan"
"479578","judaistically",,"acomiwevo"
"479579","judaisticallys",,"acomiwevet"
"479580","judaists",,"acomiwon"
"479581","judaization",,"ocumanaga"
"479582","judaizations",,"ocumanagen"
"479583","judaize",,"ecimuun"
"479584","judaized",,"larirui"
"479585","judaizer",,"lerurao"
"479586","judaizers",,"leruraet"
"479587","judaizes",,"ecimunu"
"479588","judaizing",,"lariruot"
"479589","judas",,"lariq"
"479590","judases",,"luroqe"
"479591","judaslike",,"ocumaze"
"479592","judaslikes",,"ocumazin"
"479593","judasly",,"ecimue"
"479594","judass",,"larieta"
"479595","judayah",,"ucemiana"
"479596","judbury",,"lerabot"
"479597","judcock",,"larafi"
"479598","judd",,"ucess"
"479599","judder",,"liruot"
"479600","juddered",,"ocusoqen"
"479601","juddering",,"ocusoqe"
"479602","judderingly",,"loriviteon"
"479603","judders",,"liruvo"
"479604","juddery",,"larevet"
"479605","juddha",,"lareet"
"479606","juddock",,"acosuo"
"479607","judds",,"ucesoa"
"479608","jude",,"lirao"
"479609","judea",,"luren"
"479610","judean",,"ocuto"
"479611","judeans",,"ocutiet"
"479612","judeas",,"lureat"
"479613","judecca",,"luresat"
"479614","judenberg",,"ocutasat"
"479615","judenburg",,"ocutasun"
"479616","judenhetze",,"laropee"
"479617","judenknecht",,"leripahoun"
"479618","judenrampe",,"ecituqo"
"479619","judenrat",,"ocutaqi"
"479620","judenrein",,"icateqet"
"479621","judenstern",,"lorupua"
"479622","judeo",,"larof"
"479623","judeocentric",,"ocutetujot"
"479624","judeocentrism",,"acotutoja"
"479625","judeocide",,"ucetitun"
"479626","judeocracy",,"ucetite"
"479627","judeofascism",,"ecitamudat"
"479628","judeofascist",,"lorufesei"
"479629","judeomisia",,"lurefai"
"479630","judeomisic",,"lirafuu"
"479631","judeopessimism",,"ocutejudat"
"479632","judeophile",,"acotuje"
"479633","judeophilia",,"ocutejeven"
"479634","judeophilic",,"ecitajavat"
"479635","judeophilism",,"ucetijivun"
"479636","judeophobe",,"ucetijot"
"479637","judeophobia",,"ecitajaci"
"479638","judeophobias",,"ecitajacat"
"479639","judeophobic",,"acotujucu"
"479640","judes",,"liraqa"
"479641","judesmo",,"liraqet"
"479642","judeth",,"liraoa"
"479643","judette",,"leriwin"
"479644","judettes",,"leriwua"
"479645","judex",,"ecitui"
"479646","judezmo",,"acotao"
"479647","judezmos",,"acotapet"
"479648","judg",,"larie"
"479649","judgable",,"luronaot"
"479650","judge",,"lurove"
"479651","judgeability",,"ecileravat"
"479652","judgeable",,"lirevii"
"479653","judgecraft",,"oculotu"
"479654","judged",,"ucelon"
"479655","judgedly",,"lurovoot"
"479656","judgedom",,"uceluve"
"479657","judgedst",,"lireveon"
"479658","judgeful",,"lirevoat"
"479659","judgeless",,"oculozun"
"479660","judgelike",,"ecilezen"
"479661","judgeling",,"leruveun"
"479662","judgely",,"acolaen"
"479663","judgemen",,"ucelupe"
"479664","judgement",,"lirevuat"
"479665","judgemental",,"icalipajat"
"479666","judgementaler",,"loravipean"
"479667","judgementalest",,"leruvopaa"
"479668","judgementalism",,"ecilepijot"
"479669","judgementally",,"lirevupoen"
"479670","judgements",,"lirevue"
"479671","judger",,"acolaa"
"479672","judgers",,"acolaena"
"479673","judges",,"luroe"
"479674","judgeship",,"leruviat"
"479675","judgeships",,"leruvie"
"479676","judgess",,"lurovin"
"479677","judgest",,"uceluat"
"479678","judgeth",,"lurovot"
"479679","judgey",,"leruin"
"479680","judgeyness",,"icalimon"
"479681","judgin",,"icalae"
"479682","judginess",,"oculafu"
"479683","judging",,"uceloin"
"479684","judgingly",,"lurorean"
"479685","judgmatic",,"ucelerot"
"479686","judgmatical",,"lirezidoot"
"479687","judgmatically",,"uceleravat"
"479688","judgment",,"lurozio"
"479689","judgmental",,"ucelezo"
"479690","judgmentaler",,"lirezohia"
"479691","judgmentalest",,"lorazehoat"
"479692","judgmentalism",,"oculuzogan"
"479693","judgmentally",,"lurozihue"
"479694","judgmentalness",,"larizuhaat"
"479695","judgmentless",,"oculuzogen"
"479696","judgments",,"luroziet"
"479697","judgmetic",,"oculuze"
"479698","judgs",,"lariqa"
"479699","judgship",,"loraqio"
"479700","judgships",,"loraqiet"
"479701","judgt",,"acolu"
"479702","judgy",,"loral"
"479703","judi",,"luruu"
"479704","judianto",,"luruneo"
"479705","judica",,"laraet"
"479706","judicabl",,"lurusuot"
"479707","judicable",,"lirisii"
"479708","judicael",,"icanera"
"479709","judical",,"ucenoat"
"479710","judically",,"lurusuen"
"479711","judicare",,"aconiren"
"479712","judicares",,"aconiron"
"479713","judicas",,"larasi"
"479714","judicata",,"ecinuru"
"479715","judicate",,"ucenorat"
"479716","judicated",,"lirision"
"479717","judicates",,"ucenore"
"479718","judicating",,"lirisiin"
"479719","judicatio",,"ocunare"
"479720","judication",,"lurusui"
"479721","judications",,"lurusudiat"
"479722","judicative",,"lorosoa"
"479723","judicato",,"ocunaran"
"479724","judicator",,"lorosoot"
"479725","judicatorial",,"ocunaricen"
"479726","judicatories",,"leresedeu"
"479727","judicators",,"lorosoo"
"479728","judicatory",,"lurusuet"
"479729","judicatorys",,"lurusudui"
"479730","judicatu",,"ucenorun"
"479731","judicature",,"lirisiat"
"479732","judicatures",,"lirisidue"
"479733","judice",,"liria"
"479734","judiced",,"icaneu"
"479735","judices",,"lirisen"
"479736","judicia",,"larasan"
"479737","judiciable",,"lirisaun"
"479738","judicial",,"ucenosu"
"479739","judicialese",,"ocunasafin"
"479740","judicialis",,"ucenosen"
"479741","judicialisation",,"ucenosofa"
"479742","judicialise",,"icanesefun"
"479743","judicialises",,"icanesefu"
"479744","judiciality",,"larasosoen"
"479745","judicialization",,"larasosoin"
"479746","judicialize",,"lurusesean"
"479747","judicialized",,"ucenosofet"
"479748","judicializes",,"luruseseun"
"479749","judicializing",,"ucenosofu"
"479750","judiciall",,"lorosuo"
"479751","judicially",,"lurusei"
"479752","judicialness",,"larasosoet"
"479753","judicialnesss",,"larasosoi"
"479754","judiciar",,"ecinusot"
"479755","judiciaries",,"aconisibu"
"479756","judiciarily",,"leresisuu"
"479757","judiciary",,"icaneseta"
"479758","judiciarys",,"icanesi"
"479759","judicing",,"icaneson"
"479760","judiciou",,"larasoe"
"479761","judicious",,"larasoin"
"479762","judiciously",,"ecinusokan"
"479763","judiciousness",,"ocunasikon"
"479764","judiciousnesses",,"ecinusokot"
"479765","judicium",,"leresion"
"479766","judico",,"lereot"
"479767","judie",,"liriv"
"479768","judies",,"lirio"
"479769","judika",,"luruua"
"479770","judio",,"lerefa"
"479771","judique",,"lirijet"
"479772","judita",,"aconai"
"479773","judith",,"luruin"
"479774","juditha",,"larawat"
"479775","judithian",,"icanoran"
"479776","judithre",,"uceniru"
"479777","judiths",,"luruwa"
"479778","judkins",,"ecisuot"
"479779","judo",,"lerot"
"479780","judogi",,"lorie"
"479781","judogis",,"lorimin"
"479782","judoist",,"ecipuin"
"479783","judoists",,"ecipuwa"
"479784","judoka",,"leroot"
"479785","judokas",,"leroto"
"479786","judolia",,"ecipoin"
"479787","judolike",,"icapuset"
"479788","judon",,"ucepo"
"479789","judophobia",,"ocuporot"
"479790","judophobism",,"ucepuravi"
"479791","judophobisms",,"ucepuravat"
"479792","judos",,"leroqi"
"479793","juds",,"lurun"
"479794","judsen",,"ecicata"
"479795","judson",,"ucecana"
"479796","judsonia",,"acocufi"
"479797","judsonias",,"acocufat"
"479798","judsons",,"uceciun"
"479799","judus",,"liraqe"
"479800","judy",,"leros"
"479801","judye",,"lareva"
"479802","judyresn",,"lirucoon"
"479803","judys",,"leroqo"
"479804","judyth",,"leroota"
"479805","jueces",,"icerun"
"479806","juego",,"ocalei"
"479807","juelz",,"ucotua"
"479808","juenger",,"ocazii"
"479809","juergen",,"ocajii"
"479810","jueta",,"lusani"
"479811","jueteng",,"ecuqeu"
"479812","juetengate",,"lasevou"
"479813","juett",,"iceqoo"
"479814","juetta",,"ucoqon"
"479815","juewa",,"icedu"
"479816","juey",,"ecuku"
"479817","juffer",,"logue"
"479818","juffrou",,"lugecen"
"479819","jufti",,"ecuque"
"479820","jufts",,"ecuqui"
"479821","jug",,"ecai"
"479822","juga",,"ocemna"
"479823","jugaad",,"lokaan"
"479824","jugaadu",,"lekuna"
"479825","jugal",,"lakiv"
"479826","jugalbandhi",,"lukovasiun"
"479827","jugalbandi",,"ucimasoa"
"479828","jugale",,"lukou"
"479829","jugals",,"lakian"
"479830","jugary",,"lukoua"
"479831","jugas",,"ocemai"
"479832","jugashvili",,"lukoqae"
"479833","jugata",,"lokaat"
"479834","jugatae",,"lekuwaa"
"479835","jugataes",,"lekuween"
"479836","jugate",,"lakion"
"479837","jugated",,"acumuoa"
"479838","jugately",,"ecamazot"
"479839","jugation",,"ecamasen"
"479840","jugcathayenoside",,"oceribetun"
"479841","jugement",,"ucitezua"
"479842","jugendstil",,"acutivu"
"479843","jugendstils",,"acutivagot"
"479844","juger",,"lakoc"
"479845","jugerum",,"lokucu"
"479846","jugfet",,"ecaku"
"479847","jugfish",,"icokei"
"479848","jugful",,"acukon"
"479849","jugfuls",,"acukaan"
"479850","jugg",,"ocele"
"479851","juggah",,"likei"
"479852","juggalette",,"likeniu"
"479853","juggalo",,"likenat"
"479854","jugged",,"lakiia"
"479855","jugger",,"lekuoa"
"479856","juggernaut",,"likevuin"
"479857","juggernautic",,"likevuhaen"
"479858","juggernautish",,"uciluqutu"
"479859","juggernautishs",,"uciluqutot"
"479860","juggernauts",,"likevuhaa"
"479861","jugging",,"lakirot"
"479862","juggings",,"lakiroo"
"479863","juggins",,"lukoret"
"479864","jugginses",,"likerain"
"479865","jugglable",,"lukovuon"
"479866","juggle",,"lukoot"
"479867","juggled",,"ucilae"
"479868","jugglement",,"likevoot"
"479869","juggler",,"aculei"
"479870","juggleress",,"ucilazen"
"479871","juggleries",,"ucilazet"
"479872","jugglers",,"aculezat"
"479873","jugglery",,"ocelize"
"479874","juggles",,"lukovoa"
"479875","jugglesome",,"likevoota"
"479876","juggling",,"ucilaset"
"479877","jugglingly",,"lukovein"
"479878","jugglings",,"ucilasi"
"479879","juggs",,"ocelaa"
"479880","juggurnaut",,"likebuot"
"479881","juggy",,"ucilia"
"479882","jughandle",,"ocemifu"
"479883","jughashvili",,"acumewulet"
"479884","jughead",,"ecameua"
"479885","jugheads",,"ecamerot"
"479886","jugiong",,"lekefan"
"479887","jugis",,"ecanun"
"479888","jugiter",,"acunuon"
"479889","juglandaceae",,"lokanuzuen"
"479890","juglandaceaes",,"lokanuzuon"
"479891","juglandaceous",,"likenazao"
"479892","juglandales",,"ecatofoti"
"479893","juglandaleses",,"acutefeta"
"479894","juglandaless",,"ecatofotat"
"479895","juglandalesses",,"acutefeten"
"479896","juglandeae",,"lekunii"
"479897","juglandin",,"acutefe"
"479898","juglandine",,"ucitafen"
"479899","juglandoid",,"ucitafena"
"479900","juglans",,"icotuen"
"479901","juglanses",,"ocetifu"
"479902","juglanss",,"icotufon"
"479903","juglar",,"ecatua"
"479904","juglet",,"icotot"
"479905","juglets",,"icotio"
"479906","juglike",,"lokarot"
"479907","jugline",,"ecatuaa"
"479908","juglomycin",,"ucitipon"
"479909","juglone",,"icotoen"
"479910","jugnauth",,"likinoun"
"479911","jugo",,"icopn"
"479912","jugomaxillary",,"acuporavon"
"479913","jugomir",,"lekozi"
"479914","jugon",,"lakepa"
"479915","jugoslav",,"ecapuzo"
"479916","jugoslavia",,"ocepazaa"
"479917","jugoslaviae",,"ecapuzulan"
"479918","jugoslavian",,"lukaqusee"
"479919","jugoslavians",,"lukaqusein"
"479920","jugoslavias",,"ocepazalen"
"479921","jugoslavic",,"ecapuzi"
"479922","jugoslavs",,"ecapuzet"
"479923","jugostegalia",,"icopebasot"
"479924","jugovostocnyj",,"ucipahuge"
"479925","jugrigger",,"icojenun"
"479926","jugs",,"ecacs"
"479927","jugsful",,"acucaan"
"479928","jugta",,"lekona"
"479929","juguang",,"lukeno"
"479930","jugula",,"lukein"
"479931","jugular",,"acuweon"
"479932","jugulares",,"uciwarot"
"479933","jugularess",,"uciwaro"
"479934","jugularis",,"acuwere"
"479935","jugulars",,"acuweran"
"479936","jugulary",,"ocewirun"
"479937","jugulate",,"icowuren"
"479938","jugulated",,"lokuvoot"
"479939","jugulates",,"icowuron"
"479940","jugulating",,"lokuvoan"
"479941","jugulation",,"likavia"
"479942","jugulations",,"likavidoen"
"479943","jugulo",,"lakoate"
"479944","jugulodigastric",,"ocewihivin"
"479945","jugulum",,"lakove"
"479946","jugum",,"icowa"
"479947","jugums",,"icowaa"
"479948","jugureni",,"ocewuze"
"479949","jugurtha",,"lekicui"
"479950","jugurthine",,"ocewubo"
"479951","jugurthines",,"ocewubevet"
"479952","jugware",,"lukinin"
"479953","juha",,"lelu"
"479954","juhani",,"ucumuna"
"479955","juhar",,"ocomue"
"479956","juhasz",,"icimina"
"479957","juhaynah",,"lolaluota"
"479958","juhi",,"lalas"
"479959","juhnke",,"ecezu"
"479960","juho",,"loli"
"479961","juhshiun",,"lolonuen"
"479962","juhuri",,"acaweta"
"479963","juhyo",,"lulaf"
"479964","juhyou",,"lilueta"
"479965","juiblex",,"lamuvan"
"479966","juice",,"ucaru"
"479967","juiceable",,"icuriro"
"479968","juiceaholic",,"ecoreracan"
"479969","juicearian",,"ucarura"
"479970","juicebox",,"ucarusun"
"479971","juiced",,"limiai"
"479972","juiceful",,"icurimet"
"479973","juicehead",,"ucarure"
"479974","juiceheads",,"ucarurin"
"479975","juiceless",,"lemeveona"
"479976","juicelessness",,"icurizadu"
"479977","juicelike",,"lamavain"
"479978","juicen",,"lemeot"
"479979","juicened",,"acerafen"
"479980","juicening",,"acerafe"
"479981","juicens",,"lemevoa"
"479982","juicer",,"lumue"
"479983","juicers",,"lumuvin"
"479984","juicery",,"lemeva"
"479985","juices",,"ucari"
"479986","juicey",,"ecorat"
"479987","juicheng",,"icurazon"
"479988","juicier",,"lumurot"
"479989","juiciest",,"limiroan"
"479990","juicilier",,"icurezan"
"479991","juiciliest",,"ociraza"
"479992","juicily",,"lamarun"
"479993","juiciness",,"lemerian"
"479994","juicinesses",,"lamaropuo"
"479995","juicing",,"limirat"
"479996","juicy",,"ocire"
"479997","juieta",,"lumeei"
"479998","juif",,"lemie"
"479999","juifang",,"ecokoo"
"480000","juifen",,"icukaa"
"480001","juin",,"lomoo"
"480002","juine",,"lemev"
"480003","juins",,"lomoq"
"480004","juise",,"ucacu"
"480005","juish",,"lamann"
"480006","juisui",,"ucacun"
"480007","juiz",,"lemio"
"480008","jujed",,"icatoo"
"480009","jujes",,"linaqa"
"480010","juji",,"lunu"
"480011","jujing",,"icanen"
"480012","jujitsu",,"icanoen"
"480013","jujitsuka",,"icanowan"
"480014","jujitsus",,"icanowon"
"480015","juju",,"linas"
"480016","jujuba",,"acowa"
"480017","jujube",,"icawua"
"480018","jujubelike",,"lunerii"
"480019","jujubes",,"icawaot"
"480020","jujubi",,"ucewat"
"480021","jujubogenin",,"eciwihufun"
"480022","jujuboside",,"luneroon"
"480023","jujuism",,"leniron"
"480024","jujuisms",,"lenirian"
"480025","jujuist",,"icaween"
"480026","jujuists",,"icawewon"
"480027","jujuman",,"acowoon"
"480028","jujus",,"linaqe"
"480029","jujutla",,"lonuwu"
"480030","jujutsu",,"ocuwean"
"480031","jujutsuka",,"ocuwewu"
"480032","jujutsus",,"ocuwewun"
"480033","jujuy",,"lanol"
"480034","jujuys",,"lanoi"
"480035","jukdo",,"laref"
"480036","juke",,"icetni"
"480037","jukebox",,"icetaote"
"480038","jukeboxed",,"leriruen"
"480039","jukeboxes",,"ocatuhat"
"480040","jukeboxing",,"leriruea"
"480041","jukeboxlike",,"lureromeat"
"480042","juked",,"loruta"
"480043","jukehouse",,"liraneun"
"480044","jukes",,"icetee"
"480045","jukess",,"icetina"
"480046","jukey",,"acituo"
"480047","jukie",,"icenii"
"480048","jukijiro",,"ecunason"
"480049","juking",,"loroin"
"480050","jukka",,"ucosaa"
"480051","jukskei",,"ocacoat"
"480052","jukskeis",,"ocacoze"
"480053","juku",,"icewo"
"480054","jukujikun",,"icewosun"
"480055","jukung",,"lerien"
"480056","jukus",,"icewea"
"480057","julaceous",,"lusosio"
"480058","julander",,"ecamuvina"
"480059","julap",,"ecame"
"480060","julayne",,"icomoot"
"480061","jule",,"losuti"
"480062","julee",,"lesiv"
"480063","julep",,"ucitue"
"480064","juleps",,"ucitan"
"480065","jules",,"losuqa"
"480066","julesburg",,"lisaquun"
"480067","julesburgs",,"lisaquu"
"480068","juless",,"losuate"
"480069","juletta",,"losuwun"
"480070","julettas",,"losuwau"
"480071","juley",,"lusel"
"480072","julfa",,"ecakoa"
"480073","julgoldite",,"icolozun"
"480074","julgran",,"lisecan"
"480075","juli",,"lisis"
"480076","julia",,"lusunt"
"480077","juliaca",,"lasanan"
"480078","juliacum",,"lesenion"
"480079","juliaetta",,"lisinoat"
"480080","juliaettas",,"lisinoe"
"480081","julian",,"ocenie"
"480082","juliana",,"iconuo"
"480083","julianas",,"iconufet"
"480084","juliane",,"ecanoin"
"480085","julianer",,"leseniona"
"480086","julianest",,"lasanoina"
"480087","julianiaceous",,"iconufitot"
"480088","julianist",,"leseniuna"
"480089","julianists",,"leseniu"
"480090","julianlo",,"losonuo"
"480091","juliann",,"lusunoe"
"480092","julianna",,"lasanou"
"480093","julianne",,"lisinaat"
"480094","julianner",,"ucinafa"
"480095","juliannes",,"lisinae"
"480096","juliannest",,"iconufat"
"480097","juliano",,"ucinau"
"480098","julians",,"oceniat"
"480099","julianto",,"lisinaun"
"480100","julianus",,"ecanofo"
"480101","juliard",,"lusunot"
"480102","julias",,"lusuin"
"480103","julibrissin",,"ocenuqodon"
"480104","julid",,"iconoe"
"480105","julidae",,"iconoot"
"480106","julidaes",,"iconoro"
"480107","julidan",,"leseten"
"480108","julide",,"oceneta"
"480109","julides",,"ocenei"
"480110","julie",,"losov"
"480111","julien",,"acunena"
"480112","julienite",,"lisivae"
"480113","julienne",,"leseviona"
"480114","julienned",,"ecanefo"
"480115","julienner",,"ocenofu"
"480116","juliennes",,"lesevian"
"480117","juliennest",,"ecanefon"
"480118","julienning",,"ecanefun"
"480119","juliens",,"acunaon"
"480120","julier",,"iconot"
"480121","julies",,"losouni"
"480122","juliet",,"ocenon"
"480123","julieta",,"iconiaa"
"480124","julietesque",,"acunabode"
"480125","julietian",,"lasaviot"
"480126","juliets",,"ocenoan"
"480127","juliett",,"leseven"
"480128","julietta",,"losovain"
"480129","juliette",,"lasaviun"
"480130","juliettes",,"lasaviu"
"480131","juliflora",,"ocenoza"
"480132","juliform",,"lasalia"
"480133","juligelb",,"losomea"
"480134","julii",,"lisir"
"480135","juliid",,"iconae"
"480136","juliiflora",,"ocenamet"
"480137","julina",,"ocenii"
"480138","juline",,"acunene"
"480139","julio",,"lasaf"
"480140","julios",,"lasaato"
"480141","juliot",,"acuneta"
"480142","juliott",,"lusufo"
"480143","julious",,"lusufoa"
"480144","julip",,"acunaa"
"480145","juliperle",,"ocenozu"
"480146","julis",,"lisiq"
"480147","julissa",,"lusuqaa"
"480148","julita",,"ucinat"
"480149","julius",,"losoei"
"480150","juliusca",,"lisibaan"
"480151","juliuss",,"losobin"
"480152","juliustown",,"lusubeat"
"480153","juliustowns",,"lusubedue"
"480154","juliusz",,"ucinue"
"480155","juliver",,"leseden"
"480156","jull",,"ocett"
"480157","julliard",,"icoteret"
"480158","julliards",,"icoteri"
"480159","jullien",,"liserana"
"480160","julliens",,"liserouna"
"480161","jullundur",,"losabuo"
"480162","julman",,"acuven"
"480163","julmann",,"losenin"
"480164","julocrotine",,"ucipoqagon"
"480165","julodine",,"lesotion"
"480166","juloid",,"acupen"
"480167","juloidea",,"acupivon"
"480168","juloideas",,"acupivan"
"480169","juloidian",,"lisureu"
"480170","julole",,"icopot"
"480171","julolidin",,"ecaposi"
"480172","julolidine",,"acupesin"
"480173","julolin",,"lesovi"
"480174","juloline",,"lasevoin"
"480175","julson",,"icocae"
"480176","julundur",,"uciwovu"
"480177","julus",,"losuqe"
"480178","juluss",,"losuunu"
"480179","july",,"lases"
"480180","julye",,"lusave"
"480181","julyflower",,"acukazu"
"480182","julyflowers",,"acukazemot"
"480183","julyish",,"ecakua"
"480184","julys",,"laseq"
"480185","juma",,"ucumne"
"480186","jumada",,"lutoun"
"480187","jumadas",,"lutotu"
"480188","jumaguicjic",,"litemotoo"
"480189","jumah",,"lutone"
"480190","jumala",,"liteena"
"480191","jumana",,"lotaate"
"480192","jumanas",,"lotape"
"480193","jumano",,"liteet"
"480194","jumar",,"lutoci"
"480195","jumared",,"icimaina"
"480196","jumaring",,"icimasi"
"480197","jumarred",,"litecuon"
"480198","jumarring",,"litecuin"
"480199","jumars",,"lutoua"
"480200","jumart",,"ucumana"
"480201","jumarts",,"ucumeun"
"480202","jumaytepeque",,"ucumibeqo"
"480203","jumba",,"lutin"
"480204","jumbal",,"icinini"
"480205","jumbala",,"ucunaata"
"480206","jumball",,"letanen"
"480207","jumbals",,"icinuae"
"480208","jumbee",,"letaua"
"480209","jumbery",,"acanaoa"
"480210","jumbi",,"litor"
"480211","jumbie",,"loteati"
"480212","jumbies",,"lotere"
"480213","jumble",,"ecenun"
"480214","jumbled",,"latuvia"
"480215","jumbledly",,"ecenoza"
"480216","jumblement",,"acanezun"
"480217","jumblements",,"acanezufu"
"480218","jumbler",,"letavoa"
"480219","jumblers",,"letavaet"
"480220","jumbles",,"ecenou"
"480221","jumblesome",,"acanezuna"
"480222","jumblier",,"letavion"
"480223","jumbliest",,"latuvoin"
"480224","jumbling",,"latuvoot"
"480225","jumblingly",,"ecenosat"
"480226","jumbly",,"ucunana"
"480227","jumbo",,"latuf"
"480228","jumboer",,"acanuen"
"480229","jumboesque",,"litofoun"
"480230","jumboest",,"ucunize"
"480231","jumbogram",,"ecenanet"
"480232","jumboisation",,"latufoboan"
"480233","jumboise",,"lutifeo"
"480234","jumboised",,"ucunisin"
"480235","jumboises",,"lutifeet"
"480236","jumboising",,"ucunisi"
"480237","jumboism",,"litofaun"
"480238","jumboization",,"oconesuton"
"480239","jumboize",,"ecenasot"
"480240","jumboized",,"latufoe"
"480241","jumboizes",,"ecenaso"
"480242","jumboizing",,"latufoet"
"480243","jumbomania",,"icinopat"
"480244","jumboo",,"loteune"
"480245","jumbophage",,"litofoin"
"480246","jumbos",,"latuia"
"480247","jumbotron",,"acanubuna"
"480248","jumbrella",,"ecenizo"
"480249","jumbuck",,"letabo"
"480250","jumbucks",,"letabiet"
"480251","jumbuk",,"letaae"
"480252","jumbunna",,"litobaan"
"480253","jumby",,"latula"
"480254","jumeira",,"litaron"
"480255","jumeirah",,"ucutoqin"
"480256","jumelle",,"icitua"
"480257","jumelles",,"icituzen"
"480258","jument",,"ucutana"
"480259","jumentous",,"acatibat"
"480260","jumentously",,"latopijeen"
"480261","juments",,"ucutoun"
"480262","jumentum",,"ecetuba"
"480263","jumfru",,"ucukun"
"480264","jumhouriya",,"icimodun"
"480265","jumhouriyas",,"icimodovu"
"480266","jumiekan",,"lutuvien"
"480267","jumillite",,"litiviin"
"480268","juming",,"leteet"
"480269","jumli",,"letura"
"480270","jumma",,"ocovi"
"480271","jummabundee",,"letanogaan"
"480272","jummabundi",,"litonuu"
"480273","jummabundy",,"latunein"
"480274","jummah",,"lotee"
"480275","jummahdar",,"litonuun"
"480276","jumming",,"lutiret"
"480277","jumna",,"letena"
"480278","jumnapari",,"lutunion"
"480279","jumo",,"acapn"
"480280","jump",,"lutea"
"480281","jumpable",,"litanui"
"480282","jumpathon",,"acafebe"
"480283","jumpcut",,"icifea"
"480284","jumpcutting",,"ecefudogun"
"480285","jumpdrive",,"ocofeqe"
"480286","jumped",,"icifu"
"480287","jumpedst",,"lotuvaue"
"480288","jumper",,"ucufan"
"480289","jumpered",,"lotuvie"
"480290","jumpering",,"lotuviet"
"480291","jumperism",,"ocofoqin"
"480292","jumperless",,"letivoat"
"480293","jumperlike",,"latoveo"
"480294","jumpers",,"ucufuun"
"480295","jumperwalk",,"latovea"
"480296","jumperwalks",,"latoveloen"
"480297","jumpest",,"icifiaa"
"480298","jumpeth",,"litavi"
"480299","jumpform",,"letiluat"
"480300","jumpgate",,"acaferi"
"480301","jumpier",,"ucufoe"
"480302","jumpiest",,"icifezet"
"480303","jumpilier",,"loturoet"
"480304","jumpiliest",,"letireu"
"480305","jumpily",,"acafii"
"480306","jumpin",,"ocofan"
"480307","jumpinal",,"letirian"
"480308","jumpiness",,"ecefufeta"
"480309","jumpinesses",,"acafifodin"
"480310","jumping",,"icifeon"
"480311","jumpingly",,"litaraot"
"480312","jumpings",,"icifefan"
"480313","jumpity",,"ecefuot"
"480314","jumplike",,"ecefosen"
"480315","jumpline",,"luteveet"
"480316","jumplist",,"lotuvuo"
"480317","jumpmaster",,"lotuzoen"
"480318","jumpmasters",,"lotuzoboon"
"480319","jumpness",,"ecefuza"
"480320","jumpnrun",,"ucufoqot"
"480321","jumpoff",,"lutefet"
"480322","jumpoffs",,"lutefii"
"480323","jumpout",,"acafuon"
"480324","jumprock",,"ecefiho"
"480325","jumprocks",,"ecefihet"
"480326","jumprope",,"lotucaot"
"480327","jumps",,"luteq"
"480328","jumpscare",,"acafiti"
"480329","jumpscared",,"luteqeen"
"480330","jumpscares",,"acafitat"
"480331","jumpscaring",,"luteqesoe"
"480332","jumpscrape",,"letiqian"
"480333","jumpseat",,"ucufoze"
"480334","jumpseating",,"lotuqesoan"
"480335","jumpseed",,"ocofazi"
"480336","jumpship",,"letiqoat"
"480337","jumpshot",,"letiqoan"
"480338","jumpsies",,"litaqaat"
"480339","jumpsole",,"ucufohin"
"480340","jumpsome",,"litaqeat"
"480341","jumpspace",,"ecefuja"
"480342","jumpstab",,"latoqiun"
"480343","jumpstart",,"acafibat"
"480344","jumpstarted",,"litaqeseu"
"480345","jumpstarter",,"luteqosoan"
"480346","jumpstarting",,"litaqeseon"
"480347","jumpstarts",,"acafibe"
"480348","jumpstation",,"ucufobogi"
"480349","jumpster",,"litaqean"
"480350","jumpstyle",,"litaqeun"
"480351","jumpsuit",,"icifedon"
"480352","jumpsuited",,"letiqaat"
"480353","jumpsuits",,"icifedan"
"480354","jumpup",,"acafen"
"480355","jumpy",,"letil"
"480356","jumua",,"iciwu"
"480357","jumuah",,"litaeta"
"480358","jun",,"lova"
"480359","juna",,"livet"
"480360","junaepero",,"lavivuea"
"480361","junagadh",,"lavimae"
"480362","junagarh",,"levumei"
"480363","junc",,"lovon"
"480364","juncaceae",,"lovonuun"
"480365","juncaceaes",,"lovonuu"
"480366","juncaceous",,"livinaat"
"480367","juncaginaceae",,"ocirinojo"
"480368","juncaginaceaes",,"ocirinojet"
"480369","juncaginaceous",,"icurunija"
"480370","juncagineous",,"ocirinojeta"
"480371","juncaj",,"icurina"
"480372","juncal",,"ociret"
"480373","juncals",,"ocirii"
"480374","juncaneer",,"luvunea"
"480375","juncat",,"icurue"
"480376","juncate",,"ociriet"
"480377","juncates",,"ociribi"
"480378","juncea",,"lovoie"
"480379","junceae",,"levevin"
"480380","junceous",,"lovovaua"
"480381","junceum",,"liviveta"
"480382","junci",,"lovor"
"480383","junciform",,"luvurian"
"480384","juncite",,"ecoruua"
"480385","junckerite",,"luvution"
"480386","junco",,"luvufi"
"480387","juncoes",,"livifet"
"480388","juncoid",,"ucariun"
"480389","juncoides",,"icuroset"
"480390","juncoidess",,"icurosi"
"480391","juncos",,"luvuua"
"480392","juncous",,"livifon"
"480393","juncs",,"lovoqi"
"480394","junctio",,"ucarie"
"480395","junction",,"levewii"
"480396","junctional",,"ecorasi"
"480397","junctionally",,"levewijaa"
"480398","junctioned",,"acerusun"
"480399","junctioning",,"acerusejen"
"480400","junctionite",,"acerusejot"
"480401","junctionless",,"ucarisajan"
"480402","junctionopathy",,"icurosujet"
"480403","junctions",,"levewiat"
"480404","junctive",,"luvuwea"
"480405","junctly",,"lovowe"
"480406","junctophilin",,"ocirehutat"
"480407","junctor",,"luvuwot"
"480408","junctura",,"lovoweu"
"480409","junctural",,"ecorado"
"480410","juncturally",,"levewawie"
"480411","juncture",,"lavawuat"
"480412","junctureless",,"icurodofun"
"480413","junctures",,"lavawue"
"480414","juncus",,"leveota"
"480415","juncuses",,"lavaboat"
"480416","juncuss",,"levebo"
"480417","juncusses",,"lavaboe"
"480418","jund",,"ociso"
"480419","jundia",,"icusin"
"480420","jundiai",,"icuseo"
"480421","jundiais",,"icuseret"
"480422","jundie",,"ecosuna"
"480423","jundied",,"laveri"
"480424","jundies",,"ecosuu"
"480425","jundt",,"levow"
"480426","jundy",,"ucasii"
"480427","jundying",,"lovilua"
"480428","jundys",,"ucasio"
"480429","june",,"levis"
"480430","juneating",,"lavoniot"
"480431","juneatings",,"lavonio"
"480432","juneau",,"leviini"
"480433","juneauite",,"acetedi"
"480434","juneaus",,"levina"
"480435","juneaux",,"ucataan"
"480436","juneberries",,"ecotizabet"
"480437","juneberry",,"ucateze"
"480438","juneberryes",,"icutazobon"
"480439","juneberrys",,"ucatezin"
"480440","junebud",,"lavorona"
"480441","junebuds",,"lavoruane"
"480442","junebug",,"ocitui"
"480443","junebugs",,"ocitudat"
"480444","junectomy",,"icutebet"
"480445","junedale",,"luvetuin"
"480446","junedales",,"luvetua"
"480447","junee",,"lavove"
"480448","junefish",,"livalae"
"480449","juneflower",,"ecotezon"
"480450","juneflowers",,"ecotezoman"
"480451","junegrass",,"ucataqot"
"480452","juneho",,"ucatate"
"480453","junepatt",,"icutiro"
"480454","junes",,"leviqe"
"480455","junet",,"ecotan"
"480456","juneteenth",,"leviwaan"
"480457","juneteenths",,"leviwapaun"
"480458","junette",,"luvewu"
"480459","juneuary",,"ucaturun"
"480460","jung",,"lives"
"480461","jungaburra",,"ecoloset"
"480462","jungalist",,"lovanoet"
"480463","jungar",,"acelen"
"480464","jungaria",,"ecoloqoa"
"480465","jungau",,"liveeta"
"480466","jungbunzlau",,"laviruheen"
"480467","jungdahl",,"iculoron"
"480468","jungeera",,"iculizo"
"480469","junger",,"iculota"
"480470","jungermannealean",,"iculiqoton"
"480471","jungermannia",,"iculiqotot"
"480472","jungermanniaceae",,"ociloqetun"
"480473","jungermanniaceaes",,"ociloqetu"
"480474","jungermanniaceous",,"iculiqotat"
"480475","jungermanniales",,"lavivefoin"
"480476","jungermannialeses",,"luvovafean"
"480477","jungermannialess",,"lavivefoa"
"480478","jungermannialesses",,"luvovafeun"
"480479","jungermannias",,"iculiqoto"
"480480","jungermannioid",,"livevufaun"
"480481","jungermannoid",,"livevufai"
"480482","jungers",,"iculio"
"480483","jungfrau",,"lavilein"
"480484","jungfraujoch",,"lovalisiu"
"480485","jungfraus",,"lavilea"
"480486","junggar",,"ecoloa"
"480487","junggrammatiker",,"ecoloquhon"
"480488","junggrammatikers",,"ecoloquhan"
"480489","junghan",,"lovanot"
"480490","junghua",,"ucaleu"
"480491","jungian",,"ocilauni"
"480492","jungianer",,"levureat"
"480493","jungianest",,"lavirao"
"480494","jungianism",,"acelira"
"480495","jungianner",,"ucaloret"
"480496","jungiannest",,"iculeriju"
"480497","jungians",,"ocilaru"
"480498","jungism",,"levuri"
"480499","jungite",,"ocilaata"
"480500","jungle",,"ecolua"
"480501","jungled",,"lavivata"
"480502","junglefowl",,"ecolozat"
"480503","junglegym",,"ocilizot"
"480504","junglegyms",,"ocilizo"
"480505","jungleless",,"livevoin"
"480506","junglelike",,"lovavei"
"480507","jungler",,"levuveta"
"480508","jungles",,"ecoloot"
"480509","jungleside",,"luvovii"
"480510","jungleterry",,"lovavedion"
"480511","jungleward",,"acelezun"
"480512","junglewards",,"acelezutu"
"480513","junglewear",,"luvovion"
"480514","junglewood",,"lovaveet"
"480515","jungli",,"ocilata"
"480516","junglier",,"levuviana"
"480517","jungliest",,"lavivoa"
"480518","junglis",,"ocilie"
"480519","junglism",,"acelese"
"480520","junglist",,"levuviat"
"480521","junglists",,"levuvie"
"480522","junglization",,"livevarai"
"480523","junglize",,"lovavua"
"480524","junglized",,"ocilisu"
"480525","junglizes",,"lovavuene"
"480526","junglizing",,"ocilison"
"480527","jungly",,"ucalun"
"480528","jungmin",,"ucaleota"
"480529","jungs",,"liveqi"
"480530","jungseong",,"iculezat"
"480531","jungular",,"lovaboa"
"480532","jungwirt",,"levugian"
"480533","jungwirth",,"ocilusa"
"480534","jungyo",,"lovaee"
"480535","junhyun",,"levalet"
"480536","juni",,"lovot"
"480537","junia",,"livini"
"480538","juniata",,"ucanauna"
"480539","juniatas",,"ucanabu"
"480540","junichi",,"icuneet"
"480541","junie",,"levevi"
"480542","junieta",,"ocinoia"
"480543","junik",,"leveta"
"480544","junin",,"acenie"
"480545","junina",,"econuo"
"480546","juninho",,"lovopa"
"480547","juninhos",,"lovopien"
"480548","junio",,"luvufo"
"480549","junior",,"acenet"
"480550","juniorate",,"luvufaet"
"480551","juniorates",,"luvufai"
"480552","juniored",,"livifuana"
"480553","juniorer",,"luvufaen"
"480554","juniorest",,"livifue"
"480555","junioring",,"livifua"
"480556","juniorities",,"livifutien"
"480557","junioritis",,"luvufae"
"480558","juniority",,"levefoun"
"480559","juniormost",,"luvufaun"
"480560","juniorness",,"levefoe"
"480561","juniorrer",,"acenuqun"
"480562","juniorrest",,"ucaniqen"
"480563","juniors",,"acenui"
"480564","juniorship",,"ocineqet"
"480565","juniour",,"ucaniu"
"480566","junious",,"livifan"
"480567","juniper",,"livihi"
"480568","juniperaceae",,"livihowau"
"480569","juniperaceaes",,"livihowaot"
"480570","juniperi",,"livihoun"
"480571","juniperic",,"livihoe"
"480572","juniperin",,"econezon"
"480573","juniperlike",,"acenazufa"
"480574","juniperol",,"ucanuzo"
"480575","junipers",,"livihoat"
"480576","juniperus",,"lovoheo"
"480577","juniperuses",,"levehawoe"
"480578","juniperuss",,"lovoheet"
"480579","juniperusses",,"levehawoin"
"480580","junipery",,"lavahue"
"480581","junish",,"icunoe"
"480582","junitoite",,"lovowaen"
"480583","junius",,"leveo"
"480584","junji",,"ociraa"
"480585","junjo",,"ucaria"
"480586","junjun",,"livuone"
"480587","junjung",,"luvaben"
"480588","junk",,"levine"
"480589","junkaholic",,"livanuaa"
"480590","junkaneer",,"livanaat"
"480591","junkanoo",,"ucasafot"
"480592","junkanooer",,"livanain"
"480593","junkanoos",,"ucasafo"
"480594","junkball",,"acesoran"
"480595","junkballer",,"luverui"
"480596","junkballing",,"livaripaet"
"480597","junkboard",,"acesohan"
"480598","junkbox",,"levirena"
"480599","junkceylon",,"lavosua"
"480600","junkdealer",,"ucasizot"
"480601","junkdrawer",,"acesuqat"
"480602","junked",,"acesa"
"480603","junker",,"ecosei"
"480604","junkerdo",,"lovuviin"
"480605","junkerdom",,"lavoveina"
"480606","junkerdoms",,"lavovea"
"480607","junkerish",,"levivouna"
"480608","junkerism",,"ucasuqo"
"480609","junkerisms",,"ucasuqet"
"480610","junkers",,"ecosein"
"480611","junkerschule",,"icusiqizu"
"480612","junket",,"acesoi"
"480613","junketed",,"livaveon"
"480614","junketee",,"icusiba"
"480615","junketeer",,"livaveana"
"480616","junketeered",,"ocisobufe"
"480617","junketeering",,"ocisobufet"
"480618","junketeers",,"livaveuna"
"480619","junketer",,"luvevoaa"
"480620","junketers",,"luvevoen"
"480621","junketing",,"livavein"
"480622","junketings",,"livavea"
"480623","junkets",,"acesaet"
"480624","junketted",,"icusiben"
"480625","junketter",,"ucasubin"
"480626","junketters",,"ucasuba"
"480627","junketting",,"icusibe"
"480628","junkety",,"ocisoi"
"480629","junkfood",,"leviluan"
"480630","junkhead",,"levinaet"
"480631","junkheap",,"livanoata"
"480632","junkie",,"lavoan"
"480633","junkiedom",,"acesizun"
"480634","junkiehood",,"luveriat"
"480635","junkieness",,"ocisazot"
"480636","junkier",,"ecosuote"
"480637","junkies",,"lavorun"
"480638","junkiest",,"acesizan"
"480639","junkily",,"ocisaun"
"480640","junkin",,"ucasea"
"480641","junkiness",,"icusefan"
"480642","junkinesses",,"ocisafudo"
"480643","junking",,"acesiat"
"480644","junkins",,"ucasoin"
"480645","junkless",,"ucasazin"
"480646","junklike",,"icususi"
"480647","junkmail",,"ucasera"
"480648","junkman",,"icusaen"
"480649","junkmen",,"ecosiota"
"480650","junkmobile",,"luvezoat"
"480651","junko",,"livaf"
"480652","junkpile",,"lavohoin"
"480653","junkroom",,"ucaseha"
"480654","junks",,"leviqi"
"480655","junkscape",,"icusetet"
"480656","junkshop",,"lavoqeot"
"480657","junkspace",,"icusejet"
"480658","junkuping",,"lavobuen"
"480659","junkupings",,"lavobuon"
"480660","junkware",,"acesoron"
"480661","junky",,"lival"
"480662","junkyard",,"luvelua"
"480663","junkyards",,"luveluen"
"480664","junkyism",,"levilian"
"480665","junkys",,"livaete"
"480666","junli",,"ecotui"
"480667","junmai",,"levao"
"480668","junmeng",,"icuvien"
"480669","junna",,"ecozoa"
"480670","junnan",,"liviet"
"480671","junno",,"ocizee"
"480672","juno",,"luvane"
"480673","junod",,"ucapia"
"480674","junoes",,"livueni"
"480675","junoesque",,"lovivuot"
"480676","junoite",,"icupeo"
"480677","junon",,"ocipai"
"480678","junonia",,"icupeena"
"480679","junonian",,"lavepoin"
"480680","junonians",,"lavepoa"
"480681","junonias",,"icupeson"
"480682","junonic",,"ocipaat"
"480683","junortoun",,"icupaban"
"480684","junos",,"luvaqi"
"480685","junot",,"ucapie"
"480686","junots",,"ucapat"
"480687","junpei",,"icufot"
"480688","junque",,"levuot"
"480689","junr",,"icuje"
"480690","junse",,"levevn"
"480691","junshi",,"icuco"
"480692","junt",,"ociqs"
"480693","junta",,"icuqu"
"480694","juntaism",,"ecoqoso"
"480695","juntas",,"icuqina"
"480696","juntine",,"livuri"
"480697","junto",,"ucaqie"
"480698","juntocracy",,"lovifuae"
"480699","juntos",,"ucaqata"
"480700","juntura",,"lovibe"
"480701","junturas",,"lovibiin"
"480702","junuary",,"aceween"
"480703","junwang",,"acedeon"
"480704","junyent",,"lavevana"
"480705","junzi",,"ucalo"
"480706","junzo",,"ecolae"
"480707","juonniite",,"lazapoa"
"480708","jupard",,"lopaan"
"480709","jupas",,"lopaq"
"480710","jupati",,"ocamone"
"480711","jupaties",,"ecumasot"
"480712","jupatis",,"ocamean"
"480713","jupaty",,"ucomio"
"480714","jupatyes",,"icemoma"
"480715","jupatys",,"ucomiata"
"480716","jupe",,"lapoa"
"480717","juped",,"acituu"
"480718","jupes",,"lapoqa"
"480719","jupette",,"lipawen"
"480720","juping",,"acinona"
"480721","jupiter",,"lapawat"
"480722","jupiteres",,"lupuwien"
"480723","jupiterian",,"uconizen"
"480724","jupiterlike",,"ocanezefen"
"480725","jupiterred",,"lupuwiet"
"480726","jupiterring",,"lupuwiwou"
"480727","jupiters",,"lapawue"
"480728","jupitr",,"lepeoe"
"480729","jupitus",,"acinuon"
"480730","jupon",,"ecupua"
"480731","jupons",,"ecupue"
"480732","jupp",,"icefe"
"480733","juppon",,"lopue"
"480734","jupti",,"ecuquo"
"480735","jupyter",,"lopiwun"
"480736","jura",,"lehus"
"480737","jurado",,"icimua"
"480738","jurafsky",,"ucumuwin"
"480739","juraj",,"ecemao"
"480740","jural",,"acamei"
"480741","juraler",,"luhovin"
"480742","juralest",,"lihevoi"
"480743","juraller",,"icimuzen"
"480744","jurallest",,"ocomize"
"480745","jurally",,"lahivat"
"480746","jurament",,"lahizuun"
"480747","juramenta",,"lehuzaon"
"480748","juramentado",,"icimazigan"
"480749","juramentados",,"icimazigun"
"480750","juramental",,"acamozun"
"480751","juramentally",,"lahizuhaet"
"480752","juramentum",,"lohazeen"
"480753","juran",,"ucumone"
"480754","jurane",,"icimui"
"480755","juranes",,"icimeot"
"480756","juranon",,"lihepi"
"480757","juranons",,"lihepeat"
"480758","jurant",,"liheen"
"480759","jurants",,"lihepon"
"480760","juraphyllitid",,"lehuhoniet"
"480761","jurara",,"icimuo"
"480762","jurare",,"ecemata"
"480763","juras",,"lehuqa"
"480764","jurasik",,"lahiqun"
"480765","jurassian",,"acamiwat"
"480766","jurassic",,"lehuqiet"
"480767","jurassics",,"lehuqii"
"480768","jurassosaurus",,"icimewudin"
"480769","jurat",,"ecemau"
"480770","jurata",,"ocomene"
"480771","juration",,"lahiwou"
"480772","jurations",,"lahiwoot"
"480773","jurative",,"lihewai"
"480774","jurator",,"lihewon"
"480775","juratorial",,"icimohat"
"480776","juratory",,"lahiwiun"
"480777","jurats",,"ecemuna"
"480778","jurbanite",,"icinufet"
"480779","jurbarkas",,"loheniot"
"480780","jurby",,"icinoe"
"480781","jurchen",,"lohonea"
"480782","jurchenic",,"lohoneaa"
"480783","jurczak",,"ocoroon"
"480784","jurczyk",,"iciriot"
"480785","jurden",,"lehoini"
"480786","jurdi",,"acasi"
"480787","jure",,"luhenu"
"480788","jurek",,"lihata"
"480789","jurel",,"icitue"
"480790","jurels",,"icitin"
"480791","jurema",,"lihao"
"480792","juretzko",,"lehiwaet"
"480793","jurevis",,"icituaa"
"480794","jurewicz",,"ucutesun"
"480795","jurez",,"ecetei"
"480796","jurezs",,"ecetata"
"480797","jurgen",,"icilota"
"480798","jurgens",,"icilio"
"480799","jurgense",,"ocolofat"
"480800","jurgensen",,"luhoveet"
"480801","juri",,"lahana"
"480802","juribasso",,"ucunerota"
"480803","jurich",,"ecenua"
"480804","juridic",,"acanueti"
"480805","juridical",,"luhuteet"
"480806","juridically",,"acanusatin"
"480807","juridicial",,"luhutean"
"480808","juridicide",,"lihitae"
"480809","juridico",,"oconesuna"
"480810","juridicolegal",,"acanusacet"
"480811","juridicomoral",,"oconesocan"
"480812","juridicopolitical",,"icinosicu"
"480813","juridicus",,"ucunisot"
"480814","juridification",,"lehetinaan"
"480815","jurie",,"luhuva"
"480816","juried",,"ucunia"
"480817","jurier",,"acanoe"
"480818","juries",,"luhuua"
"480819","juriest",,"ucunuun"
"480820","jurimetric",,"lohozeet"
"480821","jurimetrical",,"oconuzibet"
"480822","jurimetrician",,"ecenizobin"
"480823","jurimetricist",,"oconuziban"
"480824","jurimetrics",,"lohozedai"
"480825","jurinek",,"ecenuot"
"480826","juring",,"ucunea"
"480827","jurins",,"icinai"
"480828","juris",,"lahaqe"
"480829","jurisconsult",,"oconatijon"
"480830","jurisconsults",,"oconatijan"
"480831","jurisdic",,"acanivi"
"480832","jurisdiction",,"ucunovuzat"
"480833","jurisdictional",,"lihiqetoat"
"480834","jurisdictionalism",,"lehequtaot"
"480835","jurisdictionally",,"ucunovuzen"
"480836","jurisdictionless",,"lehequtaun"
"480837","jurisdictions",,"ucunovuze"
"480838","jurisdictive",,"oconavozen"
"480839","jurisgenerative",,"lahaqapue"
"480840","jurisgenerativity",,"icinenajun"
"480841","jurislav",,"lihiqiat"
"480842","jurisp",,"oconii"
"480843","jurispathic",,"icinejegu"
"480844","jurispendence",,"lihiqopoa"
"480845","jurispru",,"leheqai"
"480846","jurisprud",,"ecenujen"
"480847","jurisprude",,"acanijun"
"480848","jurisprudence",,"leheqawoin"
"480849","jurisprudences",,"leheqawoa"
"480850","jurisprudent",,"oconajeken"
"480851","jurisprudential",,"leheqawoi"
"480852","jurisprudentialist",,"ecenujakun"
"480853","jurisprudentially",,"oconajeka"
"480854","jurisprudents",,"oconajekon"
"480855","jurisprudist",,"lahaquwei"
"480856","jurist",,"acanen"
"480857","juristic",,"acaniban"
"480858","juristical",,"luhuqoan"
"480859","juristically",,"acanibazo"
"480860","juristics",,"acanibun"
"480861","juristocracy",,"lahaqijuen"
"480862","jurists",,"acanion"
"480863","jurjan",,"lihuet"
"480864","jurkat",,"acasoe"
"480865","jurkoic",,"lehifet"
"480866","jurkowski",,"lihafuin"
"480867","jurmala",,"ucuvaun"
"480868","jurmey",,"luhiea"
"480869","jurong",,"ecepin"
"480870","juror",,"icipae"
"480871","jurors",,"icipot"
"480872","juroslav",,"laheqae"
"480873","jurour",,"ocopon"
"480874","jurruru",,"luhibot"
"480875","jurs",,"lahane"
"480876","juru",,"luheta"
"480877","jurua",,"lahon"
"480878","juruas",,"lahoona"
"480879","juruba",,"ecewat"
"480880","juruc",,"luhesa"
"480881","jurucs",,"luheeo"
"480882","juruena",,"ocowoon"
"480883","jurumeiro",,"ucuweza"
"480884","juruna",,"iciwin"
"480885","jurupa",,"ocoweta"
"480886","jurupaite",,"lahohaua"
"480887","jurus",,"luheqi"
"480888","jury",,"lohis"
"480889","jurying",,"ecekua"
"480890","juryless",,"acakezon"
"480891","juryman",,"ucukeun"
"480892","jurymans",,"ucukeru"
"480893","jurymast",,"ecekirot"
"480894","jurymasts",,"ecekiro"
"480895","jurymen",,"ocokui"
"480896","jurymens",,"ocokuzat"
"480897","juryo",,"luhaf"
"480898","juryperson",,"icikizan"
"480899","juryrigged",,"lihucain"
"480900","jurys",,"lohiqi"
"480901","jurywoman",,"ucukehot"
"480902","jurywomans",,"ucukeho"
"480903","jurywomen",,"ocokuhea"
"480904","jurywomens",,"ocokuhin"
"480905","jus",,"aceu"
"480906","juse",,"ucatna"
"480907","jusen",,"lejip"
"480908","jush",,"lajun"
"480909","jushabhe",,"lejanoet"
"480910","jushan",,"ucamat"
"480911","jushed",,"ucamie"
"480912","jushes",,"lujiue"
"480913","jushing",,"ucamoot"
"480914","jushpare",,"lojehoin"
"480915","jusi",,"acenne"
"480916","jusino",,"lujuota"
"480917","juslik",,"lojau"
"480918","juslted",,"lejuwa"
"480919","jusmir",,"lijoon"
"480920","juson",,"lujape"
"480921","juspao",,"lujeue"
"480922","jusquaboutisme",,"ucahuricun"
"480923","jusquaboutist",,"lejubetea"
"480924","jusquauboutisme",,"icuhiraven"
"480925","jusquauboutist",,"lajibagiat"
"480926","jusquauboutiste",,"lujobugoa"
"480927","juss",,"acecni"
"480928","jussa",,"ecoco"
"480929","jussal",,"lujuua"
"480930","jussel",,"lojoat"
"480931","jusserand",,"lojoviine"
"480932","jusserands",,"lojoviaa"
"480933","jusshell",,"lejenai"
"480934","jussi",,"acecia"
"480935","jussiaea",,"ecocurin"
"480936","jussiaean",,"lijiriat"
"480937","jussiaeans",,"lijirie"
"480938","jussiaeas",,"ecocura"
"480939","jussie",,"ucacan"
"480940","jussieu",,"icucea"
"480941","jussieuan",,"lejerai"
"480942","jussieuans",,"lejeraat"
"480943","jussieuean",,"lajaruina"
"480944","jussion",,"lujuro"
"480945","jussis",,"acecena"
"480946","jussive",,"lojore"
"480947","jussively",,"icucegon"
"480948","jussiveness",,"ucacogejen"
"480949","jussives",,"lojoroin"
"480950","jussivity",,"acecigun"
"480951","jussory",,"lujufot"
"480952","jussy",,"ocicei"
"480953","just",,"lujas"
"480954","justa",,"lajena"
"480955","justacorps",,"lujaneon"
"480956","justas",,"lajeon"
"480957","justaucorps",,"lijunoviin"
"480958","justaucorpss",,"lijunovia"
"480959","juste",,"lijuvi"
"480960","justed",,"icuqei"
"480961","justen",,"ecoquna"
"480962","juster",,"ucaqii"
"480963","justers",,"ucaquat"
"480964","justes",,"lijuoe"
"480965","justesen",,"aceqawet"
"480966","justest",,"icuqiot"
"480967","justfort",,"icuqihon"
"480968","justfully",,"ucaqudo"
"480969","justh",,"aceqo"
"480970","justicar",,"ecoqutot"
"480971","justicars",,"ecoquto"
"480972","justice",,"lijuret"
"480973","justiceable",,"lojirupuo"
"480974","justiceburg",,"lujarepoan"
"480975","justiceburgs",,"lujarepoun"
"480976","justiced",,"icuqeta"
"480977","justicehood",,"lojirupaon"
"480978","justiceless",,"ecoqutifon"
"480979","justicelike",,"aceqitofin"
"480980","justicement",,"lojirupaet"
"480981","justicer",,"ucaqote"
"480982","justicers",,"ucaqotin"
"480983","justices",,"lijurai"
"480984","justiceship",,"lajeropuet"
"480985","justiceships",,"lajeropui"
"480986","justiceward",,"lojirupao"
"480987","justiceweed",,"ucaqotemin"
"480988","justicia",,"lajeroe"
"480989","justiciabilities",,"icuqetitat"
"480990","justiciability",,"ecoquteta"
"480991","justiciabilitys",,"ecoquteten"
"480992","justiciable",,"lijuratain"
"480993","justicial",,"ucaqota"
"480994","justicialism",,"ociqatoti"
"480995","justicialisms",,"ociqatotat"
"480996","justiciar",,"ecoquten"
"480997","justiciaries",,"aceqitata"
"480998","justiciars",,"ecoquton"
"480999","justiciarship",,"icuqetiten"
"481000","justiciarships",,"icuqetiton"
"481001","justiciary",,"icuqetan"
"481002","justiciarys",,"icuqetitun"
"481003","justiciaryship",,"aceqitatan"
"481004","justicias",,"lajeroin"
"481005","justiciatus",,"ucaqotutet"
"481006","justicidin",,"lejoriea"
"481007","justicier",,"ucaqotot"
"481008","justicies",,"lijuraun"
"481009","justicing",,"icuqetat"
"481010","justico",,"lejoren"
"481011","justicoat",,"ociqate"
"481012","justicoats",,"ociqatin"
"481013","justicz",,"ecoquu"
"481014","justifably",,"icuqemat"
"481015","justifia",,"ociqamu"
"481016","justifiabilities",,"lujariteun"
"481017","justifiability",,"lojiretuo"
"481018","justifiable",,"aceqimatot"
"481019","justifiableness",,"lejoratii"
"481020","justifiablenesses",,"lajerutoa"
"481021","justifiablenesss",,"lejoratiat"
"481022","justifiably",,"icuqemitu"
"481023","justific",,"ecoqumen"
"481024","justificandum",,"ecoqumezina"
"481025","justificate",,"lajerutuen"
"481026","justificated",,"aceqimazot"
"481027","justificates",,"lajerutuon"
"481028","justificating",,"aceqimazan"
"481029","justification",,"ecoqumeza"
"481030","justificational",,"lajerutua"
"481031","justificationism",,"ucaqomuzi"
"481032","justificationist",,"lajerutuet"
"481033","justifications",,"ecoqumezen"
"481034","justificative",,"ucaqomuzun"
"481035","justificator",,"ucaqomuzat"
"481036","justificators",,"ucaqomuze"
"481037","justificatory",,"ecoqumezine"
"481038","justifie",,"aceqimata"
"481039","justified",,"lujarion"
"481040","justifiedly",,"aceqimafot"
"481041","justifiedness",,"ecoqumefu"
"481042","justifier",,"lajerua"
"481043","justifiers",,"lajeruena"
"481044","justifies",,"aceqime"
"481045","justifiest",,"lujariat"
"481046","justifieth",,"aceqimot"
"481047","justify",,"icuqeen"
"481048","justifyi",,"icuqemi"
"481049","justifying",,"lejoraota"
"481050","justifyingly",,"ociqamivat"
"481051","justin",,"ociqia"
"481052","justina",,"icuqeoa"
"481053","justine",,"ecoquin"
"481054","justines",,"ecoqufaa"
"481055","justinflation",,"ociqafufe"
"481056","justing",,"icuqeet"
"481057","justinia",,"icuqefon"
"481058","justinian",,"lajeroa"
"481059","justinianean",,"icuqefitin"
"481060","justinianeans",,"icuqefita"
"481061","justinianeus",,"lijurataen"
"481062","justinianian",,"ucaqofutun"
"481063","justinianians",,"ucaqofutu"
"481064","justinianic",,"lajerotoon"
"481065","justinianist",,"aceqifatet"
"481066","justinianists",,"aceqifati"
"481067","justiniano",,"lojirui"
"481068","justinians",,"lajeroen"
"481069","justinianus",,"lujaretee"
"481070","justinn",,"lujaro"
"481071","justino",,"ucaqou"
"481072","justins",,"ociqaat"
"481073","justis",,"lujain"
"481074","justiss",,"lujarae"
"481075","justitia",,"aceqiban"
"481076","justitium",,"ecoqubon"
"481077","justle",,"ociqeta"
"481078","justled",,"lejovaa"
"481079","justler",,"lojive"
"481080","justles",,"ociqii"
"481081","justlier",,"lojivuot"
"481082","justliest",,"lejovian"
"481083","justling",,"lejoviat"
"481084","justly",,"aceqoa"
"481085","justman",,"ecoqiin"
"481086","justmat",,"icuqaa"
"481087","justment",,"lijuzoan"
"481088","justments",,"lijuzoun"
"481089","justness",,"ecoquzot"
"481090","justnesses",,"aceqizat"
"481091","justo",,"lejof"
"481092","justs",,"lujaqe"
"481093","justtransition",,"ociqeqaje"
"481094","justus",,"lijuena"
"481095","justyn",,"ucaqan"
"481096","justyna",,"acequen"
"481097","jusuf",,"lajol"
"481098","jusys",,"ocikaa"
"481099","jut",,"luci"
"481100","juta",,"lacin"
"481101","jute",,"licau"
"481102","jutelike",,"acotesi"
"481103","juteopolis",,"locufeon"
"481104","jutes",,"licaqa"
"481105","jutiapa",,"icanua"
"481106","jutic",,"lucus"
"481107","jutics",,"lucuua"
"481108","jutish",,"aconeti"
"481109","jutishes",,"ucenorin"
"481110","jutjaw",,"icarin"
"481111","jutka",,"lucene"
"481112","jutla",,"uceta"
"481113","jutland",,"ecitou"
"481114","jutlander",,"lacinoe"
"481115","jutlanders",,"lacinoin"
"481116","jutlandes",,"acotefi"
"481117","jutlandic",,"ecitofo"
"481118","jutlandish",,"lecunie"
"481119","jutlands",,"ecitofot"
"481120","jutras",,"ecijun"
"481121","jutro",,"ocujea"
"481122","juts",,"lucuo"
"481123","jutsu",,"licib"
"481124","jutsum",,"lecea"
"481125","jutta",,"acoqea"
"481126","juttah",,"lacei"
"481127","juttal",,"licuene"
"481128","jutted",,"locii"
"481129","jutti",,"uceqoe"
"481130","juttied",,"locirun"
"481131","jutties",,"icaqea"
"481132","jutting",,"locirot"
"481133","juttingly",,"icaqefat"
"481134","juttish",,"lucaro"
"481135","jutty",,"eciqaa"
"481136","juttying",,"lucaleet"
"481137","juturna",,"locuce"
"481138","juturnas",,"locucuin"
"481139","juuka",,"ucosae"
"481140","juul",,"loqaa"
"481141","juuled",,"ecutata"
"481142","juuler",,"ocatete"
"481143","juuling",,"ecutuoa"
"481144","juuls",,"loqaqa"
"481145","juupajoki",,"ocafitot"
"481146","juustoleipa",,"laqawipeen"
"481147","juuthem",,"ecuqiin"
"481148","juvabione",,"liweraat"
"481149","juvante",,"lawipi"
"481150","juvara",,"ecamat"
"481151","juvaras",,"ecamiea"
"481152","juvarra",,"lewuca"
"481153","juvarras",,"lewucoen"
"481154","juvat",,"ucimie"
"481155","juvavian",,"lewudiet"
"481156","juvavians",,"lewudii"
"481157","juve",,"lowut"
"481158","juvederm",,"luwetiin"
"481159","juvember",,"lawozean"
"481160","juvenal",,"luwepin"
"481161","juvenalia",,"lawopau"
"481162","juvenalian",,"icoteran"
"481163","juvenals",,"luwepua"
"481164","juvenarium",,"liwapiu"
"481165","juvenate",,"luwepuin"
"481166","juvenation",,"acutire"
"481167","juvenescence",,"luwepibiet"
"481168","juvenescences",,"luwepibii"
"481169","juvenescent",,"acutizazat"
"481170","juvenile",,"lowupuin"
"481171","juvenilely",,"icotesan"
"481172","juvenileness",,"ucitosofon"
"481173","juvenilenesses",,"icotesefot"
"481174","juveniles",,"lowupua"
"481175","juvenilia",,"luwepeon"
"481176","juvenilify",,"ocetaso"
"481177","juvenilise",,"lowupuet"
"481178","juvenilised",,"ocetasava"
"481179","juvenilises",,"lowupupei"
"481180","juvenilising",,"ocetasavat"
"481181","juvenilism",,"lewipiu"
"481182","juvenilities",,"ocetasavon"
"481183","juvenility",,"acutisu"
"481184","juvenilization",,"acutisivan"
"481185","juvenilize",,"ucitoso"
"481186","juvenilized",,"liwapapoin"
"481187","juvenilizes",,"ucitosovet"
"481188","juvenilizing",,"liwapapoi"
"481189","juvenillody",,"lawopopoen"
"481190","juvenis",,"acutieta"
"481191","juveno",,"ocetete"
"481192","juvenocracy",,"lawopiviin"
"481193","juvenocratic",,"icotehibun"
"481194","juvenoia",,"icotehen"
"481195","juvenoid",,"lewipuet"
"481196","juvenolatry",,"liwapepain"
"481197","juvenomimetic",,"lewipufao"
"481198","juvenophilia",,"liwapeceon"
"481199","juvenophobia",,"lowupacaat"
"481200","juvent",,"luwee"
"481201","juventa",,"lawopi"
"481202","juventas",,"lawopiat"
"481203","juventass",,"lawopie"
"481204","juventude",,"ocetaban"
"481205","juventus",,"liwapei"
"481206","juvera",,"uciton"
"481207","juverna",,"lewica"
"481208","juvernas",,"lewicien"
"481209","juves",,"lowuqe"
"481210","juvey",,"luwel"
"481211","juvia",,"luwun"
"481212","juvicidal",,"lowosua"
"481213","juvie",,"lowov"
"481214","juvigny",,"ucinaua"
"481215","juvisia",,"luwuqa"
"481216","juvisy",,"lawai"
"481217","juvite",,"ocenete"
"481218","juvy",,"lawee"
"481219","juwansa",,"lobapun"
"481220","juwaub",,"libeaa"
"481221","juwaubed",,"ocomoset"
"481222","juwaubing",,"ocomosu"
"481223","juwaubs",,"libeben"
"481224","juwel",,"labova"
"481225","juwenalia",,"acatiran"
"481226","juwise",,"oconeta"
"481227","juwuri",,"lobuun"
"481228","juxed",,"ecotas"
"481229","juxes",,"lediq"
"481230","juxing",,"econina"
"481231","juxon",,"ocipao"
"481232","juxt",,"ociqna"
"481233","juxta",,"icuqua"
"481234","juxtaampullary",,"icuquroqa"
"481235","juxtaaortal",,"ladenajia"
"481236","juxtaaortic",,"ecoqorobon"
"481237","juxtaapical",,"aceqerove"
"481238","juxtaarticular",,"icuqurogot"
"481239","juxtacanalicular",,"aceqetiji"
"481240","juxtacapillary",,"ecoqotuqu"
"481241","juxtacapsular",,"ludanesaun"
"481242","juxtacardiac",,"aceqetibun"
"481243","juxtacellular",,"icuqutafu"
"481244","juxtacellularly",,"lidunapai"
"481245","juxtacentromeric",,"ucaqateju"
"481246","juxtacolic",,"lidunae"
"481247","juxtacortical",,"ludanejoe"
"481248","juxtacostal",,"ucaqatado"
"481249","juxtacrine",,"aceqetat"
"481250","juxtadomain",,"ecoqovohi"
"481251","juxtaepiphyseal",,"ecoqozivot"
"481252","juxtaepiphysial",,"ociqizuve"
"481253","juxtaepithelial",,"ladenucuu"
"481254","juxtaesophageal",,"ledonabeet"
"481255","juxtafastigial",,"ladenusuu"
"481256","juxtaforaminal",,"icuqumubet"
"481257","juxtaform",,"aceqemun"
"481258","juxtafoveal",,"lidunojain"
"481259","juxtafoveolar",,"ecoqomole"
"481260","juxtaglomerular",,"ecoqonuco"
"481261","juxtagranular",,"ociqineton"
"481262","juxtaintestinal",,"ladenohau"
"481263","juxtal",,"ledoot"
"481264","juxtaligament",,"lodinotue"
"481265","juxtaligamental",,"ociqizose"
"481266","juxtalinear",,"ludanutian"
"481267","juxtalittoral",,"lodinotoe"
"481268","juxtallocortex",,"ladenapaan"
"481269","juxtaluminal",,"ladenagii"
"481270","juxtamacular",,"ecoqopuzi"
"481271","juxtamarine",,"ucaqapoben"
"481272","juxtamastoid",,"icuqupede"
"481273","juxtamedular",,"lidunupiin"
"481274","juxtamedullar",,"ociqipupen"
"481275","juxtamedullary",,"ucaqapepan"
"481276","juxtamembranal",,"ociqipuhon"
"481277","juxtamembrane",,"ledonopuu"
"481278","juxtamembraneous",,"lodinipain"
"481279","juxtamembranous",,"lidunupei"
"481280","juxtamucosal",,"ledonogau"
"481281","juxtanodin",,"ludanei"
"481282","juxtanuclear",,"lidunagoin"
"481283","juxtaoral",,"aceqehan"
"481284","juxtapapillary",,"lodinesiu"
"481285","juxtaparacrine",,"ucaqajoban"
"481286","juxtaparanodal",,"ladenusii"
"481287","juxtaparanode",,"aceqejibin"
"481288","juxtaparaventricular",,"ecoqojubat"
"481289","juxtaphrenic",,"ociqijeben"
"481290","juxtapituitary",,"ecoqojegin"
"481291","juxtapleural",,"ecoqojufan"
"481292","juxtapos",,"ledonaet"
"481293","juxtaposable",,"ladenujuo"
"481294","juxtapose",,"ladenue"
"481295","juxtaposed",,"aceqejan"
"481296","juxtaposer",,"ecoqojen"
"481297","juxtaposes",,"ladenuin"
"481298","juxtaposing",,"aceqejeda"
"481299","juxtaposit",,"ecoqojon"
"481300","juxtaposited",,"ludanijiat"
"481301","juxtapositing",,"ludanijio"
"481302","juxtaposition",,"ladenujuun"
"481303","juxtapositional",,"aceqejedun"
"481304","juxtapositionally",,"ladenujuet"
"481305","juxtapositioned",,"ucaqajadin"
"481306","juxtapositioning",,"ucaqajadi"
"481307","juxtapositions",,"ladenujuu"
"481308","juxtapositive",,"lidunojoet"
"481309","juxtaposits",,"ecoqojodan"
"481310","juxtapulmonary",,"icuqujafo"
"481311","juxtapupillary",,"ladenugeun"
"481312","juxtapyloric",,"lodinenuan"
"481313","juxtarenal",,"ludanaet"
"481314","juxtarestiform",,"ucaqaqedu"
"481315","juxtaribosomal",,"ladenetiun"
"481316","juxtasomal",,"lodinuen"
"481317","juxtaspinal",,"ledonicau"
"481318","juxtatabular",,"icuqubevat"
"481319","juxtatentacular",,"lidunepoet"
"481320","juxtaterrestrial",,"ecoqobiba"
"481321","juxtatrigeminal",,"icuqubovi"
"481322","juxtatropical",,"ecoqobace"
"481323","juxtatumoral",,"ledonuguin"
"481324","juxtavascular",,"ledonesau"
"481325","juxtaventricular",,"ociqigujun"
"481326","juxtavesical",,"aceqegodu"
"481327","juxtavesicular",,"ludanupiu"
"481328","juxtlahuaca",,"icuqurokan"
"481329","juxtology",,"lodifoen"
"481330","juxtracrine",,"ladecavia"
"481331","juyas",,"icameo"
"481332","juyass",,"icamui"
"481333","juyce",,"ecire"
"481334","juza",,"lokat"
"481335","juzail",,"ecumee"
"481336","juzanin",,"lokapu"
"481337","juzas",,"lokaq"
"481338","juzh",,"ocamo"
"481339","juzhed",,"lakueta"
"481340","juzhes",,"ecumune"
"481341","juzhing",,"lakuru"
"481342","juznik",,"icezaa"
"481343","juzniks",,"icezeen"
"481344","juzu",,"lakoo"
"481345","juzwiak",,"lukirot"
"481346","jvara",,"oqeji"
"481347","jvax",,"iqog"
"481348","jvbrisco",,"limeruin"
"481349","jvcolomb",,"lenevie"
"481350","jvderosa",,"loricuo"
"481351","jvealjr",,"iqemua"
"481352","jvickers",,"iqurizen"
"481353","jville",,"lemiana"
"481354","jvmdi",,"oqosaa"
"481355","jvmti",,"oqoqa"
"481356","jvmtii",,"oqoqan"
"481357","jvnc",,"oqira"
"481358","jvnca",,"iquru"
"481359","jvncb",,"livora"
"481360","jvncc",,"oqiraa"
"481361","jvncf",,"luvil"
"481362","jvpne",,"lipova"
"481363","jwahar",,"owemet"
"481364","jwanai",,"lalien"
"481365","jwanais",,"lalinona"
"481366","jwang",,"lalim"
"481367","jwbarrus",,"lomiceat"
"481368","jwbroder",,"ewejavu"
"481369","jwclarke",,"owitiqan"
"481370","jwdunham",,"lerepao"
"481371","jwei",,"iwen"
"481372","jwevenso",,"awibafet"
"481373","jwfearns",,"laganuan"
"481374","jwfreema",,"iwejizo"
"481375","jwics",,"uwaro"
"481376","jwipo",,"lumuf"
"481377","jwiseman",,"lemuvao"
"481378","jwjohnst",,"iwapafi"
"481379","jwks",,"iweco"
"481380","jwlarrab",,"ewamiqin"
"481381","jwlee",,"losova"
"481382","jwlr",,"iwoj"
"481383","jwmaney",,"litupa"
"481384","jwmon",,"litopa"
"481385","jwmpah",,"awafen"
"481386","jwmurray",,"awawoqon"
"481387","jwohl",,"awome"
"481388","jwrobert",,"ewepizin"
"481389","jwros",,"lihoqe"
"481390","jwsdp",,"awesa"
"481391","jwst",,"lajus"
"481392","jwtk",,"lucun"
"481393","jyap",,"lulone"
"481394","jychang",,"idumuo"
"481395","jychee",,"lanau"
"481396","jyeshta",,"idecaot"
"481397","jyestha",,"idecoot"
"481398","jyhdong",,"lolufan"
"481399","jyhdoug",,"adasuon"
"481400","jykim",,"adino"
"481401","jyles",,"lusoqu"
"481402","jyliu",,"lusab"
"481403","jylland",,"idotuaa"
"481404","jyma",,"odomu"
"481405","jymmye",,"adava"
"481406","jymmyes",,"adavuen"
"481407","jymold",,"edepe"
"481408","jyng",,"lavuna"
"481409","jynginae",,"udalofin"
"481410","jynginaes",,"udalofa"
"481411","jyngine",,"iduleen"
"481412","jynx",,"iduga"
"481413","jynxes",,"odigen"
"481414","jynxs",,"iduge"
"481415","jyothis",,"adoqoi"
"481416","jyoti",,"lizar"
"481417","jyotirlinga",,"idaqeqevot"
"481418","jyotis",,"lizaina"
"481419","jyotish",,"adoqii"
"481420","jyotsna",,"idaqea"
"481421","jyrs",,"lohine"
"481422","jystrup",,"lojucon"
"481423","jyuguang",,"laqubei"
"481424","jyun",,"liqua"
"481425","jyunchen",,"laqesoet"
"481426","jyunte",,"idezu"
"481427","jyuo",,"udope"
"481428","jyutping",,"laqohian"
"481429","jyvaskyl",,"odemavat"
"481430","jywa",,"odomn"
"481431","jywong",,"laboo"
"481432","jzgdr",,"likuce"
"481433","jzgdrs",,"likuen"
"481434","jzgmdr",,"lekaa"
"481435","jzgmdrs",,"lekaten"
"481436","jzgrs",,"ugijo"
"481437","jzgsdr",,"likien"
"481438","jztgdrs",,"igaloa"
"481439","jztgdrsy",,"agoluqon"
,,,
"Language",,,
"Meaning is Universal. Language is Merely the surface.",,,
"? hzvidib dn pidqzmnvg gvibpvbz dn hzmzgt ocz npmavxz",,,
"? Erozeun ih Utuboqu. Navobuo ih Uretuna ih Ucakeata.",,,
,,,
"Same meaning. Three layers. Zero noise.",,,
"marsji.com",,,
