"Marsji Language — Canonical Lexical Lock",,,
"Version: 1.0",,,
"Locked: 16 May 2026 — 20:26 UTC",,,
"Total Entries: 1,087,070",,,
"Author: Gino Rouzee",,,
,,,
"ID","EN",,"MJ"
"481440","k",,"uf"
"481441","ka",,"aki"
"481442","kaaawa",,"ekumon"
"481443","kaaawas",,"ekumoan"
"481444","kaaba",,"molan"
"481445","kaabah",,"ikenun"
"481446","kaabakan",,"akinavo"
"481447","kaabas",,"molaeta"
"481448","kaaddoo",,"ukosoon"
"481449","kaadehdhoo",,"ukosirine"
"481450","kaaf",,"molin"
"481451","kaafarataa",,"meloneet"
"481452","kaafir",,"ikekina"
"481453","kaafu",,"melob"
"481454","kaag",,"okaln"
"481455","kaak",,"akisnu"
"481456","kaal",,"muleo"
"481457","kaala",,"malon"
"481458","kaalgat",,"ekuteea"
"481459","kaalhehuttaa",,"mulenosuan"
"481460","kaalhugemendhoo",,"molunaroot"
"481461","kaalilaatikko",,"mulerisaot"
"481462","kaalvoet",,"miladaet"
"481463","kaama",,"akivao"
"481464","kaamas",,"akivin"
"481465","kaamchor",,"okavuran"
"481466","kaanapali",,"malunie"
"481467","kaang",,"mulim"
"481468","kaapee",,"maleaa"
"481469","kaapo",,"mulaf"
"481470","kaapor",,"akifot"
"481471","kaaps",,"moliqa"
"481472","kaapse",,"meloea"
"481473","kaapstad",,"moliquat"
"481474","kaapstads",,"molique"
"481475","kaare",,"maliv"
"481476","kaaren",,"ikejuni"
"481477","kaarimba",,"ekujipu"
"481478","kaarina",,"akijoo"
"481479","kaartjie",,"muloweot"
"481480","kaas",,"ekuctu"
"481481","kaashidhoo",,"malunea"
"481482","kaaskop",,"milotet"
"481483","kaassouffl",,"miloqain"
"481484","kaataplectic",,"akiqajofun"
"481485","kaatialaite",,"muluripaon"
"481486","kaatsu",,"muluata"
"481487","kaatz",,"okaqea"
"481488","kab",,"mami"
"481489","kaba",,"memis"
"481490","kabaab",,"ikoman"
"481491","kabab",,"okemis"
"481492","kababayan",,"mimaroen"
"481493","kababbed",,"ekamosie"
"481494","kababbing",,"ekamosot"
"481495","kababish",,"momurie"
"481496","kababishs",,"momuriin"
"481497","kababs",,"okemot"
"481498","kabacan",,"akumoin"
"481499","kabaddi",,"mamoten"
"481500","kabaddis",,"mamotoon"
"481501","kabadi",,"ekamin"
"481502","kabah",,"okemina"
"481503","kabahokusei",,"ekamohokon"
"481504","kabaka",,"memiea"
"481505","kabakas",,"memitin"
"481506","kabakjian",,"mimataat"
"481507","kabakon",,"akumuoa"
"481508","kabala",,"ekamit"
"481509","kabalah",,"memivot"
"481510","kabalarian",,"akumarane"
"481511","kabalas",,"ekameata"
"481512","kabalassou",,"okemorun"
"481513","kabalebo",,"memivuot"
"481514","kabalega",,"ekameze"
"481515","kabalevsky",,"mimavean"
"481516","kabalevskys",,"mimavekeun"
"481517","kabalism",,"ikomiso"
"481518","kabalisms",,"ikomiset"
"481519","kabalist",,"mumevaot"
"481520","kabalistic",,"mumevaet"
"481521","kabalists",,"mumevao"
"481522","kaballah",,"akumazet"
"481523","kaballit",,"ikomizo"
"481524","kabalo",,"okemoo"
"481525","kabam",,"mumez"
"481526","kaban",,"ukimeo"
"481527","kabana",,"akumua"
"481528","kabankalan",,"ekamivo"
"481529","kabanos",,"ekamiuna"
"481530","kabar",,"okemine"
"481531","kabaragoya",,"ukimaru"
"481532","kabaragoyas",,"ukimarecot"
"481533","kabard",,"memiun"
"481534","kabarda",,"momucona"
"481535","kabardia",,"momucuat"
"481536","kabardian",,"akumevet"
"481537","kabardians",,"akumevi"
"481538","kabardin",,"ukimavat"
"481539","kabardinian",,"momucutaen"
"481540","kabardinians",,"momucutaon"
"481541","kabardino",,"ekamovot"
"481542","kabardinskij",,"momucutaan"
"481543","kabards",,"memicu"
"481544","kabars",,"okemao"
"481545","kabasalan",,"mumeqiot"
"481546","kabassou",,"momuqiun"
"481547","kabat",,"ekamuni"
"481548","kabatangan",,"ukimorin"
"481549","kabatchn",,"ukimotat"
"481550","kabaya",,"mumeie"
"481551","kabayah",,"akumiot"
"481552","kabayan",,"okemaoa"
"481553","kabayanihan",,"ekamuravet"
"481554","kabayas",,"mumelat"
"481555","kabba",,"okenoa"
"481556","kabbadi",,"memunu"
"481557","kabbala",,"memunua"
"481558","kabbalah",,"okenozon"
"481559","kabbalahs",,"okenozan"
"481560","kabbalas",,"memunaot"
"481561","kabbalic",,"maminui"
"481562","kabbalism",,"mimenoan"
"481563","kabbalisms",,"mimenoun"
"481564","kabbalist",,"akunazon"
"481565","kabbalistic",,"akunazudun"
"481566","kabbalistically",,"akunazudet"
"481567","kabbalists",,"akunazan"
"481568","kabballah",,"maminuun"
"481569","kabbeljaw",,"okenezi"
"481570","kabbeljaws",,"okenezat"
"481571","kabbeljawss",,"okenezote"
"481572","kabbelow",,"mimevoen"
"481573","kabedon",,"mimuta"
"481574","kabeena",,"oketeaa"
"481575","kabeer",,"ukitou"
"481576","kabeiri",,"akutooa"
"481577","kabeiris",,"akutoqet"
"481578","kabeiroi",,"oketuqan"
"481579","kabel",,"ikotiu"
"481580","kabele",,"oketota"
"481581","kabeles",,"oketooa"
"481582","kabeljau",,"momivuun"
"481583","kabeljauw",,"mamevoat"
"481584","kabeljou",,"mimuvaon"
"481585","kabeljous",,"mimuvaan"
"481586","kabeljouw",,"memoviet"
"481587","kabeljouws",,"memovii"
"481588","kaber",,"akutes"
"481589","kaberu",,"ukitena"
"481590","kabiet",,"ukinet"
"481591","kabiki",,"mumiu"
"481592","kabikis",,"mumitot"
"481593","kabillion",,"okenozin"
"481594","kabinda",,"mimopo"
"481595","kabinett",,"ekanizu"
"481596","kabinetts",,"ekanizot"
"481597","kabinettwein",,"mamupiduo"
"481598","kabinettweins",,"mamupiduet"
"481599","kabir",,"ekanoa"
"481600","kabirdham",,"akunevi"
"481601","kabiri",,"ekanuno"
"481602","kabirpanthi",,"ekanojijan"
"481603","kabirpanthis",,"ekanojijun"
"481604","kabirs",,"ekanati"
"481605","kabisa",,"memau"
"481606","kabish",,"ekanunu"
"481607","kabistan",,"mimoqaon"
"481608","kabistans",,"mimoqaan"
"481609","kabitka",,"akunioe"
"481610","kabiye",,"memaea"
"481611","kablam",,"ikotes"
"481612","kablammo",,"ikotipo"
"481613","kablan",,"momui"
"481614","kable",,"ikotos"
"481615","kableakn",,"mamovuan"
"481616","kableem",,"akutuota"
"481617","kablesh",,"mimaven"
"481618","kablooey",,"ukitohat"
"481619","kablooie",,"oketahan"
"481620","kabloona",,"memifien"
"481621","kabluna",,"memibot"
"481622","kabney",,"ukizen"
"481623","kabob",,"ikopu"
"481624","kabobbed",,"okepiso"
"481625","kabobbing",,"okepisun"
"481626","kabobo",,"akupin"
"481627","kabobs",,"ikopun"
"481628","kabocha",,"ukipei"
"481629","kabok",,"memeta"
"481630","kabol",,"ekapei"
"481631","kabolin",,"mimivon"
"481632","kabolins",,"mimivuan"
"481633","kabomba",,"okepien"
"481634","kabonga",,"okepuona"
"481635","kabongas",,"okepunan"
"481636","kabongo",,"ikopaae"
"481637","kaboodle",,"memefia"
"481638","kabook",,"mimio"
"481639","kaboom",,"momoani"
"481640","kaboomed",,"ekapupe"
"481641","kabooming",,"ekapupet"
"481642","kabooms",,"momofun"
"481643","kabosu",,"memeue"
"481644","kabosy",,"mumuat"
"481645","kabotie",,"ekapuun"
"481646","kabouri",,"okepeona"
"481647","kabourophobia",,"mumubujuu"
"481648","kabouter",,"mamaboi"
"481649","kabpils",,"mamerana"
"481650","kabra",,"okejoa"
"481651","kabrador",,"ukijuvan"
"481652","kabrina",,"mumoru"
"481653","kabs",,"mamus"
"481654","kabsa",,"memana"
"481655","kabsah",,"okecoo"
"481656","kabta",,"ekaqen"
"481657","kabu",,"mumat"
"481658","kabufuda",,"mamelii"
"481659","kabukalli",,"memotai"
"481660","kabuki",,"mimuo"
"481661","kabukicho",,"ekawasoa"
"481662","kabukiesque",,"memotopuan"
"481663","kabukis",,"mimutet"
"481664","kabul",,"ikowi"
"481665","kabules",,"okewoen"
"481666","kabulese",,"ekawezun"
"481667","kabuli",,"ikowut"
"481668","kabuliat",,"mimuvuon"
"481669","kabulis",,"ikowiot"
"481670","kabulistan",,"ekawesen"
"481671","kabuliyat",,"mameveun"
"481672","kabuloside",,"mimuvaat"
"481673","kabuls",,"ikowea"
"481674","kabulyat",,"mamevoi"
"481675","kabuni",,"okewena"
"481676","kabunsuan",,"mumapaa"
"481677","kaburan",,"mimuco"
"481678","kabure",,"ukiwen"
"481679","kaburi",,"akuwote"
"481680","kabuto",,"ekawana"
"481681","kabutra",,"mamewet"
"481682","kabuverdianu",,"mumadowion"
"481683","kabuzuchi",,"mamemiun"
"481684","kabuzuchis",,"mamemiu"
"481685","kabwe",,"momavi"
"481686","kabyle",,"akukue"
"481687","kabyles",,"akukaot"
"481688","kabylia",,"okekoet"
"481689","kabylian",,"mumuvaot"
"481690","kabylias",,"okekosi"
"481691","kabzeel",,"mimuvot"
"481692","kacang",,"muneuna"
"481693","kacapi",,"monui"
"481694","kacau",,"akamua"
"481695","kaccha",,"menae"
"481696","kacchara",,"ikirurin"
"481697","kacchas",,"menanin"
"481698","kacchi",,"manuet"
"481699","kacee",,"ikitoni"
"481700","kacem",,"okotit"
"481701","kacemic",,"okotien"
"481702","kacer",,"munac"
"481703","kacerek",,"monici"
"481704","kacerta",,"akatein"
"481705","kacey",,"eketune"
"481706","kacgsd",,"manoena"
"481707","kach",,"manie"
"481708","kacha",,"menun"
"481709","kachahri",,"monanoin"
"481710","kachahris",,"monanoa"
"481711","kachakbar",,"monanau"
"481712","kachang",,"akamaena"
"481713","kachari",,"okomoon"
"481714","kacharis",,"okomoqan"
"481715","kachasu",,"maninon"
"481716","kachau",,"manieni"
"481717","kachauri",,"ekemedin"
"481718","kachcha",,"okomuet"
"481719","kachcheri",,"manisae"
"481720","kachchh",,"menusoa"
"481721","kachchi",,"ekemiua"
"481722","kachel",,"ikimee"
"481723","kachelofen",,"ikimozia"
"481724","kachera",,"ekemaat"
"481725","kacheri",,"akamuo"
"481726","kacheris",,"akamuqet"
"481727","kachesis",,"munovaot"
"481728","kachi",,"manir"
"481729","kachiao",,"mineret"
"481730","kachiau",,"maniri"
"481731","kachin",,"ikimine"
"481732","kachina",,"ukumeat"
"481733","kachinas",,"ukumefe"
"481734","kachine",,"okomuon"
"481735","kaching",,"ukumeea"
"481736","kachinic",,"ikimafen"
"481737","kachinics",,"ikimafon"
"481738","kachink",,"okomuan"
"481739","kachins",,"ikimaae"
"481740","kachinsky",,"ukumefot"
"481741","kachline",,"maniveun"
"481742","kachmar",,"akameo"
"481743","kachnar",,"munopu"
"481744","kachodi",,"okomaona"
"481745","kachori",,"ikimeaa"
"481746","kachouba",,"ikimedot"
"481747","kachow",,"manieta"
"481748","kachruvian",,"okomidu"
"481749","kachuevs",,"okomezon"
"481750","kachumbari",,"munobuet"
"481751","kachumber",,"monabou"
"481752","kachunk",,"ekemau"
"481753","kachur",,"akamoti"
"481754","kacie",,"ukunit"
"481755","kacin",,"monep"
"481756","kaciveli",,"ekenezin"
"481757","kack",,"ukusno"
"481758","kackavalj",,"moninein"
"481759","kackavaljs",,"moninea"
"481760","kacked",,"monieta"
"481761","kacking",,"moniru"
"481762","kackle",,"menoue"
"481763","kackled",,"ekeseat"
"481764","kackles",,"menovot"
"481765","kackley",,"minuvo"
"481766","kackling",,"ekeseso"
"481767","kacks",,"ukuseo"
"481768","kacxsvn",,"minoqo"
"481769","kacy",,"okoks"
"481770","kacze",,"maneva"
"481771","kaczer",,"ekelon"
"481772","kaczmarczyk",,"minuzoweat"
"481773","kaczmarczyks",,"minuzowee"
"481774","kaczmarek",,"ukularun"
"481775","kaczmarski",,"akalerat"
"481776","kaczor",,"ukuleta"
"481777","kaczorowski",,"ikileqimat"
"481778","kaczy",,"minula"
"481779","kaczynski",,"akalifi"
"481780","kaczynskian",,"minulubiu"
"481781","kada",,"maro"
"481782","kadaffi",,"miralon"
"481783","kadafi",,"okimena"
"481784","kadaga",,"moruon"
"481785","kadagas",,"moruman"
"481786","kadah",,"ekomoi"
"481787","kadahi",,"ekomato"
"481788","kadai",,"maror"
"481789","kadaies",,"murerun"
"481790","kadaif",,"okimene"
"481791","kadaife",,"ekomiun"
"481792","kadaifi",,"okimuia"
"481793","kadais",,"maroena"
"481794","kadaitcha",,"meririen"
"481795","kadaitchas",,"meririon"
"481796","kadaitja",,"maroroan"
"481797","kadakia",,"maroton"
"481798","kadala",,"akemue"
"481799","kadam",,"miraz"
"481800","kadamb",,"ukamen"
"481801","kadamba",,"akemein"
"481802","kadanes",,"okimuoa"
"481803","kadangustin",,"akemonedu"
"481804","kadans",,"ikumune"
"481805","kadaohan",,"merifeo"
"481806","kadapa",,"ikumat"
"481807","kadaphi",,"moruhun"
"481808","kadar",,"ekomoo"
"481809","kadarism",,"ukamasun"
"481810","kadarite",,"murecau"
"481811","kadarites",,"murecaot"
"481812","kadarka",,"ekomoat"
"481813","kadavergehorsam",,"marodiwean"
"481814","kadavu",,"ikumata"
"481815","kadaya",,"miraua"
"481816","kadayan",,"ekomuan"
"481817","kadayangan",,"marolue"
"481818","kadayans",,"ekomurun"
"481819","kadayif",,"ukamoana"
"481820","kadazan",,"maromen"
"481821","kadd",,"ukasne"
"481822","kaddaffi",,"ikusimo"
"481823","kaddafi",,"merenot"
"481824","kaddafism",,"murunoo"
"481825","kadder",,"miriu"
"481826","kaddhafi",,"okisiran"
"481827","kaddish",,"mururu"
"481828","kaddishes",,"mirirui"
"481829","kaddishim",,"mororia"
"481830","kaddishims",,"mororien"
"481831","kade",,"miru"
"481832","kadein",,"ekotane"
"481833","kadel",,"okitou"
"481834","kadelerataa",,"ukatuzote"
"481835","kaden",,"ekotit"
"481836","kadena",,"okitota"
"481837","kadence",,"aketou"
"481838","kader",,"ukatao"
"481839","kades",,"miruq"
"481840","kadesh",,"ukateti"
"481841","kadeshba",,"mareqaon"
"481842","kadet",,"ikuteta"
"481843","kadets",,"ikutata"
"481844","kadevaarehaa",,"ekoteriba"
"481845","kadhaffi",,"ukamumin"
"481846","kadhafi",,"morane"
"481847","kadhai",,"ekomatu"
"481848","kadhdhoo",,"ukamore"
"481849","kadhefala",,"ekomamot"
"481850","kadhi",,"akemos"
"481851","kadhimain",,"merurean"
"481852","kadhimayn",,"mireriat"
"481853","kadhimi",,"ikumaoa"
"481854","kadhimiya",,"ekomipo"
"481855","kadi",,"muria"
"481856","kadiak",,"muriun"
"481857","kadiasker",,"ukanuwe"
"481858","kadiempembe",,"murivucuen"
"481859","kadiivka",,"ikunago"
"481860","kadikane",,"ekonaru"
"481861","kadiluk",,"ekoneua"
"481862","kadima",,"miroa"
"481863","kadin",,"okinuu"
"481864","kadine",,"ekonan"
"481865","kading",,"ikuninne"
"481866","kadingilan",,"akenonu"
"481867","kadir",,"akenee"
"481868","kadis",,"muriq"
"481869","kadischi",,"akenoton"
"481870","kadish",,"akenas"
"481871","kadisha",,"ekoniee"
"481872","kadishim",,"ikunaret"
"481873","kadison",,"ukaneate"
"481874","kadiw",,"moreg"
"481875","kadiweu",,"maruget"
"481876","kadiyala",,"okinaron"
"481877","kadiyevka",,"ukanozun"
"481878","kadjar",,"maraen"
"481879","kadji",,"ukarea"
"481880","kadkhoda",,"meronio"
"481881","kadlec",,"okitoti"
"481882","kadletz",,"ikutoea"
"481883","kadlu",,"okitea"
"481884","kadmi",,"morar"
"481885","kadmiel",,"akevooe"
"481886","kadmis",,"moraana"
"481887","kadmonit",,"merufoet"
"481888","kadmonites",,"marifein"
"481889","kadmos",,"muroun"
"481890","kadner",,"merae"
"481891","kadnook",,"akezien"
"481892","kado",,"merei"
"481893","kadoban",,"mararet"
"481894","kadogo",,"muruee"
"481895","kadohadacho",,"ekoporeten"
"481896","kadoka",,"mereu"
"481897","kadokas",,"meretot"
"481898","kadoma",,"maraena"
"481899","kadomatsu",,"ukapare"
"481900","kadooment",,"morofoin"
"481901","kados",,"mereq"
"481902","kadosh",,"okipene"
"481903","kadrey",,"ekojon"
"481904","kadri",,"akejoi"
"481905","kadric",,"akejin"
"481906","kadrmas",,"ukajaia"
"481907","kadsg",,"marum"
"481908","kadsgn",,"ikucu"
"481909","kadsura",,"akecuot"
"481910","kadsurenone",,"ukaciqajot"
"481911","kadu",,"mirua"
"481912","kaduna",,"okiwaa"
"481913","kadupul",,"morihat"
"481914","kadus",,"miruqa"
"481915","kady",,"mereo"
"481916","kadyivka",,"akekogen"
"481917","kadyrelite",,"ikukuzen"
"481918","kadyrov",,"morocan"
"481919","kadyrova",,"miricaen"
"481920","kadyrovite",,"ekokoha"
"481921","kadyrovtsy",,"ukakahu"
"481922","kadzid",,"mareo"
"481923","kae",,"uket"
"481924","kaechon",,"ukeraana"
"481925","kaed",,"misino"
"481926","kaede",,"mosovi"
"481927","kaeden",,"akosee"
"481928","kaeding",,"okusuon"
"481929","kaedings",,"okusufan"
"481930","kaefer",,"akokin"
"481931","kaehler",,"mosavat"
"481932","kaeing",,"moseat"
"481933","kael",,"mosunu"
"481934","kaela",,"misane"
"481935","kaelher",,"mosunat"
"481936","kaeli",,"mosura"
"481937","kaelian",,"ekitiea"
"481938","kaelin",,"akotate"
"481939","kaelyn",,"okutoo"
"481940","kaelynn",,"muselu"
"481941","kaemferol",,"miseleat"
"481942","kaemmererite",,"mosazawoen"
"481943","kaempferi",,"musohoen"
"481944","kaempferia",,"masihiin"
"481945","kaempferide",,"ikavomubi"
"481946","kaempferitrin",,"okuvemibi"
"481947","kaempferol",,"akovumun"
"481948","kaempfers",,"musohoo"
"481949","kaen",,"mesas"
"481950","kaenel",,"ukezet"
"481951","kaeng",,"mosema"
"481952","kaeo",,"ekipni"
"481953","kaep",,"masena"
"481954","kaepernick",,"mesovei"
"481955","kaerbyad",,"mosarui"
"481956","kaercher",,"musosuu"
"481957","kaerntner",,"misepai"
"481958","kaersutite",,"mesuquon"
"481959","kaersutitic",,"mosaqadaen"
"481960","kaes",,"ukecto"
"481961","kaese",,"ikacoo"
"481962","kaeser",,"misoine"
"481963","kaesespaetzle",,"ikacowuti"
"481964","kaesong",,"musifin"
"481965","kaesongs",,"musifaa"
"481966","kaestner",,"masuwei"
"481967","kaete",,"mosovo"
"481968","kafa",,"mogu"
"481969","kafakomandoo",,"migatafuo"
"481970","kafal",,"ekimeni"
"481971","kafala",,"okumeno"
"481972","kafana",,"ekimatu"
"481973","kafas",,"moguq"
"481974","kafayett",,"mogulaun"
"481975","kafe",,"mage"
"481976","kafeel",,"ikateno"
"481977","kafena",,"uketona"
"481978","kafeneio",,"uketeze"
"481979","kafenio",,"akotoeta"
"481980","kafenion",,"mogipiot"
"481981","kafer",,"ekitoi"
"481982","kaferita",,"megocoena"
"481983","kafes",,"mageq"
"481984","kafesjian",,"miguqaun"
"481985","kaffa",,"ukeku"
"481986","kaffaljidhma",,"ekikezevu"
"481987","kaffara",,"magenan"
"481988","kaffarah",,"ekikeqa"
"481989","kaffee",,"ekikata"
"481990","kaffeeklatch",,"mugavozaun"
"481991","kaffeeklatches",,"miguvezuet"
"481992","kaffeeklatsch",,"mugavozau"
"481993","kaffeeklatscher",,"ukekizafe"
"481994","kaffeeklatsches",,"miguvezui"
"481995","kaffeklubben",,"ekikavikan"
"481996","kaffer",,"mogiat"
"481997","kafferboom",,"akokuqe"
"481998","kafferskraal",,"mogivoboan"
"481999","kaffia",,"ukekat"
"482000","kaffias",,"ukekee"
"482001","kaffine",,"mugara"
"482002","kaffir",,"miguon"
"482003","kaffirboom",,"ekikiqan"
"482004","kaffirbooms",,"ekikiqucun"
"482005","kaffirgram",,"ukekeqon"
"482006","kaffirs",,"miguran"
"482007","kaffiya",,"ekikiin"
"482008","kaffiyah",,"megorii"
"482009","kaffiyahs",,"megoriat"
"482010","kaffiyeh",,"mugareen"
"482011","kaffiyehs",,"mugareon"
"482012","kaffle",,"mageia"
"482013","kaffraria",,"ekikoren"
"482014","kaffrarian",,"migucoin"
"482015","kaffrarians",,"migucowea"
"482016","kaffre",,"mogiata"
"482017","kafi",,"mega"
"482018","kafidhoo",,"magutau"
"482019","kafila",,"ekineno"
"482020","kafilah",,"megavet"
"482021","kafilas",,"ekineina"
"482022","kafileh",,"mugiva"
"482023","kafindo",,"magupat"
"482024","kafir",,"okunin"
"482025","kafiri",,"okunit"
"482026","kafiries",,"ekinosa"
"482027","kafirin",,"mugico"
"482028","kafiris",,"okuniati"
"482029","kafirism",,"akonesat"
"482030","kafiristan",,"akonesue"
"482031","kafirization",,"migocuruet"
"482032","kafirize",,"mogeciin"
"482033","kafirized",,"okunisun"
"482034","kafirizes",,"mogecia"
"482035","kafirizing",,"okunisen"
"482036","kafirness",,"migocuun"
"482037","kafirs",,"okunono"
"482038","kafirstan",,"akonewat"
"482039","kafiz",,"ikanos"
"482040","kafka",,"megon"
"482041","kafkae",,"mageeta"
"482042","kafkaesq",,"megonuen"
"482043","kafkaesque",,"muganoen"
"482044","kafkaesquely",,"akosazuwu"
"482045","kafkaesqueness",,"ekisezawun"
"482046","kafkaian",,"akosasi"
"482047","kafkaikakkam",,"migunuzuet"
"482048","kafkaish",,"okusose"
"482049","kafkaism",,"muganaen"
"482050","kafkan",,"ukesana"
"482051","kafkas",,"megoot"
"482052","kafkatrap",,"ukesubin"
"482053","kafkatrapped",,"ukesuboten"
"482054","kafkatrapping",,"ukesubote"
"482055","kafkatraps",,"ukesubaa"
"482056","kafkian",,"ukeseee"
"482057","kaflooey",,"akotihona"
"482058","kafoury",,"akopuena"
"482059","kafr",,"okujn"
"482060","kafre",,"ekijae"
"482061","kafres",,"ekijata"
"482062","kafs",,"megaa"
"482063","kafta",,"okuqoe"
"482064","kaftan",,"muguea"
"482065","kaftaned",,"ikaqifot"
"482066","kaftanlike",,"ekiqefon"
"482067","kaftanned",,"maganeun"
"482068","kaftans",,"mugunina"
"482069","kafue",,"mugav"
"482070","kafuffle",,"ekiwamo"
"482071","kafunda",,"migupen"
"482072","kafzeh",,"mogiane"
"482073","kaga",,"okamne"
"482074","kagaba",,"mikaot"
"482075","kagame",,"ukomoni"
"482076","kagami",,"akimou"
"482077","kagamibuta",,"akimesat"
"482078","kagamino",,"mukezaen"
"482079","kagan",,"mukep"
"482080","kaganat",,"akimooa"
"482081","kaganate",,"ukomerat"
"482082","kaganhao",,"ikemaren"
"482083","kaganof",,"ikemaoe"
"482084","kagans",,"mukeea"
"482085","kagarlis",,"ekumoza"
"482086","kagasaurus",,"mekiqai"
"482087","kagawa",,"ekuman"
"482088","kagawas",,"ekumoun"
"482089","kagawasan",,"mukegia"
"482090","kagay",,"ukomoi"
"482091","kagayanen",,"ukomore"
"482092","kagbana",,"ekuneuna"
"482093","kage",,"akitnu"
"482094","kagel",,"mikuv"
"482095","kagera",,"mekou"
"482096","kagero",,"mokian"
"482097","kaggle",,"mukeu"
"482098","kagi",,"ekunni"
"482099","kagis",,"ekuniu"
"482100","kagitingan",,"mokewii"
"482101","kagler",,"ukotina"
"482102","kago",,"ikepne"
"482103","kagok",,"okape"
"482104","kagome",,"akipa"
"482105","kagool",,"mikieta"
"482106","kagools",,"mikifi"
"482107","kagos",,"ikepai"
"482108","kagoshima",,"mokoqoen"
"482109","kagoshiman",,"akiporin"
"482110","kagoshimas",,"mokoqoon"
"482111","kagoul",,"makai"
"482112","kagoule",,"mukubin"
"482113","kagoules",,"mukubia"
"482114","kagouls",,"makabat"
"482115","kagoy",,"akipie"
"482116","kagrange",,"akijafon"
"482117","kagrangi",,"ekujefo"
"482118","kagraves",,"akijagen"
"482119","kagu",,"akiws"
"482120","kaguan",,"mikuo"
"482121","kaguerre",,"ukowiqat"
"482122","kagulumira",,"okawodot"
"482123","kagura",,"mekoina"
"482124","kagurabue",,"akiweret"
"482125","kagurazaka",,"ukowarin"
"482126","kagus",,"akiwoi"
"482127","kagutsuchi",,"ukowowo"
"482128","kaguya",,"ikewea"
"482129","kagwang",,"mikenon"
"482130","kagy",,"ikeka"
"482131","kagyu",,"okakei"
"482132","kaha",,"meli"
"482133","kahal",,"akumas"
"482134","kahala",,"ekamato"
"482135","kahalalide",,"ikomiron"
"482136","kahaleel",,"melivuo"
"482137","kahals",,"akumana"
"482138","kahan",,"ukimeu"
"482139","kahana",,"akumota"
"482140","kahanism",,"okemusun"
"482141","kahanist",,"milapuan"
"482142","kahar",,"okemini"
"482143","kaharingan",,"ukimasen"
"482144","kaharlyk",,"melicaet"
"482145","kahau",,"malob"
"482146","kahawai",,"malogi"
"482147","kahawais",,"maloguat"
"482148","kahayagan",,"ukimoru"
"482149","kahe",,"mula"
"482150","kaheem",,"meloua"
"482151","kahen",,"oketuo"
"482152","kahibah",,"molere"
"482153","kahika",,"malui"
"482154","kahikatea",,"akunuri"
"482155","kahikateae",,"ukinirin"
"482156","kahikateas",,"akunurat"
"482157","kahikatoa",,"ikonoron"
"482158","kahili",,"ukinuno"
"482159","kahit",,"akunii"
"482160","kahke",,"miluv"
"482161","kahl",,"ukitna"
"482162","kahle",,"ikotone"
"482163","kahleesi",,"oketezan"
"482164","kahlenbergerdorf",,"mulevatuen"
"482165","kahler",,"milaoa"
"482166","kahlerite",,"oketequn"
"482167","kahlers",,"milavet"
"482168","kahliellid",,"muleroan"
"482169","kahlil",,"moluee"
"482170","kahlo",,"ekatuta"
"482171","kahloesque",,"ukitozot"
"482172","kahlon",,"milaeta"
"482173","kahlotus",,"mulefeo"
"482174","kahlotuss",,"mulefeet"
"482175","kahlua",,"ukitine"
"482176","kahluae",,"ikotoine"
"482177","kahluas",,"ukitiat"
"482178","kahm",,"mile"
"482179","kahn",,"ikozna"
"482180","kahnawake",,"ekazekot"
"482181","kahneman",,"milovii"
"482182","kahnian",,"melaren"
"482183","kahnpur",,"ukiziun"
"482184","kahns",,"ikozae"
"482185","kahnwald",,"akuzeret"
"482186","kahoka",,"moloat"
"482187","kahokas",,"molote"
"482188","kaholo",,"ikopote"
"482189","kahoolawe",,"ekapuza"
"482190","kahoolawes",,"ekapuzen"
"482191","kahoot",,"ukipani"
"482192","kahore",,"okepene"
"482193","kahr",,"ekajs"
"482194","kahramanmara",,"ukijupejet"
"482195","kahrp",,"molah"
"482196","kahrsted",,"ukijebat"
"482197","kahs",,"malu"
"482198","kahu",,"mulaa"
"482199","kahuku",,"moliat"
"482200","kahukus",,"molite"
"482201","kahului",,"okewoan"
"482202","kahuluis",,"okewodun"
"482203","kahun",,"okewua"
"482204","kahuna",,"ikowus"
"482205","kahunas",,"ikowaota"
"482206","kahutara",,"melowao"
"482207","kahweol",,"ikodoot"
"482208","kaia",,"ekemta"
"482209","kaiak",,"akamue"
"482210","kaiaked",,"mimato"
"482211","kaiaking",,"mimatuun"
"482212","kaiaks",,"akamau"
"482213","kaian",,"mimap"
"482214","kaiapoi",,"mumehot"
"482215","kaiatan",,"ukumoan"
"482216","kaibab",,"okonao"
"482217","kaibabs",,"okonoene"
"482218","kaibartha",,"ikiniqen"
"482219","kaibarthas",,"ikiniqon"
"482220","kaibartta",,"okonoqan"
"482221","kaibashira",,"mimenue"
"482222","kaibito",,"okonuie"
"482223","kaibor",,"ikinuu"
"482224","kaibosh",,"ikineaa"
"482225","kaibun",,"okonene"
"482226","kaicheng",,"ikiruzen"
"482227","kaid",,"mumu"
"482228","kaidak",,"mumuuno"
"482229","kaidan",,"ikises"
"482230","kaiden",,"ekesane"
"482231","kaidence",,"akasufa"
"482232","kaidlaw",,"okosoet"
"482233","kaido",,"memef"
"482234","kaids",,"mumuq"
"482235","kaie",,"ukutta"
"482236","kaies",,"ukutes"
"482237","kaieteur",,"okotazon"
"482238","kaieteurs",,"okotazan"
"482239","kaif",,"memo"
"482240","kaifeng",,"ukukiea"
"482241","kaifengs",,"ukukifin"
"482242","kaifong",,"okokaune"
"482243","kaifs",,"memoq"
"482244","kaifu",,"mameb"
"482245","kaigai",,"okolon"
"482246","kaigetsudo",,"akalubat"
"482247","kaigler",,"ukuluun"
"482248","kaihsienkung",,"mimequpeon"
"482249","kaijiangosaurus",,"mamaruhein"
"482250","kaijin",,"okorie"
"482251","kaiju",,"mimib"
"482252","kaik",,"ukusnu"
"482253","kaika",,"akasa"
"482254","kaikai",,"akasoe"
"482255","kaikais",,"akasaete"
"482256","kaikara",,"memona"
"482257","kaikas",,"akasae"
"482258","kaikawaka",,"ukusuku"
"482259","kaiki",,"ukuseu"
"482260","kaikomako",,"ekesupet"
"482261","kaikophile",,"mamefien"
"482262","kaikophilist",,"ekesujuvot"
"482263","kaikoura",,"memofuet"
"482264","kaiks",,"ukusen"
"482265","kail",,"mima"
"482266","kaila",,"mumeno"
"482267","kailahun",,"memineon"
"482268","kailan",,"okotete"
"482269","kailas",,"mumeea"
"482270","kailasa",,"mamoni"
"482271","kailasas",,"mamoneat"
"482272","kailash",,"akataet"
"482273","kaile",,"momuv"
"482274","kailee",,"memiua"
"482275","kaileen",,"ukutian"
"482276","kailey",,"mumeuna"
"482277","kailkenny",,"mimateun"
"482278","kails",,"mimaq"
"482279","kailu",,"momub"
"482280","kailua",,"mimaoa"
"482281","kailuakona",,"ikitorana"
"482282","kailuakonas",,"ikitorucun"
"482283","kailuas",,"mimabet"
"482284","kaily",,"mamol"
"482285","kailyaird",,"memilaon"
"482286","kailyairds",,"memilaan"
"482287","kailyard",,"memilao"
"482288","kailyarder",,"eketura"
"482289","kailyarders",,"eketurupen"
"482290","kailyardism",,"mumeliwian"
"482291","kailyardisms",,"mumeliwiun"
"482292","kailyards",,"memilaet"
"482293","kailyn",,"ikitini"
"482294","kaim",,"ikivs"
"482295","kaima",,"ukuvu"
"482296","kaimacam",,"ikivita"
"482297","kaimak",,"ikivina"
"482298","kaimakam",,"okovovat"
"482299","kaimakams",,"okovove"
"482300","kaimal",,"momaat"
"482301","kaiman",,"memuota"
"482302","kaimana",,"momanun"
"482303","kaimanawa",,"memunoet"
"482304","kaimata",,"mumonu"
"482305","kaimi",,"ikivai"
"482306","kaimia",,"ukuvanu"
"482307","kaimo",,"akavia"
"482308","kaimonolide",,"memufojou"
"482309","kaimos",,"akavoo"
"482310","kaims",,"ikivao"
"482311","kaimur",,"momaata"
"482312","kain",,"mome"
"482313","kainah",,"ukuzane"
"482314","kainahineri",,"ekezerajat"
"482315","kainahs",,"ukuzuuni"
"482316","kainan",,"ekezuna"
"482317","kainantu",,"muminaa"
"482318","kainate",,"okozoeta"
"482319","kaindu",,"ekezati"
"482320","kaine",,"memav"
"482321","kainei",,"memaot"
"482322","kaing",,"mimom"
"482323","kainga",,"mumiua"
"482324","kaingang",,"ikizirona"
"482325","kaingangs",,"ikiziran"
"482326","kaingas",,"mumimot"
"482327","kaingin",,"ekezeaa"
"482328","kainginero",,"momemion"
"482329","kaini",,"momer"
"482330","kainic",,"momeat"
"482331","kainilam",,"akazozan"
"482332","kainit",,"okozona"
"482333","kainite",,"ekeziu"
"482334","kainites",,"ekezibot"
"482335","kainits",,"okozuana"
"482336","kainogaea",,"memafaon"
"482337","kainogeneses",,"akazinejin"
"482338","kainogenesis",,"ekezunojun"
"482339","kainogenesises",,"akazinejet"
"482340","kainogenesiss",,"ekezunoju"
"482341","kainogenesisses",,"akazineji"
"482342","kainogenetic",,"mamufupiet"
"482343","kainogenetically",,"mamufupiin"
"482344","kainolophobia",,"mamufujaun"
"482345","kainomania",,"okozapot"
"482346","kainophobia",,"akazijicot"
"482347","kainosite",,"ikizewon"
"482348","kainotomania",,"mimofajaen"
"482349","kainotophobia",,"memafijeen"
"482350","kainozoic",,"ikizenon"
"482351","kainozoics",,"ikizenan"
"482352","kains",,"momeq"
"482353","kainsi",,"momeun"
"482354","kainth",,"momeuna"
"482355","kaintock",,"ikizehena"
"482356","kaintuck",,"akazidon"
"482357","kainuu",,"mamuon"
"482358","kainyn",,"okozete"
"482359","kainz",,"ukuzii"
"482360","kainzopa",,"mimomai"
"482361","kaipen",,"ikifue"
"482362","kaiping",,"akafoi"
"482363","kaique",,"ukuhon"
"482364","kaira",,"memun"
"482365","kairi",,"mamir"
"482366","kairin",,"ikijoti"
"482367","kairine",,"okojuia"
"482368","kairo",,"momaf"
"482369","kairolin",,"mimefoun"
"482370","kairoline",,"momafeo"
"482371","kairomonal",,"mumofuan"
"482372","kairomone",,"ukujopot"
"482373","kairomones",,"ukujopo"
"482374","kairon",,"akajoi"
"482375","kairos",,"momaate"
"482376","kairotic",,"okojabat"
"482377","kairouan",,"akajidon"
"482378","kairouani",,"akajidat"
"482379","kairwan",,"okojion"
"482380","kairwans",,"okojiran"
"482381","kais",,"akacra"
"482382","kaisa",,"ekecea"
"482383","kaisaria",,"momenou"
"482384","kaisariani",,"akacaqe"
"482385","kaisarieh",,"ekeceqo"
"482386","kaisei",,"ukucii"
"482387","kaiseki",,"ikicoaa"
"482388","kaisen",,"memain"
"482389","kaiser",,"mumiun"
"482390","kaiserdom",,"ukuciqu"
"482391","kaiserdoms",,"ukuciqot"
"482392","kaiserin",,"okoceqat"
"482393","kaiserins",,"okoceqe"
"482394","kaiserish",,"akacuqat"
"482395","kaiserism",,"momevoa"
"482396","kaiserisms",,"momevoen"
"482397","kaiserkrone",,"momevozuet"
"482398","kaiserlich",,"mimoviu"
"482399","kaiserling",,"memavee"
"482400","kaisers",,"mumivu"
"482401","kaiserschmarrn",,"momevobae"
"482402","kaiserschmarrndrama",,"momevobaon"
"482403","kaisership",,"memaveun"
"482404","kaiserships",,"memavebiu"
"482405","kaisersl",,"ikicoqo"
"482406","kaiserslautern",,"mumivubau"
"482407","kaiserspiel",,"mimovibiin"
"482408","kaishao",,"mimonon"
"482409","kaishu",,"mumiue"
"482410","kaiso",,"okocae"
"482411","kaisoman",,"mimofian"
"482412","kaison",,"mumiui"
"482413","kaisonian",,"ikicefi"
"482414","kaisow",,"akacau"
"482415","kaissariani",,"akacorivin"
"482416","kaist",,"mumiw"
"482417","kait",,"mumua"
"482418","kaitag",,"memeota"
"482419","kaitaia",,"memenaa"
"482420","kaitak",,"mumuei"
"482421","kaitaka",,"mamani"
"482422","kaiten",,"ekeqat"
"482423","kaitennage",,"mumuvaet"
"482424","kaith",,"akaqee"
"482425","kaithal",,"mumunot"
"482426","kaithi",,"akaqen"
"482427","kaithis",,"akaqeon"
"482428","kaitiaki",,"mumurien"
"482429","kaitiakitanga",,"mumurizoot"
"482430","kaitij",,"ukuqate"
"482431","kaitlin",,"mamavun"
"482432","kaitlins",,"mamaveu"
"482433","kaitlyn",,"momove"
"482434","kaitlynn",,"akaqami"
"482435","kaito",,"memefe"
"482436","kaitos",,"memeote"
"482437","kaiulani",,"ekewera"
"482438","kaivalya",,"ekebezu"
"482439","kaivarta",,"mamonaan"
"482440","kaiwah",,"mumoe"
"482441","kaiwen",,"mumouna"
"482442","kaiwhiria",,"akadesun"
"482443","kaiwi",,"ikida"
"482444","kaixian",,"ekegiu"
"482445","kaixiangong",,"momerehiat"
"482446","kaiya",,"ikiki"
"482447","kaiyang",,"memeno"
"482448","kaiyuan",,"mumubu"
"482449","kaizen",,"ikilea"
"482450","kaizened",,"memovoot"
"482451","kaizening",,"memovoan"
"482452","kaizens",,"ikiloin"
"482453","kaizer",,"ekelan"
"482454","kaizhou",,"ikilua"
"482455","kaizo",,"mimuf"
"482456","kaizu",,"mameba"
"482457","kaizuka",,"mamebi"
"482458","kaja",,"mano"
"482459","kajaani",,"ukamuat"
"482460","kajaanis",,"ukamufe"
"482461","kajal",,"ukamuo"
"482462","kajang",,"ukamani"
"482463","kajanite",,"menipoen"
"482464","kajar",,"ekomot"
"482465","kajari",,"ekomuno"
"482466","kajars",,"ekomatn"
"482467","kajatenhout",,"monuwahuet"
"482468","kajava",,"akemino"
"482469","kajavah",,"manodi"
"482470","kajawa",,"muneat"
"482471","kajawah",,"akemeo"
"482472","kajawahs",,"akemeret"
"482473","kajaweh",,"ikumuine"
"482474","kajdan",,"monoi"
"482475","kajdi",,"ukasee"
"482476","kajee",,"moniv"
"482477","kajeli",,"okitete"
"482478","kajenglei",,"munapieta"
"482479","kajeput",,"minuhen"
"482480","kajeputs",,"minuheon"
"482481","kaji",,"muni"
"482482","kajiao",,"moneat"
"482483","kajigger",,"ekoneno"
"482484","kajik",,"minot"
"482485","kajiki",,"minoona"
"482486","kajillion",,"ekonezi"
"482487","kajillionaire",,"menavataet"
"482488","kajillionth",,"ekonezacu"
"482489","kajin",,"okinun"
"482490","kajira",,"ekonunt"
"482491","kajiri",,"akenenn"
"482492","kajishin",,"moneqooa"
"482493","kajk",,"minu"
"482494","kajkavian",,"menonaia"
"482495","kajmak",,"monaat"
"482496","kajola",,"ekopuni"
"482497","kaju",,"minua"
"482498","kajugaru",,"akewaron"
"482499","kajukenbo",,"menotuon"
"482500","kajumcab",,"ikuwutot"
"482501","kaka",,"akomnu"
"482502","kakaaeriyadhoo",,"morunawaat"
"482503","kakaahuraa",,"ikamireta"
"482504","kakabeak",,"murerou"
"482505","kakadju",,"ikameina"
"482506","kakadjuan",,"meritiet"
"482507","kakadu",,"miraot"
"482508","kakadumycin",,"ekimuduret"
"482509","kakaha",,"meriina"
"482510","kakahi",,"maroi"
"482511","kakaho",,"moruat"
"482512","kakaki",,"ukemane"
"482513","kakalina",,"okumosat"
"482514","kakamas",,"ukemaan"
"482515","kakamega",,"ukemazun"
"482516","kakamigahara",,"ikamusatu"
"482517","kakampink",,"ekimojeta"
"482518","kakan",,"morup"
"482519","kakanin",,"akomoet"
"482520","kakans",,"moruana"
"482521","kakao",,"okumae"
"482522","kakap",,"merih"
"482523","kakapadi",,"okumeri"
"482524","kakapo",,"miraoa"
"482525","kakapos",,"miraheta"
"482526","kakar",,"maroc"
"482527","kakara",,"meriu"
"482528","kakarali",,"akomerona"
"482529","kakaralli",,"miracoun"
"482530","kakarbhitta",,"mericesuun"
"482531","kakariki",,"murecaen"
"482532","kakarratul",,"ukemaqota"
"482533","kakas",,"akomoa"
"482534","kakatiya",,"moruwie"
"482535","kakatoe",,"marowon"
"482536","kakatoes",,"marowoan"
"482537","kakatoidae",,"ekimuha"
"482538","kakatoidaes",,"ekimuhapen"
"482539","kakatundi",,"marowie"
"482540","kakawahie",,"miragoan"
"482541","kakawin",,"marogan"
"482542","kakching",,"ikaruson"
"482543","kakchiquel",,"okurisin"
"482544","kakdi",,"mirir"
"482545","kake",,"ikatta"
"482546","kakebuton",,"meroruet"
"482547","kakegawa",,"uketurat"
"482548","kakegoe",,"akotaoa"
"482549","kakehurs",,"ikatudo"
"482550","kakeibo",,"mareri"
"482551","kakemoni",,"marezoe"
"482552","kakemono",,"morizuin"
"482553","kakemonoes",,"merozian"
"482554","kakemonophile",,"okutihecan"
"482555","kakemonophilist",,"morizuheet"
"482556","kakemonos",,"morizua"
"482557","kakenage",,"meropao"
"482558","kaker",,"miruc"
"482559","kakergasia",,"merocaan"
"482560","kakesthesia",,"ikatabefan"
"482561","kakeya",,"ekititi"
"482562","kakezori",,"okutehan"
"482563","kakheti",,"ikamoae"
"482564","kakhetia",,"ukemibe"
"482565","kakhovka",,"akomigi"
"482566","kaki",,"ukennu"
"482567","kakiage",,"akonaena"
"482568","kakidrosis",,"ekinuqon"
"482569","kakie",,"ikanoni"
"482570","kakiemon",,"maruvae"
"482571","kakiemons",,"maruvain"
"482572","kakihan",,"ikanuoa"
"482573","kakinada",,"ikanara"
"482574","kakinandiwada",,"ukeneripon"
"482575","kakis",,"ukenei"
"482576","kakistocracies",,"ekinibeze"
"482577","kakistocracy",,"ukenebuzen"
"482578","kakistocracys",,"ukenebuzon"
"482579","kakistocrat",,"meraqijuun"
"482580","kakistocratic",,"meraqijuot"
"482581","kakistocratical",,"ekinibezot"
"482582","kakivak",,"morede"
"482583","kakizome",,"murimea"
"482584","kakkak",,"ikasine"
"482585","kakkalide",,"ekiseza"
"482586","kakkatin",,"ekisebaa"
"482587","kakke",,"okusea"
"482588","kakked",,"meroua"
"482589","kakking",,"meroron"
"482590","kaklo",,"muref"
"482591","kakmora",,"marifan"
"482592","kako",,"ekipno"
"482593","kakocracy",,"murusuot"
"482594","kakod",,"marat"
"482595","kakodaimon",,"ukeporoa"
"482596","kakodyl",,"ekipuea"
"482597","kakodyle",,"akopimen"
"482598","kakodyls",,"ekipumin"
"482599","kakogawa",,"okuporan"
"482600","kakogenesis",,"moromahoon"
"482601","kakogenic",,"mirimeun"
"482602","kakography",,"moromoet"
"482603","kakol",,"muruv"
"482604","kakolhas",,"ekipera"
"482605","kakorraphiaphobia",,"mereceseu"
"482606","kakorraphiophobia",,"morocosoan"
"482607","kakorrhaphiaphobia",,"okupiqaton"
"482608","kakorrhaphiophobia",,"ikapuqeta"
"482609","kakorrhaphiophobic",,"okupiqati"
"482610","kakortokite",,"maracojaen"
"482611","kakos",,"ekipii"
"482612","kakosmia",,"akopopi"
"482613","kakotopia",,"akopihat"
"482614","kakotrophy",,"okupaqot"
"482615","kakoxene",,"ukepezat"
"482616","kakro",,"meruf"
"482617","kaks",,"ukectu"
"482618","kaksonen",,"akocifon"
"482619","kaktovik",,"ikaqeget"
"482620","kaku",,"ikawt"
"482621","kakuda",,"miruota"
"482622","kakugo",,"ekiwea"
"482623","kakule",,"mareet"
"482624","kakure",,"morii"
"482625","kakuro",,"mareona"
"482626","kakusandha",,"moriqea"
"482627","kakuske",,"ekiwiea"
"482628","kakutani",,"ekiwurot"
"482629","kakwa",,"ikadi"
"482630","kakyel",,"miria"
"482631","kakyen",,"moroi"
"482632","kakyenlakpam",,"merevopou"
"482633","kala",,"muse"
"482634","kalaallisut",,"ekumezivi"
"482635","kalaask",,"musenu"
"482636","kalaazar",,"misaneen"
"482637","kalabagh",,"mosureu"
"482638","kalabar",,"mesirin"
"482639","kalabari",,"mesirao"
"482640","kalabaw",,"ukomaon"
"482641","kalabtun",,"ekumobu"
"482642","kalabule",,"mesirua"
"482643","kalaburagi",,"mesiruan"
"482644","kalacakra",,"ekumirin"
"482645","kalach",,"akimoto"
"482646","kalachakra",,"mesisei"
"482647","kalachinsky",,"misasiteot"
"482648","kaladan",,"mosutan"
"482649","kaladana",,"misatoen"
"482650","kaladze",,"musetat"
"482651","kalaemia",,"mosuvoe"
"482652","kalafungin",,"ekumadan"
"482653","kalaga",,"mesiin"
"482654","kalagan",,"ukomuat"
"482655","kalagher",,"masomaun"
"482656","kalah",,"akimea"
"482657","kalahandi",,"ikemuret"
"482658","kalahari",,"mesinaet"
"482659","kalaharies",,"masonuin"
"482660","kalaharis",,"mesinai"
"482661","kalaheo",,"ekumoea"
"482662","kalaheos",,"ekumozin"
"482663","kalai",,"muser"
"482664","kalaidhoo",,"misaraun"
"482665","kalajira",,"masoseun"
"482666","kalakaar",,"ekumaru"
"482667","kalakand",,"mesitao"
"482668","kalakar",,"akimuo"
"482669","kalakh",,"ukomann"
"482670","kalakhs",,"ukomiune"
"482671","kalakit",,"ikemoae"
"482672","kalakmul",,"ukomipu"
"482673","kalakoda",,"ekumahu"
"482674","kalakukko",,"mosutaoa"
"482675","kalakund",,"musetoot"
"482676","kalakuta",,"ikemodaa"
"482677","kalal",,"ikemie"
"482678","kalaleng",,"masoviun"
"482679","kalam",,"mosuz"
"482680","kalama",,"misaa"
"482681","kalamai",,"misazet"
"482682","kalamainu",,"akimerana"
"482683","kalamaki",,"mosuzein"
"482684","kalamalo",,"ukomare"
"482685","kalamansanai",,"masozuhien"
"482686","kalamansi",,"ekumoroa"
"482687","kalamansig",,"okamirot"
"482688","kalamarakia",,"akimerite"
"482689","kalamaria",,"akimeri"
"482690","kalamas",,"misazen"
"482691","kalamata",,"ukomarat"
"482692","kalamatas",,"ukomarea"
"482693","kalamatianos",,"misazodea"
"482694","kalamazo",,"okamiri"
"482695","kalamazoo",,"ukomarui"
"482696","kalamazooan",,"mosuzereen"
"482697","kalamazoos",,"ukomarota"
"482698","kalambak",,"ikemusa"
"482699","kalamdan",,"masozoana"
"482700","kalamdans",,"masozouna"
"482701","kalamein",,"ukomaze"
"482702","kalami",,"mosuata"
"482703","kalamian",,"ekumosot"
"482704","kalamians",,"ekumoso"
"482705","kalamist",,"okamisat"
"482706","kalamists",,"okamise"
"482707","kalamkari",,"ikemuvon"
"482708","kalamkaris",,"ikemuvan"
"482709","kalamm",,"masoona"
"482710","kalamo",,"museee"
"482711","kalampokiphobia",,"masozijaot"
"482712","kalams",,"mosuane"
"482713","kalamunda",,"musezoa"
"482714","kalan",,"okamue"
"482715","kalanchoe",,"misapuan"
"482716","kalanchoes",,"misapuun"
"482717","kalanchoside",,"ikematecun"
"482718","kalanda",,"mosupan"
"482719","kalandariyah",,"mesipisie"
"482720","kalandariyahs",,"mesipisiin"
"482721","kalang",,"ikemins"
"482722","kalanga",,"ukomeat"
"482723","kalanganan",,"akimonun"
"482724","kalanggaman",,"mesiparou"
"482725","kalangkang",,"mesipae"
"482726","kalangs",,"ikemaaa"
"482727","kalani",,"okameto"
"482728","kalanin",,"musepot"
"482729","kalanos",,"ukomeata"
"482730","kalantas",,"mosupue"
"482731","kalantases",,"mesipion"
"482732","kalantasses",,"mesipisuan"
"482733","kalao",,"mesif"
"482734","kalapalo",,"mosuheu"
"482735","kalapooia",,"ekumaho"
"482736","kalapooiae",,"akimuhat"
"482737","kalapooian",,"misahaua"
"482738","kalapooians",,"misahajeot"
"482739","kalapooias",,"ekumahet"
"482740","kalappa",,"misahen"
"482741","kalapuya",,"ikemodot"
"482742","kalapuyae",,"okamedi"
"482743","kalapuyan",,"masohiun"
"482744","kalapuyans",,"masohiu"
"482745","kalapuyas",,"ikemodo"
"482746","kalar",,"akimee"
"482747","kalaripayattu",,"misacucua"
"482748","kalarippayattu",,"akimeseqo"
"482749","kalaru",,"ukomono"
"482750","kalas",,"museq"
"482751","kalasa",,"masoena"
"482752","kalasan",,"ikemaina"
"482753","kalash",,"akimas"
"482754","kalasha",,"ekumiea"
"482755","kalashamon",,"misaqiu"
"482756","kalashi",,"akimoet"
"482757","kalashmondr",,"mosuqofeon"
"482758","kalashnikov",,"okamureven"
"482759","kalashnikovs",,"okamurevon"
"482760","kalasie",,"misaqen"
"482761","kalasin",,"okamui"
"482762","kalasky",,"masoqi"
"482763","kalasma",,"misaqena"
"482764","kalasmaic",,"misaqian"
"482765","kalat",,"ukomoo"
"482766","kalata",,"akimin"
"482767","kalatch",,"musewu"
"482768","kalathappam",,"mosuwosoet"
"482769","kalathoi",,"mesiweon"
"482770","kalathos",,"mesiweet"
"482771","kalathoss",,"mesiwei"
"482772","kalaupapa",,"misabei"
"482773","kalaupapas",,"misabeat"
"482774","kalavala",,"misadoet"
"482775","kalavalas",,"misadoi"
"482776","kalavansa",,"mosudeu"
"482777","kalavati",,"misadoon"
"482778","kalavryta",,"ekumeqin"
"482779","kalawaan",,"okamirona"
"482780","kalawao",,"masogon"
"482781","kalawi",,"mosuani"
"482782","kalayaan",,"ekumure"
"482783","kalazar",,"mosuman"
"482784","kalb",,"ukonn"
"482785","kalbach",,"masinon"
"482786","kalbaugh",,"masiniun"
"482787","kalbelia",,"mosavee"
"482788","kalbfleisch",,"miselopeot"
"482789","kalbi",,"ukonena"
"482790","kalbli",,"mosaat"
"482791","kalborsite",,"akiniqat"
"482792","kalbs",,"ukonene"
"482793","kalchak",,"ukoraat"
"482794","kaldani",,"mesenaa"
"482795","kaldanis",,"mesenoen"
"482796","kaldenkirchen",,"ekusafovun"
"482797","kaldera",,"misiva"
"482798","kalderash",,"ukosiqea"
"482799","kaldereta",,"okaseqon"
"482800","kalderimi",,"masavau"
"482801","kalderon",,"okaseqi"
"482802","kaldkrogin",,"ikesoqun"
"482803","kaldor",,"masaeta"
"482804","kaldorian",,"ukosoqin"
"482805","kaldors",,"masafi"
"482806","kalduny",,"mesebot"
"482807","kale",,"mosi"
"482808","kaleb",,"iketunu"
"482809","kalecki",,"mesosa"
"482810","kaleckian",,"akitovi"
"482811","kaleda",,"iketate"
"482812","kaleefa",,"ukotiia"
"482813","kaleege",,"mesovin"
"482814","kaleem",,"musaata"
"482815","kaleena",,"akituote"
"482816","kaleesi",,"mesovot"
"482817","kalege",,"mosiia"
"482818","kaleides",,"ekutivea"
"482819","kaleidescope",,"misurapee"
"482820","kaleidocycle",,"misurajee"
"482821","kaleidograph",,"misurajuo"
"482822","kaleidophon",,"maserojaen"
"482823","kaleidophone",,"musarejuun"
"482824","kaleidophones",,"musarejuu"
"482825","kaleidos",,"ukotevun"
"482826","kaleidoscope",,"mesorijuun"
"482827","kaleidoscoped",,"ekutivedi"
"482828","kaleidoscopelike",,"iketavidet"
"482829","kaleidoscopes",,"mesorijuu"
"482830","kaleidoscopic",,"mosirujaan"
"482831","kaleidoscopical",,"okatuvodan"
"482832","kaleidoscopically",,"mosirujao"
"482833","kaleidoscopics",,"mosirujaun"
"482834","kaleidoscoping",,"ekutivedot"
"482835","kaleigh",,"ukoteee"
"482836","kaleja",,"iketes"
"482837","kalekah",,"iketoot"
"482838","kalekahs",,"iketoroa"
"482839","kalel",,"ekuten"
"482840","kalelike",,"ukotuse"
"482841","kalem",,"masez"
"482842","kalema",,"mesou"
"482843","kalemas",,"mesozot"
"482844","kalemia",,"mesoza"
"482845","kalemic",,"masezi"
"482846","kalemie",,"musazu"
"482847","kalemies",,"musazaot"
"482848","kalen",,"akitoo"
"482849","kalend",,"musaate"
"482850","kalenda",,"masepet"
"482851","kalendae",,"musapee"
"482852","kalendaes",,"musapein"
"482853","kalendar",,"ekutivee"
"482854","kalendared",,"musapeot"
"482855","kalendarial",,"maseposoot"
"482856","kalendaring",,"musapesean"
"482857","kalendars",,"ekutivina"
"482858","kalendas",,"masepoi"
"482859","kalends",,"musape"
"482860","kalenji",,"musapot"
"482861","kalenjin",,"okatutun"
"482862","kalenterid",,"misupaat"
"482863","kaleoun",,"ekutuea"
"482864","kaler",,"iketuta"
"482865","kales",,"mosiq"
"482866","kalesh",,"iketute"
"482867","kaleski",,"mesoqo"
"482868","kaleta",,"iketunn"
"482869","kaletez",,"mosiwia"
"482870","kaletra",,"misuwo"
"482871","kalette",,"masewet"
"482872","kalev",,"ekutet"
"482873","kaleva",,"okatas"
"482874","kalevala",,"mesodaa"
"482875","kalevalan",,"ukoture"
"482876","kalevalas",,"mesodaen"
"482877","kalevalsky",,"mesodai"
"482878","kalevas",,"okatoen"
"482879","kalewala",,"ekutore"
"482880","kalewife",,"ekutosina"
"482881","kalewives",,"iketuso"
"482882","kaleworm",,"ekutohina"
"482883","kaley",,"musal"
"482884","kaleyard",,"maseluon"
"482885","kaleyards",,"maseluan"
"482886","kalfas",,"ekukun"
"482887","kalfus",,"ukokane"
"482888","kalga",,"masonn"
"482889","kalgan",,"ikeline"
"482890","kalghi",,"akileta"
"482891","kalgi",,"musere"
"482892","kalgoorlie",,"mesifie"
"482893","kalgoorlies",,"mesifiwoin"
"482894","kalguksu",,"mesibuon"
"482895","kalhahandhihuraa",,"ekumerijet"
"482896","kalhaidhoo",,"ukomusen"
"482897","kalhehamalaa",,"ukomirehet"
"482898","kalhehigillaa",,"misevituan"
"482899","kalhehuttaa",,"misevigou"
"482900","kalher",,"miseoa"
"482901","kalherehaa",,"akimuqan"
"482902","kalhudheyfushi",,"akimuvifi"
"482903","kalhufahalafushi",,"mosabasui"
"482904","kalhuhuraa",,"akimurun"
"482905","kalhumanjehuraa",,"akimupoji"
"482906","kalhurahaa",,"okamequ"
"482907","kali",,"miso"
"482908","kalia",,"musinn"
"482909","kalian",,"okaneto"
"482910","kaliana",,"ikeniot"
"482911","kalianas",,"ikenifo"
"482912","kalians",,"okanoie"
"482913","kaliarda",,"masunaan"
"482914","kalibo",,"ekununi"
"482915","kaliborite",,"akinehun"
"482916","kalicine",,"akinoson"
"482917","kalicinite",,"musisai"
"482918","kalicludin",,"ikenazan"
"482919","kalicludine",,"okanuzipot"
"482920","kalida",,"ukonon"
"482921","kalidas",,"ukonoan"
"482922","kalidasa",,"akiniren"
"482923","kalide",,"okanoa"
"482924","kalidium",,"akinisi"
"482925","kalie",,"mosev"
"482926","kalied",,"okanoe"
"482927","kaliemia",,"mesaveet"
"482928","kalies",,"moseana"
"482929","kalif",,"akinuo"
"482930","kalifa",,"ekunen"
"482931","kalifat",,"masulat"
"482932","kalifate",,"musilia"
"482933","kalifates",,"musilien"
"482934","kalifersite",,"ikenozedun"
"482935","kaliform",,"masuloin"
"482936","kalifs",,"akinen"
"482937","kaligayahan",,"mosemenion"
"482938","kaligenous",,"okanozot"
"482939","kalighat",,"masumau"
"482940","kaligono",,"ekunehena"
"482941","kaligutan",,"mesamuan"
"482942","kalij",,"ikeneu"
"482943","kalika",,"misoen"
"482944","kalikoqu",,"musiteen"
"482945","kalikow",,"mosetu"
"482946","kalil",,"okanoo"
"482947","kalila",,"ikenin"
"482948","kalilangan",,"akinaru"
"482949","kalilayan",,"misovoat"
"482950","kalima",,"moseata"
"482951","kalimantan",,"ikenuran"
"482952","kalimantans",,"ikenurogun"
"482953","kalimavkion",,"musizikue"
"482954","kalimba",,"ikenuot"
"482955","kalimbas",,"ikenuso"
"482956","kalimeter",,"musizoo"
"482957","kalimetry",,"mosezaot"
"482958","kalimna",,"akineet"
"482959","kalimnan",,"moseziot"
"482960","kalimotxo",,"mosezuo"
"482961","kalimpong",,"misozein"
"482962","kalin",,"ekunit"
"482963","kalina",,"okanetu"
"482964","kalinago",,"akinoran"
"482965","kalinda",,"mesapa"
"482966","kalindi",,"masupat"
"482967","kaling",,"okanie"
"482968","kalinga",,"ikenaoe"
"482969","kalingalan",,"akinonu"
"482970","kalingan",,"masupuu"
"482971","kalingas",,"ikenanet"
"482972","kalinin",,"misopan"
"482973","kaliningrad",,"masupeheet"
"482974","kalininite",,"okanusa"
"482975","kalinins",,"misopuun"
"482976","kalinisan",,"musipaon"
"482977","kalinite",,"musipao"
"482978","kalinites",,"musipaet"
"482979","kalinka",,"ekuniin"
"482980","kalinoski",,"okanuhot"
"482981","kalinovac",,"mosepuot"
"482982","kalinowski",,"akinohin"
"482983","kalinowskis",,"akinohida"
"482984","kaliope",,"ekunuua"
"482985","kaliopenia",,"musifoi"
"482986","kaliopenic",,"misofeu"
"482987","kaliophilite",,"musifosoot"
"482988","kaliotoxin",,"okanaba"
"482989","kalioujny",,"misofee"
"482990","kalipay",,"ikenoot"
"482991","kalipaya",,"ukonirun"
"482992","kalipayan",,"mesahaon"
"482993","kaliph",,"masuan"
"482994","kaliphate",,"akinuran"
"482995","kaliphates",,"akinurun"
"482996","kaliphs",,"masuhun"
"482997","kalipurush",,"ukoniden"
"482998","kalipyrochlore",,"akinumicon"
"482999","kalirin",,"mesacet"
"483000","kalis",,"misoq"
"483001","kalisaccharic",,"mesaqavuin"
"483002","kalisch",,"ukoneuna"
"483003","kalischer",,"misoquat"
"483004","kalischs",,"ukonetu"
"483005","kalish",,"ukonata"
"483006","kaliski",,"moseqin"
"483007","kalispel",,"moseqain"
"483008","kalispell",,"ekunijen"
"483009","kalispells",,"ekunijon"
"483010","kalispels",,"moseqaa"
"483011","kalista",,"ukoneat"
"483012","kalistovskii",,"mosequjie"
"483013","kalistrontite",,"ekunibucu"
"483014","kalisz",,"akinas"
"483015","kalitinec",,"musiwaena"
"483016","kalitinetc",,"ukonosa"
"483017","kalitsounia",,"mosewijoi"
"483018","kalitta",,"misowet"
"483019","kalium",,"masui"
"483020","kaliums",,"masubat"
"483021","kaliuresis",,"okaneqin"
"483022","kaliuretic",,"mesabean"
"483023","kaliuzhny",,"ukoninot"
"483024","kaliuzhnyi",,"ukoninen"
"483025","kaliuzny",,"misobei"
"483026","kaliya",,"mesain"
"483027","kaliyah",,"okanai"
"483028","kaliyuga",,"mesaluet"
"483029","kaliyugas",,"mesalui"
"483030","kaljuzny",,"ikerono"
"483031","kalk",,"mosia"
"483032","kalka",,"misuno"
"483033","kalkadoon",,"musaneen"
"483034","kalkae",,"mosiie"
"483035","kalkal",,"okaseti"
"483036","kalkallo",,"mosineot"
"483037","kalkas",,"misuoa"
"483038","kalkaska",,"misunui"
"483039","kalkaskas",,"misunuat"
"483040","kalkatungu",,"musanei"
"483041","kalkbrenner",,"okasiqijin"
"483042","kalkee",,"maseen"
"483043","kalkerlate",,"akisuqan"
"483044","kalkerlated",,"musavupaet"
"483045","kalkerlates",,"akisuqotun"
"483046","kalkerlating",,"musavupau"
"483047","kalkfeld",,"ekusazota"
"483048","kalkfontein",,"musalehie"
"483049","kalki",,"mosir"
"483050","kalkies",,"mesoro"
"483051","kalkis",,"mosiune"
"483052","kalkite",,"ekusiu"
"483053","kalkoentjie",,"ukosoziget"
"483054","kalkoti",,"ukosoea"
"483055","kalkun",,"ukosanu"
"483056","kalkvis",,"ekusein"
"483057","kall",,"okatni"
"483058","kalla",,"iketit"
"483059","kallah",,"misaen"
"483060","kallai",,"iketino"
"483061","kallakurichi",,"okatovibon"
"483062","kallaloo",,"masonue"
"483063","kallam",,"ekutun"
"483064","kallan",,"masoone"
"483065","kallana",,"mesinaa"
"483066","kallang",,"mesinen"
"483067","kallangur",,"ekutefen"
"483068","kallar",,"misao"
"483069","kallas",,"iketuti"
"483070","kallaves",,"masonuan"
"483071","kalle",,"ekutaa"
"483072","kalleege",,"akituzene"
"483073","kallege",,"ekutaea"
"483074","kallesd",,"masovon"
"483075","kallestewa",,"misavuan"
"483076","kalletla",,"akitubet"
"483077","kalley",,"iketene"
"483078","kalli",,"okatut"
"483079","kalliapseudid",,"mesiracuin"
"483080","kallichore",,"ukoteto"
"483081","kallick",,"ekutiin"
"483082","kallidin",,"ukotevin"
"483083","kallidinogenase",,"misarateat"
"483084","kallidins",,"ukoteva"
"483085","kallie",,"ekutuna"
"483086","kalligas",,"ukotenin"
"483087","kallikak",,"ekutivo"
"483088","kallikaks",,"ekutivet"
"483089","kallikantzaros",,"ukoteveje"
"483090","kallikrein",,"iketavun"
"483091","kallikreinogen",,"mosurawoa"
"483092","kallikreins",,"iketavefu"
"483093","kallilite",,"ukoteza"
"483094","kallima",,"ekutiina"
"483095","kallimas",,"ekutipa"
"483096","kallinge",,"museraen"
"483097","kallinges",,"museraon"
"483098","kallinikos",,"masoreet"
"483099","kallinus",,"misaruat"
"483100","kalliope",,"musereo"
"483101","kalliopi",,"masoroin"
"483102","kallipateira",,"muserosiun"
"483103","kallipolis",,"ukotejon"
"483104","kallipyg",,"mesirui"
"483105","kallipygian",,"akitojasa"
"483106","kallista",,"mosuriin"
"483107","kallistatin",,"museradaun"
"483108","kallisto",,"misaruata"
"483109","kallithea",,"okatube"
"483110","kallitype",,"ukotebin"
"483111","kallitypes",,"ukoteba"
"483112","kallman",,"misazon"
"483113","kallmann",,"ekutoraa"
"483114","kallmeyer",,"masoziuna"
"483115","kalloplankton",,"masofipeun"
"483116","kalloscope",,"mesifoan"
"483117","kallot",,"misaena"
"483118","kallstroemin",,"misaqawoen"
"483119","kally",,"ukotoo"
"483120","kallymeniaceous",,"muselupoot"
"483121","kalm",,"mesu"
"483122","kalma",,"mosana"
"483123","kalmaegi",,"mosanain"
"483124","kalman",,"akivau"
"483125","kalmar",,"ikevu"
"483126","kalmarian",,"mesunei"
"483127","kalmenoff",,"ikevofan"
"483128","kalmia",,"mosaata"
"483129","kalmias",,"mosare"
"483130","kalmick",,"masirata"
"483131","kalmiuske",,"misereun"
"483132","kalms",,"mesuq"
"483133","kalmuck",,"musobin"
"483134","kalmuckish",,"akivutu"
"483135","kalmucks",,"musobaa"
"483136","kalmuk",,"musoua"
"483137","kalmuks",,"musobot"
"483138","kalmunai",,"ukovifu"
"483139","kalmyck",,"mosalun"
"483140","kalmyk",,"mosaate"
"483141","kalmykia",,"miselean"
"483142","kalmyks",,"mosale"
"483143","kalnik",,"akizen"
"483144","kalnirnay",,"okazuqe"
"483145","kalo",,"masa"
"483146","kaloama",,"masani"
"483147","kalocher",,"masasaat"
"483148","kalocsa",,"mesesot"
"483149","kalogeropoulos",,"ekupezuca"
"483150","kalogeros",,"ikepizona"
"483151","kalogram",,"ekupeqa"
"483152","kalogridis",,"mesemee"
"483153","kalokagathia",,"misitoruen"
"483154","kalology",,"ukopuhin"
"483155","kalomo",,"masaia"
"483156","kalomoira",,"okapihu"
"483157","kalomte",,"okapion"
"483158","kalon",,"ikepao"
"483159","kalona",,"ukopi"
"483160","kalonas",,"ukopeat"
"483161","kalong",,"ukopata"
"483162","kalongs",,"ukopeea"
"483163","kalonji",,"mosopin"
"483164","kalooki",,"mesefet"
"483165","kalookie",,"masafie"
"483166","kalopanax",,"ukopiru"
"483167","kalopanaxsaponin",,"misihohue"
"483168","kalophonic",,"okapera"
"483169","kalops",,"okapete"
"483170","kalopsia",,"ikepowen"
"483171","kalorama",,"ekuporin"
"483172","kalossi",,"masaqata"
"483173","kalotermes",,"mesewui"
"483174","kalotermeses",,"masawiwoa"
"483175","kalotermesses",,"masawiwoen"
"483176","kalotermitid",,"mesewuwiin"
"483177","kalotermitidae",,"mesewuwia"
"483178","kalotermitidaes",,"mesewuwien"
"483179","kalotrope",,"ikepeqet"
"483180","kalotype",,"mosowue"
"483181","kalotypes",,"mosowuina"
"483182","kalotypography",,"okapamicat"
"483183","kaloustian",,"mosobien"
"483184","kaloyer",,"okapaet"
"483185","kalpa",,"ekufeo"
"483186","kalpac",,"ekufana"
"483187","kalpacs",,"ekufeun"
"483188","kalpak",,"akifaa"
"483189","kalpaked",,"misuneet"
"483190","kalpakia",,"ekufevot"
"483191","kalpakian",,"misuneun"
"483192","kalpakistan",,"ikefivodun"
"483193","kalpaks",,"akifaen"
"483194","kalpana",,"musanu"
"483195","kalpanaswaram",,"ikefifade"
"483196","kalpas",,"ekufat"
"483197","kalpe",,"ukofia"
"483198","kalpienung",,"ukofezen"
"483199","kalpin",,"mosiuni"
"483200","kalpis",,"akifoa"
"483201","kalpises",,"ukofewe"
"483202","kalpiss",,"akifoet"
"483203","kalra",,"akijao"
"483204","kalrez",,"musoate"
"483205","kals",,"misoa"
"483206","kalsarik",,"ukocuqu"
"483207","kalsilite",,"masuruin"
"483208","kalskag",,"musitot"
"483209","kalskags",,"musitio"
"483210","kalso",,"masuf"
"483211","kalsomine",,"akicipat"
"483212","kalsomined",,"musifuon"
"483213","kalsominer",,"masufaa"
"483214","kalsominers",,"masufatien"
"483215","kalsomines",,"akicipe"
"483216","kalsomining",,"musifutoin"
"483217","kaltemail",,"musuvuen"
"483218","kaltemails",,"musuvuon"
"483219","kaltenbach",,"mesevoon"
"483220","kaltenbrunner",,"ukoqifobon"
"483221","kalterherberg",,"misivisia"
"483222","kalteux",,"misivo"
"483223","kaltman",,"musuzin"
"483224","kalu",,"mosin"
"483225","kalua",,"misunu"
"483226","kaluaed",,"okawoo"
"483227","kalubihan",,"okawise"
"483228","kaludirehaa",,"ukowosofa"
"483229","kaluga",,"musae"
"483230","kalugdan",,"mesomien"
"483231","kaluki",,"mesoa"
"483232","kaluli",,"ekuwea"
"483233","kalumpang",,"mesozuan"
"483234","kalumpangs",,"mesozuun"
"483235","kalumpit",,"mesozuon"
"483236","kalumpits",,"mesozuana"
"483237","kalunasan",,"musapio"
"483238","kalundborg",,"misupae"
"483239","kalunga",,"okawui"
"483240","kalunite",,"misupui"
"483241","kalunti",,"musapota"
"483242","kaluresis",,"okawizun"
"483243","kaluretic",,"mesocueta"
"483244","kaluschny",,"mosiqiot"
"483245","kalush",,"ikewine"
"483246","kalushny",,"mosiqoin"
"483247","kalusugan",,"ekuwido"
"483248","kaluszite",,"mosiqain"
"483249","kaluta",,"ikewee"
"483250","kaluuya",,"musabe"
"483251","kaluza",,"akiwin"
"483252","kaluzhny",,"ukowirea"
"483253","kaluzhskii",,"misumiot"
"483254","kaluzny",,"misumen"
"483255","kalvaiti",,"mosuniin"
"483256","kalvaitis",,"mosunia"
"483257","kalvarija",,"ukobuqin"
"483258","kalver",,"mesiua"
"483259","kalvesta",,"mesivoae"
"483260","kalvestas",,"mesivoen"
"483261","kalvin",,"museue"
"483262","kalvn",,"musep"
"483263","kalwar",,"ikede"
"483264","kalwaria",,"ukoduqun"
"483265","kalwars",,"ikediin"
"483266","kalyan",,"ukokon"
"483267","kalyani",,"ukokuat"
"483268","kalyanpur",,"akikafi"
"483269","kalyd",,"akikii"
"483270","kalydon",,"musutu"
"483271","kalydonian",,"ikekehi"
"483272","kalyke",,"misiae"
"483273","kalymauchion",,"misizogeo"
"483274","kalymmaukion",,"akikepoko"
"483275","kalymmocyte",,"ukokapuza"
"483276","kalymniot",,"mosozio"
"483277","kalymnos",,"ikekufen"
"483278","kalyn",,"ikekaa"
"483279","kalynets",,"mesepuo"
"483280","kalyniv",,"mesepo"
"483281","kalynivka",,"mesepoi"
"483282","kalynn",,"masaono"
"483283","kalypso",,"ukokiat"
"483284","kalyptorhynch",,"musuhejein"
"483285","kalyptra",,"ikekoba"
"483286","kalyptras",,"ikekoben"
"483287","kalysis",,"masaqan"
"483288","kalyuzhny",,"ekukana"
"483289","kalyuzhnyi",,"ekukaneta"
"483290","kalyuzhnyy",,"ikekonon"
"483291","kama",,"ukimnu"
"483292","kamaaina",,"mitanuon"
"483293","kamaainas",,"mitanuan"
"483294","kamaboko",,"moturuu"
"483295","kamachi",,"mutesin"
"483296","kamachile",,"okemurune"
"483297","kamachili",,"ikomari"
"483298","kamacite",,"motusiun"
"483299","kamacites",,"motusiu"
"483300","kamacitic",,"mitasuan"
"483301","kamadeva",,"okemazen"
"483302","kamadhenu",,"mutetua"
"483303","kamadhenus",,"mutetuen"
"483304","kamadhoo",,"ikomero"
"483305","kamado",,"matoen"
"483306","kamae",,"ikomoe"
"483307","kamafugite",,"ukimido"
"483308","kamafugitic",,"akumudovot"
"483309","kamagayan",,"metimaet"
"483310","kamagraph",,"mitamiun"
"483311","kamagraphy",,"matomaot"
"483312","kamahi",,"muteua"
"483313","kamaishilite",,"metirosua"
"483314","kamaitac",,"muterein"
"483315","kamaitachi",,"akumobun"
"483316","kamaiur",,"mitareta"
"483317","kamaiura",,"muteroot"
"483318","kamajor",,"ekamuua"
"483319","kamakani",,"metitaet"
"483320","kamakshi",,"mitatuat"
"483321","kamakura",,"mitateon"
"483322","kamal",,"motuv"
"483323","kamala",,"mitaaa"
"483324","kamalabad",,"muteviin"
"483325","kamalam",,"metiva"
"483326","kamalamentum",,"mutevifuat"
"483327","kamalanomenon",,"okemorecon"
"483328","kamalanomics",,"ekameracat"
"483329","kamalarai",,"akumari"
"483330","kamalas",,"mitaven"
"483331","kamali",,"motuat"
"483332","kamaloka",,"mutevea"
"483333","kamalokas",,"muteveen"
"483334","kamaloside",,"ikomihona"
"483335","kaman",,"metip"
"483336","kamancha",,"ikomata"
"483337","kamancheh",,"metipoon"
"483338","kamandugan",,"mutepeet"
"483339","kamani",,"metiot"
"483340","kamanichile",,"mutepaveat"
"483341","kamansi",,"metipo"
"483342","kamao",,"ekamuno"
"483343","kamar",,"mutec"
"483344","kamara",,"matoena"
"483345","kamarah",,"ekamoea"
"483346","kamarband",,"ikomusa"
"483347","kamarck",,"mitacen"
"483348","kamareddy",,"mutecou"
"483349","kamares",,"mitaco"
"483350","kamaress",,"mitaceet"
"483351","kamarezite",,"mitacean"
"483352","kamarhati",,"matocau"
"483353","kamari",,"muteea"
"483354","kamaria",,"matocia"
"483355","kamarina",,"ikomuso"
"483356","kamarinskaia",,"ikomusodu"
"483357","kamarinskaya",,"akumesudin"
"483358","kamarizaite",,"matocereot"
"483359","kamarooka",,"mitacaat"
"483360","kamaru",,"mitaae"
"483361","kamarupa",,"ekamodu"
"483362","kamarupan",,"mitaceana"
"483363","kamarupans",,"mitaceun"
"483364","kamarupic",,"akumedia"
"483365","kamas",,"ukimen"
"483366","kamashimo",,"mutequon"
"483367","kamasin",,"metiqo"
"483368","kamasins",,"metiqoet"
"483369","kamass",,"ukimonu"
"483370","kamassi",,"ukimeate"
"483371","kamassian",,"motuqiot"
"483372","kamassin",,"metiqoeta"
"483373","kamasss",,"ukimeana"
"483374","kamasutra",,"ukimede"
"483375","kamasutras",,"ukimedin"
"483376","kamat",,"mitaw"
"483377","kamata",,"muteata"
"483378","kamatapur",,"matowuun"
"483379","kamath",,"ukimina"
"483380","kamatz",,"akumina"
"483381","kamau",,"ikomoi"
"483382","kamavachara",,"metidavii"
"483383","kamay",,"ekamunu"
"483384","kamaya",,"okemau"
"483385","kamayan",,"mutele"
"483386","kamays",,"ekamani"
"483387","kamayur",,"matolon"
"483388","kamayura",,"metilua"
"483389","kamaz",,"matom"
"483390","kamba",,"mutona"
"483391","kambae",,"mitein"
"483392","kambal",,"ikoneni"
"483393","kambala",,"ukinui"
"483394","kambaldaite",,"okenozote"
"483395","kambalig",,"ukinuzu"
"483396","kambals",,"ikoniin"
"483397","kambas",,"mutoat"
"483398","kambay",,"metuea"
"483399","kambera",,"ukinion"
"483400","kambhampaty",,"okeniraqin"
"483401","kambhin",,"metunen"
"483402","kambhoj",,"matinat"
"483403","kambhoja",,"metuniet"
"483404","kambing",,"okenuan"
"483405","kambo",,"matif"
"483406","kamboh",,"ekanunn"
"483407","kamboj",,"akunana"
"483408","kamboja",,"ekanue"
"483409","kamboji",,"akuniet"
"483410","kambojika",,"akunitat"
"483411","kambou",,"mutoun"
"483412","kambroo",,"ikonuot"
"483413","kambuj",,"okeneni"
"483414","kambuja",,"ikonoine"
"483415","kambujiya",,"akunuti"
"483416","kamchadal",,"mitonoi"
"483417","kamchadals",,"mitonoat"
"483418","kamchatk",,"ikoruro"
"483419","kamchatka",,"ukiraru"
"483420","kamchatkan",,"metanaan"
"483421","kamchatkas",,"ukirarot"
"483422","kamchatkite",,"metanadeun"
"483423","kamchatski",,"ikoruran"
"483424","kamchor",,"ekaroua"
"483425","kamchukchee",,"akuredezun"
"483426","kamchukotic",,"ikoruducun"
"483427","kamdar",,"ukiset"
"483428","kamden",,"ukiseta"
"483429","kamdyn",,"okesoe"
"483430","kame",,"oketnu"
"483431","kamebacetal",,"metoraveet"
"483432","kamebakaurin",,"materuzeo"
"483433","kamebanin",,"mituroan"
"483434","kameda",,"motiet"
"483435","kameel",,"mutaat"
"483436","kameela",,"matevet"
"483437","kameeldoorn",,"ekatazecet"
"483438","kameelthorn",,"mutavidean"
"483439","kamees",,"ekatiu"
"483440","kameeses",,"akutuwa"
"483441","kameez",,"motieta"
"483442","kameeze",,"metove"
"483443","kameezes",,"metovuin"
"483444","kamehameha",,"oketire"
"483445","kamehamehas",,"oketirafin"
"483446","kameko",,"ikotunu"
"483447","kamel",,"matev"
"483448","kamela",,"metou"
"483449","kamelas",,"metovota"
"483450","kamelaukia",,"matevuina"
"483451","kamelaukion",,"ukiturapet"
"483452","kamelaukions",,"ukiturapi"
"483453","kamelkia",,"mateviun"
"483454","kameltoe",,"ekatebu"
"483455","kamen",,"mutap"
"483456","kamenar",,"ekatiuna"
"483457","kamencheh",,"mutapao"
"483458","kamenevism",,"akutozat"
"483459","kameng",,"mateon"
"483460","kameni",,"mutaea"
"483461","kamenic",,"mutapu"
"483462","kamenica",,"matepeano"
"483463","kamenics",,"mutapaot"
"483464","kamenitza",,"metopoet"
"483465","kamenogorsk",,"ukitehecon"
"483466","kamensk",,"mitupet"
"483467","kamentz",,"matepona"
"483468","kamenyar",,"ikotamot"
"483469","kamerad",,"ikotuea"
"483470","kameraded",,"metocaot"
"483471","kamerading",,"metocaan"
"483472","kamerads",,"ikoturin"
"483473","kameradschaft",,"matecuzien"
"483474","kameraz",,"akuteot"
"483475","kamerlingh",,"akutezin"
"483476","kamerman",,"ukitapun"
"483477","kameron",,"oketiona"
"483478","kameruka",,"metocuo"
"483479","kamerun",,"ukitaani"
"483480","kamerunian",,"moticao"
"483481","kames",,"oketuu"
"483482","kamet",,"metow"
"483483","kameti",,"metoin"
"483484","kamets",,"metoua"
"483485","kamex",,"mutak"
"483486","kameyama",,"ukitoran"
"483487","kamhung",,"ekamaot"
"483488","kami",,"ikonne"
"483489","kamia",,"ukinue"
"483490","kamiae",,"ikoneno"
"483491","kamiah",,"mutiu"
"483492","kamiahs",,"mutinot"
"483493","kamian",,"metaot"
"483494","kamianets",,"akunafi"
"483495","kamianka",,"metanoet"
"483496","kamianske",,"mutinaen"
"483497","kamias",,"ukinis"
"483498","kamichi",,"mitosi"
"483499","kamichis",,"mitosiat"
"483500","kamideku",,"mutitoot"
"483501","kamie",,"okenea"
"483502","kamieniec",,"mitovuan"
"483503","kamienna",,"ikonofo"
"483504","kamies",,"okeneno"
"483505","kamiina",,"metaren"
"483506","kamiit",,"moteuna"
"483507","kamik",,"okenee"
"483508","kamika",,"ikonini"
"483509","kamikawa",,"okeneran"
"483510","kamikaze",,"mitotoon"
"483511","kamikazed",,"ikonoro"
"483512","kamikazeing",,"okenerifo"
"483513","kamikazes",,"mitotoan"
"483514","kamikita",,"motetiot"
"483515","kamiko",,"ukinate"
"483516","kamiks",,"okenoni"
"483517","kamikwasi",,"ekanaken"
"483518","kamila",,"moteat"
"483519","kamilah",,"ikonio"
"483520","kamilarai",,"ukinurota"
"483521","kamilaroi",,"akunaruna"
"483522","kamilas",,"moteve"
"483523","kamilavkion",,"mutivikue"
"483524","kamilla",,"ekaneina"
"483525","kamillah",,"metavai"
"483526","kamiltonian",,"ukinubuji"
"483527","kamin",,"matup"
"483528","kamina",,"metaota"
"483529","kaminaljuyu",,"mutipipiat"
"483530","kaminas",,"metapo"
"483531","kaminer",,"akunoen"
"483532","kaministikwia",,"ikonasogen"
"483533","kaminker",,"ukinevu"
"483534","kaminokuni",,"ikonahe"
"483535","kaminoyama",,"mutipeon"
"483536","kaminski",,"mutipaet"
"483537","kaminsky",,"metapoon"
"483538","kamiokite",,"motefao"
"483539","kamioshi",,"matufein"
"483540","kamis",,"ikonao"
"483541","kamisato",,"matuquun"
"483542","kamises",,"okenuon"
"483543","kamish",,"mitoeta"
"483544","kamishibai",,"akunoru"
"483545","kamishimo",,"mitoqiin"
"483546","kamitugaite",,"okenaduta"
"483547","kamiya",,"ekanato"
"483548","kamiyama",,"akuniret"
"483549","kamiz",,"mutim"
"483550","kamiza",,"matuete"
"483551","kamjong",,"ikoreen"
"483552","kamkata",,"mitunen"
"483553","kamle",,"matove"
"483554","kamleika",,"matoveun"
"483555","kamler",,"ekatati"
"483556","kamloops",,"oketahun"
"483557","kamloopss",,"oketahu"
"483558","kammalan",,"ukivuze"
"483559","kamman",,"mutoea"
"483560","kammback",,"meturao"
"483561","kamme",,"akuvu"
"483562","kammer",,"matiet"
"483563","kammerchor",,"mitevie"
"483564","kammerchors",,"mitevivain"
"483565","kammerer",,"akuvuqen"
"483566","kammererite",,"mitevipae"
"483567","kammerjunker",,"akuvuqakot"
"483568","kammermeyer",,"ukiviqofot"
"483569","kammersee",,"mitevion"
"483570","kammes",,"akuvot"
"483571","kammeu",,"ukivon"
"483572","kammina",,"mutorot"
"483573","kammon",,"matii"
"483574","kammryn",,"ekavou"
"483575","kamna",,"metan"
"483576","kamo",,"akups"
"483577","kamoboko",,"mitiraan"
"483578","kamogawa",,"ekaperin"
"483579","kamoi",,"akupoo"
"483580","kamokamo",,"akupuri"
"483581","kamol",,"mitiv"
"483582","kamoley",,"mutuvu"
"483583","kamolvattanavith",,"akupagogat"
"483584","kamoly",,"mataone"
"483585","kamome",,"okepeni"
"483586","kamon",,"motop"
"483587","kamona",,"mitio"
"483588","kamora",,"metein"
"483589","kamote",,"mitiaa"
"483590","kamotik",,"mitiwi"
"483591","kamotiq",,"matawat"
"483592","kamov",,"mitid"
"483593","kamoxin",,"akupoeta"
"483594","kamp",,"muta"
"483595","kampa",,"maten"
"483596","kampagne",,"ikofino"
"483597","kampaku",,"mitunet"
"483598","kampala",,"akufao"
"483599","kampalae",,"ukifuzat"
"483600","kampalan",,"motineu"
"483601","kampalas",,"akufazet"
"483602","kampang",,"ukifuun"
"483603","kampar",,"ekafat"
"483604","kampe",,"mituva"
"483605","kampen",,"ekafata"
"483606","kamper",,"ukifon"
"483607","kamperduin",,"akufuqat"
"483608","kamperite",,"motivoin"
"483609","kampf",,"ekafa"
"483610","kampferol",,"ekafazen"
"483611","kampfflotte",,"ekafamicat"
"483612","kampfgeist",,"mateluo"
"483613","kampfite",,"mutalao"
"483614","kampfmesser",,"motilopaet"
"483615","kampfplan",,"mutaloon"
"483616","kampfschwimmer",,"akufuwuti"
"483617","kampfwunde",,"ukifikot"
"483618","kampfzone",,"ekafano"
"483619","kamphaeng",,"mitunoun"
"483620","kamphaus",,"akuferon"
"483621","kampilan",,"metoraon"
"483622","kampionen",,"materoin"
"483623","kampliles",,"matevein"
"483624","kampliless",,"mateveaa"
"483625","kampmann",,"mituzoan"
"483626","kampmeier",,"ekafoza"
"483627","kampo",,"metof"
"483628","kampong",,"akufion"
"483629","kampongs",,"akufifan"
"483630","kampot",,"ekafuna"
"483631","kampseen",,"akufozen"
"483632","kampsville",,"ukifego"
"483633","kampsvilles",,"ukifegifet"
"483634","kamptodromous",,"okefahobon"
"483635","kamptomorph",,"mituwafoo"
"483636","kamptozoan",,"ikofehi"
"483637","kamptulicon",,"ekafudivan"
"483638","kampuchea",,"ukifite"
"483639","kampucheae",,"ikofoten"
"483640","kampuchean",,"metoboi"
"483641","kampucheans",,"metoboseat"
"483642","kampucheas",,"ukifitin"
"483643","kampung",,"okefean"
"483644","kampwirth",,"ikofusi"
"483645","kampyle",,"ukifoan"
"483646","kampylite",,"mituloat"
"483647","kampylites",,"mituloe"
"483648","kampyo",,"mituo"
"483649","kamran",,"okejenu"
"483650","kamrar",,"akujot"
"483651","kamrars",,"akujao"
"483652","kamrath",,"mutonin"
"483653","kamren",,"akujota"
"483654","kamron",,"ikojine"
"483655","kamrup",,"ukijio"
"483656","kamryn",,"ikojui"
"483657","kamsa",,"ukicue"
"483658","kamsas",,"ukiconi"
"483659","kamschatka",,"ukicerot"
"483660","kamschatkan",,"metasesaun"
"483661","kamseen",,"mitovo"
"483662","kamseens",,"mitoveet"
"483663","kamsin",,"matui"
"483664","kamsins",,"maturat"
"483665","kamtok",,"mitien"
"483666","kamtschadale",,"okequtatin"
"483667","kamuela",,"matevon"
"483668","kamuelas",,"matevuan"
"483669","kamui",,"okewue"
"483670","kamuning",,"ikowasona"
"483671","kamut",,"metowa"
"483672","kamuy",,"ukiwo"
"483673","kamwarri",,"ikodiqo"
"483674","kamyar",,"meteu"
"483675","kamyk",,"ukikii"
"483676","kamyshin",,"ikokaret"
"483677","kamyshlov",,"mutuquet"
"483678","kana",,"miva"
"483679","kanaan",,"okomoe"
"483680","kanaani",,"okomoona"
"483681","kanab",,"ukumai"
"483682","kanabec",,"ikimuun"
"483683","kanabs",,"ukumeta"
"483684","kanada",,"ukumen"
"483685","kanadaptin",,"movutea"
"483686","kanadi",,"ikimes"
"483687","kanae",,"movuv"
"483688","kanaf",,"akamui"
"483689","kanafah",,"mevilo"
"483690","kanafeh",,"muvelin"
"483691","kanaff",,"meviae"
"483692","kanafs",,"akamat"
"483693","kanagawa",,"muvemiin"
"483694","kanagi",,"muveu"
"483695","kanago",,"meviote"
"483696","kanagulk",,"ekemeda"
"483697","kanagy",,"meviin"
"483698","kanah",,"ukumao"
"483699","kanahooka",,"ikimuhon"
"483700","kanaima",,"movurun"
"483701","kanais",,"mivao"
"483702","kanak",,"movut"
"483703","kanaka",,"mivaa"
"483704","kanakanavu",,"muvetien"
"483705","kanakangi",,"okomeru"
"483706","kanakas",,"mivatena"
"483707","kanako",,"muvee"
"483708","kanaks",,"movuana"
"483709","kanaky",,"muveuna"
"483710","kanal",,"okomoo"
"483711","kanalit",,"mevivo"
"483712","kanamana",,"ekemoru"
"483713","kanamar",,"ikimuin"
"483714","kanamara",,"ukumarat"
"483715","kanami",,"mevioti"
"483716","kanamono",,"ikimuhen"
"483717","kanamycin",,"ekemoma"
"483718","kanamycine",,"akameman"
"483719","kanamycins",,"ekemomen"
"483720","kanan",,"ekemii"
"483721","kanana",,"okomou"
"483722","kananaskis",,"ekemireta"
"483723","kanandhoo",,"akamovan"
"483724","kananga",,"ikimaot"
"483725","kanangra",,"mivapoi"
"483726","kanani",,"ekemunn"
"483727","kananur",,"mavopi"
"483728","kananurs",,"mavopiat"
"483729","kanap",,"akamuu"
"483730","kanara",,"akamine"
"483731","kanarak",,"ukumaan"
"483732","kanaraks",,"ukumarun"
"483733","kanaranzi",,"ukumarua"
"483734","kanaranzis",,"ukumarot"
"483735","kanarese",,"okomizet"
"483736","kanareses",,"okomizi"
"483737","kanari",,"ukumita"
"483738","kanaris",,"ukumaata"
"483739","kanarraville",,"akameqolin"
"483740","kanarravilles",,"akameqola"
"483741","kanary",,"ekemane"
"483742","kanas",,"mivaq"
"483743","kanasai",,"muvequ"
"483744","kanat",,"ikimene"
"483745","kanata",,"ukumete"
"483746","kanate",,"okomae"
"483747","kanatha",,"muvewua"
"483748","kanati",,"ikimut"
"483749","kanauj",,"okomeni"
"483750","kanauji",,"okomei"
"483751","kanaujis",,"okometat"
"483752","kanauri",,"ikimoote"
"483753","kanaut",,"okomot"
"483754","kanaves",,"ekemeata"
"483755","kanawa",,"movuon"
"483756","kanawao",,"muvege"
"483757","kanawari",,"ikimura"
"483758","kanawaris",,"ikimuren"
"483759","kanawha",,"ikimuina"
"483760","kanawhae",,"okomiron"
"483761","kanawhas",,"ikimuraa"
"483762","kanayan",,"ukumoi"
"483763","kanazawa",,"akamura"
"483764","kanbaalifaru",,"mavinupien"
"483765","kanbaashaa",,"movanein"
"483766","kanbales",,"mevunaa"
"483767","kanbalu",,"mevunot"
"483768","kanban",,"mevuue"
"483769","kanbanize",,"okonofan"
"483770","kanbanized",,"mevunoet"
"483771","kanbanizes",,"okonofuna"
"483772","kanbanizing",,"mevunoteu"
"483773","kanbans",,"mevunota"
"483774","kanbi",,"ikinau"
"483775","kanburian",,"ekenaqa"
"483776","kancashi",,"ukuruwe"
"483777","kancaste",,"okorowet"
"483778","kanchanaburi",,"movenehion"
"483779","kanchani",,"mevanaet"
"483780","kanchanjanga",,"mevanahain"
"483781","kanchanjangae",,"mavunuhuon"
"483782","kanchanjangas",,"mevanahaa"
"483783","kancheepuram",,"ekerozoqon"
"483784","kanchenjunga",,"movenahean"
"483785","kanchenjungae",,"mevanuhaot"
"483786","kanchenjungas",,"movenaheun"
"483787","kancheong",,"movenaa"
"483788","kanchi",,"ikirina"
"483789","kanchil",,"mevanen"
"483790","kanchiles",,"mavuneu"
"483791","kanchils",,"mevanoon"
"483792","kanchipuram",,"ikirusukun"
"483793","kanchipurams",,"ikirusuku"
"483794","kanchit",,"movene"
"483795","kancho",,"akaraa"
"483796","kanchow",,"ikiruota"
"483797","kanchrapara",,"mivonisie"
"483798","kanchuki",,"ekeroda"
"483799","kancler",,"mavuvon"
"483800","kancoona",,"akarihet"
"483801","kand",,"okost"
"483802","kanda",,"ikisie"
"483803","kandaalifinolhu",,"mevenapuat"
"483804","kandace",,"okosoa"
"483805","kandagawa",,"ukusunun"
"483806","kandahalagalaa",,"mevenesoot"
"483807","kandahar",,"akasarena"
"483808","kandahars",,"akasaron"
"483809","kandahdhoo",,"movonoo"
"483810","kandak",,"okosoe"
"483811","kandake",,"ekeseata"
"483812","kandal",,"meveui"
"483813","kandalaksha",,"ikisizapan"
"483814","kandam",,"ekesani"
"483815","kandappa",,"okosojon"
"483816","kandaru",,"movonan"
"483817","kandasamy",,"ukusuwun"
"483818","kande",,"ekesaa"
"483819","kandel",,"muvuata"
"483820","kandelaft",,"mevevaet"
"483821","kandelaki",,"muvuvio"
"483822","kandelia",,"mavavuan"
"483823","kandelias",,"mavavuun"
"483824","kander",,"meveee"
"483825","kandergrund",,"ukusiqeba"
"483826","kandersteg",,"ekesaqa"
"483827","kandertal",,"mavavaat"
"483828","kandh",,"movonu"
"483829","kandhamal",,"ekesora"
"483830","kandholhudhoo",,"mevenipien"
"483831","kandhoomeehunge",,"muvunejeo"
"483832","kandhuli",,"akasedi"
"483833","kandi",,"okosue"
"483834","kandian",,"mavari"
"483835","kandic",,"okosoi"
"483836","kandice",,"ekesiat"
"483837","kandidat",,"okosuvona"
"483838","kandies",,"ekesiuna"
"483839","kandiheragandu",,"ekesirobe"
"483840","kanding",,"mavarat"
"483841","kandinmaa",,"muvurao"
"483842","kandinmaahuraa",,"meverofoa"
"483843","kandinsk",,"miviruan"
"483844","kandinski",,"mivirue"
"483845","kandinskian",,"okosufepo"
"483846","kandinskis",,"miviruin"
"483847","kandinsky",,"mavareu"
"483848","kandinskyan",,"ukusefipen"
"483849","kandinskys",,"mavareot"
"483850","kandiperox",,"movoraa"
"483851","kandis",,"okosena"
"483852","kandisaur",,"movoriin"
"483853","kandite",,"mavaron"
"483854","kanditheemu",,"okosubafin"
"483855","kandiyohi",,"meverian"
"483856","kandiyohis",,"meveriun"
"483857","kandjar",,"ikiseina"
"483858","kandol",,"movoane"
"483859","kandoodhoo",,"akasihun"
"483860","kandoogandu",,"ukusoheto"
"483861","kandoomaafushi",,"okosahatat"
"483862","kandor",,"muvuuna"
"483863","kandori",,"muvufin"
"483864","kandos",,"ukusone"
"483865","kandosol",,"muvufaa"
"483866","kandrat",,"ikisuu"
"483867","kandrea",,"movoci"
"483868","kandts",,"meveuo"
"483869","kandufushi",,"okosemot"
"483870","kanduhulhudhoo",,"movobogiin"
"483871","kanduli",,"muvubin"
"483872","kandumoonufushi",,"mavabajuot"
"483873","kanduoiygiri",,"mevebitaa"
"483874","kandura",,"movoban"
"483875","kanduvilingili",,"akasugufun"
"483876","kandy",,"ukusoo"
"483877","kandyan",,"movolan"
"483878","kandys",,"ukusete"
"483879","kane",,"mevo"
"483880","kaneda",,"okotote"
"483881","kaneelhart",,"mavevuu"
"483882","kaneelharts",,"mavevuseot"
"483883","kanegaon",,"ikitiro"
"483884","kaneh",,"okotis"
"483885","kanehs",,"okoteno"
"483886","kaneka",,"mevoue"
"483887","kanekalon",,"muvatien"
"483888","kaneko",,"movian"
"483889","kanelboller",,"ukutusufo"
"483890","kanem",,"muvaz"
"483891","kanemite",,"ikitusa"
"483892","kaneoche",,"ikitetot"
"483893","kaneoches",,"ikiteto"
"483894","kaneohe",,"ikiteini"
"483895","kaneohes",,"ikiteraa"
"483896","kanephore",,"akaturi"
"483897","kanephoros",,"ikitorane"
"483898","kaneroside",,"movicuot"
"483899","kanes",,"mevoq"
"483900","kaneshir",,"moviqoin"
"483901","kaneshiro",,"muvaquet"
"483902","kaneshite",,"maveqae"
"483903","kaneshites",,"maveqain"
"483904","kanesian",,"akatosete"
"483905","kanesians",,"akatosi"
"483906","kaneville",,"eketesa"
"483907","kanevilles",,"eketesen"
"483908","kaneyama",,"mivuloen"
"483909","kanfanar",,"ukukufe"
"483910","kanfoth",,"ekekuota"
"483911","kang",,"mivae"
"483912","kanga",,"muven"
"483913","kangabam",,"ukulusun"
"483914","kangal",,"ikilin"
"483915","kangalang",,"movuneo"
"483916","kangaloon",,"muvenion"
"483917","kangan",,"okolet"
"483918","kangani",,"okoloan"
"483919","kangany",,"ukuluat"
"483920","kangar",,"akalaa"
"483921","kangaroo",,"ukuluqu"
"483922","kangaroobie",,"mivanijoin"
"483923","kangarooburger",,"muvenujiot"
"483924","kangarood",,"mivaniat"
"483925","kangarooed",,"movunoa"
"483926","kangarooer",,"mivanie"
"483927","kangarooing",,"movunojeat"
"483928","kangarooings",,"movunojee"
"483929","kangarooish",,"muvenujie"
"483930","kangaroolike",,"mavonajui"
"483931","kangaroos",,"ukuluqot"
"483932","kangas",,"muveea"
"483933","kangasala",,"akalawi"
"483934","kangatarian",,"ukulubeben"
"483935","kangatarianism",,"okolobubat"
"483936","kangayam",,"mavonoat"
"483937","kangba",,"akalot"
"483938","kangbashi",,"mavoruin"
"483939","kangchenjunga",,"mivasipeon"
"483940","kangchenjungas",,"mivasipean"
"483941","kangding",,"mevitoi"
"483942","kange",,"movuva"
"483943","kangean",,"ekelae"
"483944","kangeanese",,"ukuliru"
"483945","kanged",,"okolo"
"483946","kanger",,"ikilue"
"483947","kangerlussuaq",,"mevivepeot"
"483948","kangeroo",,"okoleqat"
"483949","kangeyam",,"mivavaon"
"483950","kanggye",,"mavoman"
"483951","kangha",,"akaloe"
"483952","kanghas",,"akaleet"
"483953","kanghou",,"akaleon"
"483954","kanghui",,"ikiluena"
"483955","kanghwa",,"ikiluaa"
"483956","kangiara",,"ekelirot"
"483957","kangina",,"okoluan"
"483958","kanging",,"okoluun"
"483959","kangiqsualujjuaq",,"okolucekot"
"483960","kangiryuarmiutun",,"muverunui"
"483961","kangjam",,"okolaan"
"483962","kangjei",,"okolaana"
"483963","kangju",,"okolona"
"483964","kangk",,"movuta"
"483965","kangkong",,"ikilohi"
"483966","kangkun",,"ukulie"
"483967","kangkung",,"akaludat"
"483968","kangla",,"ikilina"
"483969","kangladesh",,"okoloru"
"483970","kangladeshi",,"okolorofa"
"483971","kangle",,"ekelun"
"483972","kanglei",,"ekelein"
"483973","kangleicha",,"movuvaen"
"483974","kangleipak",,"movuvaeta"
"483975","kangleipung",,"akalazuqa"
"483976","kangleism",,"ukuluza"
"483977","kangleiwood",,"movuvatuon"
"483978","kangley",,"ikiliot"
"483979","kangli",,"okoli"
"483980","kangling",,"mavoveot"
"483981","kanglis",,"okoloat"
"483982","kanglish",,"movuvio"
"483983","kanglu",,"ekelee"
"483984","kanglung",,"muvevoet"
"483985","kangmuir",,"ekelodo"
"483986","kangnam",,"akaloet"
"483987","kangnasaurus",,"mevipabou"
"483988","kangni",,"ekelua"
"483989","kangning",,"muvepaon"
"483990","kangnung",,"mivapeun"
"483991","kango",,"mavof"
"483992","kangol",,"ukulata"
"483993","kangooroo",,"okolahin"
"483994","kangpar",,"meviho"
"483995","kangpokpi",,"movuhuet"
"483996","kangra",,"akalae"
"483997","kangri",,"ukulate"
"483998","kangs",,"mivaqa"
"483999","kangshung",,"meviqeun"
"484000","kangting",,"meviwoan"
"484001","kangujam",,"ekelata"
"484002","kanguroo",,"okolequn"
"484003","kanguru",,"okolei"
"484004","kangw",,"mevig"
"484005","kangwane",,"ukularuna"
"484006","kangwanes",,"ukularu"
"484007","kangwon",,"ekeloine"
"484008","kangxi",,"ekelei"
"484009","kangy",,"mavol"
"484010","kangz",,"akalu"
"484011","kanhaiya",,"okomosan"
"484012","kanhapur",,"akamajon"
"484013","kanhobal",,"akamisona"
"484014","kanhu",,"okomea"
"484015","kanhung",,"mavibun"
"484016","kani",,"move"
"484017","kania",,"mivon"
"484018","kaniadakis",,"ikinivi"
"484019","kaniapiskau",,"ukunujidet"
"484020","kanich",,"ikininu"
"484021","kanienk",,"ikinoae"
"484022","kanienkeh",,"movevia"
"484023","kanienkehaka",,"mivovuzia"
"484024","kaniere",,"ekenaun"
"484025","kanifinolhu",,"mevalohao"
"484026","kanifushi",,"mivolein"
"484027","kanika",,"moveat"
"484028","kanikanik",,"ukuniroa"
"484029","kanimbla",,"mavuzaun"
"484030","kanimeedhoo",,"movezapeet"
"484031","kanin",,"akanou"
"484032","kanipe",,"ikinun"
"484033","kanishka",,"ikinaret"
"484034","kaniut",,"ekenuno"
"484035","kaniv",,"ekeneni"
"484036","kaniva",,"okoneni"
"484037","kaniwa",,"mevain"
"484038","kanizsa",,"akanuoa"
"484039","kanjam",,"ekerune"
"484040","kanjeevaram",,"ukurizetot"
"484041","kanjer",,"mevein"
"484042","kanji",,"okoru"
"484043","kanjified",,"okorumu"
"484044","kanjifies",,"movoraen"
"484045","kanjify",,"mavaruna"
"484046","kanjifying",,"ukuremi"
"484047","kanjika",,"okoruan"
"484048","kanjin",,"muvuine"
"484049","kanjira",,"miviron"
"484050","kanjis",,"okorona"
"484051","kanjobal",,"ukurose"
"484052","kanjoos",,"ekeruina"
"484053","kanjus",,"ekeruni"
"484054","kank",,"mevoa"
"484055","kanka",,"movin"
"484056","kankakee",,"muvanoina"
"484057","kankakees",,"muvanoa"
"484058","kankan",,"akasai"
"484059","kankana",,"ekeseea"
"484060","kankanaey",,"okosofana"
"484061","kankanai",,"ekesefote"
"484062","kankanais",,"ekesefo"
"484063","kankanay",,"ikisifa"
"484064","kankans",,"akasaena"
"484065","kankar",,"ikisue"
"484066","kankedort",,"okosevat"
"484067","kanker",,"ekesat"
"484068","kankie",,"maveona"
"484069","kankin",,"ukusata"
"484070","kankite",,"akasoen"
"484071","kankl",,"akasau"
"484072","kankle",,"ukusit"
"484073","kanko",,"mivuf"
"484074","kankrej",,"mavecan"
"484075","kankukus",,"mivubean"
"484076","kanluran",,"ukutiqe"
"484077","kann",,"akazs"
"484078","kanna",,"ekezei"
"484079","kannada",,"mevanin"
"484080","kannadae",,"mavunoon"
"484081","kannadas",,"mevania"
"484082","kannadiga",,"movenuot"
"484083","kannadziro",,"muvineet"
"484084","kannagi",,"okozoan"
"484085","kannakin",,"movenaot"
"484086","kannan",,"mivoo"
"484087","kannanlahti",,"ikizifate"
"484088","kannapolis",,"ikizijat"
"484089","kannapoliss",,"ikizijife"
"484090","kannauj",,"muvinin"
"484091","kannauji",,"muvinoo"
"484092","kanne",,"ukuzio"
"484093","kanneiyfaru",,"ikizosirat"
"484094","kannemeyeria",,"mivovipou"
"484095","kannemeyerid",,"okozepirin"
"484096","kannemeyeriid",,"okozepiro"
"484097","kannemeyeriiform",,"muvivupion"
"484098","kannen",,"mevaina"
"484099","kannenberg",,"moveviaa"
"484100","kanner",,"muviun"
"484101","kanners",,"muvivua"
"484102","kannibalism",,"ikizasafe"
"484103","kannigilla",,"ukuzenon"
"484104","kannizzati",,"mivoree"
"484105","kanno",,"okozau"
"484106","kannon",,"muviua"
"484107","kannry",,"movean"
"484108","kannstatt",,"muviqeo"
"484109","kannu",,"ukuzin"
"484110","kannume",,"ekezaea"
"484111","kannup",,"mavuona"
"484112","kannur",,"muvie"
"484113","kanny",,"okozat"
"484114","kannywood",,"mivolian"
"484115","kano",,"muvu"
"484116","kanode",,"ikipun"
"484117","kanoite",,"ikipaot"
"484118","kanoj",,"ukupo"
"484119","kanon",,"okopuo"
"484120","kanona",,"ikipue"
"484121","kanonaite",,"mevepaon"
"484122","kanonas",,"ikipaota"
"484123","kanone",,"ekepat"
"484124","kanonen",,"mivipet"
"484125","kanonerovite",,"mavapiwuen"
"484126","kanones",,"ekepie"
"484127","kanonji",,"mevepet"
"484128","kanonjolle",,"muvupean"
"484129","kanoodle",,"mivifaon"
"484130","kanoodled",,"ikipevo"
"484131","kanoodles",,"mivifaan"
"484132","kanoodling",,"ikipevun"
"484133","kanooka",,"mevefo"
"484134","kanoon",,"ukupano"
"484135","kanoona",,"akapien"
"484136","kanopolis",,"mevehiat"
"484137","kanopoliss",,"mevehie"
"484138","kanorado",,"movocee"
"484139","kanorados",,"movocein"
"484140","kanos",,"muvuq"
"484141","kanosamine",,"akaporun"
"484142","kanosh",,"akapoo"
"484143","kanoshs",,"akapoet"
"484144","kanouse",,"movobat"
"484145","kanoya",,"movoia"
"484146","kanpachi",,"maveneun"
"484147","kanpei",,"ikifui"
"484148","kanpo",,"ekefui"
"484149","kanpur",,"mivuo"
"484150","kanpurs",,"mivubet"
"484151","kanpyo",,"ikifuo"
"484152","kanr",,"ikijn"
"484153","kanred",,"mevue"
"484154","kanreds",,"mevuvin"
"484155","kanreki",,"ekejaua"
"484156","kanri",,"ikijae"
"484157","kanrinin",,"ikijafon"
"484158","kanroji",,"muvofa"
"484159","kans",,"movee"
"484160","kansa",,"mivona"
"484161","kansai",,"mivooa"
"484162","kansama",,"movenat"
"484163","kansamah",,"ikicipo"
"484164","kansan",,"ekecata"
"484165","kansans",,"ekecee"
"484166","kansara",,"akacaaa"
"484167","kansas",,"mivoa"
"484168","kansass",,"mivonen"
"484169","kansasville",,"ikiciwavat"
"484170","kansasvilles",,"ikiciwave"
"484171","kanses",,"mevau"
"484172","kansing",,"ekeciot"
"484173","kansk",,"mevat"
"484174","kanss",,"moveq"
"484175","kanstantsin",,"moveweheon"
"484176","kansu",,"mevab"
"484177","kansuensis",,"ikicozia"
"484178","kansuh",,"okocet"
"484179","kansus",,"mevaine"
"484180","kant",,"okoqni"
"484181","kantafu",,"mivineta"
"484182","kantakouzenos",,"ikiqiviku"
"484183","kantan",,"mavaeta"
"484184","kantang",,"meveno"
"484185","kantar",,"miviaa"
"484186","kantara",,"muvune"
"484187","kantars",,"mivinen"
"484188","kante",,"ekeqao"
"484189","kantean",,"muvuve"
"484190","kanted",,"mavao"
"484191","kantei",,"ekeqata"
"484192","kantela",,"mavavon"
"484193","kantelas",,"mavavuana"
"484194","kantele",,"mivivoa"
"484195","kanteles",,"mivivoet"
"484196","kanteletar",,"muvuvioa"
"484197","kanten",,"miviae"
"484198","kantenji",,"ikiqofen"
"484199","kantens",,"mivivena"
"484200","kanter",,"meveuu"
"484201","kantetul",,"ikiqoba"
"484202","kantha",,"mivio"
"484203","kanthan",,"ekeqou"
"484204","kantharoi",,"ekeqoren"
"484205","kantharos",,"ekeqoro"
"484206","kanthaross",,"ekeqoret"
"484207","kanthas",,"mivinete"
"484208","kantian",,"mavaran"
"484209","kantianer",,"akaqoria"
"484210","kantianest",,"ukuqerot"
"484211","kantianism",,"miviroina"
"484212","kantianisms",,"mivirohea"
"484213","kantianist",,"akaqore"
"484214","kantianner",,"movoreo"
"484215","kantiannest",,"meverahuun"
"484216","kantians",,"mavaruun"
"484217","kantiara",,"muvuriot"
"484218","kantikoy",,"akaqovi"
"484219","kantikoyed",,"mivireuna"
"484220","kantikoying",,"mivirejoen"
"484221","kantikoys",,"akaqovat"
"484222","kanting",,"mavarune"
"484223","kantism",,"akaqoet"
"484224","kantisms",,"akaqowi"
"484225","kantist",,"mevero"
"484226","kantists",,"meveroet"
"484227","kantner",,"ukuqeana"
"484228","kantners",,"ukuqezun"
"484229","kanto",,"ukuqoi"
"484230","kantoi",,"ukuqana"
"484231","kantola",,"mivifet"
"484232","kanton",,"meveot"
"484233","kantor",,"muvuea"
"484234","kantos",,"ukuqio"
"484235","kantowitz",,"ikiqeket"
"484236","kantowski",,"ekequken"
"484237","kantrex",,"ukuqaia"
"484238","kantrowi",,"movocuin"
"484239","kantrowitz",,"mivicae"
"484240","kantry",,"muvuune"
"484241","kants",,"okoqus"
"484242","kanturk",,"mavaban"
"484243","kantuta",,"mevebot"
"484244","kantz",,"mivim"
"484245","kantzer",,"ikiqou"
"484246","kanu",,"mevoo"
"484247","kanuchi",,"okowuia"
"484248","kanuck",,"maveet"
"484249","kanufusheegaathufinolhu",,"mevolubiin"
"484250","kanufushi",,"movilaen"
"484251","kanuhuraa",,"mivunean"
"484252","kanuka",,"mevoine"
"484253","kanuma",,"maveeta"
"484254","kanumbra",,"mevozeo"
"484255","kanun",,"ukuweo"
"484256","kanuoiyhuraa",,"movifinui"
"484257","kanuri",,"okoweta"
"484258","kanuris",,"okowii"
"484259","kanva",,"okoboe"
"484260","kanwal",,"akadot"
"484261","kanwalji",,"muvonio"
"484262","kanwar",,"okodo"
"484263","kanwaria",,"ikidiqa"
"484264","kanwarpa",,"muvonuin"
"484265","kanwars",,"okodoet"
"484266","kanya",,"mavan"
"484267","kanyaka",,"mavanon"
"484268","kanyakumari",,"ikikivuhat"
"484269","kanyapella",,"ukukujin"
"484270","kanyaw",,"miviote"
"484271","kanye",,"miviv"
"484272","kanyed",,"ikikat"
"484273","kanyeing",,"okokesat"
"484274","kanyemba",,"ikikopin"
"484275","kanyenk",,"akakuoa"
"484276","kanyes",,"mivioti"
"484277","kanyu",,"mivib"
"484278","kanzaki",,"ukuluata"
"484279","kanzashi",,"maveneuna"
"484280","kanzler",,"okoloet"
"484281","kanzo",,"ekelue"
"484282","kanzonol",,"ukulofu"
"484283","kanzu",,"ikiloe"
"484284","kanzuri",,"mivubeta"
"484285","kanzus",,"ikilee"
"484286","kaocoon",,"mizofet"
"484287","kaodzera",,"mizimeo"
"484288","kaohera",,"ikumoina"
"484289","kaohiung",,"akemodat"
"484290","kaohsiung",,"akemose"
"484291","kaohsiungs",,"akemosin"
"484292","kaoka",,"okison"
"484293","kaokhangba",,"mozineen"
"484294","kaokoland",,"muzafien"
"484295","kaokor",,"mizuen"
"484296","kaokouli",,"mazefiu"
"484297","kaolack",,"mazoni"
"484298","kaolak",,"mazoon"
"484299","kaolaks",,"mazonan"
"484300","kaoliang",,"aketoran"
"484301","kaoliangs",,"aketorun"
"484302","kaolikung",,"okituvot"
"484303","kaolikungs",,"okituvo"
"484304","kaolin",,"ikutoti"
"484305","kaolinate",,"mozuriot"
"484306","kaoline",,"okitui"
"484307","kaolines",,"okitufat"
"484308","kaolinic",,"ikutafet"
"484309","kaolinisation",,"ikutafoden"
"484310","kaolinisations",,"ikutafodon"
"484311","kaolinise",,"okitufu"
"484312","kaolinised",,"meziroat"
"484313","kaolinises",,"okitufot"
"484314","kaolinising",,"mezirotuo"
"484315","kaolinit",,"mozuria"
"484316","kaolinite",,"meziroan"
"484317","kaolinites",,"meziroun"
"484318","kaolinitic",,"mozurion"
"484319","kaolinization",,"muzeratua"
"484320","kaolinizations",,"muzeratuen"
"484321","kaolinize",,"mizaruun"
"484322","kaolinized",,"ikutafi"
"484323","kaolinizes",,"mizaruu"
"484324","kaolinizing",,"ikutafosot"
"484325","kaolinoses",,"ukatefo"
"484326","kaolinosis",,"aketofin"
"484327","kaolins",,"ikutaoa"
"484328","kaomea",,"akevin"
"484329","kaomoji",,"mezufet"
"484330","kaomojis",,"mezufii"
"484331","kaon",,"muzi"
"484332","kaona",,"mazuna"
"484333","kaong",,"mazum"
"484334","kaonic",,"muzie"
"484335","kaonium",,"mezaren"
"484336","kaonlike",,"ekozesa"
"484337","kaons",,"muziq"
"484338","kaoota",,"muzuuna"
"484339","kaopeh",,"ikufue"
"484340","kaori",,"mozar"
"484341","kaoru",,"mezub"
"484342","kaos",,"okictu"
"484343","kaosiung",,"muziroen"
"484344","kaoteng",,"ukaqiat"
"484345","kaotian",,"akeqoena"
"484346","kaowool",,"mozafe"
"484347","kaoyu",,"ikukoa"
"484348","kapa",,"mopu"
"484349","kapaa",,"mipan"
"484350","kapaas",,"mipaot"
"484351","kapaau",,"mopuone"
"484352","kapaaus",,"mopunan"
"484353","kapace",,"mepiun"
"484354","kapacitor",,"mupesao"
"484355","kapadia",,"ikameua"
"484356","kapai",,"mopur"
"484357","kapakahi",,"ikamoren"
"484358","kapal",,"ekimeno"
"484359","kapala",,"okumos"
"484360","kapalawan",,"mipavoi"
"484361","kapalong",,"mepivion"
"484362","kapalua",,"ekimeun"
"484363","kapaluhan",,"ukemudin"
"484364","kapampangan",,"akomejoju"
"484365","kapan",,"akomoe"
"484366","kapana",,"ekimano"
"484367","kapangan",,"mupepia"
"484368","kapap",,"ukemio"
"484369","kaparasanan",,"ekimoraten"
"484370","kaparen",,"mupece"
"484371","kaparot",,"mupecu"
"484372","kaparoth",,"akomehon"
"484373","kaparring",,"okumiqu"
"484374","kapas",,"mopuq"
"484375","kapasigan",,"okumuse"
"484376","kapatagan",,"mopuwein"
"484377","kapayawan",,"okumari"
"484378","kape",,"mape"
"484379","kapeek",,"mipuot"
"484380","kapeika",,"maperi"
"484381","kapeikas",,"maperiat"
"484382","kapel",,"uketuo"
"484383","kapela",,"akotini"
"484384","kapell",,"mopian"
"484385","kapellasite",,"okutozudin"
"484386","kapelle",,"mepovot"
"484387","kapellmeister",,"mipuvofio"
"484388","kapellmeisters",,"mipuvofiet"
"484389","kapells",,"mopivun"
"484390","kapelushnik",,"akotadutot"
"484391","kapelye",,"akotaot"
"484392","kapenaar",,"mapepui"
"484393","kapes",,"mapeq"
"484394","kapeyka",,"mopilan"
"484395","kapfenberg",,"mapevein"
"484396","kapfenbergs",,"mapevetaa"
"484397","kapfhamer",,"okukire"
"484398","kapfhammer",,"akokere"
"484399","kaph",,"okumu"
"484400","kapha",,"ikamii"
"484401","kapheneion",,"okumefina"
"484402","kaphoures",,"mopafaot"
"484403","kaphrao",,"mapican"
"484404","kaphs",,"okumua"
"484405","kapia",,"mopen"
"484406","kapian",,"akonao"
"484407","kapicic",,"mepasa"
"484408","kapija",,"okunetu"
"484409","kapikian",,"ukenisina"
"484410","kapil",,"akonau"
"484411","kapila",,"ekinunna"
"484412","kapilas",,"ekineuo"
"484413","kapilavastu",,"ukenureto"
"484414","kaping",,"akonenn"
"484415","kapingamarangi",,"akononohan"
"484416","kapingamarangian",,"mipoposain"
"484417","kapinos",,"ekiniine"
"484418","kapinus",,"ikanaae"
"484419","kapiri",,"okunonu"
"484420","kapisa",,"mopean"
"484421","kapishche",,"mepaqei"
"484422","kapist",,"ekinunne"
"484423","kapit",,"ekinut"
"484424","kapital",,"mapuwan"
"484425","kapitalistate",,"mupiwipoe"
"484426","kapitean",,"mipoweon"
"484427","kapiti",,"ekinenu"
"484428","kapitolyo",,"mapuwoin"
"484429","kapitsa",,"okunaoni"
"484430","kapitulation",,"mipowepuen"
"484431","kapitza",,"mipowen"
"484432","kapjt",,"mapaw"
"484433","kapka",,"mepona"
"484434","kaplace",,"akotaota"
"484435","kaplan",,"mipao"
"484436","kaplanian",,"okutofe"
"484437","kaplin",,"mopuun"
"484438","kaplonker",,"ikatefon"
"484439","kaplowitz",,"ekituko"
"484440","kaplun",,"mepiot"
"484441","kaplunk",,"mapobat"
"484442","kaplunked",,"uketifu"
"484443","kaplunking",,"uketifon"
"484444","kaplunks",,"mapobee"
"484445","kapne",,"ikazoe"
"484446","kapnodes",,"mupifein"
"484447","kapnograph",,"mapufuo"
"484448","kapnography",,"mopefewii"
"484449","kapnomancy",,"mupifuet"
"484450","kapnomar",,"mapufaun"
"484451","kapo",,"mipi"
"484452","kapoc",,"mipis"
"484453","kapok",,"mopot"
"484454","kapoks",,"mopoata"
"484455","kapoof",,"okuponi"
"484456","kapooka",,"mapafan"
"484457","kapoor",,"ekipune"
"484458","kapor",,"ukepai"
"484459","kaporos",,"ekipoua"
"484460","kaposi",,"mipiena"
"484461","kaposiform",,"mapaqeen"
"484462","kaposin",,"ekipiin"
"484463","kaposis",,"mipiqon"
"484464","kaposv",,"okupen"
"484465","kapota",,"ukepon"
"484466","kapotasana",,"mipiwoat"
"484467","kapote",,"okupoo"
"484468","kapotes",,"okupaet"
"484469","kapotssk",,"okupawat"
"484470","kapow",,"mepeg"
"484471","kapowsin",,"ukepawu"
"484472","kapowsins",,"ukepawot"
"484473","kapp",,"ikaft"
"484474","kappa",,"ukefu"
"484475","kappacism",,"okufotun"
"484476","kappal",,"mopiana"
"484477","kappamaki",,"okufope"
"484478","kapparah",,"ekifeqin"
"484479","kapparos",,"meponeen"
"484480","kapparot",,"ekifeqina"
"484481","kapparoth",,"meponei"
"484482","kappas",,"ukefon"
"484483","kappe",,"okufe"
"484484","kappel",,"mapeet"
"484485","kappellmeister",,"akofuzohen"
"484486","kappenne",,"ekifafu"
"484487","kappie",,"okufene"
"484488","kappland",,"mupaviot"
"484489","kappler",,"ekifee"
"484490","kappos",,"akofaa"
"484491","kaprekar",,"mepuvuo"
"484492","kapriel",,"muporin"
"484493","kaprije",,"mapiran"
"484494","kapsalon",,"mapunuun"
"484495","kapsiki",,"mapurun"
"484496","kapsikies",,"mupiroet"
"484497","kapsikis",,"mapuriu"
"484498","kapsiul",,"ukeceun"
"484499","kapt",,"ekiqne"
"484500","kaptah",,"mopoan"
"484501","kaptain",,"mupunin"
"484502","kaptanok",,"mapaneun"
"484503","kaptanor",,"okuqofan"
"484504","kapteyni",,"mupuveot"
"484505","kaptol",,"mepeot"
"484506","kapton",,"mapaon"
"484507","kaptons",,"mapafana"
"484508","kaptur",,"mapaet"
"484509","kapu",,"mapea"
"484510","kapuas",,"mepou"
"484511","kapuka",,"mapeeta"
"484512","kapukae",,"mupate"
"484513","kapukas",,"mapeti"
"484514","kapulkin",,"mapeviu"
"484515","kapur",,"ekiwoa"
"484516","kapurthala",,"mepocian"
"484517","kapuscin",,"ikawato"
"484518","kapuskasing",,"ukewevedon"
"484519","kapusta",,"ekiwiuna"
"484520","kapustin",,"mopiquin"
"484521","kapustinite",,"ekiwibaji"
"484522","kaput",,"akowia"
"484523","kaputar",,"mepowot"
"484524","kaputer",,"mupawe"
"484525","kaputest",,"mipuweeta"
"484526","kaputness",,"mepowoet"
"484527","kaputski",,"ukewowu"
"484528","kaputsky",,"ekiwuwin"
"484529","kaputt",,"mupaun"
"484530","kaputter",,"ukewobat"
"484531","kaputtest",,"ikawebo"
"484532","kaputz",,"mepoua"
"484533","kapwepwe",,"okudejet"
"484534","kapwepwes",,"okudeji"
"484535","kapwing",,"ikadao"
"484536","kaqchickel",,"ikerusi"
"484537","kaqchikel",,"ikeruson"
"484538","kara",,"mehi"
"484539","karaage",,"mohunan"
"484540","karaak",,"mehiua"
"484541","karab",,"okemino"
"484542","karabagh",,"muheriot"
"484543","karabaghian",,"ikomuratat"
"484544","karabaghs",,"muherio"
"484545","karabair",,"miharoet"
"484546","karabakh",,"mohuree"
"484547","karabakhian",,"ekamoroton"
"484548","karabar",,"mihara"
"484549","karabe",,"ekamona"
"484550","karabeal",,"mahorion"
"484551","karabiner",,"ukimasea"
"484552","karabiners",,"ukimasin"
"484553","karabisianoi",,"mohuribaan"
"484554","karabisianon",,"akumesuvot"
"484555","karabon",,"mehirota"
"484556","karabulak",,"muheroa"
"484557","karaburan",,"akumedet"
"484558","karaburans",,"akumedie"
"484559","karacas",,"mohusi"
"484560","karachai",,"ikomara"
"484561","karachay",,"akumoro"
"484562","karachev",,"muhesuu"
"484563","karachi",,"okemuon"
"484564","karachies",,"ekamirot"
"484565","karachiite",,"mahosain"
"484566","karachis",,"okemuran"
"484567","karachite",,"mahosaun"
"484568","karack",,"mahoena"
"484569","karacul",,"ukimeia"
"484570","karad",,"ekamuta"
"484571","karada",,"okemota"
"484572","karadi",,"ekamano"
"484573","karadjordje",,"ekamuteben"
"484574","karadsheh",,"ekamuwot"
"484575","karadzic",,"mohutaat"
"484576","karaffa",,"maholan"
"484577","karafs",,"ikomuo"
"484578","karafuto",,"mihalei"
"484579","karagan",,"ekameea"
"484580","karaganda",,"mehimaen"
"484581","karagandas",,"mehimaon"
"484582","karagane",,"akumaren"
"484583","karagatch",,"mihamoan"
"484584","karageorge",,"ukimuzot"
"484585","karageorgevich",,"ikomiziba"
"484586","karagiozis",,"ekameson"
"484587","karagozy",,"ikomiha"
"484588","karagwe",,"muheme"
"484589","karahi",,"okemett"
"484590","karai",,"mehir"
"484591","karaikal",,"akumovon"
"484592","karaila",,"ekamiea"
"484593","karaim",,"muheei"
"484594","karaism",,"muherin"
"484595","karaisms",,"muheraa"
"484596","karait",,"ekamatu"
"484597","karaite",,"akumoaa"
"484598","karaites",,"akumoben"
"484599","karaitic",,"ekamibin"
"484600","karaitica",,"okemubat"
"484601","karaitics",,"ekamiba"
"484602","karaitism",,"ukimebot"
"484603","karaitisms",,"ukimeboa"
"484604","karaits",,"ekamiee"
"484605","karaj",,"ekamute"
"484606","karajan",,"muhesu"
"484607","karajishi",,"mehisoat"
"484608","karak",,"mahot"
"484609","karaka",,"mehiue"
"484610","karakalpak",,"mehitaan"
"484611","karakalpaks",,"mehitapeun"
"484612","karakalpakstan",,"muhetipuin"
"484613","karakas",,"mehitot"
"484614","karakash",,"okemeran"
"484615","karakasheva",,"mahotuboin"
"484616","karakashian",,"mahotuboo"
"484617","karakashyan",,"mohutebuen"
"484618","karakatchan",,"akumurazun"
"484619","karakatchans",,"akumurazu"
"484620","karakax",,"ukimiia"
"484621","karakelong",,"mihateu"
"484622","karakhanid",,"ukimiraa"
"484623","karakia",,"mehita"
"484624","karakias",,"mehitoen"
"484625","karakoa",,"mihaten"
"484626","karakol",,"ekamaua"
"484627","karakoline",,"mohutuen"
"484628","karakoram",,"okemehuna"
"484629","karakorams",,"okemehu"
"484630","karakorum",,"akumuhan"
"484631","karakorums",,"akumuhun"
"484632","karakou",,"mehitaa"
"484633","karakter",,"muhetein"
"484634","karakucak",,"muhetoa"
"484635","karakul",,"ikomoot"
"484636","karakule",,"okemedi"
"484637","karakulov",,"mihateat"
"484638","karakuls",,"ikomodo"
"484639","karakurt",,"muhetoot"
"484640","karalee",,"ikomiea"
"484641","karalynn",,"okemomana"
"484642","karam",,"muhez"
"484643","karama",,"mahoene"
"484644","karamai",,"mahozi"
"484645","karaman",,"ikomuin"
"484646","karamanian",,"mehizaan"
"484647","karamanlis",,"mehizaat"
"484648","karamanlism",,"muhezihaat"
"484649","karamanliss",,"mehizahoe"
"484650","karamanov",,"mihazoan"
"484651","karamanyan",,"mihazoat"
"484652","karamay",,"mohuzan"
"484653","karamazo",,"ukimarat"
"484654","karamazov",,"mohuzeu"
"484655","karamazovian",,"ekamoroci"
"484656","karamazovs",,"mohuzeot"
"484657","karambelkar",,"ikomusufi"
"484658","karambit",,"muhezuot"
"484659","karambola",,"mehizeet"
"484660","karamchand",,"ikomutet"
"484661","karame",,"mihaote"
"484662","karameh",,"ukimaan"
"484663","karamehs",,"ukimazun"
"484664","karamenderes",,"ukimazipot"
"484665","karami",,"muheeo"
"484666","karamie",,"mihazen"
"484667","karamis",,"muhezin"
"484668","karamoja",,"okemihan"
"484669","karamojo",,"ikomuhen"
"484670","karamojong",,"mehizie"
"484671","karamojongs",,"mehizivain"
"484672","karamojos",,"ikomuhon"
"484673","karamoko",,"mohuzuin"
"484674","karamu",,"mihaa"
"484675","karamus",,"mihazena"
"484676","karamzin",,"mihazei"
"484677","karan",,"ukimes"
"484678","karana",,"akumine"
"484679","karanandana",,"mehipahai"
"484680","karanchi",,"muhepaa"
"484681","karanda",,"muhepun"
"484682","karandas",,"muhepeu"
"484683","karandje",,"okemuvon"
"484684","karang",,"akumane"
"484685","karanga",,"ekamiei"
"484686","karangaed",,"muhepiot"
"484687","karangaing",,"muhepian"
"484688","karangas",,"ekaminin"
"484689","karangetang",,"ikomanugat"
"484690","karangi",,"akumoet"
"484691","karanja",,"muhepu"
"484692","karanji",,"mihapon"
"484693","karanjin",,"ekamita"
"484694","karankawa",,"ikomavo"
"484695","karankawas",,"ikomavet"
"484696","karanteen",,"ukimebun"
"484697","karantika",,"mihapaat"
"484698","karao",,"mihaf"
"484699","karaoke",,"mehifot"
"484700","karaoked",,"ekamuve"
"484701","karaokeing",,"akumive"
"484702","karaokes",,"mehifuo"
"484703","karapapakh",,"ekamarena"
"484704","karapetian",,"akumuzan"
"484705","karapetyan",,"okemezate"
"484706","karapincha",,"okemesua"
"484707","karas",,"mehiq"
"484708","karasburg",,"mohuqoin"
"484709","karasek",,"muheqea"
"484710","karashi",,"okemuii"
"484711","karasik",,"mahoqan"
"484712","karasinski",,"ikomasat"
"484713","karasjok",,"okemutat"
"484714","karass",,"mehiui"
"484715","karasugite",,"akumodat"
"484716","karasumi",,"mihaqei"
"484717","karat",,"ekamuti"
"484718","karata",,"okemat"
"484719","karatas",,"okemaena"
"484720","karatass",,"okemaron"
"484721","karatau",,"ekamuata"
"484722","karatavioside",,"ekamurivan"
"484723","karate",,"akumue"
"484724","karated",,"muhewat"
"484725","karategi",,"ekamuzin"
"484726","karateing",,"mihaweat"
"484727","karateist",,"muhewoa"
"484728","karateists",,"muhewoen"
"484729","karateka",,"akumizo"
"484730","karatekas",,"akumizet"
"484731","karatelike",,"mehiwui"
"484732","karateman",,"mehiwuen"
"484733","karates",,"akumiota"
"484734","karatist",,"mahoweat"
"484735","karatop",,"muhewu"
"484736","karats",,"ekamanu"
"484737","karatsu",,"akumiae"
"484738","karatsuba",,"mehiwoo"
"484739","karatto",,"mohuwat"
"484740","karattup",,"ekamubu"
"484741","karatzidis",,"okemane"
"484742","karauli",,"ukimiat"
"484743","karaurid",,"mahobaan"
"484744","karavan",,"mihado"
"484745","karaviloside",,"ukimusecet"
"484746","karavostasi",,"mohudubeen"
"484747","karawa",,"mahooa"
"484748","karawanks",,"okemirat"
"484749","karay",,"mihal"
"484750","karaya",,"muhean"
"484751","karayas",,"muhelun"
"484752","karayuki",,"mehiluen"
"484753","karb",,"ekant"
"484754","karbala",,"mehunin"
"484755","karbalas",,"mehunaa"
"484756","karbaree",,"mahinaet"
"484757","karbari",,"mohanat"
"484758","karbe",,"akunut"
"484759","karbhari",,"ikonuro"
"484760","karbi",,"ekaniu"
"484761","karbonari",,"okenafun"
"484762","karbovanets",,"mihefoseun"
"484763","karbowski",,"akunikan"
"484764","karbyshe",,"mohaliun"
"484765","karcag",,"moheia"
"484766","karch",,"ekaroi"
"484767","karcher",,"mahunon"
"484768","karcist",,"akuroo"
"484769","karcz",,"okeree"
"484770","karczewski",,"ikorozete"
"484771","kard",,"akuss"
"484772","kardal",,"muhuat"
"484773","kardama",,"akusaota"
"484774","kardar",,"meheea"
"484775","kardashev",,"ukisuwun"
"484776","kardashian",,"akusawat"
"484777","kardashianesque",,"ikosiwevot"
"484778","kardashianization",,"mehenosuun"
"484779","kardecism",,"okesetan"
"484780","kardecist",,"mihivuon"
"484781","kardelj",,"okeseet"
"484782","kardeljs",,"okesezi"
"484783","kardella",,"okesezon"
"484784","kardent",,"ekasaat"
"484785","kardex",,"meheuna"
"484786","kardia",,"ekasan"
"484787","kardinal",,"okesufan"
"484788","karditsa",,"maharoan"
"484789","kardiya",,"ikosaua"
"484790","kardon",,"muhuuni"
"484791","kardos",,"okesoi"
"484792","kardula",,"mihibo"
"484793","karduna",,"mohobana"
"484794","kardzhali",,"mehemeon"
"484795","kare",,"muha"
"484796","kareah",,"ekatane"
"484797","kareao",,"mohiona"
"484798","karearea",,"ekateqat"
"484799","kareau",,"muhaan"
"484800","karedo",,"ekatin"
"484801","karee",,"mihuv"
"484802","kareela",,"ikotoee"
"484803","kareem",,"mehoeo"
"484804","kareems",,"mehovin"
"484805","kareena",,"oketeo"
"484806","kareeta",,"ukitieta"
"484807","karekare",,"ukitiran"
"484808","karel",,"ikotit"
"484809","karela",,"ukitete"
"484810","kareli",,"ikotuta"
"484811","karelia",,"ukituan"
"484812","kareliae",,"ikotisot"
"484813","karelian",,"mehovoen"
"484814","karelianism",,"muhavasoat"
"484815","karelianite",,"akutasoje"
"484816","karelianness",,"ikotisajun"
"484817","karelians",,"mehovoon"
"484818","karelias",,"ukitusun"
"484819","karelinite",,"ukitusa"
"484820","karella",,"mohivat"
"484821","karelo",,"akutots"
"484822","karels",,"ikotena"
"484823","karen",,"oketut"
"484824","karena",,"ikotunn"
"484825","karend",,"mehoeu"
"484826","karene",,"ekatit"
"484827","karengo",,"akutoena"
"484828","karengos",,"akutonon"
"484829","karenhood",,"ekatira"
"484830","karenic",,"oketueta"
"484831","karenicity",,"mihupuun"
"484832","karenics",,"oketusia"
"484833","karenina",,"mahepeat"
"484834","kareninas",,"mahepee"
"484835","karenism",,"akutoson"
"484836","karenitecin",,"ikotasifan"
"484837","karenlike",,"mihupoat"
"484838","karenm",,"akutotna"
"484839","karenni",,"muhapin"
"484840","karennis",,"muhapaa"
"484841","karenocity",,"mahepou"
"484842","karens",,"oketote"
"484843","karenwebberite",,"ikotakuvat"
"484844","karera",,"ekatis"
"484845","kares",,"muhaq"
"484846","karesansui",,"oketure"
"484847","karet",,"ukitos"
"484848","kareth",,"muhauna"
"484849","kareus",,"mihuota"
"484850","karewa",,"mihuin"
"484851","karez",,"ekatani"
"484852","karezin",,"mihumen"
"484853","karezza",,"mihumot"
"484854","karfish",,"mohirin"
"484855","karg",,"mehia"
"484856","karga",,"mohun"
"484857","kargas",,"mohuani"
"484858","kargbo",,"ukilie"
"484859","karger",,"ekalat"
"484860","karghalik",,"mahonua"
"484861","kargil",,"akulena"
"484862","kargilik",,"ukileza"
"484863","kargon",,"ekalea"
"484864","kargyraa",,"ekaluqu"
"484865","karharbari",,"muhonuet"
"484866","karharbaris",,"muhonutai"
"484867","karhi",,"ekamis"
"484868","karhy",,"ikomeu"
"484869","kari",,"mahu"
"484870","karia",,"mehan"
"484871","kariah",,"okenete"
"484872","kariann",,"mehano"
"484873","kariba",,"okenoe"
"484874","karibas",,"okeniet"
"484875","karibib",,"mehara"
"484876","karibibite",,"akunesat"
"484877","karida",,"ekanane"
"484878","karidopeta",,"ikonehet"
"484879","karidopita",,"ukinoha"
"484880","karie",,"muhiv"
"484881","kariel",,"ikonun"
"484882","kariera",,"ekanauna"
"484883","kariginu",,"ikonison"
"484884","karignan",,"mohemiot"
"484885","karijoki",,"ekanuhen"
"484886","karikal",,"ukiniuna"
"484887","karil",,"ukinuo"
"484888","karilla",,"mihovon"
"484889","karilynn",,"ekanema"
"484890","karim",,"mihoz"
"484891","karimedd",,"mehazua"
"484892","karimganj",,"mohezeen"
"484893","karimi",,"mihoet"
"484894","karimnagar",,"muhizai"
"484895","karimojong",,"mahuzoet"
"484896","karimui",,"mohezu"
"484897","karin",,"ikonau"
"484898","karina",,"ukinini"
"484899","karinas",,"ukineata"
"484900","karinding",,"ekanivet"
"484901","karine",,"okenenu"
"484902","karinghota",,"okenunaa"
"484903","karinja",,"mihopon"
"484904","karinma",,"okenui"
"484905","karinmavattaru",,"ekanipile"
"484906","karins",,"ikonino"
"484907","karint",,"moheat"
"484908","kariong",,"ekanuota"
"484909","kariotta",,"mohefuu"
"484910","karip",,"okeneo"
"484911","karipuna",,"muhihoa"
"484912","kariri",,"ekanee"
"484913","karis",,"mahuq"
"484914","karisa",,"mehain"
"484915","karisimbi",,"ukinesa"
"484916","kariskrona",,"mahuqia"
"484917","karissa",,"mehaqa"
"484918","karita",,"ekanatu"
"484919","karite",,"ukinone"
"484920","karites",,"ukinoana"
"484921","kariti",,"akuno"
"484922","kariuki",,"mihobi"
"484923","kariwa",,"muhiune"
"484924","kariya",,"mihoae"
"484925","kariyarra",,"mahuluun"
"484926","karjaa",,"okeroe"
"484927","karjala",,"mahani"
"484928","karjenner",,"mihivuan"
"484929","karjian",,"mihiron"
"484930","kark",,"muhae"
"484931","karkaa",,"mehou"
"484932","karkadeh",,"muhanein"
"484933","karkalla",,"mihunoi"
"484934","karkana",,"ukisuana"
"484935","karkas",,"maheeta"
"484936","karkbd",,"muhaat"
"484937","karked",,"ikosun"
"484938","karkeniaceous",,"okesefeto"
"484939","karkey",,"maheen"
"484940","karkhana",,"muhania"
"484941","karkheh",,"muhanot"
"484942","karki",,"muhar"
"484943","karkin",,"okesona"
"484944","karking",,"ikosaen"
"484945","karkonosze",,"mehofoan"
"484946","karkor",,"okeseta"
"484947","karks",,"muhaqa"
"484948","karkun",,"ekasuna"
"484949","karl",,"ukitne"
"484950","karla",,"akutas"
"484951","karlamangla",,"oketopuja"
"484952","karlan",,"mohuano"
"484953","karlani",,"mohune"
"484954","karlas",,"akutotne"
"484955","karlberg",,"akutezet"
"484956","karlditmarite",,"ekatusehun"
"484957","karle",,"ikotoni"
"484958","karlee",,"oketane"
"484959","karleen",,"muheve"
"484960","karleigh",,"muhevaen"
"484961","karlen",,"mahoet"
"484962","karlena",,"mehivota"
"484963","karlene",,"muhevee"
"484964","karlens",,"mahovi"
"484965","karlette",,"ekatabe"
"484966","karley",,"akutina"
"484967","karlfeldt",,"oketezuna"
"484968","karlfeldts",,"oketezua"
"484969","karli",,"ukitene"
"484970","karliak",,"ukiteuna"
"484971","karlie",,"ikotute"
"484972","karlik",,"ikotota"
"484973","karlin",,"mehiaa"
"484974","karling",,"mohurin"
"484975","karlingian",,"ekatifan"
"484976","karlings",,"mohuria"
"484977","karlis",,"ukitani"
"484978","karlise",,"ikotaota"
"484979","karlite",,"mohuruna"
"484980","karlivka",,"mohurein"
"484981","karlmarx",,"ekatorin"
"484982","karlobag",,"mihafii"
"484983","karloff",,"ukitoua"
"484984","karloffian",,"mohufai"
"484985","karloffs",,"ukitomot"
"484986","karlotoxin",,"mohufuet"
"484987","karlotta",,"ekatubin"
"484988","karlotte",,"ukitobuna"
"484989","karlous",,"akutien"
"484990","karlova",,"mahofi"
"484991","karlovac",,"mahofuan"
"484992","karlovy",,"mehifa"
"484993","karlow",,"ukitini"
"484994","karlowski",,"ikoteki"
"484995","karls",,"ukiteni"
"484996","karlsbad",,"akutoso"
"484997","karlsen",,"mahoqi"
"484998","karlshamm",,"mehiqean"
"484999","karlskoga",,"oketuvu"
"485000","karlskrona",,"ukitevo"
"485001","karlson",,"mihaqon"
"485002","karlsruh",,"ukitequ"
"485003","karlsruhe",,"ikotaqet"
"485004","karlsruher",,"mihaqie"
"485005","karlsruhers",,"mihaqigain"
"485006","karlsson",,"mihaquan"
"485007","karlstad",,"ukitebat"
"485008","karlstads",,"ukitebe"
"485009","karlstadt",,"mihaqai"
"485010","karluk",,"oketeti"
"485011","karluks",,"oketeia"
"485012","karly",,"ekatute"
"485013","karlyn",,"mihao"
"485014","karm",,"mihe"
"485015","karma",,"muhon"
"485016","karmachakra",,"mehunosoat"
"485017","karmadharaya",,"akuvavitun"
"485018","karmaic",,"muhonu"
"485019","karmakanda",,"mohanaot"
"485020","karmaless",,"okevozat"
"485021","karmalessness",,"mihenopea"
"485022","karmaling",,"mehunaat"
"485023","karman",,"okeveni"
"485024","karmapa",,"okevoeta"
"485025","karmas",,"muhoun"
"485026","karmathian",,"ikoviban"
"485027","karmathians",,"ikovibevun"
"485028","karmatian",,"mohanuot"
"485029","karmawhore",,"muhonueta"
"485030","karmawhored",,"ukivukoca"
"485031","karmawhores",,"muhonusii"
"485032","karmawhoring",,"ukivukocat"
"485033","karmazin",,"mihenei"
"485034","karmel",,"ekavat"
"485035","karmelo",,"ikovoot"
"485036","karmen",,"akuvota"
"485037","karmendriya",,"ikovofibi"
"485038","karmenk",,"ukiviata"
"485039","karmic",,"miheoa"
"485040","karmically",,"miheruea"
"485041","karmiccer",,"ikovato"
"485042","karmiccest",,"okevutun"
"485043","karmicer",,"ikovata"
"485044","karmicest",,"okevutat"
"485045","karmin",,"ekaveo"
"485046","karmitoxin",,"akuvobu"
"485047","karmo",,"mahif"
"485048","karmona",,"ukivoat"
"485049","karmos",,"mahiona"
"485050","karmouth",,"muhofoo"
"485051","karmy",,"mahila"
"485052","karn",,"ikozne"
"485053","karna",,"ukizue"
"485054","karnack",,"ikoziin"
"485055","karnacks",,"ikozita"
"485056","karnaim",,"okezoia"
"485057","karnak",,"ikozua"
"485058","karnal",,"moheana"
"485059","karnali",,"mohene"
"485060","karnatak",,"mihonaon"
"485061","karnataka",,"muhinea"
"485062","karnatakas",,"muhineen"
"485063","karnatic",,"mihonaona"
"485064","karnaugh",,"muhinoo"
"485065","karnavati",,"ikozigen"
"485066","karnay",,"ekazan"
"485067","karnell",,"ukiziata"
"485068","karner",,"moheie"
"485069","karnes",,"okezoo"
"485070","karney",,"ukizet"
"485071","karnian",,"meharo"
"485072","karnic",,"ikozue"
"485073","karnico",,"akuzoen"
"485074","karnik",,"okezon"
"485075","karnikara",,"muhiroen"
"485076","karnobat",,"ekazusu"
"485077","karnoffel",,"mahufiot"
"485078","karnofsky",,"mohefao"
"485079","karnos",,"akuzaa"
"485080","karns",,"ikozai"
"485081","karnul",,"mahuon"
"485082","karo",,"moho"
"485083","karob",,"ikopua"
"485084","karoid",,"okepeno"
"485085","karojba",,"mihisen"
"485086","karok",,"mehet"
"485087","karoks",,"meheota"
"485088","karol",,"ekapeo"
"485089","karola",,"okepenu"
"485090","karole",,"akupota"
"485091","karolin",,"mihivi"
"485092","karolina",,"muhuvao"
"485093","karoline",,"mohoviin"
"485094","karoling",,"muhuvaet"
"485095","karolingian",,"ikopisosin"
"485096","karolinska",,"mihivuin"
"485097","karolinu",,"mohoviot"
"485098","karolostadt",,"mohovubeen"
"485099","karols",,"ekapun"
"485100","karoly",,"ikopue"
"485101","karolyn",,"mahavan"
"485102","karon",,"akupou"
"485103","karonda",,"mahapon"
"485104","karoo",,"muhuf"
"485105","karooid",,"ukipoat"
"485106","karoola",,"ukipoata"
"485107","karoos",,"muhuee"
"485108","karoro",,"akupao"
"485109","karoros",,"akupeen"
"485110","karos",,"mohoq"
"485111","karoshi",,"ikopaoa"
"485112","karoshis",,"ikoparet"
"485113","kaross",,"mohoana"
"485114","karosses",,"meheqoo"
"485115","karossophile",,"ukipewuqan"
"485116","karossophilist",,"muhuqajuet"
"485117","karou",,"meheb"
"485118","karow",,"mahag"
"485119","karozzin",,"ikopono"
"485120","karp",,"okefn"
"485121","karpak",,"okefen"
"485122","karpas",,"ikofe"
"485123","karpass",,"ikofiin"
"485124","karpathiot",,"muhanei"
"485125","karpathos",,"akufaban"
"485126","karpatian",,"ekafeba"
"485127","karpatite",,"ekafebot"
"485128","karpatka",,"mohinue"
"485129","karpatskii",,"mehoniun"
"485130","karpaty",,"muhane"
"485131","karpen",,"mihua"
"485132","karpholite",,"mehoniuna"
"485133","karpiak",,"okefui"
"485134","karpina",,"maheran"
"485135","karpinski",,"mihuruu"
"485136","karpinskite",,"okefufepo"
"485137","karpinskyite",,"ukifefipi"
"485138","karpman",,"mihuzet"
"485139","karpos",,"ukifia"
"485140","karpov",,"mohiana"
"485141","karpovs",,"mohifun"
"485142","karpowicz",,"mihufian"
"485143","karpowitz",,"ikofeket"
"485144","karr",,"ekajna"
"485145","karrah",,"mohaana"
"485146","karraker",,"mahinian"
"485147","karramomus",,"ukijupa"
"485148","karree",,"ukijen"
"485149","karren",,"mohai"
"485150","karrenfeld",,"ekajafo"
"485151","karrenfield",,"ekajafovon"
"485152","karrer",,"mahien"
"485153","karrers",,"mahivona"
"485154","karri",,"ekajit"
"485155","karrick",,"akujoena"
"485156","karrie",,"akujote"
"485157","karrier",,"mahiri"
"485158","karrikin",,"moharaa"
"485159","karrikinolide",,"mehurutuen"
"485160","karris",,"ekajune"
"485161","karrkaratul",,"muhotiwai"
"485162","karroid",,"mohafun"
"485163","karroo",,"akujau"
"485164","karroos",,"akujiena"
"485165","karrozin",,"okejanat"
"485166","karrozzin",,"mihefeat"
"485167","karrusel",,"mohabie"
"485168","karrusels",,"mohabiin"
"485169","karrwa",,"akujin"
"485170","karry",,"ikojet"
"485171","kars",,"mahua"
"485172","karsa",,"mehana"
"485173","karsch",,"ekacate"
"485174","karsen",,"okecou"
"485175","karsevak",,"ikocogot"
"485176","karsey",,"mehae"
"485177","karseys",,"mehavin"
"485178","karsgaard",,"mihomoi"
"485179","karsha",,"okecena"
"485180","karshuni",,"mohenaote"
"485181","karshunis",,"mohenaoa"
"485182","karsies",,"muhiru"
"485183","karsikko",,"mahuriu"
"485184","karsk",,"muhit"
"485185","karson",,"akucaa"
"485186","karss",,"mahuqa"
"485187","karst",,"akucia"
"485188","karsta",,"ekacana"
"485189","karstaqu",,"ekacuru"
"485190","karsten",,"mehawot"
"485191","karstenite",,"akucizan"
"485192","karstens",,"mehawuo"
"485193","karstic",,"akucio"
"485194","karstifiable",,"mahuweniet"
"485195","karstification",,"mehawonuon"
"485196","karstifications",,"mehawonuan"
"485197","karstified",,"akucisun"
"485198","karstifies",,"mahuwea"
"485199","karstify",,"mihowuan"
"485200","karstifying",,"okecasiret"
"485201","karsting",,"mihowuat"
"485202","karstland",,"mehawaet"
"485203","karstlike",,"mehawai"
"485204","karstological",,"ikocehaca"
"485205","karstologist",,"ikocehacot"
"485206","karstology",,"mahuwoa"
"485207","karsts",,"akucot"
"485208","karstter",,"ukicobat"
"485209","karstwater",,"ikoceken"
"485210","karsy",,"mohel"
"485211","karsyn",,"akucota"
"485212","kart",,"akuqne"
"485213","kartagener",,"ikoqinet"
"485214","kartageners",,"ikoqinuji"
"485215","kartah",,"meheina"
"485216","kartaly",,"mehenot"
"485217","kartan",,"mihiaa"
"485218","kartavya",,"mohoneat"
"485219","kartchner",,"mohosoin"
"485220","karted",,"mihiin"
"485221","kartel",,"mohoia"
"485222","karter",,"muhuata"
"485223","kartereia",,"muhuvuot"
"485224","karters",,"muhuvea"
"485225","karthala",,"ekaqorin"
"485226","karthaus",,"mahanuat"
"485227","karthauss",,"mahanue"
"485228","karthika",,"mahanee"
"485229","karthli",,"ukiqae"
"485230","karthlis",,"ukiqazina"
"485231","karthveli",,"mehenai"
"485232","karthvelian",,"akuqegefu"
"485233","kartik",,"ukiqana"
"485234","kartika",,"akuqoen"
"485235","kartikey",,"akuqovet"
"485236","kartikeya",,"ekaqivot"
"485237","kartikeyae",,"akuqovi"
"485238","kartikeyas",,"ekaqivo"
"485239","kartiks",,"ukiqeuna"
"485240","karting",,"mihiri"
"485241","kartings",,"mihiruat"
"485242","kartis",,"akuqan"
"485243","kartki",,"ukiqane"
"485244","kartli",,"mihiena"
"485245","karto",,"okeqao"
"485246","kartoffel",,"mohofao"
"485247","kartoffelkl",,"akuqimefa"
"485248","kartoffelpuffer",,"mahafinaot"
"485249","kartometer",,"ikoqepet"
"485250","kartos",,"okeqen"
"485251","kartrak",,"mahaci"
"485252","kartrashian",,"mahacuboo"
"485253","karts",,"akuqoe"
"485254","karttikeya",,"mahaweu"
"485255","karttikeyae",,"muhuwazuet"
"485256","karttikeyas",,"mahawezaot"
"485257","karttune",,"akuqiden"
"485258","kartu",,"ukiqi"
"485259","kartudjara",,"mahaboe"
"485260","kartutjara",,"mahabou"
"485261","kartuzy",,"mohobane"
"485262","kartvel",,"ekaqeun"
"485263","kartveli",,"ekaqezin"
"485264","kartvelian",,"muhudoet"
"485265","kartvelianist",,"ukiquzevan"
"485266","kartvelo",,"ikoqiza"
"485267","kartvelological",,"ukiquzecin"
"485268","kartvelologist",,"ukiquzecu"
"485269","kartvelology",,"mehedupain"
"485270","kartvels",,"ekaqezu"
"485271","kartzman",,"ikoqopa"
"485272","karu",,"muhai"
"485273","karuah",,"ekawate"
"485274","karub",,"akuwe"
"485275","karuba",,"ekawi"
"485276","karuhiruhi",,"akuwesin"
"485277","karuizawa",,"ekawinin"
"485278","karuk",,"mihut"
"485279","karuka",,"muhaune"
"485280","karukan",,"okeweon"
"485281","karukaya",,"mohiteun"
"485282","karun",,"okewui"
"485283","karuna",,"ikowee"
"485284","karunas",,"ikowain"
"485285","karung",,"ikowino"
"485286","karungi",,"ikowao"
"485287","karur",,"akuwee"
"485288","karussel",,"okewuwi"
"485289","karut",,"ukiwoa"
"485290","karuva",,"ukiwet"
"485291","karval",,"mihaaa"
"485292","karvals",,"mihanen"
"485293","karvar",,"mahoeni"
"485294","karvaviza",,"ekabegin"
"485295","karve",,"ikoboa"
"485296","karvel",,"mehiuo"
"485297","karvi",,"ukibe"
"485298","karvico",,"ekabie"
"485299","karvin",,"mehiota"
"485300","karwa",,"muhona"
"485301","karwan",,"okedo"
"485302","karwar",,"akudin"
"485303","karweit",,"okedeeta"
"485304","karwinaphthol",,"muhorasua"
"485305","karwinski",,"akudofun"
"485306","karwinskia",,"ekadifon"
"485307","karwinskias",,"ekadifapan"
"485308","karwinsky",,"okedufe"
"485309","karwoski",,"muhofao"
"485310","karwowski",,"mohafoa"
"485311","kary",,"mohoa"
"485312","karyai",,"mihiae"
"485313","karyaster",,"mohonie"
"485314","karyatid",,"mohonuun"
"485315","karydopita",,"ekakuho"
"485316","karyenchyma",,"mahavevoin"
"485317","karyenda",,"muhuvae"
"485318","karyl",,"ekakea"
"485319","karylin",,"mihivon"
"485320","karyn",,"akukoi"
"485321","karyne",,"ukiket"
"485322","karyneia",,"akukozen"
"485323","karynne",,"mehepot"
"485324","karynnes",,"mehepoo"
"485325","karyns",,"akukot"
"485326","karyo",,"muhufa"
"485327","karyochrome",,"muhufasei"
"485328","karyochylema",,"mihifusoin"
"485329","karyoclasis",,"ukikoteto"
"485330","karyoclastic",,"mihifupuin"
"485331","karyocyte",,"akukiten"
"485332","karyoevolution",,"mahafikuat"
"485333","karyofission",,"mahafitian"
"485334","karyogamic",,"muhufion"
"485335","karyogamically",,"muhufiseot"
"485336","karyogamies",,"mihifosain"
"485337","karyogamy",,"mehefaon"
"485338","karyogenesis",,"ekakunojan"
"485339","karyogenetic",,"mahafupio"
"485340","karyogenic",,"okekanu"
"485341","karyogonad",,"mahafuin"
"485342","karyogram",,"akukinan"
"485343","karyograms",,"akukinun"
"485344","karyograph",,"ukikono"
"485345","karyoid",,"ukikoan"
"485346","karyokineses",,"ukikovijet"
"485347","karyokinesis",,"akukivuja"
"485348","karyokinetic",,"muhufotoun"
"485349","karyokinetically",,"muhufotoet"
"485350","karyolemma",,"ukikozot"
"485351","karyolitic",,"mohofeen"
"485352","karyologic",,"ekakuzon"
"485353","karyological",,"mahafujeon"
"485354","karyologically",,"ekakuzesot"
"485355","karyologies",,"akukizasin"
"485356","karyologist",,"mahafujeet"
"485357","karyologists",,"mahafujei"
"485358","karyology",,"ikokezon"
"485359","karyolymph",,"akukize"
"485360","karyolymphs",,"akukizahin"
"485361","karyolyses",,"ukikozin"
"485362","karyolysidae",,"muhufinoi"
"485363","karyolysidaes",,"muhufinoat"
"485364","karyolysis",,"akukizun"
"485365","karyolysus",,"ukikozota"
"485366","karyolysuss",,"ukikozudo"
"485367","karyolytic",,"muhufiet"
"485368","karyomap",,"akukipet"
"485369","karyomapping",,"akukipoqo"
"485370","karyomastigont",,"ikokepaden"
"485371","karyomegalic",,"okekapiso"
"485372","karyomegaly",,"ukikopaso"
"485373","karyomere",,"ekakupin"
"485374","karyomeric",,"okekape"
"485375","karyomerite",,"mahafapoot"
"485376","karyomicrosome",,"ukikopizun"
"485377","karyomitoic",,"ukikopiget"
"485378","karyomitome",,"ekakupagi"
"485379","karyomitomes",,"ekakupagat"
"485380","karyomiton",,"mehefeun"
"485381","karyomitosis",,"ukikopigan"
"485382","karyomitotic",,"mihifitoo"
"485383","karyomorph",,"okekapot"
"485384","karyomorphic",,"okekapobet"
"485385","karyomorphism",,"akukipabon"
"485386","karyomorphological",,"akukipaben"
"485387","karyomorphologically",,"mahafajou"
"485388","karyomorphology",,"mohofojuen"
"485389","karyomorphometric",,"ekakupebi"
"485390","karyomorphometry",,"ikokepibi"
"485391","karyomorphotype",,"ekakupeba"
"485392","karyon",,"okeken"
"485393","karyonic",,"okekafan"
"485394","karyonidal",,"ekakufen"
"485395","karyonide",,"mahafeun"
"485396","karyons",,"okekaon"
"485397","karyophage",,"mohofaoa"
"485398","karyopherin",,"mihifesiot"
"485399","karyopherins",,"mihifesio"
"485400","karyophil",,"akukijun"
"485401","karyophilic",,"akukijivot"
"485402","karyoplasm",,"mihifee"
"485403","karyoplasma",,"muhufopai"
"485404","karyoplasmatic",,"ukikojetat"
"485405","karyoplasmic",,"mihifepua"
"485406","karyoplasmolysis",,"ekakujitet"
"485407","karyoplasms",,"mihifepuin"
"485408","karyoplast",,"akukijat"
"485409","karyoplastin",,"mohofapian"
"485410","karyoplot",,"ekakujo"
"485411","karyopyknosis",,"mehefuneo"
"485412","karyopyknotic",,"ekakujepe"
"485413","karyorelict",,"okekaqifin"
"485414","karyorelictean",,"muhufupae"
"485415","karyorrhectic",,"muhufuweun"
"485416","karyorrhexic",,"mohofowuon"
"485417","karyorrhexis",,"mohofowui"
"485418","karyoschisis",,"akukiwuta"
"485419","karyoscope",,"okekawun"
"485420","karyosoma",,"mahafee"
"485421","karyosomal",,"ukikowa"
"485422","karyosome",,"mihifuan"
"485423","karyosomes",,"mihifuun"
"485424","karyosphere",,"akukiwetun"
"485425","karyostasis",,"akukiwate"
"485426","karyostenotic",,"okekawofen"
"485427","karyosystematic",,"mihifuneet"
"485428","karyosystematics",,"mihifunei"
"485429","karyotes",,"ikokebot"
"485430","karyotheca",,"muhufeo"
"485431","karyothecal",,"ikokebefi"
"485432","karyotin",,"mehefiet"
"485433","karyotins",,"mehefii"
"485434","karyotype",,"mehefien"
"485435","karyotyped",,"ekakubot"
"485436","karyotypes",,"mehefion"
"485437","karyotypic",,"mohofua"
"485438","karyotypical",,"okekaboqa"
"485439","karyotypically",,"mohofunoun"
"485440","karyotyping",,"ekakubeqan"
"485441","karyotypings",,"ekakubequn"
"485442","karyotypy",,"muhufea"
"485443","karyozoic",,"ikokenen"
"485444","karyrie",,"okekiet"
"485445","karyukovka",,"ekakaven"
"485446","karzai",,"ikolei"
"485447","karzey",,"ikolat"
"485448","karzi",,"okelua"
"485449","karzies",,"ekaliun"
"485450","karzy",,"ukiloi"
"485451","kas",,"akas"
"485452","kasa",,"ekemte"
"485453","kasabach",,"ikimurin"
"485454","kasabian",,"akamesen"
"485455","kasack",,"akamini"
"485456","kasadyahan",,"mojutuin"
"485457","kasai",,"ekemin"
"485458","kasaian",,"mujerua"
"485459","kasais",,"ekemata"
"485460","kasaji",,"majoon"
"485461","kasajis",,"majosan"
"485462","kasala",,"majoena"
"485463","kasamarda",,"ekemorua"
"485464","kasambagan",,"akamesan"
"485465","kasan",,"mijap"
"485466","kasanje",,"okomueta"
"485467","kasanosin",,"ikimahon"
"485468","kasara",,"mojuona"
"485469","kasaragod",,"akameron"
"485470","kasari",,"mejiina"
"485471","kasasagi",,"ikimaro"
"485472","kasavubu",,"ikimidin"
"485473","kasavubus",,"ikimida"
"485474","kasaya",,"ukumena"
"485475","kasba",,"mejuna"
"485476","kasbah",,"okonoo"
"485477","kasbahs",,"okonoeta"
"485478","kasbarian",,"majinaun"
"485479","kasbaryan",,"mojanoe"
"485480","kasbeer",,"ukuniet"
"485481","kasbeers",,"ukunizi"
"485482","kasbek",,"mijeote"
"485483","kasbeke",,"mojavi"
"485484","kasbeks",,"mijevo"
"485485","kasbin",,"ikinut"
"485486","kasc",,"akarn"
"485487","kascade",,"mujinan"
"485488","kascamiol",,"mujinuen"
"485489","kasch",,"majuna"
"485490","kaschak",,"majuni"
"485491","kaschau",,"majunon"
"485492","kaschgar",,"ikiruno"
"485493","kaschiri",,"ekerosa"
"485494","kaschuba",,"ekerode"
"485495","kasdg",,"majam"
"485496","kasdorf",,"mijifet"
"485497","kase",,"ukutte"
"485498","kaseguma",,"ikitida"
"485499","kaseko",,"akatote"
"485500","kasel",,"mojiv"
"485501","kasem",,"okotina"
"485502","kasembazar",,"mejozeen"
"485503","kasen",,"mejop"
"485504","kaser",,"mujac"
"485505","kaseri",,"mujauna"
"485506","kasern",,"okototi"
"485507","kaserne",,"eketoat"
"485508","kases",,"ukutene"
"485509","kasese",,"ikitate"
"485510","kasetsart",,"mujawaot"
"485511","kasevich",,"ikitisa"
"485512","kasey",,"eketuno"
"485513","kaseys",,"eketin"
"485514","kasganj",,"ukuluuna"
"485515","kash",,"maji"
"485516","kasha",,"mejune"
"485517","kashag",,"mojaat"
"485518","kashalyova",,"mijenoun"
"485519","kashan",,"ukumite"
"485520","kashani",,"ukumuun"
"485521","kashans",,"ukumuata"
"485522","kashas",,"mejuin"
"485523","kashavar",,"mejunao"
"485524","kashaya",,"mujone"
"485525","kashchei",,"akamoron"
"485526","kashchenko",,"mijesiu"
"485527","kashchey",,"okomuri"
"485528","kashden",,"mejutot"
"485529","kasheaha",,"okomeria"
"485530","kasher",,"akamoto"
"485531","kashered",,"mijeviena"
"485532","kashering",,"mijevie"
"485533","kashers",,"akamuoa"
"485534","kashey",,"mejuu"
"485535","kashga",,"mojaata"
"485536","kashgai",,"mojamu"
"485537","kashgar",,"ikimia"
"485538","kashgari",,"ikimiret"
"485539","kashghar",,"mijemiat"
"485540","kashghari",,"mijemiu"
"485541","kashgher",,"mejumeon"
"485542","kashi",,"majir"
"485543","kashia",,"mejuot"
"485544","kashian",,"ukumeun"
"485545","kashida",,"ekemiea"
"485546","kashidhoo",,"mujoreona"
"485547","kashihara",,"mijeriun"
"485548","kashikoi",,"mejuruan"
"485549","kashim",,"mijeet"
"485550","kashima",,"mujorot"
"485551","kashin",,"ikimota"
"485552","kashing",,"ukumeu"
"485553","kashinite",,"mejuroan"
"485554","kashira",,"okomui"
"485555","kashiras",,"okomuqat"
"485556","kashirin",,"mijeriuna"
"485557","kashirskian",,"mijeribio"
"485558","kashish",,"ekemiot"
"485559","kashiwa",,"mujorin"
"485560","kashiwabara",,"mojarosuo"
"485561","kashiwagi",,"majiraot"
"485562","kashiwara",,"ekemika"
"485563","kashiwazaki",,"ekemikisi"
"485564","kashk",,"mujot"
"485565","kashkai",,"majitat"
"485566","kashkar",,"ekemaua"
"485567","kashkaval",,"mijetoat"
"485568","kashmar",,"akameen"
"485569","kashmeer",,"okomizia"
"485570","kashmir",,"ukumaea"
"485571","kashmiri",,"ukumasot"
"485572","kashmirian",,"mojazion"
"485573","kashmirians",,"mojaziwaan"
"485574","kashmiriness",,"majizewii"
"485575","kashmiris",,"ukumaso"
"485576","kashmirs",,"ukumasin"
"485577","kashonda",,"majifeat"
"485578","kashoubish",,"mojafaet"
"485579","kashoubishs",,"mojafatai"
"485580","kashrus",,"akameena"
"485581","kashruses",,"ukumadu"
"485582","kashrut",,"mujocin"
"485583","kashruth",,"akamedi"
"485584","kashruths",,"akamedat"
"485585","kashruts",,"mujocoa"
"485586","kashta",,"ekemate"
"485587","kashtan",,"mijewet"
"485588","kashton",,"mujowot"
"485589","kashua",,"majiete"
"485590","kashub",,"akamotu"
"485591","kashuba",,"ekemaun"
"485592","kashube",,"ukumiia"
"485593","kashubes",,"ukumisata"
"485594","kashubia",,"ekemasin"
"485595","kashubian",,"mijebiat"
"485596","kashubians",,"mijebie"
"485597","kashubish",,"majibain"
"485598","kashuyana",,"ekemamot"
"485599","kashyap",,"akamioe"
"485600","kashyapa",,"ekemuru"
"485601","kashyapas",,"ekemurot"
"485602","kashyrskyi",,"ukumoqo"
"485603","kasibu",,"mujiuna"
"485604","kasich",,"majuona"
"485605","kasida",,"majuene"
"485606","kasigluk",,"mojemea"
"485607","kasigluks",,"mojemeen"
"485608","kasii",,"akanos"
"485609","kasik",,"ukunis"
"485610","kasikumuk",,"ukunida"
"485611","kasikumuks",,"ukuniden"
"485612","kasilawan",,"ekenera"
"485613","kasilof",,"okonoate"
"485614","kasilofs",,"okonohe"
"485615","kasily",,"majuone"
"485616","kasim",,"ikinus"
"485617","kasima",,"ukunina"
"485618","kasimbazar",,"mojezoot"
"485619","kasimirs",,"mijozuat"
"485620","kasimovian",,"okonihot"
"485621","kasinger",,"ikinanen"
"485622","kasippu",,"okoneia"
"485623","kasira",,"mejain"
"485624","kasiri",,"majuia"
"485625","kasiss",,"akanan"
"485626","kasj",,"muju"
"485627","kask",,"ukusta"
"485628","kaska",,"akasan"
"485629","kaskad",,"mujaate"
"485630","kaskara",,"mejonot"
"485631","kaskas",,"akasote"
"485632","kaskaski",,"ukusuwu"
"485633","kaskaskia",,"akasawan"
"485634","kaskaskias",,"akasawun"
"485635","kasket",,"mojii"
"485636","kaskian",,"mojirea"
"485637","kaskians",,"mojirein"
"485638","kaskinen",,"ikisafen"
"485639","kasky",,"ekesut"
"485640","kaslik",,"mojuuna"
"485641","kaslo",,"majof"
"485642","kasm",,"ikivna"
"485643","kasme",,"okove"
"485644","kasmisaag",,"ekeviwo"
"485645","kasner",,"okozoo"
"485646","kasnoff",,"mojefin"
"485647","kasolite",,"ukupuse"
"485648","kason",,"mujup"
"485649","kasos",,"okopuu"
"485650","kasota",,"mojoia"
"485651","kasotas",,"mojowat"
"485652","kasoy",,"ukupoa"
"485653","kaspar",,"ikifee"
"485654","kasparek",,"ekefequ"
"485655","kasparian",,"mejoneon"
"485656","kasparov",,"mijuniona"
"485657","kasparovian",,"okofoqolot"
"485658","kasparovs",,"mijunian"
"485659","kasparyan",,"mijuniie"
"485660","kasper",,"ekefana"
"485661","kasperak",,"ekefaqu"
"485662","kasperaks",,"ekefaqot"
"485663","kasperek",,"ukufiqat"
"485664","kaspersky",,"okofeqat"
"485665","kasperson",,"majevaee"
"485666","kaspiane",,"ukuferun"
"485667","kaspiysk",,"mojiruin"
"485668","kasprzak",,"mijuceona"
"485669","kasprzyk",,"mujacoota"
"485670","kasra",,"mejuni"
"485671","kasrah",,"okojen"
"485672","kasre",,"mujovi"
"485673","kass",,"akacre"
"485674","kassa",,"ekecei"
"485675","kassab",,"mejaea"
"485676","kassabah",,"ikicisot"
"485677","kassabian",,"akacason"
"485678","kassak",,"akacot"
"485679","kassaks",,"akacaoa"
"485680","kassala",,"majunona"
"485681","kassaladon",,"mujinien"
"485682","kassam",,"ukucon"
"485683","kassandr",,"mijonuet"
"485684","kassandra",,"mujinaot"
"485685","kassanfushi",,"mujinanuun"
"485686","kassanga",,"majuneat"
"485687","kassapa",,"mijono"
"485688","kassapas",,"mijoneet"
"485689","kassaraba",,"ukucuqat"
"485690","kassatka",,"majunoan"
"485691","kasse",,"ukucio"
"485692","kassebaum",,"mojevoe"
"485693","kassel",,"mojeia"
"485694","kassem",,"okocoa"
"485695","kassems",,"okoceet"
"485696","kasseri",,"mujivu"
"485697","kasserine",,"ekecaqot"
"485698","kasseris",,"mujivuot"
"485699","kassey",,"ekeci"
"485700","kassi",,"akacoi"
"485701","kassia",,"ekecate"
"485702","kassiani",,"mijoroan"
"485703","kassidy",,"mejarot"
"485704","kassie",,"ukucona"
"485705","kassim",,"ikicina"
"485706","kassin",,"mojeat"
"485707","kassing",,"mijori"
"485708","kassinin",,"akacofan"
"485709","kassir",,"majuoni"
"485710","kassis",,"akacan"
"485711","kassite",,"mijoren"
"485712","kassites",,"mijoraon"
"485713","kassity",,"mejara"
"485714","kassler",,"ikiciin"
"485715","kassner",,"okocuet"
"485716","kassod",,"mejaui"
"485717","kasson",,"mujie"
"485718","kassonke",,"mojefiu"
"485719","kassons",,"mujifin"
"485720","kassos",,"okocen"
"485721","kassu",,"ukuciu"
"485722","kassubian",,"ikicosen"
"485723","kassym",,"akacota"
"485724","kast",,"mujua"
"485725","kastalia",,"akaqazeta"
"485726","kastalian",,"mojoneot"
"485727","kastamonu",,"okoqopun"
"485728","kastanjes",,"mejenoet"
"485729","kastanozem",,"mijinuat"
"485730","kastav",,"ukuqeta"
"485731","kastelic",,"okoqezi"
"485732","kastell",,"majavi"
"485733","kastelloma",,"mejevaane"
"485734","kastellorizo",,"mejevapain"
"485735","kasten",,"ekeqan"
"485736","kaster",,"ukuqete"
"485737","kasterlian",,"ekeqaqena"
"485738","kasteyano",,"ekeqamin"
"485739","kastl",,"ikiqie"
"485740","kastle",,"okoqoi"
"485741","kastmaster",,"mojozeot"
"485742","kastner",,"mejepota"
"485743","kastners",,"mejepuo"
"485744","kastningite",,"ukuqesison"
"485745","kastom",,"mujuea"
"485746","kastor",,"okoqen"
"485747","kastorensky",,"mujufupoi"
"485748","kastoria",,"ikiqeqo"
"485749","kastorian",,"majafau"
"485750","kastro",,"okoqena"
"485751","kastrop",,"mijicet"
"485752","kastros",,"okoqione"
"485753","kasts",,"mujuq"
"485754","kastura",,"akaquaa"
"485755","kasturi",,"ukuqiata"
"485756","kasu",,"ukuwno"
"485757","kasuari",,"majeni"
"485758","kasuba",,"majeoa"
"485759","kasubian",,"ikiwusa"
"485760","kasubians",,"ikiwusen"
"485761","kasuga",,"ekewata"
"485762","kasugai",,"ekeweu"
"485763","kasugamycin",,"mijumofoin"
"485764","kasukabe",,"mijutoen"
"485765","kasulu",,"mejoin"
"485766","kasumi",,"okowete"
"485767","kasundi",,"ekewie"
"485768","kasuti",,"mijuo"
"485769","kasuwonidae",,"ekewohaven"
"485770","kasuyu",,"akawina"
"485771","kasvin",,"ekebun"
"485772","kaswa",,"ukudu"
"485773","kasyapa",,"majanet"
"485774","kasyapas",,"majanii"
"485775","kasza",,"mojina"
"485776","kaszuba",,"okoleo"
"485777","kaszubskie",,"ukulisin"
"485778","kata",,"maco"
"485779","kataang",,"akemaoa"
"485780","kataasan",,"akemawo"
"485781","katabanian",,"ikumuret"
"485782","katabanians",,"ikumurovi"
"485783","katabases",,"ekomore"
"485784","katabasis",,"okimiran"
"485785","katabatic",,"mecirao"
"485786","katabatically",,"meciradue"
"485787","katabella",,"ikumuza"
"485788","katablepharid",,"mecirapeu"
"485789","katabolic",,"meciriet"
"485790","katabolically",,"meciripuin"
"485791","katabolism",,"mucereon"
"485792","katabolisms",,"mucerepoan"
"485793","katabolite",,"akemehan"
"485794","katabolize",,"okimihun"
"485795","katabolized",,"meciripui"
"485796","katabolizes",,"okimihuvu"
"485797","katabolizing",,"meciripuot"
"485798","katabothra",,"mucereen"
"485799","katabothron",,"ikumuhitat"
"485800","katabothrons",,"ikumuhite"
"485801","katachresis",,"macosawaot"
"485802","katachromasis",,"mocusoweat"
"485803","katacrotic",,"mocusoot"
"485804","katacrotism",,"macosajua"
"485805","katada",,"ekomona"
"485806","katadicrotism",,"akemisuba"
"485807","katadromous",,"mecitejiat"
"485808","katadysis",,"okimaman"
"485809","kataegis",,"macovuat"
"485810","kataev",,"ikumate"
"485811","katafront",,"mecilei"
"485812","katagana",,"ekomerue"
"485813","katagelast",,"mucemoen"
"485814","katagelastic",,"mucemopaan"
"485815","katagelasticism",,"mocumapiin"
"485816","katagelasticist",,"ukamuzete"
"485817","katagelophobia",,"mecimupaen"
"485818","katagenesis",,"okimozefin"
"485819","katagenetic",,"mecimuhean"
"485820","katagiri",,"okimosun"
"485821","katah",,"ekomos"
"485822","katahar",,"mocunat"
"485823","katahdin",,"ikumuvo"
"485824","katahdins",,"ikumuvet"
"485825","katahrin",,"ukamaqu"
"485826","kataifi",,"okimuan"
"485827","katajjaq",,"mecisien"
"485828","katakana",,"ukamirat"
"485829","katakanas",,"ukamire"
"485830","katakanization",,"mucetihoot"
"485831","katakanize",,"micatoat"
"485832","katakanized",,"ikumorovon"
"485833","katakanizes",,"micatohee"
"485834","katakanizing",,"ikumorovin"
"485835","katakinesis",,"ekomasafi"
"485836","katakinetic",,"macotehaa"
"485837","katakinetomer",,"akemusufa"
"485838","katakinetomeric",,"akemusufon"
"485839","katakiribori",,"ikumosevin"
"485840","katakolo",,"okimehat"
"485841","kataktos",,"ekomabin"
"485842","katal",,"ukamuu"
"485843","katalase",,"ukamuran"
"485844","katalases",,"ukamurun"
"485845","katalin",,"mecivo"
"485846","katalina",,"mocuviu"
"485847","katalyse",,"akemamo"
"485848","katalysed",,"mucevein"
"485849","katalyses",,"akemamet"
"485850","katalysing",,"mucevei"
"485851","katalysis",,"ekomema"
"485852","katalysiss",,"ekomemen"
"485853","katalyst",,"macovoan"
"485854","katalysts",,"macovoun"
"485855","katalytic",,"macovouna"
"485856","katalyze",,"meciviot"
"485857","katalyzed",,"ekomeme"
"485858","katalyzer",,"okimomi"
"485859","katalyzers",,"okimomat"
"485860","katalyzes",,"mecivio"
"485861","katalyzing",,"ekomemet"
"485862","katamari",,"akemereta"
"485863","katamatite",,"mocuzeot"
"485864","katamorphic",,"ikumuhequn"
"485865","katamorphism",,"ekomohuqe"
"485866","katamorphisms",,"ekomohuqin"
"485867","katan",,"ikumas"
"485868","katana",,"ukametn"
"485869","katanagari",,"mecipaan"
"485870","katanas",,"ukameie"
"485871","katandra",,"ukamevan"
"485872","katang",,"ukamis"
"485873","katanga",,"akemooa"
"485874","katangan",,"mocupeu"
"485875","katangese",,"okimunan"
"485876","katangeses",,"okimunun"
"485877","katangtang",,"ikumanan"
"485878","katanin",,"macopan"
"485879","katanning",,"ukamefa"
"485880","katanosin",,"mocupua"
"485881","katapayadi",,"macohuun"
"485882","kataphatic",,"ikumoron"
"485883","kataphatically",,"ikumoragot"
"485884","kataphora",,"ekomaraa"
"485885","kataphoresis",,"ukamirubon"
"485886","kataphoretic",,"micahijaot"
"485887","kataphoric",,"akemurun"
"485888","kataphrenia",,"macohawaa"
"485889","kataplasia",,"mocuhea"
"485890","kataplasias",,"mocuhesaen"
"485891","kataplectic",,"ukamizazot"
"485892","kataplexy",,"ukamizun"
"485893","katar",,"ekomone"
"485894","katara",,"okimau"
"485895","katares",,"akemeota"
"485896","katari",,"ekomatt"
"485897","kataribe",,"macocei"
"485898","kataries",,"akemesen"
"485899","katarimono",,"macocea"
"485900","katarinas",,"mucecaoa"
"485901","kataris",,"ekomoeo"
"485902","katars",,"ekoman"
"485903","katartion",,"akemeban"
"485904","katas",,"macoq"
"485905","katashiro",,"micaqiun"
"485906","katastasis",,"ekomibo"
"485907","katastate",,"muceqein"
"485908","katastatic",,"macoqoe"
"485909","katastematic",,"mocuqupuen"
"485910","katastr",,"macoqon"
"485911","katasukashi",,"akemodetu"
"485912","katat",,"akemit"
"485913","katate",,"ukamena"
"485914","katatedori",,"ekomuza"
"485915","katathermometer",,"ekomurobu"
"485916","katathermometers",,"ekomurobot"
"485917","katatonia",,"macowoea"
"485918","katatonias",,"macowoina"
"485919","katatonic",,"muceweo"
"485920","katatype",,"mocuwuat"
"485921","katauta",,"akemuot"
"485922","katavi",,"ukamono"
"485923","katavothron",,"ekomeheti"
"485924","katavothrons",,"ekomehetat"
"485925","kataway",,"mecigu"
"485926","katawixi",,"ekomosine"
"485927","katayama",,"moculeat"
"485928","katayamas",,"moculee"
"485929","katayef",,"ikumeua"
"485930","katayev",,"akemiin"
"485931","katayevs",,"akemiza"
"485932","katch",,"akerea"
"485933","katcha",,"ekorana"
"485934","katcher",,"mucine"
"485935","katchina",,"miconui"
"485936","katchinas",,"miconuat"
"485937","katchongva",,"akerehuna"
"485938","katchoo",,"ukaraat"
"485939","katchung",,"mocenain"
"485940","katchuri",,"mucinoaa"
"485941","katcina",,"ikurain"
"485942","katcinas",,"ikurafa"
"485943","katcr",,"akeree"
"485944","katcrs",,"akerin"
"485945","kate",,"micu"
"485946","katechon",,"micusion"
"485947","katechonic",,"micusiun"
"485948","katechontic",,"ikutarijan"
"485949","katee",,"mociv"
"485950","kategoria",,"ikutihet"
"485951","katelectrotonus",,"ekotezagu"
"485952","katelyn",,"mecovot"
"485953","katelynn",,"ukatumun"
"485954","katelyns",,"mecovio"
"485955","katemcy",,"micuza"
"485956","katemcys",,"micuzuen"
"485957","katemfe",,"okitieta"
"485958","katen",,"ekotis"
"485959","katepano",,"macehuan"
"485960","katepimeral",,"okitesafin"
"485961","katepimeron",,"okitesafot"
"485962","katepisternal",,"ekotasagat"
"485963","katepisternum",,"micuhuboo"
"485964","kater",,"ukatas"
"485965","kateran",,"mocican"
"485966","kateretes",,"mecocua"
"485967","katergon",,"mucacia"
"485968","kateri",,"ukatono"
"485969","katerina",,"mocicie"
"485970","katerine",,"macecean"
"485971","katerini",,"mecocoet"
"485972","kateris",,"ukataana"
"485973","katers",,"ukateto"
"485974","kateryna",,"mucaceu"
"485975","katerynoslav",,"micucahoin"
"485976","kates",,"micuq"
"485977","katessa",,"mucaqun"
"485978","katey",,"macel"
"485979","kath",,"akemna"
"485980","katha",,"ekomei"
"485981","kathak",,"akemau"
"485982","kathakali",,"muconoet"
"485983","kathakalis",,"muconoi"
"485984","kathaks",,"akemaen"
"485985","kathal",,"mucoe"
"485986","katharevousa",,"ekomeqolon"
"485987","katharevousas",,"ekomeqolan"
"485988","katharevusa",,"ukamuqalot"
"485989","katharevusae",,"ikumiquli"
"485990","katharevusas",,"ukamuqalo"
"485991","katharin",,"ukamuqu"
"485992","katharina",,"akemaqan"
"485993","katharine",,"ikumiqet"
"485994","katharines",,"ikumiqi"
"485995","katharobe",,"ikumiqo"
"485996","katharobes",,"ikumiqeta"
"485997","katharobic",,"ukamuqot"
"485998","katharometer",,"muconujean"
"485999","katharometers",,"muconujeun"
"486000","katharses",,"macinaun"
"486001","katharsis",,"mecunei"
"486002","kathartic",,"ekomeqa"
"486003","katharyn",,"ekomeqin"
"486004","kathe",,"ukamine"
"486005","kathemoglobin",,"micevijui"
"486006","kathenotheism",,"macivejuan"
"486007","kathenotheist",,"okimefogon"
"486008","kathenotheistic",,"okimefogun"
"486009","katherin",,"okimeqat"
"486010","katherina",,"ikumoqet"
"486011","katherine",,"ekomaqa"
"486012","katherines",,"ekomaqen"
"486013","katheryn",,"ukamiqun"
"486014","katheryns",,"ukamiqu"
"486015","kathetal",,"ikumoba"
"486016","kathete",,"mocavan"
"486017","kathetometer",,"mecuvijiun"
"486018","kathexis",,"mecuvoen"
"486019","kathgodam",,"mecumii"
"486020","kathi",,"akemona"
"486021","kathiawar",,"macirue"
"486022","kathiawari",,"maciruota"
"486023","kathiawars",,"maciruin"
"486024","kathie",,"ukamini"
"486025","kathies",,"ukameat"
"486026","kathina",,"miceron"
"486027","kathirat",,"ekomiqot"
"486028","kathisma",,"ukamewu"
"486029","kathismas",,"ukamewota"
"486030","kathismata",,"mucoraon"
"486031","kathisomania",,"mucorajeu"
"486032","kathisophobia",,"mocarijou"
"486033","kathlaniid",,"mecuvaun"
"486034","kathlee",,"mecuvot"
"486035","kathleen",,"ukamuzun"
"486036","kathleens",,"ukamuzu"
"486037","kathlees",,"mecuvuo"
"486038","kathlene",,"ukamuzuna"
"486039","kathlin",,"ekomeota"
"486040","kathlyn",,"ikumiae"
"486041","kathlynne",,"mucoveen"
"486042","kathlynnes",,"mucoveon"
"486043","kathlyns",,"ikumimen"
"486044","kathman",,"mecuzo"
"486045","kathmandu",,"akemeri"
"486046","kathmandus",,"akemerat"
"486047","kathniel",,"akemosi"
"486048","kathodal",,"ekomuvin"
"486049","kathode",,"macifon"
"486050","kathodes",,"macifoan"
"486051","kathodic",,"mecufien"
"486052","kathodophone",,"ukamovuqi"
"486053","kathoey",,"ikumein"
"486054","katholikentag",,"mocafetou"
"486055","katholikoi",,"mecufain"
"486056","katholikos",,"mecufau"
"486057","katholikoses",,"macifutai"
"486058","katholikoss",,"mecufateot"
"486059","kathopanishad",,"ikumejajot"
"486060","kathopanishads",,"ikumejajo"
"486061","kathreen",,"ekomozu"
"486062","kathrin",,"ikumuoa"
"486063","kathrine",,"okimisat"
"486064","kathrines",,"okimisea"
"486065","kathrop",,"ukamauna"
"486066","kathryn",,"akemeen"
"486067","kathryne",,"ukamamun"
"486068","kathrynn",,"mocacuin"
"486069","kathrynne",,"mecucion"
"486070","kathrynns",,"mocacua"
"486071","kathryns",,"akememon"
"486072","kathu",,"ukamino"
"486073","kathua",,"akemoti"
"486074","kathump",,"micebon"
"486075","kathy",,"okimas"
"486076","kathyb",,"mocaia"
"486077","kathye",,"ekomana"
"486078","kathys",,"okimeni"
"486079","kati",,"muci"
"486080","katia",,"macun"
"486081","katian",,"ikununa"
"486082","katic",,"mucis"
"486083","katie",,"micov"
"486084","katies",,"micoa"
"486085","katigan",,"ukanuune"
"486086","katihar",,"mecano"
"486087","katik",,"micot"
"486088","katikkiro",,"akenuve"
"486089","katiks",,"micoen"
"486090","katin",,"okinut"
"486091","katina",,"ikunune"
"486092","katinas",,"ikunaote"
"486093","katinate",,"mecapao"
"486094","katine",,"ekonati"
"486095","katinka",,"okinuie"
"486096","kation",,"ukanani"
"486097","kations",,"ukanouna"
"486098","katipo",,"ikuninni"
"486099","katipos",,"ikunoau"
"486100","katipunan",,"ekonado"
"486101","katipunans",,"ekonadet"
"486102","katipunero",,"ukanidaa"
"486103","katipuneros",,"ukanidifen"
"486104","katipuneross",,"ukanidifon"
"486105","katis",,"muciq"
"486106","katiusa",,"mucibu"
"486107","katiusha",,"akenuwon"
"486108","kativik",,"okinoan"
"486109","katja",,"akeraa"
"486110","katjap",,"mecein"
"486111","katjepiering",,"mocovatoat"
"486112","katjiepiering",,"mocoracau"
"486113","katkaw",,"mocii"
"486114","katkop",,"okisete"
"486115","katlaps",,"maconi"
"486116","katleen",,"micavo"
"486117","katli",,"ikutate"
"486118","katlin",,"macoi"
"486119","katmai",,"miceo"
"486120","katmais",,"micenet"
"486121","katmandu",,"muconain"
"486122","katmandus",,"muconaa"
"486123","katmoget",,"ukavone"
"486124","katmon",,"okiveta"
"486125","katni",,"okizua"
"486126","katniss",,"okizui"
"486127","kato",,"mece"
"486128","katoaga",,"mucunu"
"486129","katoch",,"okipeni"
"486130","katoey",,"mocoon"
"486131","katoforite",,"ukapihoa"
"486132","katogle",,"akepaena"
"486133","katogo",,"mucuua"
"486134","katoh",,"okipio"
"486135","katohan",,"macanan"
"486136","katoite",,"akepooa"
"486137","katok",,"macat"
"486138","katolimenic",,"mucuvafuat"
"486139","katolysis",,"okipome"
"486140","katon",,"ukapei"
"486141","katonah",,"macapan"
"486142","katong",,"akepos"
"486143","katonkel",,"macapiun"
"486144","katoomba",,"ikupepa"
"486145","katophoria",,"okiperot"
"486146","katophorite",,"mucuhujeat"
"486147","katophoritic",,"macahajoi"
"486148","katoptric",,"ikupobet"
"486149","katoptrite",,"mecehian"
"486150","katoptron",,"mocohua"
"486151","katorga",,"ukapaat"
"486152","katorgas",,"ukapane"
"486153","katori",,"okipeto"
"486154","katothermal",,"miciwipain"
"486155","katotropia",,"ekopuqet"
"486156","katow",,"mucug"
"486157","katowice",,"miciguet"
"486158","katowices",,"micigui"
"486159","katr",,"akejt"
"486160","katri",,"akejou"
"486161","katriese",,"ikujazot"
"486162","katrillion",,"mecurau"
"486163","katrillionaire",,"okijuzuvun"
"486164","katrin",,"mocaat"
"486165","katrina",,"miceret"
"486166","katrinas",,"micerui"
"486167","katrine",,"mecura"
"486168","katrineholm",,"macirepoet"
"486169","katrinka",,"mocariin"
"486170","katrobe",,"mecufin"
"486171","katryna",,"macilon"
"486172","katrynas",,"macilean"
"486173","kats",,"mucia"
"486174","katsap",,"okicou"
"486175","katsaridaphobia",,"okicoqepan"
"486176","katsaros",,"ikuciqa"
"486177","katsav",,"ukaceta"
"486178","katschkawalj",,"okicurito"
"486179","katsho",,"okicete"
"486180","katsidis",,"ukaceve"
"486181","katsina",,"ikucaot"
"486182","katsinas",,"ikucafo"
"486183","katsonis",,"ukacofu"
"486184","katsu",,"micob"
"486185","katsudon",,"mocebue"
"486186","katsufum",,"okicemat"
"486187","katsumi",,"mecabo"
"486188","katsunari",,"mocebiot"
"486189","katsunkel",,"mocebiota"
"486190","katsuo",,"macuet"
"486191","katsuobushi",,"macubotao"
"486192","katsuogi",,"mecabion"
"486193","katsup",,"akecota"
"486194","katsura",,"akecuaa"
"486195","katsuragi",,"ekocaqo"
"486196","katsurah",,"macubaat"
"486197","katsuramono",,"mucibusean"
"486198","katsuras",,"akecuqen"
"486199","katsushige",,"ukaciwo"
"486200","katsushika",,"ukaciwoa"
"486201","katsushikas",,"ukaciwovet"
"486202","katsuta",,"ukaciia"
"486203","katsuura",,"ukacidat"
"486204","katsuwokinase",,"akecukapa"
"486205","katsuwoni",,"ekocako"
"486206","katsuwonid",,"macubain"
"486207","katsuwonidae",,"macubajia"
"486208","katsuwonidaes",,"macubajien"
"486209","katsuwonus",,"akecukat"
"486210","katsuwonuses",,"ukacikujen"
"486211","katsuwonusses",,"ukacikujon"
"486212","katsuya",,"mecabin"
"486213","katsuyama",,"macuboata"
"486214","katsuyamasaurus",,"akecumoho"
"486215","katt",,"ukaqne"
"486216","katta",,"akeqa"
"486217","kattalafushi",,"macanusaon"
"486218","kattan",,"mocoi"
"486219","kattang",,"micinet"
"486220","kattar",,"macaen"
"486221","kattath",,"akeqao"
"486222","kattea",,"ukaqen"
"486223","kattegat",,"mucuviin"
"486224","kattendijkian",,"okiqefovon"
"486225","kattenes",,"mucuvau"
"486226","kattenstoet",,"macavebuin"
"486227","kattepus",,"miciveet"
"486228","katterat",,"ukaqiqan"
"486229","kattha",,"macaet"
"486230","katti",,"ukaqea"
"486231","kattich",,"mucurin"
"486232","kattie",,"ikuqee"
"486233","kattis",,"ukaqie"
"486234","kattowitz",,"akeqiki"
"486235","kattowitzs",,"akeqikat"
"486236","katty",,"ekoqui"
"486237","kattywampus",,"micilisae"
"486238","kattywar",,"macalai"
"486239","katua",,"mucan"
"486240","katuali",,"ikuwiot"
"486241","katuf",,"akewua"
"486242","katufs",,"akewae"
"486243","katuic",,"micua"
"486244","katuka",,"micuaa"
"486245","katukina",,"ekowasot"
"486246","katukinan",,"micutuun"
"486247","katukinas",,"ekowaso"
"486248","katumbacan",,"mecozeet"
"486249","katun",,"ekowia"
"486250","katunayake",,"ikuwaren"
"486251","katunga",,"ikuwaot"
"486252","katurai",,"akeweo"
"486253","katuriki",,"ikuwuset"
"486254","katus",,"micuqa"
"486255","katusa",,"mucaat"
"486256","katuscha",,"akewoten"
"486257","katusha",,"akewoo"
"486258","katushka",,"ukawere"
"486259","katuson",,"ikuwaota"
"486260","katutungan",,"ukawoda"
"486261","katwa",,"micen"
"486262","katwijk",,"ekodiin"
"486263","katy",,"mecea"
"486264","katya",,"mocon"
"486265","katyayana",,"ukakumat"
"486266","katycat",,"okikuo"
"486267","katydid",,"macatet"
"486268","katydids",,"macatei"
"486269","katyn",,"ukakea"
"486270","katys",,"meceq"
"486271","katyusha",,"okikewi"
"486272","katyushas",,"okikewat"
"486273","katywampus",,"ukakarin"
"486274","katz",,"ekoli"
"486275","katzbalger",,"mecoraon"
"486276","katzen",,"mocion"
"486277","katzenberg",,"micuvuan"
"486278","katzenjammer",,"micuvuvuin"
"486279","katzenjammers",,"micuvuvua"
"486280","katzenklavier",,"ukalifafon"
"486281","katzer",,"maceo"
"486282","katzian",,"mucaru"
"486283","katzie",,"akelin"
"486284","katzimo",,"ekoliu"
"486285","katzir",,"mecoin"
"486286","katzman",,"mocizat"
"486287","katzmann",,"akeleret"
"486288","katzmarek",,"micuzoi"
"486289","katzs",,"ekolia"
"486290","kaua",,"akomta"
"486291","kauai",,"akomoi"
"486292","kauaian",,"miqaren"
"486293","kauaies",,"ukemeie"
"486294","kauais",,"akomoto"
"486295","kauch",,"muqin"
"486296","kauchs",,"muqiun"
"486297","kauderda",,"miqiviaa"
"486298","kaue",,"ikatte"
"486299","kauer",,"miquc"
"486300","kaufer",,"akokota"
"486301","kauffman",,"miquliat"
"486302","kauffmanii",,"miqulia"
"486303","kauffmann",,"ekikapet"
"486304","kaufhold",,"ekikoha"
"486305","kaufman",,"okukii"
"486306","kaufmanesque",,"akokerufu"
"486307","kaufmann",,"muqazio"
"486308","kaufmans",,"okukirat"
"486309","kaugh",,"maqon"
"486310","kaughlin",,"meqinaan"
"486311","kaughs",,"maqoi"
"486312","kauhajoki",,"ekimetet"
"486313","kauhava",,"akomaaa"
"486314","kauk",,"ikasno"
"486315","kaukas",,"ukesone"
"486316","kaukauna",,"meqonuo"
"486317","kaukaunas",,"meqonuet"
"486318","kauki",,"ikasat"
"486319","kauklahti",,"moqiveo"
"486320","kaul",,"moqu"
"486321","kaulback",,"ikaturot"
"486322","kaulbacks",,"ikaturo"
"486323","kaule",,"meqive"
"486324","kauluamine",,"okuteru"
"486325","kaumagraph",,"moqaneen"
"486326","kaumakani",,"maqiniu"
"486327","kaumakanis",,"maqiniot"
"486328","kaumatua",,"moqanuun"
"486329","kaumatuas",,"moqanuu"
"486330","kaumographer",,"ikavenetu"
"486331","kaumpurnah",,"okuvedin"
"486332","kaumudi",,"maqibi"
"486333","kaunakakai",,"moqenao"
"486334","kaunakakais",,"moqenasoet"
"486335","kaunas",,"moqei"
"486336","kaunases",,"meqanoa"
"486337","kaunass",,"moqenat"
"486338","kaunasses",,"meqanoen"
"486339","kaunda",,"okuza"
"486340","kaundas",,"okuzaen"
"486341","kaunlaran",,"akozari"
"486342","kaunos",,"miqoo"
"486343","kaup",,"maqe"
"486344","kaupapa",,"ukefui"
"486345","kaupapas",,"ukefujat"
"486346","kaupina",,"ukefeat"
"486347","kaupinam",,"okufufat"
"486348","kauppi",,"okufet"
"486349","kaur",,"muqo"
"486350","kaura",,"maqin"
"486351","kauralexin",,"ikajizon"
"486352","kaurane",,"okujoen"
"486353","kauranoid",,"muqonao"
"486354","kaurava",,"akojaot"
"486355","kauravas",,"akojago"
"486356","kauravass",,"akojaget"
"486357","kauravi",,"ukejuan"
"486358","kauren",,"ekijan"
"486359","kaurence",,"akojufa"
"486360","kaurene",,"akojuot"
"486361","kaurenoic",,"ikajofen"
"486362","kaurenoid",,"moqaviin"
"486363","kaurent",,"maqivon"
"486364","kaurenti",,"maqiveat"
"486365","kauri",,"muqor"
"486366","kaurie",,"miqea"
"486367","kauries",,"miqeren"
"486368","kaurigum",,"moqareot"
"486369","kaurigums",,"moqareo"
"486370","kauris",,"muqoe"
"486371","kaurna",,"ikajei"
"486372","kauru",,"miqeb"
"486373","kaury",,"mequl"
"486374","kaurys",,"mequu"
"486375","kaus",,"ukecra"
"486376","kausalya",,"meqanaaa"
"486377","kausanne",,"ukecufat"
"486378","kausar",,"maquen"
"486379","kaushal",,"ukecaat"
"486380","kaushalya",,"okucirat"
"486381","kaushambi",,"ukecarin"
"486382","kaushik",,"miqoni"
"486383","kausia",,"akocota"
"486384","kauslick",,"meqavoet"
"486385","kaustubh",,"miqoweon"
"486386","kauswagan",,"moqegein"
"486387","kautaha",,"ekiqeun"
"486388","kauth",,"ukeqaa"
"486389","kautihulhadhoo",,"okuqurifun"
"486390","kautokeino",,"ikaqevan"
"486391","kautsky",,"muququ"
"486392","kautskyan",,"ikaqaven"
"486393","kautskyist",,"ukeqeva"
"486394","kautskyite",,"ikaqavon"
"486395","kautskys",,"muquqoot"
"486396","kautz",,"akoqua"
"486397","kautzman",,"meqemeo"
"486398","kauzlarich",,"ekileren"
"486399","kava",,"muwe"
"486400","kavacha",,"ekumiat"
"486401","kavadarci",,"mawotuan"
"486402","kavadi",,"ukometa"
"486403","kavaic",,"muweat"
"486404","kavaics",,"muwere"
"486405","kavain",,"okamena"
"486406","kavakava",,"ukomirana"
"486407","kavakavas",,"ukomirun"
"486408","kaval",,"ikemii"
"486409","kavala",,"ukomete"
"486410","kavalactone",,"okamorege"
"486411","kavalan",,"mewivot"
"486412","kavaler",,"mowuvan"
"486413","kavalla",,"mowuvat"
"486414","kavallas",,"mowuvee"
"486415","kavallerie",,"akimazana"
"486416","kavana",,"ikemuna"
"486417","kavanagh",,"muwepia"
"486418","kavanah",,"miwapen"
"486419","kavanaugh",,"miwapoat"
"486420","kavangoland",,"mewipajoun"
"486421","kavaphis",,"mewiheet"
"486422","kavaphiss",,"mewihei"
"486423","kavapyrone",,"okamemun"
"486424","kavaratti",,"akimeron"
"486425","kavarskas",,"akimewon"
"486426","kavas",,"muweq"
"486427","kavass",,"muweata"
"486428","kavasses",,"miwaquen"
"486429","kavclla",,"mewavot"
"486430","kavcllas",,"mewavao"
"486431","kaveggia",,"mawemuun"
"486432","kaveh",,"iketuto"
"486433","kaveney",,"ekutian"
"486434","kavenna",,"miwupo"
"486435","kaver",,"iketutu"
"486436","kaveri",,"iketeni"
"486437","kaverin",,"maweci"
"486438","kavers",,"iketunt"
"486439","kaverzne",,"ekutonun"
"486440","kavi",,"miwo"
"486441","kaviar",,"akinota"
"486442","kavid",,"ikenen"
"486443","kavieng",,"ekunau"
"486444","kavika",,"miwoo"
"486445","kavin",,"ekunis"
"486446","kavinrondo",,"mowepoen"
"486447","kavir",,"ukonas"
"486448","kavirondo",,"akinehan"
"486449","kavis",,"miwoq"
"486450","kavita",,"ukonona"
"486451","kavithai",,"muwiwuo"
"486452","kavla",,"iketis"
"486453","kavlas",,"iketeno"
"486454","kavner",,"mawuen"
"486455","kavoisie",,"muwuraa"
"486456","kavonnov",,"ekupifot"
"486457","kavorka",,"ekupoe"
"486458","kavurma",,"okawiet"
"486459","kavvahuttaa",,"miwanigoun"
"486460","kavvanah",,"okabofi"
"486461","kavya",,"mewen"
"486462","kavyas",,"mewee"
"486463","kavz",,"akiln"
"486464","kawa",,"ukimta"
"486465","kawabata",,"ekamorat"
"486466","kawabatas",,"ekamore"
"486467","kawabe",,"mibau"
"486468","kawabonga",,"ekamohot"
"486469","kawachi",,"mubesu"
"486470","kawachibuna",,"mobusotuo"
"486471","kawachiensis",,"ekamirafan"
"486472","kawagoe",,"ekameun"
"486473","kawaguchi",,"mubemoen"
"486474","kawaguchipeptin",,"mibamevaat"
"486475","kawaguchis",,"mubemoon"
"486476","kawahara",,"okemiron"
"486477","kawahiva",,"ukimasun"
"486478","kawai",,"ukimena"
"486479","kawaida",,"muberun"
"486480","kawaii",,"ukimine"
"486481","kawaiily",,"muberaa"
"486482","kawaiiness",,"maborein"
"486483","kawaiisu",,"ikomaso"
"486484","kawain",,"mebiin"
"486485","kawak",,"ikomoo"
"486486","kawaka",,"ukimeta"
"486487","kawakae",,"ikomoea"
"486488","kawakami",,"okemerana"
"486489","kawakas",,"ukimiie"
"486490","kawakawa",,"ikomorin"
"486491","kawakawas",,"ikomora"
"486492","kawakaze",,"mubetie"
"486493","kawal",,"mobuv"
"486494","kawala",,"mibaot"
"486495","kawali",,"mobuan"
"486496","kawalls",,"ekameee"
"486497","kawamata",,"mibazoen"
"486498","kawamoto",,"mabozoat"
"486499","kawamura",,"mobuzaun"
"486500","kawanatanga",,"mobupedio"
"486501","kawanatangas",,"mobupediet"
"486502","kawang",,"mobuana"
"486503","kawanishi",,"okemusu"
"486504","kawano",,"mibaa"
"486505","kawanuma",,"mubepoin"
"486506","kawar",,"mubec"
"486507","kawarau",,"mubecun"
"486508","kawarimi",,"mobuciin"
"486509","kawarren",,"mebicea"
"486510","kawartha",,"mabocoan"
"486511","kawas",,"ukimene"
"486512","kawasaki",,"ukimerun"
"486513","kawasakis",,"ukimerua"
"486514","kawashima",,"mibaqiat"
"486515","kawatiri",,"ukimose"
"486516","kawau",,"ikomou"
"486517","kawauchi",,"mibabuon"
"486518","kawayan",,"mubelun"
"486519","kawayanan",,"ikomeraa"
"486520","kawayanon",,"ukimore"
"486521","kawaye",,"akumeu"
"486522","kawazugake",,"mubemoo"
"486523","kawazulite",,"mebimuon"
"486524","kawchodinne",,"ukirahuvo"
"486525","kawchodinnes",,"ukirahuvet"
"486526","kawchottine",,"ekarohegon"
"486527","kaweah",,"mibuot"
"486528","kaweahs",,"mibuno"
"486529","kawecki",,"ekatiune"
"486530","kawed",,"mebot"
"486531","kawei",,"oketus"
"486532","kawelu",,"mubaat"
"486533","kawerau",,"mobici"
"486534","kawesqaran",,"ikotacen"
"486535","kawhi",,"miber"
"486536","kawi",,"ikonni"
"486537","kawich",,"miboo"
"486538","kawika",,"ikonut"
"486539","kawillia",,"ekaneza"
"486540","kawing",,"mebaa"
"486541","kawit",,"mobew"
"486542","kawka",,"ikosi"
"486543","kawkawlin",,"okesoke"
"486544","kawkawlins",,"okesokin"
"486545","kawkazskij",,"ikosinan"
"486546","kawki",,"okesue"
"486547","kawm",,"ekavt"
"486548","kawn",,"mabu"
"486549","kawonsn",,"akupoen"
"486550","kawrence",,"ukijifi"
"486551","kaws",,"ikocta"
"486552","kawson",,"mobean"
"486553","kawthoolei",,"mubunei"
"486554","kawwana",,"mabinet"
"486555","kaxgar",,"akalota"
"486556","kaxkar",,"ikisena"
"486557","kay",,"okit"
"486558","kaya",,"ikumno"
"486559","kayack",,"okimano"
"486560","kayadanda",,"megitaot"
"486561","kayagum",,"ekomeee"
"486562","kayah",,"migan"
"486563","kayak",,"okimeo"
"486564","kayakable",,"ekomaru"
"486565","kayakalpa",,"ukamirea"
"486566","kayaked",,"magoten"
"486567","kayaker",,"megitin"
"486568","kayakers",,"megitua"
"486569","kayaking",,"magotee"
"486570","kayakings",,"magotein"
"486571","kayakist",,"megitoen"
"486572","kayaks",,"okimona"
"486573","kayaktivism",,"ikumobolun"
"486574","kayaktivist",,"mugetetaan"
"486575","kayakujutsu",,"ikumodikan"
"486576","kayal",,"megiv"
"486577","kayala",,"moguona"
"486578","kayalpatnam",,"akemajogun"
"486579","kayalpattanam",,"magovisuen"
"486580","kayalpattinam",,"mugevosie"
"486581","kayamb",,"megie"
"486582","kayamba",,"moguzi"
"486583","kayan",,"magop"
"486584","kayang",,"megiina"
"486585","kayans",,"magoena"
"486586","kayapo",,"megiu"
"486587","kayardild",,"ekomovin"
"486588","kayasth",,"ikumaine"
"486589","kayastha",,"ukamebata"
"486590","kayasthas",,"ukamebe"
"486591","kayasthi",,"ikumabo"
"486592","kayasths",,"ikumaba"
"486593","kayathi",,"ikumeot"
"486594","kayaudi",,"megibin"
"486595","kayayei",,"ukamoona"
"486596","kaybeck",,"magiven"
"486597","kaybecker",,"akenuto"
"486598","kaybeckers",,"akenutet"
"486599","kaycee",,"akerun"
"486600","kaycie",,"ekorii"
"486601","kayde",,"magavi"
"486602","kayden",,"ikusat"
"486603","kaydence",,"okisefo"
"486604","kaye",,"ekotta"
"486605","kayeli",,"mugaun"
"486606","kayena",,"mugaan"
"486607","kayenpaibam",,"magepisiin"
"486608","kayenta",,"ukateon"
"486609","kayentas",,"ukateban"
"486610","kayes",,"ekotina"
"486611","kayexalate",,"mogikee"
"486612","kayf",,"migun"
"486613","kayfabe",,"ukakuon"
"486614","kayfabed",,"migunio"
"486615","kayfabes",,"ukakusan"
"486616","kayfabing",,"miguniun"
"486617","kayibanda",,"megarao"
"486618","kayibandas",,"megaraeta"
"486619","kayik",,"ekona"
"486620","kayin",,"mugip"
"486621","kaying",,"magui"
"486622","kayko",,"ikuset"
"486623","kayla",,"megin"
"486624","kaylas",,"megiua"
"486625","kaylaway",,"mogunoat"
"486626","kayle",,"mugeva"
"486627","kaylea",,"magooa"
"486628","kaylee",,"migain"
"486629","kayleen",,"ekotaat"
"486630","kayleigh",,"ekotasa"
"486631","kaylen",,"okitos"
"486632","kaylene",,"ekotaata"
"486633","kayles",,"mugeata"
"486634","kayley",,"megiea"
"486635","kaylie",,"mugeun"
"486636","kaylied",,"ukateia"
"486637","kaylil",,"ukatana"
"486638","kaylin",,"ikutinn"
"486639","kaylinn",,"magorat"
"486640","kaylite",,"ukatean"
"486641","kayll",,"ukatui"
"486642","kaylor",,"ikutute"
"486643","kaylors",,"ikuteote"
"486644","kaylyn",,"aketoto"
"486645","kaylynn",,"mogulun"
"486646","kaymak",,"akevot"
"486647","kaymakam",,"ukavuvun"
"486648","kayne",,"migova"
"486649","kayo",,"ukapna"
"486650","kayoed",,"mogoeta"
"486651","kayoeing",,"megevoet"
"486652","kayoes",,"ikupuna"
"486653","kayoing",,"mogoru"
"486654","kayoings",,"mogoriot"
"486655","kayoko",,"akepaa"
"486656","kayos",,"ukapeo"
"486657","kaypoh",,"ekofune"
"486658","kaypohed",,"mugafuin"
"486659","kaypohing",,"mugafui"
"486660","kaypohs",,"ekofuu"
"486661","kayrilaw",,"akejozet"
"486662","kays",,"okicra"
"486663","kaysen",,"migoot"
"486664","kayser",,"megae"
"486665","kayseri",,"megavot"
"486666","kaysil",,"maguon"
"486667","kaysite",,"maguron"
"486668","kayson",,"megain"
"486669","kaysville",,"megadoon"
"486670","kaysvilles",,"megadoan"
"486671","kaytetye",,"ekoqabat"
"486672","kayton",,"ekoqate"
"486673","kayu",,"ekows"
"486674","kayuga",,"ikuwea"
"486675","kayumanggi",,"mugazian"
"486676","kayunga",,"magepi"
"486677","kayuvava",,"akewara"
"486678","kayvan",,"ukabeta"
"486679","kayward",,"ekodean"
"486680","kaza",,"mokue"
"486681","kazaam",,"mekiea"
"486682","kazabaika",,"ukemarun"
"486683","kazacharthran",,"mikasisaa"
"486684","kazachki",,"okumurana"
"486685","kazachoc",,"akomoro"
"486686","kazachok",,"ukemeruna"
"486687","kazachoks",,"ukemeru"
"486688","kazaco",,"mukean"
"486689","kazafi",,"ukemin"
"486690","kazak",,"mekit"
"486691","kazakh",,"okumenu"
"486692","kazakhgate",,"mokutoa"
"486693","kazakhification",,"mikatitie"
"486694","kazakhified",,"okumerera"
"486695","kazakhifies",,"mokutotoi"
"486696","kazakhify",,"makotain"
"486697","kazakhifying",,"ukemirirun"
"486698","kazakhism",,"akomurata"
"486699","kazakhization",,"mikatitiet"
"486700","kazakhize",,"mokutoin"
"486701","kazakhized",,"okumerun"
"486702","kazakhizes",,"mokutoaa"
"486703","kazakhizing",,"okumeresen"
"486704","kazakhness",,"mikatiun"
"486705","kazakhs",,"okumeon"
"486706","kazakhst",,"mekiteen"
"486707","kazakhstan",,"akomurate"
"486708","kazakhstani",,"akomurugu"
"486709","kazakhstanite",,"mikatiboo"
"486710","kazakhstans",,"akomuruge"
"486711","kazakovite",,"makotou"
"486712","kazaks",,"mekiu"
"486713","kazakstan",,"muketaa"
"486714","kazakstani",,"muketaet"
"486715","kazakstans",,"muketaen"
"486716","kazam",,"makoz"
"486717","kazan",,"akomou"
"486718","kazanian",,"mikapuon"
"486719","kazanjian",,"ikamatet"
"486720","kazanka",,"akomoaa"
"486721","kazanl",,"mikaaa"
"486722","kazanlik",,"mokupein"
"486723","kazanliks",,"mokupea"
"486724","kazanluk",,"mekipaena"
"486725","kazans",,"akomin"
"486726","kazanskyite",,"mukepazion"
"486727","kazantzakis",,"ekimibotet"
"486728","kazantzakiss",,"ekimiboti"
"486729","kazarian",,"mekicoo"
"486730","kazarus",,"okumien"
"486731","kazasker",,"ekimive"
"486732","kazatske",,"akomiwo"
"486733","kazatskes",,"akomiwet"
"486734","kazatski",,"ekimuwina"
"486735","kazatskies",,"akomiwan"
"486736","kazatsky",,"ikamewot"
"486737","kazatskys",,"ikamewo"
"486738","kazatzka",,"mikaween"
"486739","kazatzkas",,"mikaweon"
"486740","kazavchyn",,"ekimetin"
"486741","kazbegi",,"okuneet"
"486742","kazbek",,"akonue"
"486743","kazdag",,"ikasuna"
"486744","kazdagi",,"ikasiin"
"486745","kazdags",,"ikasiua"
"486746","kazee",,"mukava"
"486747","kazembe",,"ikatuun"
"486748","kazemi",,"mikuaa"
"486749","kazerun",,"mokican"
"486750","kazhdan",,"akomiaa"
"486751","kazhi",,"okumut"
"486752","kazi",,"mekaa"
"486753","kazillion",,"ikanizan"
"486754","kazillionaire",,"mikovotoon"
"486755","kazillions",,"ikanizun"
"486756","kazillionth",,"ikanizocin"
"486757","kazim",,"mukiz"
"486758","kazimas",,"makuzi"
"486759","kazimierz",,"makuzee"
"486760","kazimir",,"akoneeta"
"486761","kazincbarcika",,"ekinitutan"
"486762","kazincbarcikas",,"ekinitutun"
"486763","kazipet",,"mekahot"
"486764","kazis",,"mekaq"
"486765","kazislav",,"mukiqiot"
"486766","kazl",,"akots"
"486767","kazlauskas",,"akotadan"
"486768","kazmaier",,"akovasen"
"486769","kazman",,"ikavei"
"486770","kazmarek",,"ukevuqat"
"486771","kazmi",,"mukora"
"486772","kazmierczak",,"makiriwiin"
"486773","kazmierski",,"ikavazan"
"486774","kazmirci",,"akovoqon"
"486775","kaznakov",,"mukinoota"
"486776","kazo",,"mikii"
"486777","kazonga",,"ikapaot"
"486778","kazoo",,"makaf"
"486779","kazooed",,"ukepoon"
"486780","kazooer",,"akopia"
"486781","kazooing",,"ukeposina"
"486782","kazooist",,"akopison"
"486783","kazoolike",,"okupaze"
"486784","kazoom",,"mikio"
"486785","kazoos",,"makaet"
"486786","kazowie",,"makagon"
"486787","kazue",,"mukave"
"486788","kazuhiko",,"okuwisun"
"486789","kazuhiro",,"mikunuan"
"486790","kazuhisa",,"okuwisan"
"486791","kazuki",,"mukae"
"486792","kazuko",,"mekoine"
"486793","kazukuru",,"ikawoda"
"486794","kazumasa",,"makezui"
"486795","kazumi",,"mikuoa"
"486796","kazunori",,"makepoun"
"486797","kazuo",,"mokif"
"486798","kazuomi",,"makefan"
"486799","kazutaka",,"ekiwure"
"486800","kazuto",,"okuwo"
"486801","kazuyoshi",,"akowihan"
"486802","kazv",,"akobe"
"486803","kazvin",,"mokuan"
"486804","kazy",,"mikiu"
"486805","kazym",,"mekez"
"486806","kazzafi",,"makeni"
"486807","kbar",,"eluji"
"486808","kbars",,"elujia"
"486809","kbassr",,"elucan"
"486810","kbaud",,"ulowoa"
"486811","kbbq",,"elah"
"486812","kbes",,"musot"
"486813","kbhvn",,"elabi"
"486814","kbicker",,"iliroin"
"486815","kbit",,"uluqi"
"486816","kbity",,"elequa"
"486817","kbknopf",,"elizuot"
"486818","kbox",,"ulaga"
"486819","kbps",,"elicu"
"486820","kbrodway",,"mihotoat"
"486821","kbsa",,"mejo"
"486822","kbtg",,"aleli"
"486823","kbts",,"ulacn"
"486824","kbtu",,"iluwe"
"486825","kbuttner",,"maquwain"
"486826","kbyte",,"alequ"
"486827","kbytes",,"alequa"
"486828","kcaa",,"emumu"
"486829","kcaef",,"molel"
"486830","kcahkcaj",,"amimutet"
"486831","kcaj",,"melue"
"486832","kcal",,"malae"
"486833","kcalbah",,"moloron"
"486834","kcalorie",,"amitiqet"
"486835","kcarlson",,"malevui"
"486836","kcas",,"amict"
"486837","kcat",,"melui"
"486838","kcbc",,"memina"
"486839","kcbicker",,"imonavot"
"486840","kccohen",,"imipuin"
"486841","kcct",,"manin"
"486842","kcebea",,"maseea"
"486843","kceblh",,"musaie"
"486844","kcebp",,"amonu"
"486845","kcebsd",,"imanan"
"486846","kcepac",,"moseaa"
"486847","kcerhs",,"umejon"
"486848","kcetarap",,"miseneot"
"486849","kchs",,"melii"
"486850","kcia",,"amamna"
"486851","kcid",,"mamie"
"486852","kcie",,"imiti"
"486853","kcils",,"mumuqa"
"486854","kcilvagb",,"mamadoi"
"486855","kcim",,"omovi"
"486856","kcir",,"memoa"
"486857","kcirne",,"emejat"
"486858","kcirtapt",,"emejurin"
"486859","kcis",,"umucno"
"486860","kcits",,"mamiq"
"486861","kciuqlg",,"mamuji"
"486862","kciwasja",,"mamenuon"
"486863","kciwduts",,"amadiden"
"486864","kciwjm",,"memoue"
"486865","kciws",,"omodu"
"486866","kcks",,"imacni"
"486867","kclin",,"aminoa"
"486868","kclj",,"omar"
"486869","kcmg",,"imol"
"486870","kcmil",,"motuva"
"486871","kcmo",,"umipa"
"486872","kcna",,"muvua"
"486873","kcnq",,"muvui"
"486874","kcoic",,"emoni"
"486875","kcoldoow",,"emotuhin"
"486876","kcolon",,"umatana"
"486877","kcolraw",,"umataan"
"486878","kconk",,"muzet"
"486879","kcops",,"muziqa"
"486880","kcoramaj",,"emojepin"
"486881","kcorb",,"omiji"
"486882","kcotscod",,"omiquton"
"486883","kcotsmij",,"imuqapeta"
"486884","kcpoulin",,"mupobeot"
"486885","kcrc",,"mehie"
"486886","kcsa",,"amamne"
"486887","kcse",,"imitn"
"486888","kcsg",,"amali"
"486889","kcsi",,"umuno"
"486890","kcsie",,"imino"
"486891","kcsj",,"majia"
"486892","kcsrdgz",,"mijutot"
"486893","kcss",,"umucnu"
"486894","kctv",,"omib"
"486895","kcub",,"maqea"
"486896","kcuf",,"meqa"
"486897","kcul",,"miqi"
"486898","kcup",,"meqaa"
"486899","kcvo",,"mewu"
"486900","kdalton",,"onataon"
"486901","kdan",,"onazo"
"486902","kdar",,"aniji"
"486903","kdars",,"anijo"
"486904","kdci",,"menon"
"486905","kdeberly",,"inanoqu"
"486906","kdebiss",,"inanau"
"486907","kdel",,"enitn"
"486908","kdenlive",,"enizesu"
"486909","kdhoyte",,"mulelot"
"486910","kdhurst",,"inowuot"
"486911","kdigo",,"mumif"
"486912","kdleiter",,"anitoben"
"486913","kdna",,"onoms"
"486914","kdnp",,"mavi"
"486915","kdpi",,"anona"
"486916","kdpotter",,"mipawoan"
"486917","kdpp",,"mupo"
"486918","kdrama",,"unimet"
"486919","kdrszg",,"muhain"
"486920","kdss",,"mejoa"
"486921","kdstg",,"unuqua"
"486922","kdub",,"inane"
"486923","kdvonell",,"mawopau"
"486924","kdvs",,"onacu"
"486925","keaau",,"uromie"
"486926","keaaus",,"uromene"
"486927","keach",,"milinn"
"486928","keacorn",,"uroroi"
"486929","keadby",,"eruseta"
"486930","keady",,"mulala"
"486931","keagan",,"molaa"
"486932","keagle",,"meluia"
"486933","keagon",,"mileee"
"486934","keagy",,"orala"
"486935","keahey",,"mulio"
"486936","keak",,"iresno"
"486937","keakebked",,"arisuso"
"486938","keaked",,"maloun"
"486939","keaki",,"iresao"
"486940","keaking",,"maloren"
"486941","keaks",,"iresau"
"486942","keala",,"molana"
"486943","kealakekua",,"mulonie"
"486944","kealakekuas",,"mulonipain"
"486945","kealba",,"uroten"
"486946","kealey",,"molain"
"486947","kealia",,"molaaa"
"486948","kealias",,"molaren"
"486949","keall",,"erutet"
"486950","keally",,"iretene"
"486951","kealy",,"milel"
"486952","keam",,"oravt"
"486953","keams",,"oravua"
"486954","kean",,"malai"
"486955","keander",,"muluten"
"486956","keane",,"muluv"
"486957","keaney",,"meleeta"
"486958","keang",,"melem"
"486959","keangsoo",,"malamoet"
"486960","keannaissance",,"melepetaon"
"486961","keano",,"molofa"
"486962","keans",,"malaq"
"486963","keansburg",,"meleqoin"
"486964","keansburgs",,"meleqoa"
"486965","keanu",,"mulub"
"486966","keap",,"mulen"
"486967","kear",,"milon"
"486968","keara",,"muline"
"486969","keare",,"moleva"
"486970","kearley",,"urojuon"
"486971","kearn",,"orajua"
"486972","kearney",,"irejaea"
"486973","kearneysville",,"melapanai"
"486974","kearneysvilles",,"melapanaat"
"486975","kearns",,"orajoi"
"486976","kearnss",,"orajuet"
"486977","kearny",,"urojeta"
"486978","kearnys",,"urojeia"
"486979","kearsage",,"muliqui"
"486980","kearsarge",,"erujirin"
"486981","kearsarges",,"erujira"
"486982","kearse",,"molein"
"486983","kearsley",,"urojezan"
"486984","kearsney",,"irejafin"
"486985","keartin",,"maluwa"
"486986","keary",,"malul"
"486987","keas",,"urocti"
"486988","keasar",,"muluo"
"486989","keasars",,"mulunet"
"486990","keasberry",,"malarua"
"486991","keasbey",,"muluro"
"486992","keasbeys",,"muluriet"
"486993","keasler",,"oracoen"
"486994","keasling",,"erucesa"
"486995","keast",,"molow"
"486996","keat",,"molit"
"486997","keatchie",,"ireqarota"
"486998","keatchies",,"ireqaro"
"486999","keathley",,"molinoet"
"487000","keating",,"oraquia"
"487001","keatite",,"oraquen"
"487002","keatley",,"ireqie"
"487003","keaton",,"ireqei"
"487004","keatonesque",,"eruqufodo"
"487005","keatonian",,"malefoon"
"487006","keatons",,"ireqein"
"487007","keator",,"eruqan"
"487008","keats",,"moliqe"
"487009","keatsian",,"oraqusi"
"487010","keatss",,"moliot"
"487011","keaveney",,"aribufota"
"487012","keavenwo",,"urobifan"
"487013","keaveny",,"erubaan"
"487014","keavie",,"malie"
"487015","keavies",,"malirin"
"487016","keavy",,"milela"
"487017","keawe",,"eruda"
"487018","keay",,"eruk"
"487019","keays",,"eruki"
"487020","kebab",,"arumee"
"487021","kebabbed",,"urimasen"
"487022","kebabbing",,"urimasea"
"487023","kebabche",,"mimeraun"
"487024","kebablike",,"mamiraen"
"487025","kebabs",,"arumei"
"487026","kebabz",,"mamiat"
"487027","kebanese",,"arumozot"
"487028","kebangsaan",,"memupeot"
"487029","kebanon",,"mamipot"
"487030","kebap",,"eramao"
"487031","kebar",,"arumeo"
"487032","kebars",,"arumus"
"487033","kebaya",,"memuen"
"487034","kebayah",,"iromeea"
"487035","kebbed",,"memaoa"
"487036","kebbeh",,"momein"
"487037","kebbi",,"urines"
"487038","kebbie",,"ironata"
"487039","kebbies",,"ironaea"
"487040","kebbing",,"memaruna"
"487041","kebble",,"mamuuna"
"487042","kebbock",,"aruniota"
"487043","kebbocks",,"arunito"
"487044","kebbuck",,"oreneoe"
"487045","kebbucks",,"orenetet"
"487046","kebby",,"eranua"
"487047","kebebe",,"oretuu"
"487048","kebec",,"memisa"
"487049","kebecois",,"mimaseu"
"487050","kebede",,"eraten"
"487051","kebekus",,"mumetet"
"487052","kebelakan",,"mimaviot"
"487053","kebelakang",,"mumevuu"
"487054","kebele",,"aruteo"
"487055","kebeles",,"arutain"
"487056","kebelle",,"momuva"
"487057","keberit",,"memican"
"487058","kebero",,"arutua"
"487059","kebesgue",,"mamoqaot"
"487060","kebili",,"oreneta"
"487061","kebir",,"urina"
"487062","keblah",,"momaa"
"487063","keblahs",,"momanen"
"487064","keblakang",,"maminuon"
"487065","keble",,"eratae"
"487066","kebles",,"eratio"
"487067","kebnekaise",,"urizivu"
"487068","kebob",,"erapo"
"487069","kebobbed",,"arupesin"
"487070","kebobbing",,"arupesi"
"487071","kebobs",,"erapit"
"487072","kebosxd",,"memoqi"
"487073","kebra",,"arujae"
"487074","kebs",,"momou"
"487075","kebu",,"memine"
"487076","kebulan",,"mimave"
"487077","kebuzone",,"memimuat"
"487078","kebyar",,"orekot"
"487079","kecak",,"irimoe"
"487080","kecamatan",,"eremoru"
"487081","kecap",,"munoh"
"487082","kecapi",,"munoena"
"487083","kechap",,"eremann"
"487084","kechel",,"eremant"
"487085","kechi",,"moner"
"487086","kechienjian",,"irimazozun"
"487087","kechis",,"moneo"
"487088","kechror",,"manuca"
"487089","kechua",,"moneot"
"487090","kechuan",,"eremaun"
"487091","kechuans",,"eremaru"
"487092","kechuas",,"monebo"
"487093","kechumaran",,"munibau"
"487094","kechumarans",,"munibasoot"
"487095","kecia",,"urunui"
"487096","kecil",,"manav"
"487097","keck",,"orosnu"
"487098","kecked",,"munea"
"487099","keckhanded",,"urusare"
"487100","kecking",,"munerat"
"487101","keckish",,"menirea"
"487102","keckite",,"muneron"
"487103","keckle",,"minaat"
"487104","keckled",,"urusuon"
"487105","keckler",,"arasaa"
"487106","keckles",,"minave"
"487107","keckling",,"urususin"
"487108","kecklings",,"urususa"
"487109","kecklish",,"eresesa"
"487110","kecks",,"orosui"
"487111","keckses",,"eresiat"
"487112","kecksies",,"eresisu"
"487113","kecksy",,"urusete"
"487114","kecksys",,"urusei"
"487115","keckwick",,"urusasun"
"487116","kecky",,"urusoa"
"487117","kecskem",,"urucii"
"487118","kecskemat",,"minitoot"
"487119","kecskemats",,"minitoo"
"487120","kecskemet",,"menetae"
"487121","kecskemeti",,"menetaot"
"487122","kecskemets",,"menetaina"
"487123","kecskems",,"urucizat"
"487124","kedah",,"urama"
"487125","kedahan",,"merunan"
"487126","kedang",,"orimoa"
"487127","kedani",,"eromana"
"487128","kedar",,"uramaa"
"487129","kedarcidin",,"eromotaa"
"487130","kedarite",,"meruciat"
"487131","kedarites",,"merucie"
"487132","kedars",,"uramen"
"487133","kedaung",,"eromaun"
"487134","kedavra",,"moradot"
"487135","kedavrad",,"irumiqe"
"487136","kedavraed",,"orimoqen"
"487137","kedavras",,"moradio"
"487138","keddah",,"moriin"
"487139","keddahs",,"morina"
"487140","keddie",,"eroson"
"487141","keddies",,"erosian"
"487142","keddle",,"mirui"
"487143","keddy",,"urason"
"487144","kedemah",,"erotoata"
"487145","kedemoth",,"marozio"
"487146","kedesh",,"oritane"
"487147","kedeshna",,"mureqai"
"487148","kedevaahera",,"irutirato"
"487149","kedgaree",,"iruliqu"
"487150","kedge",,"meruve"
"487151","kedged",,"orilot"
"487152","kedger",,"irulun"
"487153","kedgeree",,"erolaqat"
"487154","kedgerees",,"erolaqe"
"487155","kedgers",,"irulou"
"487156","kedges",,"meruona"
"487157","kedgier",,"irulain"
"487158","kedgiest",,"oriluzi"
"487159","kedging",,"oriluan"
"487160","kedgy",,"murol"
"487161","kedhigandu",,"erominen"
"487162","kedhivaru",,"orimugat"
"487163","keding",,"eronuno"
"487164","kediri",,"irunue"
"487165","kediris",,"irunuot"
"487166","kedjave",,"muranen"
"487167","kedjeree",,"miruvuun"
"487168","kedleston",,"uratiwe"
"487169","kedlock",,"oritaete"
"487170","kedo",,"mirue"
"487171","kedocratic",,"murasaun"
"487172","kedogenic",,"oripozat"
"487173","kedogenous",,"irupizon"
"487174","kedophysic",,"morihiun"
"487175","kedophysis",,"morihie"
"487176","kedoshim",,"iruparen"
"487177","kedotherapy",,"moriwipaun"
"487178","kedr",,"iruju"
"487179","kedron",,"meraie"
"487180","keds",,"meren"
"487181","kedusha",,"iruwau"
"487182","kedushah",,"moruqion"
"487183","kedushahs",,"moruqian"
"487184","kedushoth",,"urawerina"
"487185","kedushoths",,"urawera"
"487186","kedushshah",,"uraweraa"
"487187","kedushshahs",,"uraweriten"
"487188","kedvenc",,"meruvon"
"487189","kedzie",,"irulat"
"487190","kedzierski",,"meriraa"
"487191","keeb",,"mesana"
"487192","keeble",,"aronea"
"487193","keebler",,"musiven"
"487194","keeboo",,"masuea"
"487195","keech",,"mesene"
"487196","keeches",,"masanu"
"487197","keechi",,"meseia"
"487198","keed",,"masene"
"487199","keeds",,"maseqo"
"487200","keedy",,"mosila"
"487201","keedysville",,"irasewavon"
"487202","keedysvilles",,"irasewavan"
"487203","keef",,"mosuta"
"487204","keefe",,"mesiv"
"487205","keefer",,"irakun"
"487206","keefir",,"urekie"
"487207","keefs",,"mosuqt"
"487208","keegan",,"masiu"
"487209","keego",,"aroli"
"487210","keehn",,"aromoi"
"487211","keehner",,"misope"
"487212","keeho",,"misofo"
"487213","keeill",,"urenio"
"487214","keek",,"erisni"
"487215","keekar",,"mesiona"
"487216","keeked",,"misai"
"487217","keeker",,"museo"
"487218","keekers",,"musevet"
"487219","keekimini",,"masoreat"
"487220","keeking",,"misarot"
"487221","keeks",,"erisia"
"487222","keekwilee",,"musegeat"
"487223","keekwulee",,"misagoin"
"487224","keel",,"musona"
"487225","keelage",,"masinin"
"487226","keelages",,"masinaa"
"487227","keelan",,"ureteta"
"487228","keelat",,"eritiu"
"487229","keelback",,"eritorun"
"487230","keelbill",,"iratuso"
"487231","keelbird",,"eritose"
"487232","keelblock",,"musoruun"
"487233","keelboat",,"mosaraen"
"487234","keelboater",,"iratuho"
"487235","keelboatman",,"arotehogat"
"487236","keelboatmans",,"arotehoge"
"487237","keelboatmen",,"iratuhagon"
"487238","keelboats",,"mosaraon"
"487239","keelby",,"iratate"
"487240","keeldrag",,"mesutoun"
"487241","keele",,"miseva"
"487242","keeled",,"uretoa"
"487243","keeler",,"arotue"
"487244","keelers",,"arotuot"
"487245","keeley",,"masiun"
"487246","keeleyite",,"arotumen"
"487247","keelfat",,"mesulat"
"487248","keelful",,"miselin"
"487249","keelhale",,"miseniin"
"487250","keelhaled",,"uretarun"
"487251","keelhales",,"misenia"
"487252","keelhaling",,"uretaren"
"487253","keelhaul",,"miseniot"
"487254","keelhauled",,"iraturen"
"487255","keelhauling",,"iraturufe"
"487256","keelhaulings",,"iraturufin"
"487257","keelhauls",,"misenio"
"487258","keelia",,"masiua"
"487259","keelie",,"miseata"
"487260","keelies",,"misere"
"487261","keelin",,"iratuni"
"487262","keeline",,"orutueta"
"487263","keelines",,"orutufi"
"487264","keeling",,"ureteun"
"487265","keelings",,"uretefu"
"487266","keelivine",,"musorue"
"487267","keelivines",,"musoruin"
"487268","keelless",,"iratizot"
"487269","keelman",,"orutiet"
"487270","keelmen",,"aroteaa"
"487271","keeloq",,"mosaaa"
"487272","keelrake",,"arotero"
"487273","keels",,"musoqu"
"487274","keelson",,"arotooa"
"487275","keelsons",,"arotohet"
"487276","keelung",,"iratoot"
"487277","keelvat",,"misedun"
"487278","keely",,"mesuli"
"487279","keelyvine",,"mesuleu"
"487280","keelyvines",,"mesuleot"
"487281","keem",,"arove"
"487282","keema",,"erivee"
"487283","keemun",,"masuu"
"487284","keen",,"misinu"
"487285","keena",,"musunu"
"487286","keenan",,"irazuna"
"487287","keenans",,"iraziu"
"487288","keenbrook",,"mosorian"
"487289","keene",,"mosovn"
"487290","keened",,"irazana"
"487291","keenen",,"erizio"
"487292","keener",,"urezen"
"487293","keeners",,"ureziona"
"487294","keenes",,"mosoin"
"487295","keenesburg",,"misivao"
"487296","keenesburgs",,"misivatuet"
"487297","keenest",,"irazoea"
"487298","keeneth",,"mosovoa"
"487299","keeney",,"musuae"
"487300","keeneyville",,"arozumovat"
"487301","keening",,"irazaaa"
"487302","keenings",,"irazafen"
"487303","keenish",,"arozoene"
"487304","keenlier",,"mesevie"
"487305","keenliest",,"masavoet"
"487306","keenly",,"arozin"
"487307","keenness",,"erizize"
"487308","keennesses",,"arozozon"
"487309","keeno",,"masafe"
"487310","keenor",,"oruzoo"
"487311","keenos",,"masau"
"487312","keens",,"misiqi"
"487313","keensburg",,"musuqaun"
"487314","keensburgs",,"musuqau"
"487315","keenum",,"masaua"
"487316","keep",,"mosute"
"487317","keepability",,"arofasufun"
"487318","keepable",,"mesinoan"
"487319","keepaliv",,"masonao"
"487320","keepalive",,"musenuat"
"487321","keepe",,"mesiva"
"487322","keeped",,"orufin"
"487323","keepen",,"arofu"
"487324","keeper",,"irafat"
"487325","keeperess",,"orufeqon"
"487326","keepering",,"masoveon"
"487327","keeperless",,"musevaun"
"487328","keepers",,"irafoe"
"487329","keepership",,"arofuqat"
"487330","keeperships",,"arofuqute"
"487331","keepest",,"orufeo"
"487332","keepeth",,"mesivan"
"487333","keepie",,"mesione"
"487334","keepin",,"erifat"
"487335","keeping",,"orufui"
"487336","keepings",,"orufufat"
"487337","keepit",,"irafea"
"487338","keepless",,"erifeze"
"487339","keeplike",,"arofaset"
"487340","keeplock",,"irafiha"
"487341","keepnet",,"misapun"
"487342","keepnets",,"misapou"
"487343","keeps",,"mosuqs"
"487344","keepsake",,"mesiqeat"
"487345","keepsakes",,"mesiqee"
"487346","keepsaky",,"musequi"
"487347","keepsies",,"mesiqiun"
"487348","keepst",,"irafun"
"487349","keepworthy",,"erifoho"
"487350","keepy",,"musela"
"487351","keepzzuf",,"orufenon"
"487352","keera",,"moseno"
"487353","keeran",,"erijie"
"487354","keeravani",,"musinuat"
"487355","keercheef",,"mesasoe"
"487356","keerful",,"masulaa"
"487357","keerfully",,"orujedun"
"487358","keerie",,"masuee"
"487359","keerogue",,"mosefoet"
"487360","keerrong",,"mosecai"
"487361","keerthanam",,"arojiran"
"487362","keerthi",,"mesawun"
"487363","kees",,"orucno"
"487364","keese",,"ericae"
"487365","keesee",,"arocun"
"487366","keeseville",,"musuvue"
"487367","keesevilles",,"musuvutein"
"487368","keesey",,"iracan"
"487369","keesh",,"meseni"
"487370","keesha",,"mosoot"
"487371","keeshka",,"mesenat"
"487372","keeshond",,"masanio"
"487373","keeshonden",,"iracuhet"
"487374","keeshonds",,"masaniet"
"487375","keeshound",,"musunoun"
"487376","keesler",,"arocaot"
"487377","keesling",,"urecusu"
"487378","keeslip",,"orucoon"
"487379","keeso",,"ureco"
"487380","keest",,"masaw"
"487381","keester",,"ericuan"
"487382","keesters",,"ericuzun"
"487383","keet",,"maseni"
"487384","keeter",,"eriqon"
"487385","keeth",,"oruqia"
"487386","keeton",,"eriqane"
"487387","keets",,"masequ"
"487388","keeve",,"miseve"
"487389","keeved",,"urebaa"
"487390","keever",,"arobea"
"487391","keeves",,"misei"
"487392","keevil",,"urebon"
"487393","keeving",,"urebeat"
"487394","keewatin",,"iradibot"
"487395","keewatins",,"iradibo"
"487396","keews",,"arodo"
"487397","keezer",,"iralan"
"487398","keezletown",,"iralizen"
"487399","keezletowns",,"iralizicon"
"487400","kef",,"mig"
"487401","kefala",,"aromota"
"487402","kefallin",,"aromazana"
"487403","kefallinia",,"erimezia"
"487404","kefallonia",,"iramizat"
"487405","kefalograviera",,"meguvurue"
"487406","kefalonia",,"migeveet"
"487407","kefalotir",,"erimehen"
"487408","kefalotiri",,"erimehi"
"487409","kefalotirs",,"erimehon"
"487410","kefalotyri",,"iramihan"
"487411","kefalovrisi",,"aromahobot"
"487412","kefalovrision",,"migevekea"
"487413","kefalovrissi",,"aromahobo"
"487414","kefalovrission",,"migevekeen"
"487415","kefalovrysi",,"orumohuba"
"487416","kefalovrysion",,"magivikio"
"487417","kefalovryssi",,"orumohuben"
"487418","kefalovryssion",,"magivikiet"
"487419","kefauver",,"megubeun"
"487420","kefauvers",,"megubeu"
"487421","keffekil",,"megivaa"
"487422","keffekilite",,"erikavafat"
"487423","keffekill",,"erikavon"
"487424","keffel",,"moguen"
"487425","keffels",,"moguvon"
"487426","keffer",,"mugeon"
"487427","keffiyah",,"migareen"
"487428","keffiyahs",,"migareon"
"487429","keffiyeh",,"megiruot"
"487430","keffiyehs",,"megiruo"
"487431","kefi",,"migi"
"487432","kefiatoid",,"maganii"
"487433","kefifrel",,"ureniqina"
"487434","kefir",,"aroneo"
"487435","kefiran",,"mogocon"
"487436","kefiric",,"aroneet"
"487437","kefirs",,"aronoe"
"487438","keflav",,"meguana"
"487439","keflavik",,"maginaon"
"487440","keflaviks",,"maginaan"
"487441","keflex",,"migeun"
"487442","keflexes",,"mogavuet"
"487443","keflices",,"orututan"
"487444","kefs",,"migia"
"487445","keftab",,"mugaena"
"487446","keftabs",,"muganon"
"487447","keftedes",,"mageviot"
"487448","kefti",,"ureqea"
"487449","keftian",,"megorea"
"487450","keftians",,"megorein"
"487451","keftis",,"ureqan"
"487452","keftiu",,"iraqini"
"487453","keftius",,"iraqaa"
"487454","kefuffle",,"urewimin"
"487455","kefuffled",,"moguleun"
"487456","kefuffles",,"urewima"
"487457","kefuffling",,"moguleen"
"487458","kefyr",,"orukie"
"487459","keg",,"urot"
"487460","kegan",,"mekup"
"487461","kegds",,"mokiq"
"487462","kegel",,"makov"
"487463","kegeled",,"aritaot"
"487464","kegeler",,"eruteuna"
"487465","kegelers",,"erutezu"
"487466","kegeling",,"aritasan"
"487467","kegelite",,"aritaset"
"487468","kegelkarst",,"makovuan"
"487469","kegels",,"makoin"
"487470","kegendre",,"mikapeu"
"487471","kegerator",,"makocaet"
"487472","kegeree",,"makocu"
"487473","kegful",,"irekote"
"487474","kegfules",,"orakezat"
"487475","kegfuls",,"irekoo"
"487476","kegg",,"arilo"
"487477","kegged",,"mokaaa"
"487478","kegger",,"mikee"
"487479","keggers",,"mikevin"
"487480","kegging",,"mokarat"
"487481","keggle",,"mekuat"
"487482","keggling",,"oralosin"
"487483","keggmiengg",,"makizoin"
"487484","kegler",,"oratena"
"487485","keglers",,"orateon"
"487486","kegley",,"mokaae"
"487487","kegleys",,"mokaven"
"487488","keglike",,"mukorat"
"487489","kegling",,"erutiaa"
"487490","keglings",,"erutifen"
"487491","kegmeg",,"oravet"
"487492","kegon",,"mokip"
"487493","kegoodwi",,"mukafoun"
"487494","kegs",,"urocto"
"487495","kegsbreath",,"ariceqan"
"487496","kegseth",,"irecoota"
"487497","kegstand",,"makawao"
"487498","kegworth",,"mikofuo"
"487499","kehager",,"arumaoa"
"487500","kehaya",,"meluon"
"487501","kehelath",,"oretoran"
"487502","keheley",,"oretoen"
"487503","kehigh",,"aruneta"
"487504","kehillah",,"orenoze"
"487505","kehillahs",,"orenozin"
"487506","kehillos",,"melevea"
"487507","kehillot",,"orenozea"
"487508","kehilloth",,"meleveet"
"487509","kehl",,"oretno"
"487510","kehle",,"eratai"
"487511","kehler",,"maliin"
"487512","kehm",,"malue"
"487513","kehman",,"aruvai"
"487514","kehn",,"erazn"
"487515","kehnet",,"miliun"
"487516","kehoe",,"miluva"
"487517","kehoeite",,"iroposa"
"487518","kehr",,"urijs"
"487519","kehrer",,"molea"
"487520","kehres",,"irojeo"
"487521","kehrwoche",,"molegaan"
"487522","kehua",,"molunu"
"487523","kehuas",,"moluae"
"487524","kehya",,"malenn"
"487525","kehychivka",,"milusuon"
"487526","keichousaurus",,"ururahadi"
"487527","keid",,"memoo"
"487528","keidel",,"arasina"
"487529","keids",,"memoqa"
"487530","keifer",,"urukia"
"487531","keiffer",,"mumelata"
"487532","keig",,"uruls"
"487533","keigh",,"mimena"
"487534","keighley",,"urulazu"
"487535","keighleys",,"urulazot"
"487536","keight",,"urulat"
"487537","keightley",,"momanaun"
"487538","keighton",,"momanauna"
"487539","keigo",,"erelua"
"487540","keihin",,"eremua"
"487541","keij",,"memon"
"487542","keiji",,"memor"
"487543","keijo",,"mimufa"
"487544","keiki",,"orosuo"
"487545","keiko",,"urusoe"
"487546","keikogi",,"arasiia"
"487547","keil",,"mamii"
"487548","keila",,"memune"
"487549","keilah",,"iritine"
"487550","keilhauite",,"mumonuot"
"487551","keilite",,"aratoena"
"487552","keiller",,"mimevin"
"487553","keillor",,"memuvu"
"487554","keillors",,"memuvuot"
"487555","keilman",,"irituaa"
"487556","keilor",,"urutana"
"487557","keiloran",,"memufoin"
"487558","keily",,"momal"
"487559","keim",,"erevi"
"487560","kein",,"mumui"
"487561","keinath",,"mamano"
"487562","keinbah",,"memeruna"
"487563","keinosuk",,"mumufee"
"487564","keinton",,"mimiwota"
"487565","keiper",,"urufona"
"487566","keipert",,"momuven"
"487567","keir",,"momea"
"487568","keira",,"mimone"
"487569","keiran",,"orojeni"
"487570","keiraville",,"urujuga"
"487571","keirencha",,"mamuvoet"
"487572","keiretsu",,"erejabu"
"487573","keiretsus",,"erejabot"
"487574","keirin",,"erejee"
"487575","keirn",,"erejia"
"487576","keirnan",,"mimopin"
"487577","keirospasm",,"erejuwet"
"487578","keirs",,"momeqa"
"487579","keirseyan",,"irijazo"
"487580","keisby",,"mumuena"
"487581","keiser",,"memeia"
"487582","keisers",,"memevat"
"487583","keish",,"momon"
"487584","keisha",,"mimie"
"487585","keisham",,"memene"
"487586","keishas",,"miminin"
"487587","keishi",,"momoet"
"487588","keisler",,"ereceea"
"487589","keisling",,"aracasat"
"487590","keist",,"memew"
"487591","keister",,"orocaet"
"487592","keistered",,"mumuwian"
"487593","keistering",,"mumuwia"
"487594","keisters",,"orocazi"
"487595","keisterville",,"mamawuwou"
"487596","keistervilles",,"mamawuwoota"
"487597","keisuke",,"aracuo"
"487598","keita",,"momina"
"487599","keitai",,"momioa"
"487600","keitaro",,"ereqeea"
"487601","keitas",,"momiaa"
"487602","keitel",,"araqoti"
"487603","keith",,"irique"
"487604","keithc",,"iriqui"
"487605","keithconnite",,"mominujeo"
"487606","keithellakpam",,"mimunopain"
"487607","keithley",,"memoneu"
"487608","keiths",,"iriqin"
"487609","keithsburg",,"uruqawo"
"487610","keithsburgs",,"uruqawoket"
"487611","keithville",,"memoneet"
"487612","keithvilles",,"memonetii"
"487613","keitloa",,"uruquat"
"487614","keitloas",,"uruquhe"
"487615","keitt",,"oroqae"
"487616","keiyodoshi",,"urukovo"
"487617","keizer",,"uruleta"
"487618","keizers",,"urulii"
"487619","kejache",,"irumaua"
"487620","kejia",,"monon"
"487621","kejing",,"eronunu"
"487622","keka",,"iramt"
"487623","kekaeshi",,"meruviu"
"487624","kekaha",,"mireun"
"487625","kekahas",,"mirenu"
"487626","kekaumenos",,"morabiun"
"487627","kekchi",,"mereat"
"487628","kekchies",,"maranoen"
"487629","kekchis",,"merene"
"487630","kekd",,"mare"
"487631","keke",,"eritne"
"487632","kekeamuan",,"merinou"
"487633","keked",,"muret"
"487634","kekeke",,"uretete"
"487635","kekeno",,"mureet"
"487636","kekerengu",,"iratuzen"
"487637","keking",,"muruan"
"487638","kekism",,"aronoi"
"487639","kekistan",,"aronobon"
"487640","kekistani",,"aronobat"
"487641","kekked",,"miraat"
"487642","kekking",,"miraro"
"487643","kekkonen",,"orusafat"
"487644","keko",,"urept"
"487645","kekomi",,"orupono"
"487646","kekotene",,"urepozat"
"487647","kekropia",,"orujajat"
"487648","kekryphalos",,"irajejetun"
"487649","keks",,"orucnu"
"487650","keksye",,"iracuna"
"487651","keksyes",,"iraceu"
"487652","kekul",,"mirav"
"487653","kekula",,"mureeta"
"487654","kekulas",,"murevi"
"487655","kekule",,"moruaa"
"487656","kekulean",,"oruwozi"
"487657","kekulene",,"arowazen"
"487658","kekuli",,"miraue"
"487659","kekulmula",,"eriwepo"
"487660","kekulmulas",,"eriwepet"
"487661","kekuna",,"miraun"
"487662","kekune",,"meriia"
"487663","kekuraalhuveli",,"mericesie"
"487664","kela",,"mesua"
"487665","kelaa",,"mosane"
"487666","kelaart",,"mosano"
"487667","kelabit",,"mesurat"
"487668","kelabitic",,"mesuriin"
"487669","kelaiah",,"uromeat"
"487670","kelaihuttaa",,"iremarugan"
"487671","kelamayi",,"mosazoon"
"487672","kelamis",,"musozan"
"487673","kelamma",,"misezu"
"487674","kelampayoside",,"musozisuen"
"487675","kelan",,"arimou"
"487676","keland",,"miseate"
"487677","kelang",,"erumunu"
"487678","kelantan",,"iremaba"
"487679","kelantanese",,"erumibijo"
"487680","kelayres",,"uromoqan"
"487681","kelayress",,"uromoqun"
"487682","kelb",,"orana"
"487683","kelbee",,"arine"
"487684","kelbrey",,"moseca"
"487685","kelbrook",,"musicoun"
"487686","kelby",,"uronoo"
"487687","kelce",,"musuv"
"487688","kelcey",,"meseet"
"487689","kelch",,"oraria"
"487690","kelchin",,"misinota"
"487691","kelchner",,"urorafun"
"487692","kelchyn",,"masana"
"487693","kelci",,"masar"
"487694","kelcie",,"musuene"
"487695","kelcy",,"mosol"
"487696","keld",,"erusna"
"487697","kelda",,"orasoe"
"487698","keldah",,"mesoia"
"487699","kelder",,"musaoe"
"487700","keldholme",,"urosahin"
"487701","keldon",,"musaet"
"487702","keldron",,"erusoea"
"487703","keldrons",,"erusohin"
"487704","keldysh",,"mosilen"
"487705","keldyshite",,"orasawe"
"487706","kele",,"musen"
"487707","kelebe",,"ariteni"
"487708","kelebes",,"ariteini"
"487709","kelectome",,"urotebun"
"487710","keledang",,"misatiin"
"487711","keleh",,"eruton"
"487712","keleher",,"musenon"
"487713","kelek",,"misat"
"487714","kelekian",,"iretoso"
"487715","keleks",,"misaun"
"487716","kelen",,"iretai"
"487717","kelenf",,"misae"
"487718","kelep",,"oratea"
"487719","keleps",,"oratoo"
"487720","keles",,"museqa"
"487721","kelessog",,"mosuqui"
"487722","kelewele",,"ariteza"
"487723","kelford",,"arikien"
"487724","kelfords",,"arikiqon"
"487725","kelgoola",,"eruluha"
"487726","kelham",,"erumunn"
"487727","keli",,"masaa"
"487728","kelia",,"meseno"
"487729","kelicam",,"mususi"
"487730","keligot",,"uronuea"
"487731","keliher",,"masano"
"487732","kelila",,"erunune"
"487733","kelim",,"misiz"
"487734","kelima",,"musuona"
"487735","kelimas",,"musuzan"
"487736","kelims",,"misiua"
"487737","kelin",,"urones"
"487738","kelindst",,"irenavo"
"487739","keling",,"arinene"
"487740","kelipot",,"misihot"
"487741","kelita",,"oranene"
"487742","keliximab",,"mosokuat"
"487743","kelk",,"muses"
"487744","kelked",,"uroseta"
"487745","kelking",,"uroseu"
"487746","kelks",,"museqi"
"487747","kell",,"aritne"
"487748","kella",,"erutes"
"487749","kellalac",,"musonuan"
"487750","kellam",,"urotie"
"487751","kellan",,"mosaoe"
"487752","kelland",,"iretiin"
"487753","kellar",,"masiin"
"487754","kellas",,"erutatt"
"487755","kellaut",,"misenu"
"487756","kellauts",,"misenoot"
"487757","kellby",,"mesui"
"487758","kellda",,"musoen"
"487759","kelleg",,"aritan"
"487760","kellegher",,"aritunan"
"487761","kellegk",,"urotiun"
"487762","kellegs",,"arituena"
"487763","kelleher",,"urotirun"
"487764","kellen",,"masiina"
"487765","kellenberger",,"oratefafot"
"487766","kellene",,"musovon"
"487767","keller",,"miseuna"
"487768","kellerbier",,"misevuen"
"487769","kellerei",,"mosavion"
"487770","kellerian",,"iretoqet"
"487771","kellerman",,"erutaqa"
"487772","kellermann",,"mosaviea"
"487773","kellermans",,"erutaqen"
"487774","kellermeister",,"musovafaet"
"487775","kellers",,"misevu"
"487776","kellerton",,"mosaviat"
"487777","kellertons",,"mosaviee"
"487778","kellet",,"mosaae"
"487779","kellets",,"mosaven"
"487780","kellett",,"iretoin"
"487781","kellevie",,"masivao"
"487782","kelley",,"erutana"
"487783","kelleye",,"arituot"
"487784","kelleys",,"erutaun"
"487785","kelleytown",,"iretomona"
"487786","kelli",,"aritoti"
"487787","kellia",,"erutuna"
"487788","kellian",,"mosaron"
"487789","kellianne",,"aritoran"
"487790","kellick",,"uroteun"
"487791","kellidar",,"erutivin"
"487792","kellie",,"urotii"
"487793","kellies",,"uroteat"
"487794","kelligrews",,"mosarou"
"487795","kelliher",,"aritori"
"487796","kellihers",,"aritorat"
"487797","kellin",,"mesuuna"
"487798","kellina",,"mosarona"
"487799","kelling",,"mosaran"
"487800","kellingley",,"iretafat"
"487801","kellington",,"mesurii"
"487802","kellion",,"misera"
"487803","kellions",,"misereen"
"487804","kellipot",,"iretajet"
"487805","kellis",,"aritoto"
"487806","kellison",,"miseraen"
"487807","kellman",,"masizo"
"487808","kellner",,"oratuona"
"487809","kellnersville",,"masipuwua"
"487810","kellnersvilles",,"masipuwuen"
"487811","kellock",,"erutuue"
"487812","kellogg",,"urotou"
"487813","kelloggii",,"urotonet"
"487814","kelloggs",,"urotonot"
"487815","kellong",,"musofun"
"487816","kellough",,"mesufaa"
"487817","kells",,"aritotu"
"487818","kellsie",,"uroteata"
"487819","kellswater",,"iretaket"
"487820","kellum",,"orateti"
"487821","kellupweed",,"erutajot"
"487822","kelly",,"oratana"
"487823","kellyana",,"masilao"
"487824","kellyann",,"iretero"
"487825","kellyanne",,"oratarat"
"487826","kellyeri",,"masiluen"
"487827","kellyite",,"musoleat"
"487828","kellylo",,"mesulea"
"487829","kellymds",,"miseluot"
"487830","kellyn",,"miseei"
"487831","kellys",,"oratene"
"487832","kellysville",,"masilokue"
"487833","kellysvilles",,"masilokuin"
"487834","kellyton",,"erutubot"
"487835","kellytons",,"erutuboa"
"487836","kellyville",,"masilaat"
"487837","kellyvilles",,"masilatoe"
"487838","kelm",,"misoe"
"487839","kelman",,"irevua"
"487840","kelmarsh",,"masuneet"
"487841","kelmayisaurus",,"oravomeden"
"487842","kelmentsi",,"musiveu"
"487843","kelmis",,"misoua"
"487844","kelmscott",,"musiqee"
"487845","kelmscotts",,"musiqein"
"487846","kelner",,"mosoaa"
"487847","kelnhofer",,"mesenuo"
"487848","keloid",,"irepuo"
"487849","keloidal",,"mesoruu"
"487850","keloided",,"maseriaa"
"487851","keloiding",,"maseriat"
"487852","keloidosis",,"aripove"
"487853","keloids",,"irepaot"
"487854","kelong",,"orapona"
"487855","keloplasty",,"erupazen"
"487856","kelosomia",,"misuqeet"
"487857","kelotomies",,"orapahina"
"487858","kelotomy",,"aripihon"
"487859","kelotomys",,"aripihan"
"487860","kelowna",,"aripeo"
"487861","kelp",,"irefo"
"487862","kelped",,"masoea"
"487863","kelper",,"mesii"
"487864","kelpers",,"mesivata"
"487865","kelpfish",,"arifusat"
"487866","kelpfishes",,"urofisen"
"487867","kelpfishs",,"arifuse"
"487868","kelpie",,"orafen"
"487869","kelpies",,"orafuon"
"487870","kelpin",,"museie"
"487871","kelping",,"masoreta"
"487872","kelps",,"irefae"
"487873","kelpware",,"masogaa"
"487874","kelpwort",,"irefuho"
"487875","kelpworts",,"irefuhet"
"487876","kelpy",,"arifia"
"487877","kelpys",,"arifota"
"487878","kels",,"masao"
"487879","kelsale",,"aricaa"
"487880","kelsall",,"misinin"
"487881","kelsay",,"misiata"
"487882","kelsch",,"oracena"
"487883","kelse",,"musuva"
"487884","kelsea",,"masaeo"
"487885","kelsemaht",,"misivuo"
"487886","kelsenian",,"masavoon"
"487887","kelsey",,"meseone"
"487888","kelseys",,"mesevane"
"487889","kelseyville",,"oracemuvin"
"487890","kelseyvilles",,"oracemuva"
"487891","kelsi",,"masara"
"487892","kelsie",,"musueta"
"487893","kelso",,"mosof"
"487894","kelson",,"erucun"
"487895","kelsons",,"erucuua"
"487896","kelsos",,"mosoo"
"487897","kelston",,"musuwan"
"487898","kelsy",,"mosola"
"487899","kelt",,"eruqne"
"487900","kelter",,"musaeni"
"487901","kelters",,"musavon"
"487902","kelthane",,"uroqarun"
"487903","kelthanes",,"uroqaru"
"487904","keltia",,"oraqeni"
"487905","keltic",,"eruqat"
"487906","keltically",,"eruqiten"
"487907","kelticallys",,"eruqitifon"
"487908","kelticize",,"maseroet"
"487909","keltics",,"eruqie"
"487910","keltie",,"ariqote"
"487911","kelties",,"ariqoo"
"487912","keltium",,"ireqaaa"
"487913","keltner",,"ireqaina"
"487914","keltoi",,"ireqini"
"487915","keltois",,"ireqeae"
"487916","kelton",,"musaona"
"487917","kelts",,"eruqii"
"487918","kelty",,"ireqeo"
"487919","keltz",,"mesoma"
"487920","keluak",,"museeta"
"487921","kelubi",,"eruwata"
"487922","kelula",,"ariwot"
"487923","kelung",,"urowane"
"487924","kelv",,"aribe"
"487925","kelvedon",,"irebovot"
"487926","kelvin",,"mesuate"
"487927","kelvindale",,"musoreu"
"487928","kelvinhaugh",,"miserasae"
"487929","kelvins",,"mesure"
"487930","kelvinside",,"erubifen"
"487931","kelvinverse",,"miserakuon"
"487932","kelwen",,"erudan"
"487933","kelwin",,"oradet"
"487934","kelwunn",,"mosebet"
"487935","kely",,"mosit"
"487936","kelyanite",,"musaneun"
"487937","kelyland",,"arikaren"
"487938","kelynack",,"erukiru"
"487939","kelyphite",,"urokirin"
"487940","kelyphitic",,"arikure"
"487941","kemadrin",,"mitetuot"
"487942","kemah",,"metuna"
"487943","kemahs",,"metuan"
"487944","kemal",,"mutov"
"487945","kemalism",,"motavuan"
"487946","kemalisms",,"motavuun"
"487947","kemalist",,"arumasone"
"487948","kemalists",,"arumasan"
"487949","kemalsky",,"mativoen"
"487950","kemaman",,"motazen"
"487951","kemanak",,"mitepu"
"487952","kemancha",,"eramitu"
"487953","kemando",,"eramiuna"
"487954","kemar",,"metuc"
"487955","kemari",,"metuana"
"487956","kemb",,"matu"
"487957","kemball",,"mitonu"
"487958","kembed",,"arunea"
"487959","kemben",,"ironun"
"487960","kembing",,"arunoeta"
"487961","kembla",,"eranana"
"487962","kemblas",,"eraneuna"
"487963","kemble",,"urineto"
"487964","kemblesville",,"motevebuot"
"487965","kemblesvilles",,"motevebuo"
"487966","kembo",,"motef"
"487967","kemboed",,"orenaoa"
"487968","kemboing",,"orenasune"
"487969","kembos",,"motea"
"487970","kembs",,"matuq"
"487971","kembster",,"mutiqoi"
"487972","kemelin",,"erateua"
"487973","kemelman",,"arutapet"
"487974","kemels",,"motuaa"
"487975","kemenche",,"oretuton"
"487976","kemener",,"oretuena"
"487977","kemeny",,"mitaat"
"487978","kemere",,"mitaan"
"487979","kemerer",,"aruteota"
"487980","kemerovo",,"irotuha"
"487981","kemerovos",,"irotuhen"
"487982","kemerovskii",,"arutehodin"
"487983","kemery",,"metion"
"487984","kemet",,"mitawa"
"487985","kemetic",,"mitawe"
"487986","kemetism",,"metiwiu"
"487987","kemetist",,"uritosun"
"487988","kemi",,"eranne"
"487989","kemij",,"mutus"
"487990","kemijoki",,"matasian"
"487991","keming",,"mitiin"
"487992","keminmaa",,"motopii"
"487993","kemiri",,"mataaa"
"487994","kemis",,"eranit"
"487995","kemite",,"mitiuna"
"487996","kemme",,"irovoa"
"487997","kemmer",,"moteaa"
"487998","kemmerer",,"irovoqot"
"487999","kemmerers",,"irovoqo"
"488000","kemmerling",,"mutivao"
"488001","kemmlitzite",,"orevososa"
"488002","kemnay",,"mataua"
"488003","kemnitz",,"mitirin"
"488004","kemo",,"irops"
"488005","kemong",,"matea"
"488006","kemono",,"metoati"
"488007","kemonomimi",,"motipaa"
"488008","kemosabe",,"motiqoen"
"488009","kemosabi",,"mituqiot"
"488010","kemp",,"meti"
"488011","kempa",,"motun"
"488012","kempane",,"arufaa"
"488013","kempas",,"motuae"
"488014","kempchin",,"mutesae"
"488015","kempe",,"matovi"
"488016","kemped",,"erafia"
"488017","kempeitai",,"orefesun"
"488018","kempen",,"urifon"
"488019","kempenfelt",,"metivio"
"488020","kempenland",,"muteveu"
"488021","kemper",,"orefoa"
"488022","kempers",,"orefeet"
"488023","kempery",,"urifii"
"488024","kemperyman",,"mutevau"
"488025","kempf",,"urifi"
"488026","kempfer",,"motulet"
"488027","kempferol",,"urifizot"
"488028","kempier",,"orefuon"
"488029","kempiest",,"erafizin"
"488030","kempii",,"metiuna"
"488031","kemping",,"erafiot"
"488032","kempings",,"erafifo"
"488033","kempis",,"metiata"
"488034","kempiss",,"metire"
"488035","kempite",,"erafie"
"488036","kempker",,"erafae"
"488037","kemplang",,"mutevue"
"488038","kemple",,"arufot"
"488039","kempler",,"mutevi"
"488040","kemples",,"arufao"
"488041","kempner",,"mitapu"
"488042","kempners",,"mitapoot"
"488043","kempo",,"mitaf"
"488044","kemppe",,"irofe"
"488045","kemps",,"metiq"
"488046","kempsey",,"motuqo"
"488047","kempsford",,"erafimo"
"488048","kempster",,"matoqio"
"488049","kempsters",,"matoqiet"
"488050","kempston",,"matoqieta"
"488051","kempt",,"orefaa"
"488052","kempten",,"motuwen"
"488053","kempter",,"matowot"
"488054","kemptest",,"mutewian"
"488055","kemptide",,"mutewean"
"488056","kemptken",,"metiwau"
"488057","kemptness",,"motuwuan"
"488058","kempton",,"matowo"
"488059","kemptons",,"matowiet"
"488060","kempts",,"orefena"
"488061","kempty",,"urifona"
"488062","kempul",,"arufae"
"488063","kempur",,"orefene"
"488064","kempy",,"mital"
"488065","kemsing",,"mitira"
"488066","kemsley",,"mutuvon"
"488067","kemstach",,"orecari"
"488068","kemstro",,"iroceota"
"488069","kemu",,"aruwn"
"488070","kemuel",,"metii"
"488071","ken",,"muv"
"488072","kena",,"maviu"
"488073","kenacho",,"urumean"
"488074","kenaf",,"irimoi"
"488075","kenafs",,"irimus"
"488076","kenai",,"mavir"
"488077","kenalog",,"irimiaa"
"488078","kenan",,"urumea"
"488079","kenansville",,"movapukein"
"488080","kenansvilles",,"movapukea"
"488081","kenard",,"maviea"
"488082","kenare",,"eremine"
"488083","kenareh",,"mavicot"
"488084","kenares",,"eremoat"
"488085","kenasai",,"mevuqat"
"488086","kenath",,"maviin"
"488087","kenavo",,"oromoi"
"488088","kenay",,"moval"
"488089","kenayo",,"muvoen"
"488090","kenaz",,"irimoo"
"488091","kenbei",,"aranina"
"488092","kenbryan",,"oronimon"
"488093","kench",,"erero"
"488094","kenches",,"arareaa"
"488095","kenchester",,"ururazu"
"488096","kenchs",,"ererat"
"488097","kencur",,"ararina"
"488098","kend",,"arasu"
"488099","kenda",,"eresei"
"488100","kendal",,"mivuata"
"488101","kendalia",,"muvanuan"
"488102","kendalias",,"muvanuun"
"488103","kendall",,"irisiina"
"488104","kendalls",,"irisiza"
"488105","kendallville",,"mevonepii"
"488106","kendallvilles",,"mevonepiat"
"488107","kendama",,"arasaot"
"488108","kendang",,"mivunu"
"488109","kendari",,"mavenota"
"488110","kendel",,"mevoon"
"488111","kendell",,"eresaun"
"488112","kenderdine",,"muvavauna"
"488113","kendhang",,"araseron"
"488114","kendheraa",,"orosizi"
"488115","kendhikulhudhoo",,"muvanezaot"
"488116","kendhoo",,"mivunin"
"488117","kendi",,"arasoo"
"488118","kendig",,"eresune"
"488119","kendir",,"muvaeta"
"488120","kendle",,"mevoona"
"488121","kendler",,"irisiu"
"488122","kendleton",,"mavevuet"
"488123","kendletons",,"mavevui"
"488124","kendna",,"moviot"
"488125","kendo",,"orosae"
"488126","kendoist",,"mavefoen"
"488127","kendoists",,"mavefoon"
"488128","kendoka",,"orosaet"
"488129","kendomycin",,"mivufuet"
"488130","kendos",,"orosoe"
"488131","kendra",,"mavee"
"488132","kendrah",,"orosiet"
"488133","kendrapara",,"muvacuun"
"488134","kendras",,"mavecin"
"488135","kendre",,"mivuana"
"488136","kendrew",,"mevoci"
"488137","kendrews",,"mevocaat"
"488138","kendrick",,"mivucaot"
"488139","kendricks",,"mivucao"
"488140","kendrin",,"irisuota"
"488141","kendrix",,"irisuin"
"488142","kendry",,"mevoone"
"488143","kendu",,"urusii"
"488144","kendujhar",,"muvaboe"
"488145","kenduskeag",,"urusiwin"
"488146","kenduskeags",,"urusiwafa"
"488147","kendy",,"orosai"
"488148","kendyl",,"muvaen"
"488149","kendyr",,"mevooni"
"488150","kene",,"mivan"
"488151","keneally",,"mivaniin"
"488152","keneallys",,"mivania"
"488153","kenealy",,"ereteat"
"488154","kenebri",,"muveron"
"488155","kenedy",,"eretona"
"488156","kenedys",,"eretuana"
"488157","keneedel",,"muvevoeta"
"488158","kenefic",,"eretaea"
"488159","kenefick",,"aratuson"
"488160","kenefics",,"eretasin"
"488161","keneh",,"aratee"
"488162","kenelm",,"eretate"
"488163","kenelworth",,"movuvie"
"488164","kenema",,"movuot"
"488165","keneme",,"mavoe"
"488166","kenesa",,"muveoa"
"488167","kenesaw",,"movuqa"
"488168","kenesaws",,"movuqoen"
"488169","keneun",,"eretani"
"488170","kenevan",,"mavodin"
"488171","kenezite",,"mivamau"
"488172","kenfig",,"irika"
"488173","kenfucky",,"oroketan"
"488174","keng",,"mavin"
"488175","kenged",,"aralina"
"488176","kenging",,"araloi"
"488177","kengirge",,"oroluquna"
"488178","kengkhar",,"mevutoot"
"488179","kengs",,"maviq"
"488180","kengster",,"muvoqoat"
"488181","kengtung",,"movaweat"
"488182","kenhorst",,"irimeqen"
"488183","kenhorsts",,"irimeqon"
"488184","kenhsrd",,"eremiee"
"488185","kenhsuite",,"moveqeata"
"488186","kenice",,"miviat"
"488187","kenichi",,"ereniin"
"488188","kenilworth",,"mivivuan"
"488189","kenin",,"irinai"
"488190","keningau",,"urunenua"
"488191","keningra",,"muvupue"
"488192","keninism",,"ereniso"
"488193","keninist",,"mevepiot"
"488194","kenio",,"mevef"
"488195","kenipsim",,"aranuwan"
"488196","kenipsims",,"aranuwun"
"488197","kenison",,"aranoeta"
"488198","keniston",,"miviqeo"
"488199","kenite",,"urunoni"
"488200","kenites",,"urunoana"
"488201","kenitra",,"mavawa"
"488202","kenitras",,"mavaween"
"488203","kenizzit",,"irinono"
"488204","kenji",,"araroa"
"488205","kenjutsu",,"mevobuu"
"488206","kenke",,"movuve"
"488207","kenkel",,"oroseni"
"488208","kenken",,"eresate"
"488209","kenkeni",,"eresau"
"488210","kenkey",,"muveen"
"488211","kenkiid",,"uruseun"
"488212","kenko",,"mavofa"
"488213","kenkosis",,"mavofoon"
"488214","kenky",,"mavola"
"488215","kenlay",,"orotos"
"488216","kenlee",,"orotas"
"488217","kenleigh",,"mivevaen"
"488218","kenley",,"aratine"
"488219","kenlore",,"muvofi"
"488220","kenly",,"eretuo"
"488221","kenlys",,"eretati"
"488222","kenmac",,"mivoata"
"488223","kenmare",,"uruvui"
"488224","kenmares",,"uruvuqat"
"488225","kenmark",,"uruvuat"
"488226","kenmawr",,"iriviin"
"488227","kenmin",,"ereveu"
"488228","kenmore",,"aravio"
"488229","kenmores",,"araviqet"
"488230","kenmpy",,"oroven"
"488231","kenmuir",,"irivoaa"
"488232","kenmure",,"oroveet"
"488233","kenn",,"irizt"
"488234","kenna",,"uruzu"
"488235","kennady",,"muvunet"
"488236","kennaicle",,"mavanoet"
"488237","kennamer",,"mavaneo"
"488238","kennan",,"mavain"
"488239","kennans",,"mavana"
"488240","kennar",,"miviun"
"488241","kennard",,"uruzui"
"488242","kenneally",,"orozerat"
"488243","kennebec",,"mavavein"
"488244","kennebecker",,"arazusezi"
"488245","kennebecs",,"mavavea"
"488246","kennebrew",,"arazusen"
"488247","kennebunk",,"irizosen"
"488248","kennebunker",,"mevevogao"
"488249","kennebunkport",,"mavaveguot"
"488250","kennebunkports",,"mavaveguo"
"488251","kennebunks",,"irizoson"
"488252","kennecot",,"movovuet"
"488253","kennecott",,"irizoto"
"488254","kennecotts",,"irizotet"
"488255","kenned",,"mavaea"
"488256","kennedale",,"arazuven"
"488257","kennedales",,"arazuvon"
"488258","kennedi",,"mavavot"
"488259","kennedia",,"mevevuun"
"488260","kennediae",,"mavavio"
"488261","kennedias",,"mevevuu"
"488262","kennedies",,"muvuvoat"
"488263","kennedy",,"movova"
"488264","kennedya",,"mivivee"
"488265","kennedyae",,"movovaen"
"488266","kennedyas",,"mivivein"
"488267","kennedyes",,"mevevuuna"
"488268","kennedyesque",,"mavavinei"
"488269","kennedyi",,"movovaet"
"488270","kennedyism",,"mavavii"
"488271","kennedyite",,"orozevat"
"488272","kennedynomics",,"erezavejat"
"488273","kennedys",,"movovaena"
"488274","kennedyville",,"irizovilat"
"488275","kennedyvilles",,"irizovile"
"488276","kennel",,"muvuet"
"488277","kenneled",,"uruzizan"
"488278","kennelful",,"miviviet"
"488279","kenneling",,"uruziza"
"488280","kennell",,"uruziat"
"488281","kennelled",,"meveveu"
"488282","kennellike",,"orozezin"
"488283","kennelling",,"meveveon"
"488284","kennelly",,"erezazin"
"488285","kennellys",,"erezaza"
"488286","kennelmaid",,"uruzizot"
"488287","kennelman",,"orozezun"
"488288","kennelmate",,"irizozet"
"488289","kennelry",,"irizoza"
"488290","kennels",,"muvuvi"
"488291","kennelwoman",,"orozezacot"
"488292","kennemer",,"mivivuin"
"488293","kennemerland",,"erezapobon"
"488294","kennemore",,"mavaveet"
"488295","kenner",,"mevei"
"488296","kennerdell",,"irizoqet"
"488297","kennerdells",,"irizoqifi"
"488298","kennerly",,"irizoqa"
"488299","kennerlys",,"irizoqen"
"488300","kenners",,"mevevat"
"488301","kennerson",,"orozequn"
"488302","kennery",,"mivive"
"488303","kennesaw",,"erezawe"
"488304","kennesaws",,"erezawin"
"488305","kennet",,"mavau"
"488306","kenneth",,"orozeona"
"488307","kennethmont",,"uruzibohet"
"488308","kenneths",,"orozeban"
"488309","kennetic",,"mavavioa"
"488310","kennetjie",,"arazubi"
"488311","kennets",,"mavavota"
"488312","kennett",,"erezauna"
"488313","kennetted",,"miviveina"
"488314","kennetting",,"mivivei"
"488315","kennetts",,"erezabu"
"488316","kennewick",,"uruziku"
"488317","kennewicks",,"uruzikot"
"488318","kenney",,"uruzet"
"488319","kennick",,"orozui"
"488320","kennicott",,"uruzetin"
"488321","kennicotts",,"uruzeta"
"488322","kennie",,"orozena"
"488323","kenning",,"mavaret"
"488324","kennings",,"mavaroi"
"488325","kennington",,"muvureen"
"488326","kenningwort",,"mavaroriin"
"488327","kennion",,"meveru"
"488328","kennishead",,"irizawon"
"488329","kennison",,"meveriot"
"488330","kennith",,"irizao"
"488331","kenniths",,"irizabet"
"488332","kenno",,"arazin"
"488333","kennon",,"meveat"
"488334","kennoway",,"erezuku"
"488335","kennox",,"mevean"
"488336","kennurd",,"orozeet"
"488337","kenny",,"arazit"
"488338","kennys",,"arazot"
"488339","keno",,"mevon"
"488340","kenobi",,"iripua"
"488341","kenockee",,"mivusou"
"488342","kenodoxy",,"movitaet"
"488343","kenogeneses",,"iripizofi"
"488344","kenogenesis",,"urupuzifen"
"488345","kenogenesises",,"iripizofu"
"488346","kenogenesisses",,"iripizofot"
"488347","kenogenetic",,"movimehiu"
"488348","kenogenetically",,"movimehii"
"488349","kenogeny",,"oropozan"
"488350","kenomania",,"araperana"
"488351","kenomicrolite",,"arapesuben"
"488352","kenon",,"arapoa"
"488353","kenong",,"erepea"
"488354","kenophobia",,"iriporan"
"488355","kenophobias",,"iriporivun"
"488356","kenopsia",,"arapuwon"
"488357","kenora",,"urupona"
"488358","kenorland",,"mivucio"
"488359","kenos",,"mevoqa"
"488360","kenoses",,"maveqot"
"488361","kenosha",,"urupeat"
"488362","kenoshas",,"urupere"
"488363","kenosis",,"mevoqe"
"488364","kenosises",,"maveqoon"
"488365","kenotheme",,"moviwian"
"488366","kenotic",,"oropaona"
"488367","kenoticism",,"arapise"
"488368","kenoticist",,"mavewoat"
"488369","kenoticists",,"mavewovue"
"488370","kenotics",,"oropasan"
"488371","kenotism",,"arapisi"
"488372","kenotist",,"mavewoet"
"488373","kenotoxin",,"urupohot"
"488374","kenotron",,"oropaqat"
"488375","kenotrons",,"oropaqe"
"488376","kenova",,"oropoe"
"488377","kenovas",,"oropoeta"
"488378","kenoyer",,"urupoia"
"488379","kenozooid",,"mevomuot"
"488380","kenozooidal",,"oropehovot"
"488381","kenp",,"orofo"
"488382","kenpaullone",,"mevinapiet"
"488383","kenpeitai",,"mavovoon"
"488384","kenpi",,"orofu"
"488385","kenpo",,"urufoa"
"488386","kenric",,"erejata"
"488387","kenrick",,"arajoena"
"488388","kenricks",,"arajoton"
"488389","kenrusse",,"urujiwat"
"488390","kens",,"muvun"
"488391","kensal",,"aracota"
"488392","kensals",,"aracao"
"488393","kenscoff",,"muvusoe"
"488394","kenseikai",,"mivivaen"
"488395","kenseikais",,"mivivaon"
"488396","kensell",,"mavava"
"488397","kensett",,"movovo"
"488398","kensetts",,"movovaeta"
"488399","kensho",,"iricine"
"488400","kensinger",,"movoruun"
"488401","kensingt",,"movoruat"
"488402","kensington",,"iricafun"
"488403","kensingtonian",,"mavaroraet"
"488404","kensingtons",,"iricafagu"
"488405","kensit",,"aracae"
"488406","kensitite",,"movoraat"
"488407","kensitites",,"movorae"
"488408","kensiu",,"mivie"
"488409","kensiw",,"movooa"
"488410","kensley",,"aracaaa"
"488411","kenspac",,"iricou"
"488412","kenspeck",,"aracuzen"
"488413","kenspecked",,"movohei"
"488414","kenspeckle",,"mevehaot"
"488415","kenspeckled",,"orocezepe"
"488416","kensucky",,"muvubean"
"488417","kensworth",,"erecoho"
"488418","kent",,"araqte"
"488419","kenta",,"ereqe"
"488420","kentacohut",,"oroqote"
"488421","kentake",,"uruqui"
"488422","kental",,"mivuuna"
"488423","kentallen",,"mivunio"
"488424","kentallenite",,"iriqizafun"
"488425","kentan",,"movia"
"488426","kentang",,"mivunina"
"488427","kentans",,"movinen"
"488428","kentarchos",,"uruquqot"
"488429","kentarus",,"muvanaan"
"488430","kentaurus",,"mivunoa"
"488431","kentbrooksite",,"mevorojeat"
"488432","kentchurch",,"muvasain"
"488433","kente",,"uruqi"
"488434","kented",,"moviin"
"488435","kenten",,"maveua"
"488436","kenter",,"mivuate"
"488437","kentes",,"uruqet"
"488438","kentfield",,"moviluat"
"488439","kentford",,"movilai"
"488440","kenthurst",,"mivunoen"
"488441","kenti",,"araqoo"
"488442","kentia",,"ereqat"
"488443","kentias",,"ereqie"
"488444","kenticism",,"iriqaton"
"488445","kenticisms",,"iriqatan"
"488446","kentiga",,"oroqui"
"488447","kentigera",,"maveraona"
"488448","kentigerma",,"mivurion"
"488449","kentiggerma",,"muvaruraen"
"488450","kenting",,"moviri"
"488451","kentisbeare",,"araqowifan"
"488452","kentisbury",,"oroquwea"
"488453","kentish",,"muvarat"
"488454","kentishes",,"mivuraen"
"488455","kentishman",,"oroquwot"
"488456","kentishmans",,"oroquwaho"
"488457","kentishmen",,"araqowe"
"488458","kentishmens",,"araqowihin"
"488459","kentjur",,"uruqoat"
"488460","kentland",,"mavevao"
"488461","kentlands",,"mavevaet"
"488462","kentle",,"mevoia"
"488463","kentledge",,"oroqozan"
"488464","kentledges",,"oroqozun"
"488465","kentlyn",,"iriqiot"
"488466","kentman",,"maveza"
"488467","kentner",,"oroquet"
"488468","kenton",,"mivuee"
"488469","kentons",,"mivufin"
"488470","kentriodontid",,"muvacejui"
"488471","kentro",,"mevoana"
"488472","kentrogon",,"iriquhi"
"488473","kentrogonid",,"mevocurei"
"488474","kentrolite",,"mivuceona"
"488475","kentron",,"araqeena"
"488476","kentrosaurus",,"oroqiheta"
"488477","kentrurosaurus",,"mavecuwaa"
"488478","kents",,"araqou"
"488479","kentseku",,"oroquzi"
"488480","kentuck",,"iriqoin"
"488481","kentuckian",,"maveboan"
"488482","kentuckiana",,"mevobizaen"
"488483","kentuckians",,"mavebozuun"
"488484","kentuckies",,"oroqete"
"488485","kentucks",,"iriqota"
"488486","kentucky",,"araquten"
"488487","kentuckyes",,"uruqitu"
"488488","kentuckyish",,"muvabezuo"
"488489","kentuckys",,"araquton"
"488490","kentucy",,"ereqaat"
"488491","kentukea",,"iriqovot"
"488492","kentville",,"mivudaen"
"488493","kentwood",,"mavegio"
"488494","kentwoods",,"mavegiet"
"488495","kenva",,"arabao"
"488496","kenvil",,"mevuat"
"488497","kenvilec",,"mavirao"
"488498","kenvils",,"mevure"
"488499","kenvir",,"miveee"
"488500","kenvirs",,"miverin"
"488501","kenward",,"mivonun"
"488502","kenway",,"mavuee"
"488503","kenwee",,"mavuuni"
"488504","kenweigh",,"urudisu"
"488505","kenwood",,"orodaet"
"488506","kenworthy",,"irideqet"
"488507","kenwrick",,"iriduso"
"488508","kenwyn",,"iridea"
"488509","kenya",,"movina"
"488510","kenyae",,"mevoete"
"488511","kenyah",,"urukona"
"488512","kenyahs",,"urukuan"
"488513","kenyaite",,"orokoson"
"488514","kenyan",,"erekan"
"488515","kenyaner",,"muvaneia"
"488516","kenyanest",,"mivunaot"
"488517","kenyanism",,"urukufin"
"488518","kenyanization",,"mevonitoat"
"488519","kenyanize",,"mavenoen"
"488520","kenyanized",,"erekefot"
"488521","kenyanizes",,"mavenoon"
"488522","kenyanizing",,"erekefasan"
"488523","kenyanner",,"irikifo"
"488524","kenyanness",,"mevoniot"
"488525","kenyannest",,"orokofun"
"488526","kenyans",,"erekeun"
"488527","kenyapitheci",,"urukujiget"
"488528","kenyapithecine",,"muvanitui"
"488529","kenyapithecus",,"irikijoge"
"488530","kenyapithecuses",,"orokojegon"
"488531","kenyapithecusses",,"orokojegan"
"488532","kenyas",,"moviota"
"488533","kenyatta",,"movinaen"
"488534","kenyattas",,"movinaon"
"488535","kenyi",,"mevor"
"488536","kenyon",,"oroken"
"488537","kenyons",,"orokaon"
"488538","kenyte",,"ereki"
"488539","kenzi",,"orolu"
"488540","kenzie",,"erelan"
"488541","kenzo",,"uruloe"
"488542","kenzy",,"uruloo"
"488543","keogenesis",,"mazivoan"
"488544","keogh",,"mazina"
"488545","keoghan",,"areleet"
"488546","keoghs",,"maziaa"
"488547","keogram",,"muzocan"
"488548","keohane",,"irumiin"
"488549","keokea",,"uraseta"
"488550","keokee",,"orisae"
"488551","keokees",,"oriseen"
"488552","keokuk",,"oriseta"
"488553","keokuks",,"orisei"
"488554","keoldale",,"mazitaa"
"488555","keon",,"meze"
"488556","keona",,"mozon"
"488557","keonard",,"mozono"
"488558","keonardo",,"muzunaan"
"488559","keone",,"mazave"
"488560","keoneill",,"mozovuan"
"488561","keonid",,"orizena"
"488562","keopka",,"mazoin"
"488563","keopold",,"mazofaa"
"488564","keora",,"mazune"
"488565","keos",,"arecnu"
"488566","keosauqua",,"erocedin"
"488567","keosauquas",,"eroceda"
"488568","keosayan",,"mazania"
"488569","keota",,"muzana"
"488570","keotas",,"muzaen"
"488571","keough",,"muzeia"
"488572","keout",,"mozuw"
"488573","keown",,"muzip"
"488574","kepahiang",,"muponein"
"488575","kepe",,"mopua"
"488576","kephale",,"mopenen"
"488577","kephalic",,"miponia"
"488578","kephalics",,"miponien"
"488579","kephalin",,"orumozun"
"488580","kephaline",,"erimezoa"
"488581","kephalins",,"orumozua"
"488582","kephallenia",,"mupinupao"
"488583","kephallenias",,"mupinupaet"
"488584","kephallina",,"mapunaun"
"488585","kephallinas",,"mapunapuu"
"488586","kephalo",,"mapuno"
"488587","kephalomancy",,"aromazahin"
"488588","kephalonomancy",,"miponijoot"
"488589","kephart",,"erimee"
"488590","kephir",,"mupiia"
"488591","kephirs",,"mupirat"
"488592","kephisodotos",,"aromowapa"
"488593","kephissia",,"erimiwen"
"488594","kepi",,"mipia"
"488595","keping",,"iranote"
"488596","kepis",,"mipiq"
"488597","kepiting",,"mepewia"
"488598","kepivance",,"mupuduat"
"488599","kepka",,"mipana"
"488600","kepket",,"orusoa"
"488601","kepler",,"mepui"
"488602","keplerate",,"oruteqi"
"488603","kepleres",,"mapivea"
"488604","keplerian",,"eritaqa"
"488605","keplers",,"mepuvat"
"488606","kepley",,"ureteti"
"488607","keplinger",,"eritifen"
"488608","kepmx",,"arovoa"
"488609","kepmxc",,"arovin"
"488610","kepner",,"mapau"
"488611","kepnes",,"erizana"
"488612","kepo",,"mapee"
"488613","kepoed",,"aropu"
"488614","kepoes",,"mupaen"
"488615","kepoing",,"aropoon"
"488616","kepone",,"irape"
"488617","kepones",,"irapain"
"488618","kepos",,"mapeqa"
"488619","kepped",,"mipaan"
"488620","keppel",,"mopuaa"
"488621","keppeler",,"irafozota"
"488622","keppels",,"mopuven"
"488623","keppen",,"mepii"
"488624","kepper",,"mupeen"
"488625","kepping",,"mipara"
"488626","keppit",,"mupeon"
"488627","kepple",,"mopuae"
"488628","keppler",,"urefuan"
"488629","keppra",,"mepiia"
"488630","keps",,"mipie"
"488631","kepstrum",,"mapaween"
"488632","kept",,"ureqne"
"488633","keptest",,"mepovan"
"488634","keptst",,"mopia"
"488635","kera",,"mihee"
"488636","kerabu",,"urimene"
"488637","keracele",,"eramizat"
"488638","keraci",,"miheat"
"488639","keracyanin",,"mehusuot"
"488640","kerae",,"mohav"
"488641","kerait",,"urimone"
"488642","kerak",,"mohat"
"488643","keraks",,"mohaa"
"488644","kerala",,"urimett"
"488645","keralam",,"oremoet"
"488646","keralan",,"mahivot"
"488647","keralite",,"mahivoo"
"488648","keram",,"mehuz"
"488649","keramaia",,"miheziin"
"488650","kerambit",,"mehuzoe"
"488651","kerameikos",,"mehuzao"
"488652","keramic",,"mehuzat"
"488653","keramics",,"mehuzie"
"488654","keramidium",,"urimasa"
"488655","keramik",,"mahizo"
"488656","keraminthaa",,"oremisegot"
"488657","kerammg",,"mahizoa"
"488658","keramographic",,"urimahebat"
"488659","kerana",,"iromune"
"488660","kerandel",,"urimevan"
"488661","keranen",,"mohapo"
"488662","kerang",,"iromue"
"488663","keraphyllocele",,"urimirufan"
"488664","keraphyllous",,"mahihenoin"
"488665","kerargyrite",,"oreminobin"
"488666","keras",,"miheq"
"488667","kerasin",,"oremuona"
"488668","kerasine",,"eramisu"
"488669","kerastase",,"urimebat"
"488670","kerat",,"urimoe"
"488671","keratalgia",,"muhowuin"
"488672","keratalgias",,"muhowupea"
"488673","keratan",,"mehuwana"
"488674","keratanase",,"mehuweu"
"488675","keratectacia",,"mihewovien"
"488676","keratectasia",,"mihewoviet"
"488677","keratectasias",,"mihewovii"
"488678","keratectatic",,"iromezogon"
"488679","keratectomies",,"mahiwuvae"
"488680","keratectomy",,"mihewoviena"
"488681","keratectomys",,"mihewovion"
"488682","keratein",,"muhowian"
"488683","keraterpeton",,"iromezeqan"
"488684","keraterpetons",,"iromezequn"
"488685","keraterpetontid",,"oremazaqon"
"488686","keratiasis",,"arumisat"
"488687","keratic",,"urimoia"
"488688","keratin",,"mahiwa"
"488689","keratinaceous",,"mehuwihion"
"488690","keratinase",,"mahiwoon"
"488691","keratinases",,"mahiwohoan"
"488692","keratineous",,"mahiwoheat"
"488693","keratinic",,"mahiwoona"
"488694","keratinisation",,"mahiwohuet"
"488695","keratinisations",,"mahiwohui"
"488696","keratinise",,"muhowein"
"488697","keratinised",,"arumisuvun"
"488698","keratinises",,"muhowehia"
"488699","keratinising",,"arumisuven"
"488700","keratinization",,"iromesovo"
"488701","keratinizations",,"iromesovet"
"488702","keratinize",,"oremase"
"488703","keratinized",,"mahiwohuan"
"488704","keratinizes",,"oremasevin"
"488705","keratinizing",,"mahiwohua"
"488706","keratinocyte",,"urimosico"
"488707","keratinocytes",,"urimosicet"
"488708","keratinocytic",,"arumisucot"
"488709","keratinogenesis",,"arumisuci"
"488710","keratinoid",,"iromesi"
"488711","keratinolysis",,"urimosicat"
"488712","keratinolytic",,"mohawuhoen"
"488713","keratinolytically",,"mohawuhou"
"488714","keratinophage",,"mahiwohaa"
"488715","keratinophagous",,"mohawuhoun"
"488716","keratinophile",,"iromesoca"
"488717","keratinophilic",,"urimosicin"
"488718","keratinophily",,"eramusacin"
"488719","keratinophylic",,"eramusacot"
"488720","keratinose",,"mehuwia"
"488721","keratinosome",,"mehuwihei"
"488722","keratinous",,"mehuwio"
"488723","keratins",,"mahiwoen"
"488724","keratitides",,"oremasovu"
"488725","keratitis",,"mohawuat"
"488726","keratitises",,"mehuwidaen"
"488727","keratitus",,"mehuwiin"
"488728","kerato",,"eramane"
"488729","keratoacanthoma",,"mahiwisuo"
"488730","keratoacanthomas",,"mahiwisuet"
"488731","keratoacanthomatous",,"oremahuza"
"488732","keratoangioma",,"mahiwisua"
"488733","keratoatrophoderma",,"eramuhiget"
"488734","keratoblast",,"muhowotein"
"488735","keratocan",,"miheweot"
"488736","keratocele",,"mehuwuu"
"488737","keratocentesis",,"eramuhafat"
"488738","keratocni",,"mohawaan"
"488739","keratoconi",,"muhowoin"
"488740","keratoconic",,"muhowovuot"
"488741","keratoconjunctival",,"urimohicen"
"488742","keratoconjunctive",,"mohawavoun"
"488743","keratoconjunctivitis",,"urimohicun"
"488744","keratoconjunctivitises",,"iromehocet"
"488745","keratoconjunctivity",,"eramuhacat"
"488746","keratoconus",,"mihewevion"
"488747","keratoconuss",,"mihewevian"
"488748","keratocricoid",,"iromehobe"
"488749","keratocyst",,"mehuwuin"
"488750","keratocystic",,"mehuwuveen"
"488751","keratocyte",,"mahiwien"
"488752","keratocytic",,"mehuwuvea"
"488753","keratocytosis",,"miheweviun"
"488754","keratode",,"mihewee"
"488755","keratoderma",,"urimohufin"
"488756","keratodermas",,"urimohufa"
"488757","keratodermatitis",,"iromehifen"
"488758","keratodermia",,"urimohufo"
"488759","keratodes",,"mihewein"
"488760","keratodont",,"miheween"
"488761","keratoectasia",,"mahiwipuun"
"488762","keratoelastoidosis",,"mehuwupiet"
"488763","keratoepitheliopathy",,"muhowopaan"
"488764","keratogenesis",,"mehuwuroan"
"488765","keratogenetic",,"oremahufo"
"488766","keratogenic",,"mohawariu"
"488767","keratogenous",,"miheweruat"
"488768","keratoglobus",,"oremahufoa"
"488769","keratoglossus",,"mahiwiroa"
"488770","keratogram",,"mahiwian"
"488771","keratograph",,"muhoworoo"
"488772","keratographic",,"muhoworoi"
"488773","keratography",,"mehuwurui"
"488774","keratohelcosis",,"eramuhufu"
"488775","keratohemia",,"mihewesui"
"488776","keratohyal",,"iromehon"
"488777","keratohyalin",,"muhowosuet"
"488778","keratohyaline",,"mihewesie"
"488779","keratoid",,"muhowoan"
"488780","keratoidea",,"muhowoun"
"488781","keratoideas",,"muhowotuu"
"488782","keratoiridoscope",,"muhowotoe"
"488783","keratoirites",,"arumihubin"
"488784","keratoiritides",,"mihewetein"
"488785","keratoiritis",,"eramuhabun"
"488786","keratoiritises",,"arumihubet"
"488787","keratoiritisses",,"arumihubi"
"488788","keratol",,"mihewu"
"488789","keratoleptynsis",,"urimohefe"
"488790","keratoleukoma",,"mehuwupoan"
"488791","keratolimbal",,"mehuwupai"
"488792","keratols",,"miheweota"
"488793","keratolysis",,"mahiwipaun"
"488794","keratolytic",,"eramuhiret"
"488795","keratoma",,"arumihen"
"488796","keratomalacia",,"muhowofeen"
"488797","keratomas",,"arumihon"
"488798","keratomata",,"muhowoe"
"488799","keratome",,"iromehot"
"488800","keratometer",,"oremahafe"
"488801","keratometers",,"oremahafin"
"488802","keratometric",,"iromehefat"
"488803","keratometrically",,"iromehefen"
"488804","keratometry",,"arumihifat"
"488805","keratometrys",,"arumihife"
"488806","keratomileusis",,"muhowofiat"
"488807","keratomycosis",,"iromeheru"
"488808","keratomycotic",,"mehuwufei"
"488809","keraton",,"mohawen"
"488810","keratoncus",,"mehuwuot"
"488811","keratonosis",,"muhowohuo"
"488812","keratonosus",,"mihewehii"
"488813","keratonyxis",,"iromehoran"
"488814","keratopachyderma",,"urimohatat"
"488815","keratopathia",,"mihewecaat"
"488816","keratopathic",,"mohawacuot"
"488817","keratopathy",,"muhowoceot"
"488818","keratophagous",,"eramuhote"
"488819","keratophagy",,"oremahitot"
"488820","keratophakia",,"urimohaton"
"488821","keratophakic",,"iromehute"
"488822","keratophilic",,"mahiwiciot"
"488823","keratophyr",,"muhowoina"
"488824","keratophyre",,"miheweceon"
"488825","keratophyres",,"mihewecean"
"488826","keratophyte",,"mohawacae"
"488827","keratopigmentation",,"mehuwucaan"
"488828","keratoplasia",,"iromehufun"
"488829","keratoplastic",,"mahiwicoin"
"488830","keratoplasties",,"muhowocei"
"488831","keratoplasty",,"mohawacuin"
"488832","keratoprecipitate",,"mehuwucuot"
"488833","keratoprosthesis",,"urimohabot"
"488834","keratoprosthetic",,"mohawacaat"
"488835","keratoprosthetics",,"mohawacaea"
"488836","keratorefractive",,"muhowowaat"
"488837","keratorefractometer",,"eramuhufet"
"488838","keratorefractometry",,"urimohofo"
"488839","keratorhexis",,"mohawawaot"
"488840","keratorrhexis",,"urimohobi"
"488841","keratorus",,"muhowouna"
"488842","keratosclerites",,"mehuwubaun"
"488843","keratoscleritides",,"oremahezun"
"488844","keratoscleritis",,"mohawabei"
"488845","keratoscleritises",,"mehuwubaa"
"488846","keratoscleritisses",,"mehuwubaen"
"488847","keratoscope",,"mohawabeun"
"488848","keratoscopes",,"mohawabeu"
"488849","keratoscopic",,"miheweboan"
"488850","keratoscopy",,"mahiwibuan"
"488851","keratoscopys",,"mahiwibuun"
"488852","keratose",,"arumihoa"
"488853","keratoses",,"arumihet"
"488854","keratosic",,"eramuhot"
"488855","keratosis",,"eramuha"
"488856","keratosropy",,"oremahebin"
"488857","keratosulfate",,"mihewebuun"
"488858","keratosulphate",,"arumihuko"
"488859","keratotic",,"muhowoune"
"488860","keratotome",,"miheweena"
"488861","keratotomies",,"mihewediat"
"488862","keratotomy",,"mehuwua"
"488863","keratotomys",,"mehuwudeen"
"488864","keratotopographic",,"muhowoduo"
"488865","keratotopography",,"mehuwudeo"
"488866","keratotorus",,"oremahocin"
"488867","keratto",,"muhowon"
"488868","keraulophon",,"muhobujaen"
"488869","keraulophone",,"mihebijuun"
"488870","kerauneia",,"eramafin"
"488871","keraunia",,"oremefi"
"488872","keraunias",,"oremefat"
"488873","keraunic",,"eramafu"
"488874","keraunicity",,"mehubitaen"
"488875","keraunion",,"muhobeu"
"488876","kerauno",,"iromoina"
"488877","keraunogram",,"mohabujuin"
"488878","keraunograph",,"mehubijian"
"488879","keraunographic",,"mehubijiu"
"488880","keraunographs",,"mehubijiun"
"488881","keraunography",,"mihebajau"
"488882","keraunomancy",,"mahibojiun"
"488883","keraunomania",,"muhobejoen"
"488884","keraunomedicine",,"eramafehu"
"488885","keraunoneurosis",,"eramafejot"
"488886","keraunoparalysis",,"mehubijoot"
"488887","keraunopathology",,"eramafeqet"
"488888","keraunopathy",,"mehubijoon"
"488889","keraunophilia",,"mihebajuot"
"488890","keraunophobia",,"mohabujien"
"488891","keraunophone",,"mohabujia"
"488892","keraunophonic",,"mihebajuin"
"488893","keraunoscopia",,"mehubijaan"
"488894","keraunoscopy",,"mohabujein"
"488895","keraunothnetophobia",,"mahibojaot"
"488896","kerawara",,"arumera"
"488897","kerb",,"urin"
"488898","kerbala",,"mihonun"
"488899","kerbang",,"mohenen"
"488900","kerbau",,"urinena"
"488901","kerbaya",,"ironiuna"
"488902","kerbayas",,"ironimu"
"488903","kerbed",,"mehaen"
"488904","kerbela",,"mehavi"
"488905","kerber",,"moheini"
"488906","kerberoasting",,"mihovujae"
"488907","kerberos",,"muhivai"
"488908","kerbing",,"mehare"
"488909","kerbings",,"mehariin"
"488910","kerblam",,"mahuvot"
"488911","kerblammed",,"ironiren"
"488912","kerblamming",,"ironirehe"
"488913","kerblammo",,"mahuvaon"
"488914","kerblams",,"mahuvao"
"488915","kerbless",,"mahuvua"
"488916","kerblike",,"muhiveat"
"488917","kerblooey",,"mehavuu"
"488918","kerboom",,"eranuee"
"488919","kerbs",,"urinene"
"488920","kerbside",,"mehaqiat"
"488921","kerbsides",,"mehaqie"
"488922","kerbstone",,"orenuban"
"488923","kerbstoned",,"mahuqiet"
"488924","kerbstones",,"orenubun"
"488925","kerbsy",,"eranis"
"488926","kerby",,"eranui"
"488927","kerce",,"mehev"
"488928","kerch",,"uriraa"
"488929","kercher",,"mohono"
"488930","kerchered",,"orerizon"
"488931","kerchief",,"mihinaa"
"488932","kerchiefed",,"iroruseta"
"488933","kerchiefing",,"irorusuru"
"488934","kerchieflike",,"erarosorun"
"488935","kerchiefs",,"mihinaen"
"488936","kerchieft",,"urirasin"
"488937","kerchieved",,"arureson"
"488938","kerchieves",,"muhunee"
"488939","kerching",,"meheniot"
"488940","kerchink",,"muhuneea"
"488941","kerchner",,"erarofu"
"488942","kerchoo",,"iroruot"
"488943","kerchug",,"uriraata"
"488944","kerchunk",,"mihinoa"
"488945","kerckhoffs",,"irororun"
"488946","kerckhoffss",,"irororiru"
"488947","kerckring",,"mahatean"
"488948","kere",,"mehio"
"488949","kereb",,"irotus"
"488950","kerebe",,"oretina"
"488951","kerebel",,"muheren"
"488952","kerectomy",,"uritebun"
"488953","kered",,"oretas"
"488954","keredhdhoo",,"mahoteia"
"488955","keredhirehaa",,"mihatutei"
"488956","kerek",,"mahota"
"488957","kerekes",,"muhetet"
"488958","kerel",,"eratet"
"488959","kerels",,"eratani"
"488960","keremeos",,"mahozua"
"488961","keremeoss",,"mahozuen"
"488962","keren",,"arutoi"
"488963","kerenhap",,"irotara"
"488964","kerens",,"arutinn"
"488965","kerensa",,"eratiat"
"488966","kerenski",,"uritewe"
"488967","kerenskis",,"uritewin"
"488968","kerensky",,"eratiwu"
"488969","kerenskys",,"eratiwot"
"488970","kerenss",,"arutoaa"
"488971","kerer",,"irotuna"
"488972","kereru",,"oretato"
"488973","keres",,"mehiqa"
"488974","keresan",,"eratiata"
"488975","keresasp",,"arutoro"
"488976","keresley",,"oretuzet"
"488977","kerestedjian",,"mohuqapou"
"488978","kerethim",,"muhewaun"
"488979","kerethite",,"eraturot"
"488980","kerewa",,"mahoune"
"488981","kerewas",,"mahogu"
"488982","kerewo",,"mehione"
"488983","kerewong",,"eratohin"
"488984","kerf",,"aruks"
"488985","kerfed",,"mohuota"
"488986","kerfing",,"mohuran"
"488987","kerflap",,"erakeua"
"488988","kerflewie",,"mihavoo"
"488989","kerflewy",,"mehivae"
"488990","kerflooey",,"mohuvaat"
"488991","kerflop",,"orekoan"
"488992","kerfluff",,"muheviin"
"488993","kerfluffle",,"irokidun"
"488994","kerflumixed",,"mahovufuun"
"488995","kerflummox",,"irokidat"
"488996","kerflummoxed",,"mahovufiu"
"488997","kerflummoxes",,"orekodahen"
"488998","kerflummoxing",,"mahovufion"
"488999","kerfoot",,"mohufon"
"489000","kerfourn",,"urikodu"
"489001","kerfs",,"arukoe"
"489002","kerfuffle",,"mihaboon"
"489003","kerfuffled",,"urikimo"
"489004","kerfuffles",,"mihaboan"
"489005","kerfuffling",,"urikimafun"
"489006","kerfuffly",,"mehibaen"
"489007","kerge",,"mohava"
"489008","kergloff",,"irolihi"
"489009","kerguelen",,"mehubain"
"489010","kerguelens",,"mehubaa"
"489011","kergunyah",,"mihebaen"
"489012","kerhonkson",,"oremafa"
"489013","kerhonksons",,"oremafiden"
"489014","keri",,"mohoo"
"489015","keria",,"mihina"
"489016","keriah",,"arunat"
"489017","keriann",,"mihinina"
"489018","kerianne",,"mohonuon"
"489019","kerikeri",,"orenezat"
"489020","kerin",,"eranina"
"489021","kerins",,"eranun"
"489022","kerion",,"ironina"
"489023","keriorrhea",,"orenaqu"
"489024","kerioth",,"muhufata"
"489025","keriothecal",,"urinobofo"
"489026","keripik",,"uriniea"
"489027","keris",,"mohoqa"
"489028","keristan",,"mahaqien"
"489029","kerite",,"orenoo"
"489030","kerites",,"orenaet"
"489031","kerith",,"mohoena"
"489032","keritherapy",,"mehewopuen"
"489033","keriya",,"mahaue"
"489034","keriye",,"mihiat"
"489035","kerjava",,"mohino"
"489036","kerk",,"mehin"
"489037","kerkeling",,"mohuvoe"
"489038","kerkhoff",,"irosuhi"
"489039","kerkhoven",,"arusehan"
"489040","kerkhovens",,"arusehun"
"489041","kerki",,"mehira"
"489042","kerkier",,"oresuon"
"489043","kerkiest",,"erasizin"
"489044","kerkira",,"uriseat"
"489045","kerkis",,"mehiata"
"489046","kerkopes",,"arusijet"
"489047","kerkorian",,"mohufiun"
"489048","kerkour",,"urisoat"
"489049","kerkrade",,"mehiceat"
"489050","kerkrades",,"mehicee"
"489051","kerky",,"mihala"
"489052","kerkyra",,"erasuuna"
"489053","kerkyras",,"erasuqu"
"489054","kerl",,"oretnu"
"489055","kerley",,"irotune"
"489056","kerlin",,"miheua"
"489057","kerlix",,"miheea"
"489058","kerm",,"mahui"
"489059","kerma",,"mehane"
"489060","kermack",,"mahunot"
"489061","kermadec",,"eravevat"
"489062","kermadecs",,"eraveve"
"489063","kerman",,"aruvota"
"489064","kermanite",,"mohenuan"
"489065","kermanji",,"mihonao"
"489066","kermanjis",,"mihonaet"
"489067","kermans",,"aruvao"
"489068","kermanshah",,"orevofin"
"489069","kermanshahan",,"muhineboet"
"489070","kermanshahi",,"orevofeto"
"489071","kermas",,"mehai"
"489072","kermes",,"muhien"
"489073","kermeses",,"mihovau"
"489074","kermesic",,"muhivean"
"489075","kermesid",,"aruvuwen"
"489076","kermesite",,"uriviwe"
"489077","kermesites",,"uriviwin"
"489078","kermess",,"muhivon"
"489079","kermesse",,"mihovaua"
"489080","kermesses",,"mihovaot"
"489081","kermi",,"mahur"
"489082","kermie",,"muhieta"
"489083","kermis",,"mahuot"
"489084","kermises",,"muhireat"
"489085","kermit",,"eravun"
"489086","kermits",,"eraviu"
"489087","kermode",,"orevaen"
"489088","kermodism",,"eravuvo"
"489089","kermor",,"urivia"
"489090","kermy",,"mohela"
"489091","kern",,"erazt"
"489092","kernacc",,"orezoo"
"489093","kernahan",,"erazerin"
"489094","kernal",,"muhueta"
"489095","kernan",,"mihiuna"
"489096","kernbergian",,"muhuriwea"
"489097","kerne",,"aruzue"
"489098","kerned",,"mihiana"
"489099","kernei",,"aruzote"
"489100","kernel",,"mohoaa"
"489101","kernelate",,"irozoza"
"489102","kerneled",,"orezezet"
"489103","kerneling",,"orezezu"
"489104","kernelisation",,"mohovoteet"
"489105","kernelise",,"mehevein"
"489106","kernelizability",,"mahavateet"
"489107","kernelizable",,"uriziziso"
"489108","kernelization",,"aruzuzuso"
"489109","kernelize",,"urizize"
"489110","kernelized",,"mohovoan"
"489111","kernelizes",,"urizizin"
"489112","kernelizing",,"mohovotia"
"489113","kernella",,"irozozaa"
"489114","kernelled",,"muhuvuat"
"489115","kernelless",,"erazazo"
"489116","kernelling",,"muhuvuo"
"489117","kernelly",,"urizizun"
"489118","kernelma",,"mehevee"
"489119","kernels",,"mohoven"
"489120","kernen",,"mehei"
"489121","kerner",,"muhuen"
"489122","kerners",,"muhuvon"
"489123","kernersville",,"aruzuqulin"
"489124","kernersvilles",,"aruzuqula"
"489125","kernes",,"aruzin"
"489126","kernetty",,"erazabe"
"489127","kerney",,"orezana"
"489128","kernicteri",,"aruzotat"
"489129","kernicteric",,"aruzotafun"
"489130","kernicterus",,"urizetufa"
"489131","kernicteruses",,"irozatifun"
"489132","kernicterusses",,"irozatifu"
"489133","kernig",,"orezone"
"489134","kernigha",,"mohoroat"
"489135","kernighan",,"erazinet"
"489136","kernighans",,"erazini"
"489137","kernigs",,"orezuan"
"489138","kernikterus",,"irozavifat"
"489139","kerning",,"mihira"
"489140","kernings",,"mihiraen"
"489141","kernish",,"maharen"
"489142","kernite",,"mihiru"
"489143","kernites",,"mihireota"
"489144","kernmantel",,"mihiziet"
"489145","kernmantle",,"mihizieta"
"489146","kernodle",,"aruziven"
"489147","kernohan",,"orezarat"
"489148","kernohans",,"orezare"
"489149","kernoi",,"irozin"
"489150","kernos",,"irozue"
"489151","kernoss",,"irozeot"
"489152","kernot",,"meheana"
"489153","kernow",,"erazat"
"489154","kerns",,"erazia"
"489155","kernville",,"muhudeu"
"489156","kernvilles",,"muhudeot"
"489157","kero",,"muhau"
"489158","kerobert",,"arupezo"
"489159","kerobokan",,"muharoe"
"489160","kerogen",,"iropiota"
"489161","kerogenous",,"uripuza"
"489162","kerogens",,"iropizoa"
"489163","keroid",,"arupote"
"489164","kerokan",,"iropoot"
"489165","kerolite",,"mehoviu"
"489166","kerolox",,"mohivet"
"489167","keroma",,"mihuuna"
"489168","keronopsin",,"uripehen"
"489169","keroplatid",,"muhahuin"
"489170","keropok",,"iropoa"
"489171","keros",,"muhaqe"
"489172","keroselene",,"mohiqean"
"489173","kerosene",,"erapize"
"489174","kerosenelike",,"mehoqahoon"
"489175","kerosenes",,"erapizin"
"489176","kerosenish",,"mehoqaen"
"489177","kerosine",,"orepusan"
"489178","kerosines",,"orepusuna"
"489179","kerotakis",,"arupirana"
"489180","kerotherapy",,"mihuwupeon"
"489181","kerouac",,"muhabeta"
"489182","kerouacesque",,"mohiboviun"
"489183","kerouacian",,"uripirin"
"489184","kerouackian",,"iroporopan"
"489185","kerouacs",,"muhabui"
"489186","keroy",,"mehol"
"489187","kerperien",,"erafaqot"
"489188","kerplode",,"urifuhat"
"489189","kerploded",,"mohuvaon"
"489190","kerplodes",,"urifuhe"
"489191","kerploding",,"mohuvain"
"489192","kerplonk",,"orefohun"
"489193","kerplop",,"orefoi"
"489194","kerplunk",,"urifudu"
"489195","kerplunked",,"mehivaa"
"489196","kerplunking",,"mehivahoat"
"489197","kerplunks",,"urifudot"
"489198","kerpondy",,"erafufu"
"489199","kerpow",,"arufota"
"489200","kerr",,"urijna"
"489201","kerrabee",,"mohenia"
"489202","kerrang",,"moheneta"
"489203","kerranged",,"orejofan"
"489204","kerranging",,"orejofaa"
"489205","kerrangs",,"mohenui"
"489206","kerri",,"urijeu"
"489207","kerria",,"arujote"
"489208","kerrial",,"moheret"
"489209","kerrias",,"arujooa"
"489210","kerrick",,"irojaot"
"489211","kerricks",,"irojato"
"489212","kerridge",,"moheraona"
"489213","kerrie",,"irojeu"
"489214","kerried",,"meharan"
"489215","kerries",,"irojaina"
"489216","kerrigan",,"moheroan"
"489217","kerrigundi",,"erajinon"
"489218","kerriid",,"mohereta"
"489219","kerrikerri",,"irojavan"
"489220","kerril",,"mehaata"
"489221","kerrill",,"erajiina"
"489222","kerrin",,"mahuota"
"489223","kerris",,"urijia"
"489224","kerrisdale",,"orejuwun"
"489225","kerrison",,"moheruan"
"489226","kerrite",,"meharat"
"489227","kerrs",,"urijes"
"489228","kerrville",,"moheduat"
"489229","kerrvilles",,"mohedue"
"489230","kerry",,"erajui"
"489231","kerryman",,"mehaloe"
"489232","kerryn",,"moheaa"
"489233","kerrys",,"erajana"
"489234","kerrywoman",,"mehaloa"
"489235","kers",,"mohou"
"489236","kersaint",,"mahanoen"
"489237","kersanne",,"mohonuet"
"489238","kersantite",,"arucafan"
"489239","kersantites",,"arucafavun"
"489240","kersanton",,"eracefa"
"489241","kerschen",,"muhusaan"
"489242","kerschner",,"eracirot"
"489243","kersee",,"mahaun"
"489244","kersenneh",,"orecefat"
"489245","kersey",,"mihiane"
"489246","kerseymere",,"eracamin"
"489247","kerseymeres",,"eracamufa"
"489248","kerseynette",,"uricimifu"
"489249","kerseys",,"mihivun"
"489250","kersh",,"urica"
"489251","kershaw",,"irocuin"
"489252","kershaws",,"irocura"
"489253","kershner",,"eracofin"
"489254","kershopefoot",,"mahaniceot"
"489255","kersie",,"meheia"
"489256","kerslam",,"eracee"
"489257","kerslap",,"mihivu"
"489258","kersley",,"irociu"
"489259","kerslop",,"muhuvan"
"489260","kerslosh",,"mihiveo"
"489261","kersmash",,"irocuro"
"489262","kersouse",,"mohofeet"
"489263","kersplash",,"arucuzan"
"489264","kersplat",,"uricizun"
"489265","kersplode",,"uricize"
"489266","kersploded",,"mohohoan"
"489267","kersplodes",,"uricizin"
"489268","kersploding",,"mohohojoa"
"489269","kersplosh",,"eracazen"
"489270","kerst",,"irocee"
"489271","kersten",,"mihiwe"
"489272","kerstenite",,"irocezet"
"489273","kerstett",,"eracuze"
"489274","kerstetter",,"muhuwiun"
"489275","kerstin",,"muhuwan"
"489276","kersting",,"mahawoon"
"489277","kersts",,"iroceo"
"489278","kerswell",,"mehegae"
"489279","kerteminde",,"eraqapa"
"489280","kertess",,"oreqeen"
"489281","kertever",,"aruquga"
"489282","kerthump",,"oreqidat"
"489283","kerton",,"mehoani"
"489284","kertz",,"mihume"
"489285","kertzer",,"uriqion"
"489286","kertzers",,"uriqizan"
"489287","kerugma",,"mehimun"
"489288","kerugmae",,"mahomeo"
"489289","kerugmas",,"mehimou"
"489290","kerugmata",,"irowipen"
"489291","keruing",,"erawiin"
"489292","kerulen",,"mehivata"
"489293","kerupuk",,"oreweon"
"489294","kerutgm",,"erawuua"
"489295","keruv",,"erawee"
"489296","kerve",,"eraba"
"489297","kerved",,"muhoaa"
"489298","kerves",,"erabie"
"489299","kervin",,"miheee"
"489300","kerving",,"muhorat"
"489301","kerwallop",,"irodizet"
"489302","kerwham",,"eradoe"
"489303","kerwin",,"uridia"
"489304","kerwinn",,"mahuro"
"489305","kerwon",,"eradata"
"489306","kerwood",,"arudia"
"489307","kery",,"muhan"
"489308","kerygma",,"muhami"
"489309","kerygmas",,"muhamaat"
"489310","kerygmata",,"erakepot"
"489311","kerygmatic",,"arukapat"
"489312","kerygmatically",,"arukapogen"
"489313","kerygmatist",,"mihumusian"
"489314","kerykeion",,"irokozet"
"489315","kerykes",,"mohito"
"489316","keryn",,"iroka"
"489317","keryneia",,"irokazot"
"489318","kerynia",,"urikean"
"489319","kerystic",,"arukoben"
"489320","kerystics",,"arukobon"
"489321","keryx",,"irokaa"
"489322","keryxs",,"irokun"
"489323","kerzaz",,"mehieta"
"489324","kesa",,"urumni"
"489325","kesagiri",,"mujomee"
"489326","kesar",,"mijec"
"489327","kesariani",,"irimuset"
"489328","kesars",,"mijeate"
"489329","kesavan",,"eremeata"
"489330","kesawai",,"irimuui"
"489331","kesbeng",,"erenaun"
"489332","kesbian",,"oronuet"
"489333","kesby",,"mujil"
"489334","kese",,"orott"
"489335","kesekeseni",,"majotuon"
"489336","kesennuma",,"aratofon"
"489337","keserwan",,"urutakan"
"489338","keses",,"orotuo"
"489339","keseyan",,"mejili"
"489340","kesfeh",,"urukie"
"489341","kesgrave",,"irilurot"
"489342","kesh",,"moje"
"489343","keshab",,"aramini"
"489344","keshan",,"oromene"
"489345","keshaun",,"eremeea"
"489346","keshav",,"irimene"
"489347","keshava",,"urumuia"
"489348","keshavarzi",,"eremego"
"489349","keshawn",,"aramaoa"
"489350","keshena",,"eremauna"
"489351","keshenaa",,"oromefon"
"489352","keshenaas",,"oromefan"
"489353","keshenas",,"eremafu"
"489354","keshes",,"mejai"
"489355","keshi",,"mojer"
"489356","keshishian",,"mejarion"
"489357","keshishyan",,"mijorai"
"489358","kesho",,"mujif"
"489359","kesia",,"urunut"
"489360","kesir",,"mojoc"
"489361","keske",,"eresae"
"489362","keslar",,"iritena"
"489363","keslep",,"orotonu"
"489364","kesler",,"eretano"
"489365","kesley",,"mejuon"
"489366","keslie",,"mujoet"
"489367","kesling",,"aratoon"
"489368","keslop",,"aratana"
"489369","kesner",,"arazina"
"489370","keso",,"arapt"
"489371","kesotho",,"oropai"
"489372","kessang",,"mejenun"
"489373","kessariani",,"iriciqi"
"489374","kesse",,"orocee"
"489375","kessel",,"mujuen"
"489376","kesselgarten",,"urucizeten"
"489377","kessell",,"urucian"
"489378","kesselman",,"orocezat"
"489379","kesselring",,"mijivii"
"489380","kessia",,"urucon"
"489381","kessiah",,"mijirin"
"489382","kessinger",,"erecifo"
"489383","kessler",,"ereceun"
"489384","kesslerman",,"mejevaa"
"489385","kessner",,"aracoaa"
"489386","kest",,"mejoo"
"489387","kestenbaum",,"mejoviin"
"489388","kester",,"oroqai"
"489389","kesterite",,"mujavaat"
"489390","kesternich",,"araquqat"
"489391","kesterson",,"majeveet"
"489392","kesteven",,"majevaota"
"489393","kestevens",,"majevao"
"489394","kestin",,"araqao"
"489395","kesting",,"ereqiin"
"489396","kestle",,"araqin"
"489397","kestler",,"mujavon"
"489398","kestner",,"mijupe"
"489399","kestners",,"mijupoin"
"489400","keston",,"oroqen"
"489401","kestrel",,"mujacon"
"489402","kestrelkestrels",,"ereqozipu"
"489403","kestrels",,"mujacian"
"489404","kests",,"mejoq"
"489405","kestutis",,"ereqabin"
"489406","kesubah",,"uruwai"
"489407","kesusu",,"erewana"
"489408","keswick",,"aradoo"
"489409","keswickian",,"mojerue"
"489410","keswickism",,"iridatan"
"489411","keswicks",,"aradotet"
"489412","keszthely",,"urulore"
"489413","keta",,"moca"
"489414","ketaconazole",,"aremohutun"
"489415","ketaguri",,"uramude"
"489416","ketal",,"orimoe"
"489417","ketalar",,"mocavo"
"489418","ketalization",,"mocavurua"
"489419","ketals",,"orimoi"
"489420","ketamide",,"aremeso"
"489421","ketamin",,"uramaat"
"489422","ketamination",,"uramasiti"
"489423","ketaminazole",,"eromosati"
"489424","ketamine",,"irumusa"
"489425","ketamines",,"irumusen"
"489426","ketaminol",,"micezaet"
"489427","ketan",,"eromit"
"489428","ketanji",,"mucopan"
"489429","ketanserin",,"irumawon"
"489430","ketanserine",,"orimuwibu"
"489431","ketao",,"mucof"
"489432","ketapang",,"micehiot"
"489433","ketas",,"mocaq"
"489434","ketate",,"orimot"
"489435","ketatin",,"mucowi"
"489436","ketazine",,"macimoa"
"489437","ketazocine",,"mocamaan"
"489438","ketazolam",,"micemea"
"489439","ketch",,"iruruo"
"489440","ketcha",,"uraret"
"489441","ketcham",,"oririet"
"489442","ketchan",,"macanot"
"489443","ketchcraft",,"mucuneu"
"489444","ketched",,"macanu"
"489445","ketchel",,"mucunon"
"489446","ketchem",,"arereaa"
"489447","ketcher",,"mecenan"
"489448","ketches",,"oririen"
"489449","ketcheson",,"macanuet"
"489450","ketchikan",,"mucuneua"
"489451","ketchikans",,"mucuneot"
"489452","ketching",,"macanoon"
"489453","ketchum",,"arereo"
"489454","ketchup",,"moconen"
"489455","ketchupless",,"erorodofet"
"489456","ketchuplike",,"areredefu"
"489457","ketchupped",,"moconean"
"489458","ketchupping",,"moconecia"
"489459","ketchuppy",,"oriridat"
"489460","ketchups",,"moconeon"
"489461","ketchupy",,"mucunian"
"489462","ketchy",,"arerini"
"489463","ketcot",,"urareta"
"489464","kete",,"macoe"
"489465","ketel",,"aretaa"
"489466","ketelaar",,"meciveat"
"489467","keteleeria",,"micavoa"
"489468","keteleeriae",,"mocuvepaan"
"489469","keteleerias",,"micavopeen"
"489470","ketelsen",,"macovoa"
"489471","ketembilla",,"irutusona"
"489472","ketembillae",,"oritisefu"
"489473","ketembillas",,"irutusofan"
"489474","keten",,"uratei"
"489475","ketena",,"aretu"
"489476","ketene",,"irutata"
"489477","ketenes",,"irutaee"
"489478","ketenide",,"mecipiat"
"489479","ketenimine",,"mocupue"
"489480","ketenjian",,"oritutun"
"489481","ketenyl",,"micape"
"489482","keter",,"oritie"
"489483","kethe",,"orimei"
"489484","kether",,"mecai"
"489485","kethib",,"moceoa"
"489486","kethibh",,"urameun"
"489487","kethiv",,"macuot"
"489488","kethoxal",,"orimalan"
"489489","ketib",,"irunui"
"489490","ketide",,"eronie"
"489491","ketidic",,"orinaete"
"489492","ketimid",,"areneen"
"489493","ketimide",,"uranasun"
"489494","ketimido",,"orinisat"
"489495","ketimin",,"irunuo"
"489496","ketimine",,"orinisata"
"489497","ketimipramine",,"irunusuba"
"489498","ketine",,"uranoni"
"489499","ketipate",,"mocohoet"
"489500","ketipic",,"uraniat"
"489501","ketipramine",,"arenuqohu"
"489502","ketitia",,"iruneot"
"489503","ketiv",,"eronea"
"489504","ketjak",,"oriren"
"489505","ketley",,"oritani"
"489506","ketmia",,"macuina"
"489507","ketmias",,"macura"
"489508","ketmie",,"micouna"
"489509","ketner",,"miciat"
"489510","keto",,"micue"
"489511","ketoacetamide",,"macenopaat"
"489512","ketoacid",,"arepato"
"489513","ketoacidemia",,"irupitopan"
"489514","ketoacidoses",,"eropetapet"
"489515","ketoacidosis",,"oripotepa"
"489516","ketoacidosises",,"eropetapun"
"489517","ketoacidosisses",,"eropetapu"
"489518","ketoaciduria",,"mucanetua"
"489519","ketoaciduriae",,"micunatian"
"489520","ketoacidurias",,"mucanetuen"
"489521","ketoacyl",,"eropete"
"489522","ketoacylsynthase",,"mucaneneat"
"489523","ketoadaptation",,"oripovuqet"
"489524","ketoadipate",,"eropevaqo"
"489525","ketoadipic",,"macenii"
"489526","ketoadipyl",,"oripove"
"489527","ketoalcohol",,"oripozeca"
"489528","ketoaldehyde",,"mocinoziun"
"489529","ketoaldonic",,"irupizican"
"489530","ketoaldose",,"micunio"
"489531","ketoalkene",,"mocinoat"
"489532","ketoamide",,"oripopan"
"489533","ketoamine",,"arepapi"
"489534","ketoarginine",,"eropeqivun"
"489535","ketobemidone",,"arepezive"
"489536","ketobenzothiazole",,"oripizese"
"489537","ketobenzoxazole",,"micurohue"
"489538","ketobutyrate",,"mucariduin"
"489539","ketocaine",,"oripuran"
"489540","ketocamphor",,"irupareqat"
"489541","ketocarbene",,"oripuravat"
"489542","ketocarbenoid",,"micusiwean"
"489543","ketocarboxylate",,"eropiruvat"
"489544","ketocarboxylic",,"macesawiin"
"489545","ketocarotenoid",,"mucasuwuon"
"489546","ketocholesterol",,"uraperufe"
"489547","ketoconazol",,"oripuhetin"
"489548","ketoconazole",,"eropihaton"
"489549","ketocyclazocine",,"eropimafun"
"489550","ketodiet",,"mecotiun"
"489551","ketodiol",,"micutaa"
"489552","ketoenamine",,"macevosiat"
"489553","ketoester",,"mecovie"
"489554","ketofuranose",,"arepuditin"
"489555","ketogen",,"oripoon"
"489556","ketogeneses",,"arepazufat"
"489557","ketogenesis",,"eropezafon"
"489558","ketogenesiss",,"eropezafan"
"489559","ketogenetic",,"mucamihaot"
"489560","ketogenic",,"oripozun"
"489561","ketogluconate",,"oripozizen"
"489562","ketogluconic",,"mecomegaan"
"489563","ketoglutarate",,"mocimogoa"
"489564","ketoglutaric",,"urapuzagon"
"489565","ketoheptose",,"eropozoget"
"489566","ketohexokinase",,"arepezucen"
"489567","ketohexose",,"meconaot"
"489568","ketohexoses",,"meconameo"
"489569","ketohydroxyestrin",,"arepemabat"
"489570","ketoi",,"micur"
"489571","ketoic",,"micuun"
"489572","ketoimine",,"urapepot"
"489573","ketois",,"micuea"
"489574","ketoisocaproate",,"eropiwezu"
"489575","ketoisovalerate",,"mocirujuet"
"489576","ketoisovaleric",,"urapewulat"
"489577","ketoketene",,"mecotain"
"489578","ketoketenimine",,"irupozifa"
"489579","ketokonazole",,"arepuhutin"
"489580","ketol",,"irupi"
"489581","ketola",,"urapono"
"489582","ketolactone",,"oriporegu"
"489583","ketolase",,"irupirot"
"489584","ketolated",,"oripori"
"489585","ketolation",,"irupiran"
"489586","ketole",,"oripoi"
"489587","ketoleucine",,"mecovagao"
"489588","ketolic",,"irupiot"
"489589","ketolide",,"macevoo"
"489590","ketols",,"irupui"
"489591","ketolyses",,"urapume"
"489592","ketolysis",,"arepaman"
"489593","ketolysiss",,"arepamun"
"489594","ketolytic",,"micuveo"
"489595","ketomethylenamine",,"urapazuta"
"489596","ketomycin",,"oripimun"
"489597","ketomycolate",,"micuzevii"
"489598","ketomycolic",,"arepemuce"
"489599","ketonaemia",,"eropiro"
"489600","ketonaemias",,"eropirohet"
"489601","ketonaemic",,"areporan"
"489602","ketone",,"eropan"
"489603","ketonemia",,"arepozi"
"489604","ketonemiae",,"urapezin"
"489605","ketonemias",,"arepozat"
"489606","ketonemic",,"urapezu"
"489607","ketones",,"eropiun"
"489608","ketonic",,"oripuona"
"489609","ketonimid",,"micupaet"
"489610","ketonimide",,"mocipue"
"489611","ketonimin",,"mecopien"
"489612","ketonimine",,"macepoun"
"489613","ketonisation",,"oripusetet"
"489614","ketonisations",,"oripuseti"
"489615","ketonise",,"eropisina"
"489616","ketonises",,"eropisa"
"489617","ketonitrile",,"micupadeat"
"489618","ketonization",,"mocipuruo"
"489619","ketonizations",,"mocipuruet"
"489620","ketonize",,"mecopie"
"489621","ketonized",,"oripusane"
"489622","ketonizes",,"mecopiin"
"489623","ketonizing",,"oripusa"
"489624","ketonuria",,"mecopaot"
"489625","ketonurias",,"mecopao"
"489626","ketopantoate",,"mucahuhua"
"489627","ketopantoic",,"eroparagon"
"489628","ketopentose",,"irupozogi"
"489629","ketophenol",,"mocihiu"
"489630","ketophenylbutazone",,"mocihipee"
"489631","ketophosphonate",,"micuhujoen"
"489632","ketophosphonic",,"arepuradan"
"489633","ketopimelate",,"eropasufi"
"489634","ketopimelic",,"macehofee"
"489635","ketoprofen",,"maceheat"
"489636","ketoprofene",,"mucahajaa"
"489637","ketoprofens",,"macehejee"
"489638","ketopyranose",,"irupometat"
"489639","ketoreductase",,"oripizoku"
"489640","ketoreduction",,"macecuzeu"
"489641","ketoret",,"mocico"
"489642","ketorfanol",,"mucaciaa"
"489643","ketorolac",,"maceciet"
"489644","ketorolacs",,"macecii"
"489645","ketos",,"micuqe"
"489646","ketosamine",,"areporat"
"489647","ketose",,"mociot"
"489648","ketoses",,"mociqo"
"489649","ketoside",,"irupasot"
"489650","ketosidic",,"urapesu"
"489651","ketosis",,"micuqin"
"489652","ketosphinganine",,"arepojivun"
"489653","ketosphingosine",,"mociqeseu"
"489654","ketosteroid",,"arepobebun"
"489655","ketosteroids",,"arepobebu"
"489656","ketosterol",,"urapebot"
"489657","ketostix",,"maceqien"
"489658","ketosuccinic",,"eropidazi"
"489659","ketosugar",,"eropida"
"489660","ketosuria",,"arepodi"
"489661","ketosynthase",,"urapemigen"
"489662","ketotestosterone",,"oripazegan"
"489663","ketotetrose",,"urapozubot"
"489664","ketothiolase",,"arepirucot"
"489665","ketotic",,"urapoan"
"489666","ketotifen",,"oripase"
"489667","ketotrexate",,"mucawapie"
"489668","ketotriose",,"mucawain"
"489669","ketovalerate",,"macedapean"
"489670","ketoxal",,"macekot"
"489671","ketoxime",,"urapesuna"
"489672","ketoximes",,"urapesua"
"489673","ketron",,"mecaan"
"489674","kets",,"mecee"
"489675","ketshwayo",,"erocokot"
"489676","ketsup",,"iruce"
"489677","kette",,"eroqaa"
"489678","kettell",,"iruqoin"
"489679","ketten",,"mociota"
"489680","kettenantrieb",,"macevosue"
"489681","kettenhund",,"arequfan"
"489682","kettenis",,"mocivuon"
"489683","kettenkraftrad",,"eroqafobun"
"489684","ketter",,"macee"
"489685","ketterer",,"eroqaquna"
"489686","ketterin",,"uraqiqun"
"489687","kettering",,"arequqana"
"489688","ketteringham",,"micuvutoe"
"489689","ketterings",,"areququn"
"489690","ketterling",,"mociviu"
"489691","ketterman",,"iruqoqo"
"489692","ketti",,"oriquu"
"489693","kettie",,"eroqani"
"489694","ketting",,"mucarat"
"489695","kettish",,"mecore"
"489696","kettisol",,"mecoriin"
"489697","kettle",,"micuat"
"489698","kettlebell",,"eroqeza"
"489699","kettlebelly",,"iruqizefon"
"489700","kettlebrook",,"mocivetau"
"489701","kettleby",,"oriqozet"
"489702","kettlecase",,"micuvoot"
"489703","kettled",,"uraquon"
"489704","kettledrum",,"macevuon"
"489705","kettledrummer",,"uraquzubet"
"489706","kettledrummers",,"uraquzubi"
"489707","kettledrumming",,"iruqizibo"
"489708","kettledrums",,"macevuzian"
"489709","kettleful",,"mociveat"
"489710","kettlefuls",,"mocivee"
"489711","kettlelike",,"eroqezena"
"489712","kettlemaker",,"oriqozatu"
"489713","kettlemaking",,"eroqezutun"
"489714","kettleman",,"eroqezot"
"489715","kettleness",,"eroqezaa"
"489716","kettler",,"areqaaa"
"489717","kettlersville",,"micuvowoe"
"489718","kettlersvilles",,"micuvowoin"
"489719","kettles",,"micuve"
"489720","kettlestitch",,"uraquziget"
"489721","kettlestitches",,"iruqizogin"
"489722","kettlethorpe",,"mecovaduon"
"489723","kettlewell",,"mociveata"
"489724","kettling",,"uraqusin"
"489725","kettner",,"uraqeia"
"489726","kettnerite",,"mecopaota"
"489727","ketton",,"macein"
"489728","kettrin",,"areqeen"
"489729","kettwig",,"eroqou"
"489730","ketty",,"uraqoe"
"489731","ketu",,"macon"
"489732","ketuanan",,"mocunuet"
"489733","ketuba",,"iruwata"
"489734","ketubah",,"mocuro"
"489735","ketubahs",,"mocuroet"
"489736","ketubbah",,"urawasan"
"489737","ketubim",,"areweo"
"489738","ketubos",,"urawai"
"489739","ketubot",,"mocuroa"
"489740","ketuboth",,"urawahun"
"489741","ketupa",,"urawet"
"489742","ketupat",,"mocuho"
"489743","keturah",,"mocucen"
"489744","keturahs",,"mocucoon"
"489745","ketus",,"macoqa"
"489746","ketuvim",,"iruwiot"
"489747","ketuvims",,"iruwiso"
"489748","ketway",,"mocein"
"489749","kety",,"micui"
"489750","ketyl",,"iruki"
"489751","keuda",,"meqon"
"489752","keuka",,"orusoe"
"489753","keule",,"miqev"
"489754","keung",,"muqum"
"489755","keup",,"moqua"
"489756","keuper",,"irafuna"
"489757","keupers",,"irafoua"
"489758","keurboom",,"arojehet"
"489759","keurbooms",,"arojehi"
"489760","keurtjie",,"muqiwoat"
"489761","keutel",,"ureqet"
"489762","kevala",,"oramau"
"489763","kevalin",,"mowavet"
"489764","kevalins",,"mowavui"
"489765","kevan",,"arimos"
"489766","kevaughn",,"muwobuun"
"489767","kevazingo",,"miwemaen"
"489768","kevel",,"urotua"
"489769","kevelhead",,"uroturat"
"489770","kevels",,"uroteto"
"489771","keven",,"iretao"
"489772","kevens",,"iretuna"
"489773","kever",,"erutos"
"489774","keverian",,"miwacain"
"489775","keverne",,"mewici"
"489776","kevi",,"mawa"
"489777","kevil",,"arinau"
"489778","kevils",,"arinan"
"489779","kevin",,"uronena"
"489780","kevina",,"arinota"
"489781","kevine",,"ireneo"
"489782","kevington",,"uronenaa"
"489783","kevinish",,"miwipaen"
"489784","kevinism",,"oranusun"
"489785","kevinli",,"mewepu"
"489786","kevins",,"uronii"
"489787","kevint",,"mowoo"
"489788","kevis",,"mawaq"
"489789","keviticu",,"ariniset"
"489790","kevitt",,"muwuet"
"489791","kevlar",,"mawiu"
"489792","kevlared",,"aritaqa"
"489793","kevlars",,"mawinot"
"489794","kevo",,"mowi"
"489795","kevod",,"irepei"
"489796","kevola",,"irepeo"
"489797","kevon",,"erupia"
"489798","kevork",,"irepuu"
"489799","kevorked",,"mawecua"
"489800","kevorkian",,"mawecui"
"489801","kevorkianesque",,"miwucotau"
"489802","kevorkians",,"mawecuat"
"489803","kevorking",,"mawecuata"
"489804","kevorks",,"irepuot"
"489805","kevs",,"mawaa"
"489806","kevutza",,"mewiwi"
"489807","kevutzah",,"irewenot"
"489808","kevutzoth",,"mowuwean"
"489809","kevvy",,"orabaa"
"489810","kevy",,"mowia"
"489811","kevyn",,"erukia"
"489812","kewa",,"orems"
"489813","kewadin",,"urimoie"
"489814","kewadins",,"urimosat"
"489815","kewanee",,"mebupon"
"489816","kewanees",,"mebupaan"
"489817","kewanmainim",,"urimepevet"
"489818","kewanna",,"iromaua"
"489819","kewannas",,"iromafot"
"489820","kewaskum",,"iromava"
"489821","kewaskums",,"iromaven"
"489822","kewaunee",,"mabiboin"
"489823","kewaunees",,"mabiboa"
"489824","kewb",,"mabua"
"489825","kewchie",,"mubunon"
"489826","kewda",,"maben"
"489827","keweenaw",,"mubeveet"
"489828","keweenawan",,"uritifun"
"489829","keweenawans",,"uritifemu"
"489830","keweenawite",,"uritifemua"
"489831","kewell",,"oretoe"
"489832","kewet",,"mibaw"
"489833","kewick",,"arunoto"
"489834","kewl",,"mibe"
"489835","kewler",,"uriteto"
"489836","kewlest",,"irotoua"
"489837","kewlness",,"eratizu"
"489838","kewms",,"urive"
"489839","kewpie",,"mabou"
"489840","kewpies",,"maborot"
"489841","kewra",,"meban"
"489842","kewstoke",,"mubuwoan"
"489843","kex",,"mud"
"489844","kexes",,"midaq"
"489845","kexin",,"irinao"
"489846","kexingto",,"mudupue"
"489847","kext",,"araqti"
"489848","kexy",,"medo"
"489849","key",,"arei"
"489850","keya",,"eromni"
"489851","keyable",,"uramaet"
"489852","keyage",,"eromis"
"489853","keyaki",,"aremote"
"489854","keyapaha",,"aremuro"
"489855","keyapahas",,"aremuret"
"489856","keyauwee",,"eromakan"
"489857","keybarbin",,"arenaqet"
"489858","keybed",,"uranae"
"489859","keybedding",,"orinevat"
"489860","keybind",,"megaran"
"489861","keybinding",,"eronifet"
"489862","keybindings",,"eronifevi"
"489863","keybit",,"arenina"
"489864","keyboard",,"mogefoo"
"489865","keyboardable",,"megafeweot"
"489866","keyboarded",,"orinaron"
"489867","keyboarder",,"irunera"
"489868","keyboarders",,"irunerepen"
"489869","keyboardful",,"megafeweo"
"489870","keyboarding",,"orinarapin"
"489871","keyboardings",,"orinarapa"
"489872","keyboardism",,"magufawaan"
"489873","keyboardist",,"irunerepon"
"489874","keyboardists",,"irunerepan"
"489875","keyboarditis",,"irunerepat"
"489876","keyboardless",,"eronurupen"
"489877","keyboardlike",,"areniripe"
"489878","keyboards",,"mogefoet"
"489879","keybounce",,"irunedot"
"489880","keyboy",,"migoan"
"489881","keybugle",,"irunonot"
"489882","keybugles",,"irunono"
"489883","keybutton",,"irunobo"
"489884","keybuttons",,"irunobet"
"489885","keycap",,"megeet"
"489886","keycard",,"eroreia"
"489887","keycards",,"eroreqat"
"489888","keycatcher",,"mugunoat"
"489889","keychain",,"urararun"
"489890","keychains",,"urararu"
"489891","keyclick",,"megevie"
"489892","keycode",,"mugufo"
"489893","keyden",,"erosona"
"489894","keyed",,"mogut"
"489895","keyek",,"irutoi"
"489896","keyensis",,"magopoo"
"489897","keyer",,"migac"
"489898","keyes",,"urateo"
"489899","keyesport",,"megiqau"
"489900","keyesports",,"megiqaot"
"489901","keyest",,"moguin"
"489902","keyfile",,"urakeat"
"489903","keyfob",,"urakon"
"489904","keyframe",,"arekeren"
"489905","keyframed",,"migaciot"
"489906","keyframer",,"mugecuun"
"489907","keyframing",,"migacian"
"489908","keygen",,"megui"
"489909","keygnaert",,"mogapoi"
"489910","keygrouping",,"megucugoan"
"489911","keyguard",,"erolare"
"489912","keyham",,"migoun"
"489913","keyhaven",,"magunaa"
"489914","keyholder",,"aremizon"
"489915","keyholding",,"uramozen"
"489916","keyhole",,"aremio"
"489917","keyholed",,"migofiin"
"489918","keyholes",,"aremizet"
"489919","keyholing",,"migofii"
"489920","keyhuvadhoo",,"irumogapan"
"489921","keyi",,"arenno"
"489922","keying",,"mogoen"
"489923","keyingham",,"irunani"
"489924","keyings",,"mogopon"
"489925","keyite",,"mogoot"
"489926","keykeeper",,"irusozot"
"489927","keyla",,"migen"
"489928","keylakunu",,"uratuvu"
"489929","keylargo",,"irutiqo"
"489930","keylargos",,"irutiqet"
"489931","keyless",,"meguvan"
"489932","keylessness",,"uratiwijot"
"489933","keylet",,"oritano"
"489934","keylight",,"migerien"
"489935","keylike",,"magira"
"489936","keylime",,"mugori"
"489937","keyline",,"aretooa"
"489938","keylines",,"aretofet"
"489939","keylock",,"migefu"
"489940","keylogger",,"oritanea"
"489941","keyloggers",,"oritanin"
"489942","keylogging",,"erotunat"
"489943","keylon",,"irutuno"
"489944","keymaker",,"meganaun"
"489945","keyman",,"maguu"
"489946","keymans",,"magunot"
"489947","keymap",,"mugiena"
"489948","keymapping",,"muginia"
"489949","keymar",,"migoati"
"489950","keymars",,"migone"
"489951","keymask",,"iruviin"
"489952","keymaste",,"meganiat"
"489953","keymaster",,"iruviwa"
"489954","keymastr",,"uravuwat"
"489955","keymen",,"migoato"
"489956","keymer",,"megaon"
"489957","keymistress",,"orivuwobin"
"489958","keymove",,"megafan"
"489959","keyne",,"magavo"
"489960","keynell",,"mogoven"
"489961","keynes",,"magae"
"489962","keyneses",,"muguveon"
"489963","keynesia",,"megeviun"
"489964","keynesian",,"arezuwon"
"489965","keynesianism",,"iruzowote"
"489966","keynesianisms",,"iruzowotin"
"489967","keynesianist",,"migivataat"
"489968","keynesians",,"arezuwan"
"489969","keyness",,"magavin"
"489970","keynesses",,"muguvean"
"489971","keynote",,"iruzeu"
"489972","keynoted",,"megefuat"
"489973","keynoter",,"mogofaet"
"489974","keynoters",,"mogofai"
"489975","keynotes",,"iruzebot"
"489976","keynoting",,"megefuo"
"489977","keynsham",,"orizuran"
"489978","keyodhoo",,"eropurin"
"489979","keyonna",,"irupain"
"489980","keypad",,"orifot"
"489981","keypads",,"orifoo"
"489982","keypair",,"irufiin"
"489983","keypal",,"erofan"
"489984","keypals",,"erofeun"
"489985","keypath",,"meginat"
"489986","keyphone",,"mugenoat"
"489987","keyphrase",,"meginou"
"489988","keyphrases",,"meginoot"
"489989","keyplate",,"migaviu"
"489990","keypoint",,"mugefeun"
"489991","keyport",,"mogufen"
"489992","keyports",,"mogufion"
"489993","keypress",,"erofoze"
"489994","keypresses",,"arefezon"
"489995","keypunch",,"mogubuon"
"489996","keypunched",,"orifefat"
"489997","keypuncher",,"irufofet"
"489998","keypunchers",,"irufofoti"
"489999","keypunches",,"megibiot"
"490000","keypunching",,"orifefeto"
"490001","keyring",,"urajeune"
"490002","keys",,"arecta"
"490003","keysborough",,"mugurowuo"
"490004","keyscan",,"mogosa"
"490005","keyseat",,"migivata"
"490006","keyseated",,"irucoru"
"490007","keyseater",,"uraciran"
"490008","keyseating",,"irucoron"
"490009","keyseats",,"migivie"
"490010","keysender",,"muguvei"
"490011","keysending",,"migivaet"
"490012","keyser",,"migian"
"490013","keyserlick",,"oriceqe"
"490014","keyserling",,"magaveat"
"490015","keyserlingian",,"arecuqoven"
"490016","keyserlings",,"magavepue"
"490017","keyserver",,"megevoun"
"490018","keyset",,"mogoin"
"490019","keysets",,"mogova"
"490020","keyshelf",,"miginoa"
"490021","keyshot",,"oricion"
"490022","keysigning",,"oricuno"
"490023","keyslot",,"arecao"
"490024","keyslots",,"arecahet"
"490025","keysmash",,"migiziot"
"490026","keysmashed",,"irucuren"
"490027","keysmashing",,"irucurote"
"490028","keysmith",,"irucusen"
"490029","keysoe",,"eroci"
"490030","keysor",,"megei"
"490031","keyspace",,"magahain"
"490032","keyster",,"uracoon"
"490033","keysters",,"uracozan"
"490034","keystone",,"irucehot"
"490035","keystoned",,"megewue"
"490036","keystoneite",,"magawihean"
"490037","keystonejs",,"megewua"
"490038","keystoner",,"mogowai"
"490039","keystoners",,"mogowaat"
"490040","keystones",,"iruceho"
"490041","keystoning",,"megewuet"
"490042","keystore",,"erocuhe"
"490043","keystream",,"iruceqa"
"490044","keystring",,"mogowiun"
"490045","keystrip",,"magaween"
"490046","keystrok",,"erocuqin"
"490047","keystroke",,"areciqon"
"490048","keystroked",,"migiwuo"
"490049","keystroker",,"muguwau"
"490050","keystrokes",,"areciqan"
"490051","keystroking",,"migiwujuun"
"490052","keystrokings",,"migiwujuu"
"490053","keysville",,"migidao"
"490054","keysvilles",,"migidaet"
"490055","keyswitch",,"irucusena"
"490056","keytag",,"mageu"
"490057","keytainer",,"megoniu"
"490058","keytap",,"oriqat"
"490059","keytar",,"eroqiu"
"490060","keytarist",,"muganaun"
"490061","keyte",,"mogive"
"490062","keytesville",,"iruqowavi"
"490063","keytesvilles",,"iruqowavat"
"490064","keythong",,"muganoe"
"490065","keytop",,"iruqeu"
"490066","keyvan",,"oribao"
"490067","keyway",,"erodon"
"490068","keyways",,"erodean"
"490069","keywd",,"megata"
"490070","keywest",,"maguvu"
"490071","keywester",,"erodawe"
"490072","keyword",,"arediot"
"490073","keyworded",,"mogefien"
"490074","keywording",,"mogefie"
"490075","keywordless",,"megafozia"
"490076","keywords",,"arediqo"
"490077","keywordtool",,"oridaqogin"
"490078","keywork",,"migofu"
"490079","keyworker",,"uradoqe"
"490080","keyworth",,"mugifaat"
"490081","keywrd",,"irudat"
"490082","keyyest",,"mugaven"
"490083","kezayit",,"orumaen"
"490084","kezboard",,"iranerua"
"490085","kezer",,"uretas"
"490086","kezhkepat",,"aromuzon"
"490087","kezia",,"mukune"
"490088","keziah",,"erinat"
"490089","kezilesu",,"erinezu"
"490090","keziz",,"erinai"
"490091","kezza",,"orulo"
"490092","kfar",,"odaji"
"490093","kfas",,"malau"
"490094","kfcb",,"edeni"
"490095","kfcer",,"adatea"
"490096","kfcs",,"munuo"
"490097","kfeacvs",,"udemei"
"490098","kfer",,"adoja"
"490099","kfern",,"mesap"
"490100","kfifan",,"mumeata"
"490101","kfifane",,"mimana"
"490102","kfis",,"mumuo"
"490103","kfischba",,"memesoin"
"490104","kfjohnso",,"odipifin"
"490105","kfmmel",,"udivat"
"490106","kfmmels",,"udivie"
"490107","kfmoore",,"odepaan"
"490108","kfor",,"iduji"
"490109","kfrlib",,"aduten"
"490110","kfrsch",,"mahaaa"
"490111","kfrschs",,"mahasen"
"490112","kfsm",,"mojea"
"490113","kfssr",,"edeco"
"490114","kgal",,"mulet"
"490115","kgalagadi",,"ogatone"
"490116","kgalakgari",,"ogatova"
"490117","kgari",,"melur"
"490118","kgbard",,"memiue"
"490119","kgber",,"agute"
"490120","kgbist",,"agunoa"
"490121","kgbs",,"mamuna"
"490122","kgbvax",,"momuia"
"490123","kgbvaxes",,"meminoa"
"490124","kgds",,"murie"
"490125","kgfs",,"megao"
"490126","kgmon",,"motopa"
"490127","kgoodson",,"igupewet"
"490128","kgosana",,"mezano"
"490129","kgosi",,"ogicu"
"490130","kgotla",,"egoqe"
"490131","kgotlas",,"egoqein"
"490132","kgps",,"mepa"
"490133","kgrs",,"mahun"
"490134","kgsg",,"egeli"
"490135","khaan",,"ukomene"
"490136","khaba",,"okanou"
"490137","khabar",,"milai"
"490138","khabardaar",,"malonua"
"490139","khabarovka",,"ikeniqon"
"490140","khabarovo",,"akinaqi"
"490141","khabarovos",,"akinaqat"
"490142","khabarovsk",,"okanoqu"
"490143","khabarovsks",,"okanoqolot"
"490144","khabbar",,"ikenuu"
"490145","khabib",,"moluina"
"490146","khabri",,"moluot"
"490147","khabur",,"meliet"
"490148","khaburs",,"melibi"
"490149","khabze",,"moluei"
"490150","khac",,"meluo"
"490151","khachapuri",,"ikeruran"
"490152","khachatr",,"okariran"
"490153","khachatrian",,"melunudoo"
"490154","khachatryan",,"mileneduen"
"490155","khachaturian",,"maliniduun"
"490156","khachaturians",,"maliniduu"
"490157","khachaturyan",,"molanadee"
"490158","khachikyan",,"melunea"
"490159","khachiyan",,"molanoi"
"490160","khachkar",,"molanuet"
"490161","khachqar",,"mulonoi"
"490162","khad",,"akista"
"490163","khadaffi",,"ukosumina"
"490164","khadafi",,"milone"
"490165","khadafy",,"malunu"
"490166","khadag",,"okasena"
"490167","khadar",,"moleua"
"490168","khadd",,"malut"
"490169","khaddaffi",,"mulitoun"
"490170","khaddafi",,"okasaran"
"490171","khaddafy",,"ukosorat"
"490172","khaddar",,"ekusuat"
"490173","khaddars",,"ekusure"
"490174","khademite",,"melavaun"
"490175","khader",,"maluata"
"490176","khadhaffi",,"malunii"
"490177","khadhafi",,"ikesureta"
"490178","khadi",,"akisoo"
"490179","khadija",,"melaran"
"490180","khadim",,"ikesine"
"490181","khadir",,"melaon"
"490182","khadis",,"akisani"
"490183","khadka",,"akisota"
"490184","khady",,"okasao"
"490185","khae",,"malan"
"490186","khaen",,"okatus"
"490187","khaf",,"okak"
"490188","khafaje",,"molono"
"490189","khafajeh",,"okakotun"
"490190","khafajes",,"moloniet"
"490191","khafd",,"molot"
"490192","khafre",,"moloota"
"490193","khafres",,"moloco"
"490194","khafs",,"okakue"
"490195","khagan",,"akiloa"
"490196","khaganate",,"malenao"
"490197","khagaria",,"ukoluqu"
"490198","khagemba",,"akilupet"
"490199","khaghkhagh",,"ukolavan"
"490200","khagiarite",,"molirauna"
"490201","khagina",,"akiloona"
"490202","khagrachari",,"akilerutin"
"490203","khahoon",,"milafin"
"490204","khai",,"melun"
"490205","khaibar",,"milerun"
"490206","khaidarkanite",,"miletewoat"
"490207","khaidem",,"okanaon"
"490208","khaiki",,"maliot"
"490209","khaimah",,"akineon"
"490210","khaimov",,"ukonaea"
"490211","khainaoside",,"malipijoan"
"490212","khaini",,"ikenat"
"490213","khair",,"ekunona"
"490214","khairagarh",,"akineru"
"490215","khairpur",,"okanijun"
"490216","khairthal",,"melucoot"
"490217","khaja",,"ekuret"
"490218","khajawah",,"melanaun"
"490219","khajeh",,"maluua"
"490220","khajur",,"maluue"
"490221","khak",,"malas"
"490222","khakan",,"ikesini"
"490223","khakanate",,"miliniin"
"490224","khakanship",,"akisafin"
"490225","khakas",,"meleon"
"490226","khakasia",,"molonoet"
"490227","khakasiya",,"mulunuat"
"490228","khakass",,"melenan"
"490229","khakassia",,"molonoi"
"490230","khakassiya",,"mulunue"
"490231","khakasss",,"meleneun"
"490232","khakee",,"miliia"
"490233","khakham",,"ukosaee"
"490234","khakhlushka",,"ikesuzudin"
"490235","khakhol",,"melene"
"490236","khakhra",,"molonen"
"490237","khaki",,"malar"
"490238","khakied",,"ikesaot"
"490239","khakier",,"ukoseune"
"490240","khakiest",,"ikesazen"
"490241","khakilike",,"ekusizona"
"490242","khakis",,"malain"
"490243","khakistocracy",,"malaradie"
"490244","khakiweed",,"akisokon"
"490245","khakkhara",,"molotean"
"490246","khal",,"ukott"
"490247","khalaf",,"moliaa"
"490248","khalaj",,"maleua"
"490249","khalajestan",,"molinipuun"
"490250","khalajistan",,"milunutai"
"490251","khalal",,"mulaen"
"490252","khalam",,"iketinu"
"490253","khalasi",,"akitaet"
"490254","khalass",,"akitaen"
"490255","khalassed",,"mulanui"
"490256","khalassi",,"akitawi"
"490257","khalat",,"maleea"
"490258","khalats",,"malenin"
"490259","khalde",,"miluia"
"490260","khaldes",,"milutat"
"490261","khaldian",,"okatasat"
"490262","khaldians",,"okatasea"
"490263","khaldun",,"akitien"
"490264","khaled",,"miluie"
"490265","khaleds",,"miluvat"
"490266","khaleefeh",,"iketozeta"
"490267","khaleesi",,"okatezan"
"490268","khalege",,"iketoota"
"490269","khalessi",,"iketowena"
"490270","khali",,"ukoteti"
"490271","khalid",,"mulaena"
"490272","khalids",,"mularon"
"490273","khalif",,"meloata"
"490274","khalifa",,"moliret"
"490275","khalifah",,"okatumu"
"490276","khalifahs",,"okatumot"
"490277","khalifas",,"molirui"
"490278","khalifat",,"ekutimo"
"490279","khalifatabad",,"iketamagun"
"490280","khalifate",,"akitomat"
"490281","khalifates",,"akitome"
"490282","khalifats",,"ekutimet"
"490283","khaliff",,"okatuea"
"490284","khalifs",,"melorea"
"490285","khalil",,"miluea"
"490286","khalili",,"milurot"
"490287","khalilzadeh",,"ukotezaten"
"490288","khalin",,"molioa"
"490289","khaling",,"milurota"
"490290","khalistan",,"okatuwua"
"490291","khalistani",,"okatuwa"
"490292","khalji",,"mulaoni"
"490293","khalk",,"iketoe"
"490294","khalka",,"ukotano"
"490295","khalkae",,"iketoote"
"490296","khalkas",,"ukotiuna"
"490297","khalkha",,"maletaa"
"490298","khalkhal",,"iketorona"
"490299","khalkhas",,"maletuen"
"490300","khalkidhik",,"okatesen"
"490301","khalkidike",,"meloteo"
"490302","khalkidikes",,"meloteziet"
"490303","khalkidiki",,"molitoin"
"490304","khalkidikis",,"molitozua"
"490305","khalkis",,"iketoen"
"490306","khalkiss",,"iketoson"
"490307","khalks",,"iketota"
"490308","khalq",,"akitau"
"490309","khalqs",,"akitou"
"490310","khalsa",,"akitat"
"490311","khalsah",,"meloqat"
"490312","khalsas",,"akitoen"
"490313","khaltura",,"ukotode"
"490314","khalva",,"mulao"
"490315","kham",,"mules"
"490316","khama",,"malona"
"490317","khamaed",,"ikeviu"
"490318","khamal",,"ikevina"
"490319","khaman",,"okavet"
"490320","khamas",,"maloe"
"490321","khamaseen",,"akivawon"
"490322","khamba",,"akivota"
"490323","khambat",,"maloru"
"490324","khambhat",,"akiveron"
"490325","khambrangchak",,"malorusoin"
"490326","khambu",,"ikevua"
"490327","khamdang",,"milatein"
"490328","khamedoost",,"melivoin"
"490329","khamenchatpa",,"mulevuvaot"
"490330","khamenei",,"ukovifea"
"490331","khami",,"mulere"
"490332","khamil",,"okavia"
"490333","khaminwa",,"akivofi"
"490334","khamis",,"muleeta"
"490335","khamite",,"okavui"
"490336","khamitic",,"ikevabet"
"490337","khamlangba",,"ikeviran"
"490338","khamlangpa",,"ukovuren"
"490339","khammam",,"melizat"
"490340","khammu",,"meliia"
"490341","khammurabi",,"milazaen"
"490342","khammurabis",,"milazawion"
"490343","khamnigan",,"melipeaa"
"490344","khamnung",,"mulepeun"
"490345","khampa",,"ekuvun"
"490346","khamrabaevite",,"milacetion"
"490347","khams",,"muleq"
"490348","khamsa",,"maloea"
"490349","khamseen",,"ukovezun"
"490350","khamseens",,"ukovezu"
"490351","khamsin",,"ekuviot"
"490352","khamsins",,"ekuviso"
"490353","khamtanga",,"mulewoun"
"490354","khamti",,"ikevota"
"490355","khamties",,"okavasat"
"490356","khamtis",,"ikeveo"
"490357","khan",,"ikezn"
"490358","khana",,"ukozua"
"490359","khanal",,"mileata"
"490360","khanam",,"okazete"
"490361","khananda",,"okazofi"
"490362","khanaqah",,"molanaet"
"490363","khanaqin",,"mileneot"
"490364","khanate",,"milenat"
"490365","khanates",,"milenuea"
"490366","khanbaligh",,"maliriat"
"490367","khanbalik",,"okaziru"
"490368","khanbalikh",,"milereona"
"490369","khanbaliq",,"ukozarot"
"490370","khancoban",,"ukozehu"
"490371","khanda",,"muloaa"
"490372","khandait",,"ikezero"
"490373","khandallah",,"okazarin"
"490374","khandas",,"muloten"
"490375","khandelwal",,"miletaa"
"490376","khanderi",,"okazazan"
"490377","khanderia",,"ikezezen"
"490378","khandeshi",,"okazaze"
"490379","khandheria",,"mulotie"
"490380","khandud",,"ekuzuun"
"490381","khandvi",,"ekuzuu"
"490382","khandwa",,"molatot"
"490383","khanegah",,"malivio"
"490384","khaneh",,"mileate"
"490385","khaneqa",,"ukozian"
"490386","khaneqah",,"maliviaa"
"490387","khaneriq",,"mulovian"
"490388","khang",,"ukozue"
"490389","khanga",,"akizoi"
"490390","khangah",,"melumun"
"490391","khangai",,"akizaona"
"490392","khangas",,"akizaeta"
"490393","khangembam",,"melumiot"
"490394","khangjarakpam",,"melumosoat"
"490395","khanh",,"mulonu"
"490396","khanhoo",,"milenina"
"490397","khani",,"ikezai"
"490398","khania",,"ukozana"
"490399","khanina",,"molarena"
"490400","khaniqin",,"molaraana"
"490401","khanite",,"molaro"
"490402","khanith",,"ikezaen"
"490403","khanjali",,"okazarea"
"490404","khanjar",,"ukozouna"
"490405","khanjari",,"ukozorin"
"490406","khanjars",,"ukozoru"
"490407","khanjee",,"melusi"
"490408","khanji",,"mileei"
"490409","khanjiri",,"ikezesi"
"490410","khanka",,"ikezina"
"490411","khankah",,"muloti"
"490412","khankendi",,"ikezozon"
"490413","khanly",,"muloen"
"490414","khanna",,"molaot"
"490415","khanneshite",,"mulopebaot"
"490416","khano",,"akizie"
"490417","khanom",,"ikezota"
"490418","khanoum",,"okazaan"
"490419","khanqah",,"melujat"
"490420","khans",,"ikezao"
"490421","khansama",,"ikezaro"
"490422","khansamah",,"muloqoun"
"490423","khansamahs",,"muloqou"
"490424","khansaman",,"meluquu"
"490425","khansamas",,"ikezaret"
"490426","khanship",,"akizorat"
"490427","khantia",,"mulowon"
"490428","khanties",,"molawoet"
"490429","khanty",,"maliea"
"490430","khantyes",,"mulowaon"
"490431","khantys",,"maliwin"
"490432","khanuka",,"okazeia"
"490433","khanukah",,"milebaot"
"490434","khanum",,"akizoo"
"490435","khanums",,"akizuet"
"490436","khanvali",,"ekuzera"
"490437","khanzadian",,"mulomoun"
"490438","khao",,"milot"
"490439","khaosai",,"muliqon"
"490440","khaph",,"milint"
"490441","khaphs",,"miliuna"
"490442","khapol",,"miliune"
"490443","khapra",,"muluoa"
"490444","khapse",,"ekufata"
"490445","khar",,"ekujt"
"490446","kharadze",,"okajovet"
"490447","kharaelakhite",,"mulenepuen"
"490448","kharaghoda",,"ekujenet"
"490449","kharagpur",,"ukojunot"
"490450","kharaharapriya",,"akijaroben"
"490451","kharaj",,"moluota"
"490452","kharak",,"ekujuna"
"490453","kharatian",,"akijaban"
"490454","kharatyan",,"okajobat"
"490455","kharband",,"maloriin"
"490456","kharberd",,"melirii"
"490457","kharbin",,"ukojauna"
"490458","kharbouch",,"ikejuhet"
"490459","kharchia",,"milasoin"
"490460","kharduri",,"akijidon"
"490461","khare",,"akijuu"
"490462","kharg",,"okajo"
"490463","kharga",,"ikejina"
"490464","khargone",,"melimoe"
"490465","khargosh",,"malomeet"
"490466","kharia",,"okajet"
"490467","kharias",,"okajui"
"490468","kharibam",,"meliraun"
"490469","khariboli",,"okajusin"
"490470","kharif",,"milae"
"490471","kharifs",,"milarin"
"490472","khariji",,"melire"
"490473","kharijism",,"mulerain"
"490474","kharijite",,"ukojeta"
"490475","kharijites",,"ukojeten"
"490476","kharita",,"moluro"
"490477","khariton",,"akijoban"
"490478","kharitonovs",,"melirojiet"
"490479","kharj",,"melis"
"490480","kharja",,"moluote"
"490481","khark",,"akijun"
"490482","kharkee",,"ikejoin"
"490483","kharkhorin",,"melitaet"
"490484","kharki",,"akijenu"
"490485","kharkiv",,"muleti"
"490486","kharkivian",,"okajesa"
"490487","kharkivite",,"okajesot"
"490488","kharkov",,"melitat"
"490489","kharkovs",,"melitoe"
"490490","kharnak",,"mulepon"
"490491","kharnakling",,"melipuzei"
"490492","kharo",,"ikejee"
"490493","kharoshthi",,"mulefua"
"490494","kharoshthis",,"mulefusoen"
"490495","kharosthi",,"ikejewan"
"490496","kharouba",,"mulefeon"
"490497","kharp",,"milah"
"490498","kharput",,"ekujau"
"490499","kharroubah",,"maloceon"
"490500","kharsawan",,"muleqoan"
"490501","kharsu",,"akijau"
"490502","khartal",,"akijiena"
"490503","khartoa",,"mulewet"
"490504","khartoum",,"maloweo"
"490505","khartoumer",,"ukojoha"
"490506","khartoumers",,"ukojohahen"
"490507","khartoumian",,"ikejehuhe"
"490508","khartoums",,"maloweet"
"490509","khartsyzk",,"ikejewet"
"490510","khartum",,"milawe"
"490511","khartums",,"milawaina"
"490512","kharua",,"ekujata"
"490513","kharun",,"milaat"
"490514","kharvar",,"ekujeea"
"490515","kharwa",,"akijot"
"490516","kharwar",,"meligi"
"490517","kharwars",,"meliguat"
"490518","khary",,"ikejei"
"490519","kharza",,"muleaa"
"490520","kharzi",,"milaata"
"490521","khas",,"melut"
"490522","khasa",,"molane"
"490523","khasansky",,"akicafan"
"490524","khasas",,"molaina"
"490525","khasavyurt",,"ekucego"
"490526","khash",,"ekucoa"
"490527","khashgai",,"ikecunon"
"490528","khashgar",,"mulonoat"
"490529","khashoggi",,"akicehin"
"490530","khashuqji",,"melunia"
"490531","khasi",,"melura"
"490532","khasian",,"ukoceun"
"490533","khasic",,"meluona"
"490534","khasidism",,"ikecavi"
"490535","khaskovo",,"okacehun"
"490536","khaskovos",,"okacehu"
"490537","khasra",,"okacen"
"490538","khass",,"meluqa"
"490539","khassadar",,"mileqeu"
"490540","khassidism",,"ikecasat"
"490541","khassonk",,"ukocehin"
"490542","khasya",,"muloae"
"490543","khat",,"akiqn"
"490544","khata",,"ekuqea"
"490545","khatag",,"okaqete"
"490546","khatak",,"akiqau"
"490547","khatam",,"ukoqiu"
"490548","khatambuhl",,"milonoen"
"490549","khatanga",,"melaneun"
"490550","khatauni",,"milonain"
"490551","khatchkar",,"ekuqiro"
"490552","khateeb",,"muliva"
"490553","khater",,"maluuna"
"490554","khati",,"akiqou"
"490555","khatib",,"melaona"
"490556","khatin",,"miloun"
"490557","khatiwada",,"malurua"
"490558","khatiya",,"ikeqaot"
"490559","khatlon",,"ikeqioa"
"490560","khatna",,"mulioa"
"490561","khatoe",,"ekuqate"
"490562","khatoon",,"molefen"
"490563","khatpat",,"okaqeone"
"490564","khatri",,"melaia"
"490565","khatris",,"melacat"
"490566","khats",,"akiqos"
"490567","khatsyetava",,"ekuqimogo"
"490568","khattak",,"maluwin"
"490569","khattar",,"ekuquea"
"490570","khatti",,"maluui"
"490571","khattis",,"maluwot"
"490572","khattish",,"akiqisan"
"490573","khattishs",,"akiqisun"
"490574","khattusas",,"maluwoo"
"490575","khattusass",,"maluwoet"
"490576","khatumo",,"ukoqiun"
"490577","khatun",,"moleot"
"490578","khatuni",,"moleben"
"490579","khatyrkite",,"akiqiquna"
"490580","khauk",,"mulut"
"490581","khaury",,"okawena"
"490582","khava",,"akiba"
"490583","khavar",,"meloet"
"490584","khavershaft",,"ekubaqati"
"490585","khaw",,"mulena"
"490586","khawaja",,"akidaoa"
"490587","khawasin",,"okadowat"
"490588","khawzawl",,"milamee"
"490589","khaya",,"mulini"
"490590","khayae",,"miloon"
"490591","khayal",,"okakena"
"490592","khayals",,"okakoon"
"490593","khayas",,"mulia"
"490594","khayma",,"moleina"
"490595","khaymah",,"okakii"
"490596","khayrbik",,"milocoin"
"490597","khayroll",,"okakihun"
"490598","khayy",,"malula"
"490599","khayyades",,"ukokorat"
"490600","khayyads",,"akikiro"
"490601","khayyam",,"mulilen"
"490602","khayyamian",,"okakaru"
"490603","khayyams",,"muliloon"
"490604","khayycm",,"milolat"
"490605","khayycms",,"milolie"
"490606","khayys",,"maluune"
"490607","khazaddu",,"ekulevun"
"490608","khazar",,"mulua"
"490609","khazaria",,"malanuot"
"490610","khazarian",,"okaloqun"
"490611","khazarians",,"okaloqu"
"490612","khazars",,"mulunen"
"490613","khazen",,"muluaa"
"490614","khazenim",,"molovoete"
"490615","khazens",,"muluven"
"490616","khazer",,"moloua"
"490617","khazeray",,"malavuu"
"490618","khazi",,"okalua"
"490619","khazis",,"okaleta"
"490620","khazoyan",,"malafeota"
"490621","khbaatar",,"ikomibot"
"490622","khct",,"ukuqt"
"490623","khds",,"ukaco"
"490624","khead",,"ukemoe"
"490625","khebisa",,"akonooa"
"490626","khecarimudra",,"ikariqohat"
"490627","kheda",,"ukesu"
"490628","khedah",,"masuun"
"490629","khedahs",,"masunu"
"490630","khedas",,"ukeseta"
"490631","khedda",,"musiin"
"490632","kheddah",,"ukesoi"
"490633","kheder",,"misoona"
"490634","khediva",,"misorat"
"490635","khedivah",,"ikasago"
"490636","khedival",,"ekisigin"
"490637","khedivas",,"misoree"
"490638","khedivate",,"ekisigina"
"490639","khedivates",,"ekisiga"
"490640","khedive",,"mesarona"
"490641","khedives",,"mesaruan"
"490642","khedivia",,"misoreu"
"490643","khediviah",,"ikasagon"
"490644","khedivial",,"ekisigo"
"490645","khediviate",,"ekisigoa"
"490646","khediviates",,"ekisigatet"
"490647","khedkar",,"musiten"
"490648","khedmatgar",,"ukesarot"
"490649","khedmutgar",,"okusidu"
"490650","kheema",,"mosou"
"490651","kheer",,"ikatus"
"490652","kheera",,"uketetn"
"490653","kheima",,"miseati"
"490654","khek",,"misita"
"490655","khekass",,"musunet"
"490656","khel",,"okuts"
"490657","khela",,"ikatit"
"490658","khelat",,"misuan"
"490659","khelaut",,"mosina"
"490660","khelif",,"musaone"
"490661","khella",,"mosiot"
"490662","khellin",,"ikatiene"
"490663","khellol",,"ekiteota"
"490664","khelloside",,"ekitehet"
"490665","khem",,"mosuti"
"490666","khemetic",,"akovubet"
"490667","khems",,"mosuqna"
"490668","khemsurov",,"mosuquia"
"490669","khen",,"ekizt"
"490670","khenaut",,"mesuni"
"490671","khene",,"akozue"
"490672","khenifra",,"ukezemin"
"490673","khenifras",,"ukezema"
"490674","khenna",,"masie"
"490675","khenpo",,"masiue"
"490676","khentii",,"mesuwun"
"490677","kheops",,"okupetu"
"490678","khepera",,"mesevona"
"490679","kheperae",,"masavuu"
"490680","kheperas",,"mesevaan"
"490681","khepesh",,"masavin"
"490682","khepresh",,"akofezon"
"490683","khepri",,"meseie"
"490684","kher",,"ukejt"
"490685","khera",,"akoja"
"490686","kheregsuur",,"misaveo"
"490687","kheri",,"ukejea"
"490688","kherlen",,"ukejuat"
"490689","kherlopian",,"masovean"
"490690","kherson",,"museqona"
"490691","khersonian",,"okujuhot"
"490692","khersonite",,"okujuhin"
"490693","kherwari",,"musegoi"
"490694","kherwarian",,"okujiru"
"490695","kherwarians",,"okujiravot"
"490696","kherwaris",,"musegoat"
"490697","khesari",,"akocaene"
"490698","khesaries",,"ukecuqu"
"490699","khesaris",,"akocaqona"
"490700","khet",,"ikaqt"
"490701","khetauni",,"mesaniun"
"490702","kheth",,"musint"
"490703","kheths",,"musien"
"490704","khetrani",,"okuqirat"
"490705","khets",,"ikaqan"
"490706","khevsureti",,"akobodat"
"490707","khevsurs",,"mosiquen"
"490708","khevzur",,"ikaboin"
"490709","khevzurs",,"ikaboda"
"490710","khewat",,"okudoa"
"490711","kheyder",,"masutun"
"490712","khhays",,"ikomino"
"490713","khhv",,"mulai"
"490714","khi",,"mamo"
"490715","khia",,"memos"
"490716","khiam",,"mumaz"
"490717","khiams",,"mumaeta"
"490718","khiar",,"ekemoo"
"490719","khibinite",,"ekenifet"
"490720","khibinogorsk",,"okonufosat"
"490721","khibinskite",,"akanofupa"
"490722","khichabia",,"mimenea"
"490723","khichadi",,"memunue"
"490724","khichari",,"momanai"
"490725","khichdee",,"mimenuea"
"490726","khichdi",,"mamina"
"490727","khichiri",,"memuneot"
"490728","khichri",,"memunea"
"490729","khichudi",,"mumoneat"
"490730","khichuri",,"maminoet"
"490731","khider",,"mumio"
"490732","khidirpur",,"memaraot"
"490733","khidmatgar",,"akasere"
"490734","khidmatgars",,"akaserasin"
"490735","khidmutgar",,"ikisudat"
"490736","khidmutgars",,"ikisudise"
"490737","khidrana",,"ukusare"
"490738","khieu",,"mimiba"
"490739","khieus",,"mimiata"
"490740","khiev",,"okototo"
"490741","khil",,"ikitn"
"490742","khila",,"ukutut"
"490743","khilafat",,"eketemo"
"490744","khilafatist",,"memonisuon"
"490745","khilafats",,"eketemet"
"490746","khilas",,"ukutatu"
"490747","khilat",,"mumaete"
"490748","khilats",,"mumani"
"490749","khilim",,"eketota"
"490750","khilims",,"eketioa"
"490751","khilji",,"mimuini"
"490752","khilnani",,"ukutera"
"490753","khils",,"ikitane"
"490754","khim",,"mimaa"
"490755","khimaar",,"akavaet"
"490756","khimar",,"ukuvata"
"490757","khimera",,"ikivoaa"
"490758","khimki",,"momuet"
"490759","khin",,"okozs"
"490760","khinalug",,"momanaan"
"490761","khinchine",,"ukuzero"
"490762","khinchins",,"akazoru"
"490763","khing",,"ikizie"
"490764","khingan",,"momamon"
"490765","khinite",,"memurun"
"490766","khinkali",,"memutuot"
"490767","khinnis",,"mamipen"
"490768","khios",,"momeqe"
"490769","khioss",,"momeoa"
"490770","khipu",,"akafua"
"490771","khir",,"akajna"
"490772","khiraj",,"memiana"
"490773","khirapat",,"ikijijen"
"490774","khirbat",,"ekejoua"
"490775","khirbet",,"ukujaat"
"490776","khirghiz",,"ikijiran"
"490777","khirghizes",,"okojoro"
"490778","khirghizzes",,"mumemitio"
"490779","khirgisuur",,"mamomaun"
"490780","khiri",,"akajoo"
"490781","khirigsuur",,"mamoriun"
"490782","khiriha",,"momuron"
"490783","khirik",,"ukujea"
"490784","khirka",,"akajene"
"490785","khirkah",,"memite"
"490786","khirkahs",,"memituin"
"490787","khirni",,"mimau"
"490788","khis",,"mamio"
"490789","khistevarz",,"mamiwoet"
"490790","khit",,"ukuqs"
"490791","khitai",,"akaqena"
"490792","khitan",,"mimouna"
"490793","khitanian",,"ekeqefet"
"490794","khitanic",,"mimoniot"
"490795","khitanologist",,"memanejeu"
"490796","khitanology",,"ikiqififin"
"490797","khitans",,"mimonu"
"490798","khitmagar",,"memazuot"
"490799","khitmatgar",,"akaqerua"
"490800","khitmutgar",,"ikiqudun"
"490801","khitmutgars",,"ikiqudisu"
"490802","khiton",,"mumiona"
"490803","khiva",,"ukubu"
"490804","khivan",,"momiae"
"490805","khivans",,"mominen"
"490806","khive",,"okobe"
"490807","khlan",,"mosip"
"490808","khleb",,"misira"
"490809","khlebnikov",,"masaraan"
"490810","khlebnikovian",,"iketufopo"
"490811","khlo",,"akip"
"490812","khloe",,"ukopia"
"490813","khlong",,"musiia"
"490814","khloy",,"okapa"
"490815","khlui",,"okawua"
"490816","khlustino",,"ekuwibon"
"490817","khlustinos",,"ekuwiban"
"490818","khlyst",,"masuua"
"490819","khlysti",,"masuqa"
"490820","khlystis",,"masuqeen"
"490821","khlysts",,"masuqot"
"490822","khlysty",,"moseqo"
"490823","khlystys",,"moseqiet"
"490824","khmara",,"akumani"
"490825","khmaralite",,"okemirin"
"490826","khmelnitsky",,"ikotifogu"
"490827","khmelnytskyi",,"akutafago"
"490828","khmelnytskyy",,"oketofogen"
"490829","khmer",,"oketin"
"490830","khmerian",,"metecee"
"490831","khmero",,"ukitano"
"490832","khmers",,"oketeto"
"490833","khmilnyk",,"mativaon"
"490834","khmu",,"moto"
"490835","khmuic",,"motoaa"
"490836","khmum",,"mataz"
"490837","khnh",,"mivat"
"490838","khns",,"okoct"
"490839","khnum",,"ukuwae"
"490840","khnums",,"ukuwate"
"490841","khoa",,"mizu"
"490842","khoanh",,"mezoana"
"490843","khodiyar",,"mazurea"
"490844","khodja",,"mozeot"
"490845","khodjas",,"mozeso"
"490846","khodoriv",,"okisaqun"
"490847","khodorkovsky",,"ukasoqacan"
"490848","khodosy",,"akesiene"
"490849","khodro",,"muzien"
"490850","khodzhent",,"ukasirina"
"490851","khoe",,"mezea"
"490852","khoekhoe",,"ekotara"
"490853","khoesanist",,"muzuqou"
"490854","khoi",,"moza"
"490855","khoiak",,"mozaoe"
"490856","khoikhoi",,"ikunorate"
"490857","khoikhoies",,"okineren"
"490858","khoikhoin",,"mezutaet"
"490859","khoikhoins",,"mezutai"
"490860","khoikhois",,"ikunore"
"490861","khoiliphapa",,"mezuvecoi"
"490862","khoin",,"ukaneno"
"490863","khoinaijam",,"muzopoa"
"490864","khoinam",,"ikunaen"
"490865","khoinguy",,"ekoninen"
"490866","khoiniki",,"ikunasat"
"490867","khoinikis",,"ikunase"
"490868","khoinix",,"mozapona"
"490869","khoins",,"ukanuno"
"490870","khoiriphaba",,"mozacociin"
"490871","khoirom",,"okiniun"
"490872","khois",,"mozaq"
"490873","khoisan",,"akenoona"
"490874","khoisanist",,"maziqiat"
"490875","khoisans",,"akenorana"
"490876","khoisnam",,"ikunafona"
"490877","khoja",,"okiroa"
"490878","khojah",,"mizoe"
"490879","khojaly",,"mizonu"
"490880","khojas",,"okiron"
"490881","khojent",,"okirean"
"490882","khojents",,"okirefuna"
"490883","khoka",,"mozona"
"490884","khokand",,"muzunon"
"490885","khokani",,"ukasuua"
"490886","khokanis",,"ukasufot"
"490887","khokhar",,"mizinin"
"490888","khokhloma",,"mezenuo"
"490889","khokhlov",,"akesezun"
"490890","khokhluchka",,"ukasazazan"
"490891","khokhlushka",,"ukasazadat"
"490892","khokhma",,"akesei"
"490893","khokhol",,"mozoni"
"490894","khol",,"akett"
"490895","khola",,"ekoteni"
"490896","kholah",,"mozioe"
"490897","kholiphapa",,"mezoriena"
"490898","kholl",,"muzav"
"490899","kholla",,"mazeini"
"490900","kholmogory",,"mezozoet"
"490901","kholod",,"mozia"
"490902","kholodets",,"aketivan"
"490903","kholop",,"muzaon"
"490904","kholosi",,"okitauna"
"490905","kholsun",,"moziqet"
"490906","khoma",,"mezina"
"490907","khomdram",,"muzetian"
"490908","khomei",,"muzeeta"
"490909","khomeini",,"ekovasen"
"490910","khomeinian",,"mazovaat"
"490911","khomeinis",,"ekovason"
"490912","khomeinism",,"ukavison"
"490913","khomeinist",,"meziveen"
"490914","khomeyni",,"ikuvomet"
"490915","khomok",,"meziat"
"490916","khoms",,"mazoq"
"490917","khomus",,"muzeete"
"490918","khomyakovite",,"meziluzuon"
"490919","khon",,"ukazn"
"490920","khond",,"muzota"
"490921","khondalite",,"mozataat"
"490922","khondi",,"muzoeta"
"490923","khondis",,"muzoti"
"490924","khonds",,"muzoena"
"490925","khong",,"akezaa"
"490926","khongbantabam",,"ukazusejan"
"490927","khongtekcha",,"ukazubapon"
"490928","khonsu",,"ikuzote"
"490929","khoo",,"muzia"
"490930","khoomei",,"mezazun"
"490931","khoomey",,"mizoze"
"490932","khoomi",,"mozeen"
"490933","khoomii",,"mozezi"
"490934","khoon",,"ekopi"
"490935","khoonkie",,"ukapevot"
"490936","khoormog",,"akepepun"
"490937","khoozestan",,"okipezu"
"490938","khoper",,"miziat"
"490939","khopesh",,"mizivu"
"490940","khor",,"okijt"
"490941","khorana",,"mozuno"
"490942","khoranas",,"mozunoet"
"490943","khorasam",,"okijowat"
"490944","khorasan",,"mozunoeta"
"490945","khorasani",,"mozunoan"
"490946","khorasmian",,"mazonaan"
"490947","khorassan",,"mozunoi"
"490948","khorassans",,"mozunoat"
"490949","khorat",,"mizaat"
"490950","khorazm",,"mizanea"
"490951","khorchin",,"akejorat"
"490952","khordad",,"okijaet"
"490953","khordan",,"akejien"
"490954","khordha",,"ikujeaa"
"490955","khoren",,"muzeen"
"490956","khorenian",,"okijefu"
"490957","khoresh",,"mozuven"
"490958","khoresm",,"ukajiune"
"490959","khoresmian",,"mizaviet"
"490960","khorezm",,"mezivan"
"490961","khorezmian",,"ukajino"
"490962","khorgas",,"ukajuea"
"490963","khorgos",,"akejai"
"490964","khoriphaba",,"mozuruun"
"490965","khorixasite",,"ukajeledet"
"490966","khorjin",,"ukajoin"
"490967","khorkhog",,"mazotui"
"490968","khorma",,"ekoje"
"490969","khorol",,"mizaea"
"490970","khorostkiv",,"ekojuwan"
"490971","khorovadz",,"mazofio"
"490972","khorovod",,"ukajogu"
"490973","khorrama",,"mizacein"
"490974","khorramabad",,"muzecofue"
"490975","khorramshahr",,"ukajarodat"
"490976","khorramshahrs",,"ukajarode"
"490977","khors",,"okijua"
"490978","khorsabad",,"ukajere"
"490979","khorsandi",,"akejorata"
"490980","khortha",,"ikujeo"
"490981","khortytsya",,"ekojumen"
"490982","khorugh",,"mizabot"
"490983","khos",,"mozaa"
"490984","khosa",,"mizen"
"490985","khosas",,"mizeat"
"490986","khoshaba",,"mazinia"
"490987","khosla",,"ekocei"
"490988","khosravi",,"mozacaon"
"490989","khosrovian",,"ekocohi"
"490990","khosrovyan",,"ikucuhan"
"490991","khosrow",,"okician"
"490992","khosrowshahi",,"ukacahodun"
"490993","khost",,"ekocui"
"490994","khot",,"ekoqs"
"490995","khotan",,"mazuue"
"490996","khotana",,"mezanan"
"490997","khotanas",,"mezaneun"
"490998","khotanese",,"mizoniin"
"490999","khotaneses",,"mizoniaa"
"491000","khotbah",,"ikuquaa"
"491001","khotbahs",,"ikuquren"
"491002","khotbeh",,"ekoqou"
"491003","khotbehs",,"ekoqozot"
"491004","khotetova",,"ekoqaba"
"491005","khotetovo",,"okiqebe"
"491006","khotetovsky",,"ekoqabeli"
"491007","khoti",,"ekoqia"
"491008","khotin",,"muziona"
"491009","khoto",,"ikuqeo"
"491010","khotyn",,"mezai"
"491011","khoum",,"muzuz"
"491012","khoumaini",,"okiwirot"
"491013","khoumainis",,"okiwiro"
"491014","khoums",,"muzuet"
"491015","khouri",,"ekowuu"
"491016","khoury",,"ikuwin"
"491017","khous",,"mezeq"
"491018","khouzestan",,"ukawizot"
"491019","khovanov",,"ukabufua"
"491020","khovd",,"mazet"
"491021","khowa",,"mezine"
"491022","khowai",,"mezii"
"491023","khowar",,"ekodun"
"491024","khowarazm",,"mozuneon"
"491025","khowares",,"akedaqet"
"491026","khowarezm",,"mazonuo"
"491027","khowarizm",,"mezinain"
"491028","khowars",,"ekodeu"
"491029","khoy",,"muzii"
"491030","khoya",,"mazuni"
"491031","khozar",,"mazae"
"491032","khrabri",,"okemiia"
"491033","khrami",,"ukimato"
"491034","khramulya",,"mahezoen"
"491035","khrenovina",,"mehepoa"
"491036","khrestivka",,"oketubin"
"491037","khristina",,"ikonaban"
"491038","khristofor",,"mehuqoet"
"491039","khromykh",,"mohezian"
"491040","khronon",,"ukipeu"
"491041","khronos",,"mohepet"
"491042","khroskyabs",,"mahuqoon"
"491043","khrushch",,"akuworan"
"491044","khrushchev",,"mihiqoen"
"491045","khrushchevian",,"ekawiratu"
"491046","khrushchevism",,"meheqavoat"
"491047","khrushchevite",,"ekawirate"
"491048","khrushchevka",,"mihiqovuan"
"491049","khrushchevs",,"mihiqovuon"
"491050","khrushchov",,"meheqao"
"491051","khrushchyov",,"mihiqovui"
"491052","khrustalne",,"mahaqeon"
"491053","khrustalnyi",,"mihiqusii"
"491054","khrysaor",,"mehaquun"
"491055","khrystyna",,"okekubun"
"491056","khrystynivka",,"mahuqenoe"
"491057","khsrehbg",,"ekejara"
"491058","khua",,"maqei"
"491059","khuai",,"maqer"
"491060","khuais",,"maqeue"
"491061","khuanghlawn",,"muqaposuo"
"491062","khubani",,"miqane"
"491063","khubber",,"ukenaie"
"491064","khubilga",,"maqorien"
"491065","khubz",,"meqim"
"491066","khubzism",,"muqemuan"
"491067","khuchbarov",,"moqanean"
"491068","khud",,"ikasnu"
"491069","khudabad",,"akosasa"
"491070","khudabadi",,"akosaset"
"491071","khudari",,"maqunin"
"491072","khudd",,"miqot"
"491073","khuddar",,"ukesoia"
"491074","khudei",,"okusena"
"491075","khudjand",,"meqasuat"
"491076","khudrakpam",,"ukesara"
"491077","khuds",,"ikasas"
"491078","khudyk",,"ukesie"
"491079","khudykivtsi",,"okusavelo"
"491080","khueh",,"ikatune"
"491081","khuehhoc",,"meqenae"
"491082","khuen",,"akotos"
"491083","khuens",,"akotati"
"491084","khufi",,"akokoa"
"491085","khufu",,"ukekie"
"491086","khufus",,"ukekata"
"491087","khujand",,"ekireua"
"491088","khujutipara",,"meqabotaen"
"491089","khukhrain",,"okusiqot"
"491090","khukuri",,"okuseate"
"491091","khula",,"ikatis"
"491092","khulan",,"meqoi"
"491093","khulda",,"miquan"
"491094","khuleef",,"moqivo"
"491095","khullem",,"miquvu"
"491096","khulm",,"akotetu"
"491097","khulna",,"meqoia"
"491098","khulnas",,"meqopat"
"491099","khum",,"moqui"
"491100","khumal",,"ekivei"
"491101","khumallambam",,"ikavizatu"
"491102","khuman",,"akovoa"
"491103","khumancha",,"moqunoi"
"491104","khumanthem",,"okuvofota"
"491105","khumbaba",,"maqoriin"
"491106","khumbongmayum",,"meqiroheat"
"491107","khumbu",,"ekivuna"
"491108","khumomba",,"ikavepen"
"491109","khums",,"moquq"
"491110","khumujam",,"ukevitin"
"491111","khumukcham",,"ukeviven"
"491112","khun",,"ekizs"
"491113","khundongbam",,"mequtoheen"
"491114","khundrakpam",,"moqatesee"
"491115","khuneary",,"muqovoon"
"491116","khunjaoba",,"akoziran"
"491117","khunjerab",,"moqasuon"
"491118","khuno",,"ikaze"
"491119","khunti",,"mequan"
"491120","khunu",,"akozui"
"491121","khuon",,"ikapae"
"491122","khur",,"ukejs"
"491123","khuraijam",,"muqenue"
"491124","khural",,"muqeen"
"491125","khurana",,"muqenet"
"491126","khurasan",,"muqenui"
"491127","khureef",,"muqevet"
"491128","khuriya",,"okujui"
"491129","khurkhul",,"ekijaren"
"491130","khurli",,"miqae"
"491131","khurma",,"ikajina"
"491132","khurmani",,"meqizuu"
"491133","khurreef",,"ukejaze"
"491134","khurrite",,"ikajusen"
"491135","khurshee",,"miqaqou"
"491136","khurta",,"maqoea"
"491137","khurtas",,"maqowin"
"491138","khuru",,"ikajon"
"491139","khuruud",,"moquba"
"491140","khus",,"muqoa"
"491141","khushab",,"mequnan"
"491142","khushtar",,"akocebi"
"491143","khusimol",,"okucupu"
"491144","khusimone",,"akocopun"
"491145","khusitone",,"moqarian"
"491146","khuskhus",,"okucere"
"491147","khuskhuses",,"ekicaron"
"491148","khuskhuss",,"okucerin"
"491149","khuss",,"muqoq"
"491150","khussak",,"muqoqon"
"491151","khussaks",,"muqoqoan"
"491152","khust",,"ikacee"
"491153","khusuusi",,"moqabuon"
"491154","khutba",,"maquun"
"491155","khutbah",,"akoqeena"
"491156","khutbahs",,"akoqeron"
"491157","khutbeh",,"ikaquota"
"491158","khutir",,"muqiet"
"491159","khutor",,"meqaia"
"491160","khutput",,"ikaqoai"
"491161","khutshangbi",,"muqiqiseo"
"491162","khutspah",,"ekiqija"
"491163","khutspe",,"muqiqet"
"491164","khutspedik",,"okuqujin"
"491165","khutsuri",,"miqoqaot"
"491166","khutuktu",,"maquboo"
"491167","khutzpah",,"miqomain"
"491168","khuu",,"miqia"
"491169","khuuchir",,"muqusiat"
"491170","khuur",,"ikawue"
"491171","khuushuur",,"moqoqean"
"491172","khuyenthem",,"ukekifa"
"491173","khuzdar",,"ekiluun"
"491174","khuzestan",,"okulewat"
"491175","khuzestani",,"okulewu"
"491176","khuzi",,"akoloe"
"491177","khuzis",,"akoloi"
"491178","khuzist",,"maqarot"
"491179","khuzistan",,"ikalawon"
"491180","khuzistans",,"ikalawan"
"491181","khvanchkara",,"muwapusiin"
"491182","khvat",,"muwaw"
"491183","khvostism",,"miwoquen"
"491184","khvoy",,"okapai"
"491185","khwae",,"mibuv"
"491186","khwai",,"mubar"
"491187","khwairakpam",,"maberusuat"
"491188","khwairampam",,"mubarisaot"
"491189","khwaja",,"ukimini"
"491190","khwarazm",,"mabeciot"
"491191","khwarazmian",,"ikomuruhat"
"491192","khwarazmians",,"ikomuruhe"
"491193","khwarazmshah",,"mobicariin"
"491194","khwarezm",,"mibucae"
"491195","khwarezmia",,"mubaceun"
"491196","khwarezmian",,"ekamozohon"
"491197","khwarizm",,"mubacuan"
"491198","khwarizmi",,"mubacue"
"491199","khwarizmian",,"okemisiho"
"491200","khwarizmis",,"mubacuin"
"491201","khwarshi",,"mabecaen"
"491202","khwe",,"mobo"
"491203","khyal",,"ekomeo"
"491204","khyang",,"ekomen"
"491205","khyati",,"okimett"
"491206","khyber",,"moguua"
"491207","khybers",,"moguvot"
"491208","khyra",,"ikuji"
"491209","khyrgyz",,"mogumo"
"491210","khyrgyzstan",,"magomeroan"
"491211","khyriv",,"megiia"
"491212","khzes",,"akotonu"
"491213","kiaat",,"molowa"
"491214","kiaats",,"moloeta"
"491215","kiabooca",,"molifoan"
"491216","kiacatoo",,"melineot"
"491217","kiack",,"uloria"
"491218","kiacks",,"ulorie"
"491219","kiacz",,"milam"
"491220","kiads",,"meluqe"
"491221","kiah",,"molis"
"491222","kiahsville",,"alimogu"
"491223","kiahsvilles",,"alimogufot"
"491224","kiai",,"alini"
"491225","kiakhta",,"aliseet"
"491226","kiaki",,"ulosee"
"491227","kial",,"malana"
"491228","kiala",,"meleni"
"491229","kialee",,"miliua"
"491230","kialing",,"olatuun"
"491231","kialkee",,"moloti"
"491232","kialla",,"iletin"
"491233","kialo",,"molofe"
"491234","kiam",,"ilevn"
"491235","kiama",,"ulovue"
"491236","kiamba",,"meloun"
"491237","kiambu",,"mulaan"
"491238","kiamchay",,"miluseen"
"491239","kiamoy",,"olavet"
"491240","kiampong",,"alivuhat"
"491241","kiamusze",,"mulabie"
"491242","kian",,"mulene"
"491243","kiana",,"malone"
"491244","kianda",,"ileze"
"491245","kiandra",,"maloten"
"491246","kiang",,"malom"
"491247","kianga",,"meliua"
"491248","kiangan",,"olazoan"
"491249","kiangans",,"olazorun"
"491250","kiangling",,"molumuen"
"491251","kianglings",,"molumuon"
"491252","kiangpu",,"ulozue"
"491253","kiangpus",,"ulozujin"
"491254","kiangs",,"maloet"
"491255","kiangsi",,"maloman"
"491256","kiangsu",,"mulemu"
"491257","kiangwan",,"alizaki"
"491258","kiangwans",,"alizakat"
"491259","kiangyin",,"ilezimon"
"491260","kiangyins",,"ileziman"
"491261","kiani",,"mulero"
"491262","kianusch",,"olazewat"
"491263","kiaochow",,"mulosoin"
"491264","kiap",,"milos"
"491265","kiapj",,"elufua"
"491266","kiapnue",,"olafuon"
"491267","kiapped",,"milohot"
"491268","kiapping",,"milohoan"
"491269","kiaps",,"miloqe"
"491270","kiar",,"molina"
"491271","kiara",,"milun"
"491272","kias",,"alicni"
"491273","kiasi",,"alicoa"
"491274","kiasiness",,"milaroi"
"491275","kiasu",,"uloci"
"491276","kiasuism",,"olacesun"
"491277","kiasuness",,"molubee"
"491278","kiat",,"melus"
"491279","kiata",,"molano"
"491280","kiating",,"ileqaen"
"491281","kiato",,"milef"
"491282","kiaton",,"uloqan"
"491283","kiau",,"ulowu"
"491284","kiaugh",,"molean"
"491285","kiaughs",,"molemun"
"491286","kiavah",,"aliba"
"491287","kiawe",,"olade"
"491288","kiazim",,"melaua"
"491289","kibab",,"elamoi"
"491290","kibalo",,"elamuna"
"491291","kibana",,"ulimona"
"491292","kibanja",,"mamapet"
"491293","kibawe",,"mumuon"
"491294","kibbal",,"memoune"
"491295","kibbe",,"ulinio"
"491296","kibbeh",,"memouni"
"491297","kibbehs",,"memovui"
"491298","kibbeling",,"elanazena"
"491299","kibber",,"memoate"
"491300","kibbes",,"ulinet"
"491301","kibbey",,"elani"
"491302","kibbi",,"alunoa"
"491303","kibbis",,"alunai"
"491304","kibbitz",,"elanie"
"491305","kibbitzed",,"memoreot"
"491306","kibbitzer",,"momiroun"
"491307","kibbitzers",,"momirou"
"491308","kibbitzes",,"alunobon"
"491309","kibbitzing",,"memorean"
"491310","kibble",,"mumaia"
"491311","kibbled",,"olenoen"
"491312","kibbler",,"iloniin"
"491313","kibblerman",,"memovoet"
"491314","kibbles",,"mumavat"
"491315","kibblesmith",,"momiviboen"
"491316","kibbley",,"memovea"
"491317","kibbling",,"olenose"
"491318","kibbly",,"momieta"
"491319","kibbosh",,"mumafe"
"491320","kibboshed",,"elanuwot"
"491321","kibboshes",,"mimufoon"
"491322","kibboshing",,"elanuwan"
"491323","kibbutz",,"alunua"
"491324","kibbutzer",,"memobeot"
"491325","kibbutzes",,"ulinibun"
"491326","kibbutzi",,"alunubet"
"491327","kibbutzim",,"ilonobet"
"491328","kibbutzims",,"ilonobi"
"491329","kibbutznik",,"mimubiat"
"491330","kibbutzniks",,"mimubirue"
"491331","kibbutzs",,"alunuben"
"491332","kibbutzy",,"olenebon"
"491333","kibby",,"olenau"
"491334","kibe",,"mamune"
"491335","kibed",,"iloteni"
"491336","kibei",,"mamur"
"491337","kibeis",,"mamuoe"
"491338","kiberia",,"aluteo"
"491339","kiberpipa",,"ilotujet"
"491340","kibes",,"mamuq"
"491341","kibet",,"iloteno"
"491342","kibets",,"ilotenu"
"491343","kibi",,"memini"
"491344","kibibit",,"memirot"
"491345","kibibyte",,"momuroan"
"491346","kibinago",,"elaniro"
"491347","kibisis",,"memiqaa"
"491348","kibit",,"ulinoo"
"491349","kibitka",,"ulinoun"
"491350","kibitkas",,"ulinovu"
"491351","kibitz",,"momuon"
"491352","kibitzed",,"ulinonat"
"491353","kibitzer",,"aluninet"
"491354","kibitzers",,"alunini"
"491355","kibitzes",,"memiwoot"
"491356","kibitzing",,"ulinono"
"491357","kibla",,"ulitua"
"491358","kiblah",,"memeui"
"491359","kiblahs",,"memenot"
"491360","kiblas",,"ulitit"
"491361","kiblawan",,"momonaat"
"491362","kibler",,"mumuana"
"491363","kibo",,"mimet"
"491364","kibological",,"mumovuraan"
"491365","kibologist",,"mumovui"
"491366","kibology",,"alupahan"
"491367","kibor",,"olepii"
"491368","kibosh",,"olepona"
"491369","kiboshed",,"momaqaat"
"491370","kiboshes",,"elapirot"
"491371","kiboshing",,"momaqao"
"491372","kibosho",,"ulipee"
"491373","kiboze",,"olepoa"
"491374","kibozed",,"mimemin"
"491375","kibozer",,"mumomat"
"491376","kibozes",,"olepeet"
"491377","kibozing",,"mimemoi"
"491378","kibozo",,"alupa"
"491379","kibozoes",,"ulipihun"
"491380","kibozos",,"alupuen"
"491381","kibps",,"elafi"
"491382","kibrevil",,"elajagot"
"491383","kibrothh",,"mumafua"
"491384","kibs",,"memino"
"491385","kibsey",,"momuen"
"491386","kibty",,"elaqua"
"491387","kibuka",,"mamuoi"
"491388","kibun",,"elawie"
"491389","kibungan",,"momepue"
"491390","kibushi",,"uliwee"
"491391","kibwezi",,"ilodoin"
"491392","kibworth",,"aludiqi"
"491393","kiby",,"mimes"
"491394","kibya",,"mumone"
"491395","kibyrrhaioton",,"alukeqitet"
"491396","kibzaim",,"alulaen"
"491397","kichadi",,"alamaen"
"491398","kichaga",,"munanea"
"491399","kichagae",,"minunaen"
"491400","kichagas",,"munanein"
"491401","kichagga",,"manenoat"
"491402","kichai",,"moniii"
"491403","kichaies",,"menonaa"
"491404","kichais",,"moninat"
"491405","kiche",,"maneve"
"491406","kichel",,"olometa"
"491407","kichenside",,"menovaet"
"491408","kichij",,"ulumuna"
"491409","kichijoji",,"moniroen"
"491410","kichiri",,"alamoia"
"491411","kichua",,"menoea"
"491412","kichwa",,"maneoa"
"491413","kicinski",,"monupein"
"491414","kick",,"ilist"
"491415","kickabil",,"ilisisen"
"491416","kickability",,"menanutaat"
"491417","kickable",,"olososi"
"491418","kickabout",,"alasasi"
"491419","kickabouts",,"alasasat"
"491420","kickapoo",,"menanooa"
"491421","kickapoos",,"menanoet"
"491422","kickaround",,"muninooa"
"491423","kickarounds",,"muninojoet"
"491424","kickass",,"ulusuat"
"491425","kickassery",,"moneneu"
"491426","kickathon",,"manunae"
"491427","kickback",,"manuroon"
"491428","kickbacks",,"manuroan"
"491429","kickball",,"minoraet"
"491430","kickballer",,"elesoren"
"491431","kickballs",,"minorai"
"491432","kickban",,"olosion"
"491433","kickbanned",,"ilisuret"
"491434","kickbanning",,"ilisuroju"
"491435","kickbans",,"olosiran"
"491436","kickbike",,"minoroet"
"491437","kickboard",,"minoriet"
"491438","kickboards",,"minorii"
"491439","kickbox",,"ilisuot"
"491440","kickboxed",,"minorien"
"491441","kickboxer",,"muniruina"
"491442","kickboxers",,"munirua"
"491443","kickboxes",,"olosihat"
"491444","kickboxing",,"minorie"
"491445","kickboxings",,"minorimuin"
"491446","kickdown",,"alasihon"
"491447","kickdowns",,"alasihan"
"491448","kickdrum",,"alasiqon"
"491449","kicked",,"minou"
"491450","kickee",,"elesan"
"491451","kicker",,"munian"
"491452","kickers",,"munivuna"
"491453","kickest",,"minova"
"491454","kicketh",,"oloseia"
"491455","kickflip",,"menalion"
"491456","kickflipped",,"menalituun"
"491457","kickflipping",,"menalituen"
"491458","kickham",,"muninu"
"491459","kickie",,"oloset"
"491460","kickier",,"munire"
"491461","kickiest",,"minoruet"
"491462","kickin",,"monean"
"491463","kickiness",,"menaraet"
"491464","kicking",,"minoron"
"491465","kickingly",,"olosufot"
"491466","kickish",,"manuran"
"491467","kickless",,"moneviun"
"491468","kicklighter",,"olososutet"
"491469","kickline",,"ilisiseta"
"491470","kickoff",,"iliseet"
"491471","kickoffs",,"ilisemi"
"491472","kickout",,"manufona"
"491473","kickover",,"ilisego"
"491474","kickplate",,"muniheot"
"491475","kicks",,"ilisai"
"491476","kickscooter",,"elesitecon"
"491477","kicksey",,"uluseana"
"491478","kickseys",,"ulusezun"
"491479","kickshaw",,"muniqoin"
"491480","kickshaws",,"muniqoa"
"491481","kickshawses",,"minoqesiun"
"491482","kickshoe",,"menaquo"
"491483","kicksie",,"olosui"
"491484","kicksies",,"olosusat"
"491485","kicksled",,"alasozet"
"491486","kicksledded",,"ilisazupet"
"491487","kicksledding",,"ilisazupu"
"491488","kicksleds",,"alasozi"
"491489","kicksorter",,"menaqeon"
"491490","kicksorters",,"menaqewian"
"491491","kickstand",,"moneqoe"
"491492","kickstands",,"moneqoin"
"491493","kickstart",,"manuqaat"
"491494","kickstarted",,"olosububu"
"491495","kickstarter",,"ilisababan"
"491496","kickstarting",,"olosububon"
"491497","kickstarts",,"manuqae"
"491498","kickstep",,"ilisabo"
"491499","kickstepped",,"ilisabuqi"
"491500","kickstepping",,"ilisabuqot"
"491501","kicksteps",,"ilisabet"
"491502","kickster",,"olosuban"
"491503","kickstool",,"alasobun"
"491504","kicksy",,"alasae"
"491505","kickt",,"muniw"
"491506","kicktail",,"olosarun"
"491507","kicktails",,"olosaru"
"491508","kickup",,"manuen"
"491509","kickups",,"manubon"
"491510","kickwheel",,"ilisureta"
"491511","kickwheels",,"ilisuri"
"491512","kickwriting",,"menagutiu"
"491513","kickxellaceous",,"munikapiat"
"491514","kickxia",,"minoko"
"491515","kicky",,"alasia"
"491516","kicva",,"manan"
"491517","kicvas",,"manaae"
"491518","kid",,"mar"
"491519","kidal",,"ilumii"
"491520","kidane",,"elomana"
"491521","kidang",,"ilumina"
"491522","kidapawan",,"marahoi"
"491523","kidaris",,"alemeen"
"491524","kidawa",,"maraot"
"491525","kidbrooke",,"mirucion"
"491526","kidby",,"elonui"
"491527","kidcom",,"maroo"
"491528","kidcoms",,"marofet"
"491529","kidcore",,"aleria"
"491530","kidcote",,"ularoi"
"491531","kidd",,"iluso"
"491532","kiddaw",,"olisa"
"491533","kiddcreekite",,"ulaseqafa"
"491534","kidde",,"oliseo"
"491535","kidded",,"mireuna"
"491536","kiddel",,"moraen"
"491537","kidder",,"muroon"
"491538","kidderminster",,"oliseqaven"
"491539","kidderminsters",,"oliseqavon"
"491540","kidderpore",,"moravaee"
"491541","kidders",,"murovan"
"491542","kiddes",,"olisaa"
"491543","kiddhoge",,"moranoun"
"491544","kiddie",,"olisoe"
"491545","kiddiecam",,"elosizin"
"491546","kiddied",,"mirerin"
"491547","kiddieland",,"marireat"
"491548","kiddier",,"murorat"
"491549","kiddiers",,"murorae"
"491550","kiddies",,"olisuet"
"491551","kiddiewink",,"mireruat"
"491552","kiddiewinkie",,"morariliet"
"491553","kiddiewinkies",,"morarilii"
"491554","kiddiewinks",,"mirerulue"
"491555","kiddified",,"ilusamet"
"491556","kiddily",,"mariret"
"491557","kiddin",,"moraona"
"491558","kiddiness",,"merurao"
"491559","kidding",,"mireren"
"491560","kiddingly",,"olisufu"
"491561","kiddiot",,"merurin"
"491562","kiddish",,"mariron"
"491563","kiddisher",,"ilusawet"
"491564","kiddishest",,"olisuwu"
"491565","kiddishness",,"alesowiju"
"491566","kiddishnesses",,"ulasewoji"
"491567","kiddishnesss",,"alesowijot"
"491568","kiddiwink",,"muroroo"
"491569","kiddle",,"moraena"
"491570","kiddles",,"moravon"
"491571","kiddleywink",,"olisozomot"
"491572","kiddly",,"mariaa"
"491573","kiddlywink",,"ilusiman"
"491574","kiddo",,"alesiu"
"491575","kiddoes",,"ulasoi"
"491576","kiddom",,"ilusu"
"491577","kiddos",,"alesot"
"491578","kiddow",,"ilusea"
"491579","kidds",,"ilusae"
"491580","kiddush",,"murobun"
"491581","kiddushes",,"mireboet"
"491582","kiddushim",,"morabein"
"491583","kiddushin",,"alesuwat"
"491584","kiddy",,"alesit"
"491585","kiddying",,"mariluan"
"491586","kiddyish",,"moraleun"
"491587","kiddywink",,"meruluen"
"491588","kiddywinks",,"meruluon"
"491589","kidel",,"elotes"
"491590","kidels",,"elotate"
"491591","kideo",,"meraf"
"491592","kideos",,"meraun"
"491593","kidepo",,"elotati"
"491594","kidfic",,"aleko"
"491595","kidfluence",,"ilukidon"
"491596","kidfluencer",,"maruvepeu"
"491597","kidfluencing",,"murivapaun"
"491598","kidfucker",,"muribiot"
"491599","kidfur",,"merau"
"491600","kidge",,"marav"
"491601","kidgeree",,"olileqon"
"491602","kidgie",,"maraene"
"491603","kidgier",,"ulaleun"
"491604","kidgiest",,"ilulazen"
"491605","kidglove",,"muruvuin"
"491606","kidhood",,"murafe"
"491607","kidjolanin",,"merufiat"
"491608","kidkind",,"merarot"
"491609","kidless",,"elotaea"
"491610","kidlessness",,"muruvibaen"
"491611","kidlet",,"moroeta"
"491612","kidlets",,"morovi"
"491613","kidlike",,"aletoet"
"491614","kidling",,"morore"
"491615","kidlings",,"mororein"
"491616","kidlington",,"mereraun"
"491617","kidlit",,"miriaa"
"491618","kidlits",,"miriren"
"491619","kidly",,"ulatoi"
"491620","kidman",,"aleva"
"491621","kidnap",,"marooa"
"491622","kidnaped",,"olizojon"
"491623","kidnapee",,"miranua"
"491624","kidnapees",,"miranuen"
"491625","kidnaper",,"iluzija"
"491626","kidnapers",,"iluzijen"
"491627","kidnaping",,"olizojin"
"491628","kidnapings",,"olizoja"
"491629","kidnappable",,"ulazujata"
"491630","kidnappe",,"ulazujun"
"491631","kidnapped",,"maronei"
"491632","kidnappeds",,"maroneat"
"491633","kidnappee",,"iluzijo"
"491634","kidnappees",,"iluzijet"
"491635","kidnapper",,"merinoo"
"491636","kidnappers",,"merinoet"
"491637","kidnappi",,"alezaji"
"491638","kidnapping",,"maroneot"
"491639","kidnappings",,"maroneceo"
"491640","kidnaps",,"maronet"
"491641","kidner",,"morueta"
"491642","kidney",,"olizoa"
"491643","kidneyed",,"moruvoon"
"491644","kidneyless",,"meriveen"
"491645","kidneylike",,"marovae"
"491646","kidneylipped",,"olizemuva"
"491647","kidneyroot",,"elozamen"
"491648","kidneys",,"olizeet"
"491649","kidneyshell",,"marovabain"
"491650","kidneywood",,"marovaata"
"491651","kidneywort",,"olizeme"
"491652","kidneyworts",,"olizemacin"
"491653","kidologies",,"elopehi"
"491654","kidologist",,"mireviu"
"491655","kidologists",,"mireviruot"
"491656","kidology",,"ulapuhin"
"491657","kidon",,"ilupaa"
"491658","kidonia",,"ulapeun"
"491659","kidpic",,"alefae"
"491660","kidporn",,"alefiet"
"491661","kidproof",,"elofoho"
"491662","kidproofed",,"meraceon"
"491663","kidproofing",,"meracejuin"
"491664","kidproofs",,"elofohet"
"491665","kidron",,"mareen"
"491666","kids",,"maroe"
"491667","kidsgrove",,"merimuen"
"491668","kidsgroves",,"merimuon"
"491669","kidsicle",,"elocitin"
"491670","kidskin",,"alecuon"
"491671","kidskins",,"alecusan"
"491672","kidsman",,"aleceen"
"491673","kidson",,"ilucina"
"491674","kidspeak",,"ulacizun"
"491675","kidstake",,"olicaria"
"491676","kidstakes",,"olicarat"
"491677","kidston",,"murewe"
"491678","kidswear",,"olicizon"
"491679","kidsy",,"morul"
"491680","kidult",,"moreon"
"491681","kidulthood",,"meravei"
"491682","kidults",,"morevan"
"491683","kidvid",,"miriin"
"491684","kidvids",,"mirira"
"491685","kidwell",,"muravun"
"491686","kidwellite",,"elodazen"
"491687","kidwelly",,"meroviot"
"491688","kiebosh",,"elinuu"
"491689","kiechten",,"mesineot"
"491690","kiedrowski",,"olusihin"
"491691","kief",,"mesane"
"491692","kiefekil",,"elikavo"
"491693","kiefer",,"uleki"
"491694","kieff",,"elika"
"491695","kieffer",,"moselat"
"491696","kiefs",,"mesaqe"
"491697","kieft",,"uleko"
"491698","kieftite",,"musiwiin"
"491699","kieger",,"masaoa"
"491700","kiehl",,"olumo"
"491701","kiehn",,"elimio"
"491702","kiehns",,"elime"
"491703","kiekefretter",,"moseviwao"
"491704","kiekie",,"elisuna"
"491705","kiekies",,"elisiu"
"491706","kiel",,"misite"
"491707","kielbasa",,"uletarat"
"491708","kielbasas",,"uletare"
"491709","kielbasi",,"ilaturo"
"491710","kielbasy",,"aloteren"
"491711","kielburger",,"olutidu"
"491712","kielce",,"mosoena"
"491713","kielder",,"mosoton"
"491714","kiele",,"mosovt"
"491715","kieler",,"elitat"
"491716","kielers",,"elitae"
"491717","kielland",,"ilatiro"
"491718","kiels",,"misiqo"
"491719","kielstra",,"musuquu"
"491720","kielstras",,"musuquot"
"491721","kielty",,"ilatue"
"491722","kielvale",,"masadoon"
"491723","kiely",,"masala"
"491724","kien",,"mosuto"
"491725","kienan",,"ulezia"
"491726","kienb",,"elizo"
"491727","kienbocks",,"oluzihun"
"491728","kienchang",,"mosusain"
"491729","kienitz",,"misaroa"
"491730","kienle",,"ilazua"
"491731","kienning",,"misapoan"
"491732","kienow",,"mosuona"
"491733","kienshih",,"misaqean"
"491734","kienyang",,"oluzarat"
"491735","kienzle",,"mesimua"
"491736","kiepura",,"alofuo"
"491737","kiepuras",,"alofuqet"
"491738","kier",,"maseno"
"491739","kiera",,"mesone"
"491740","kieran",,"olujen"
"491741","kierans",,"olujoon"
"491742","kierie",,"musaana"
"491743","kieries",,"musarun"
"491744","kiering",,"olujuat"
"491745","kierkegaard",,"mesotoraon"
"491746","kierkegaardian",,"ilajozatot"
"491747","kierkegaardianism",,"elijaziton"
"491748","kierkegaardianisms",,"elijazitan"
"491749","kierkegaards",,"mesotoraan"
"491750","kiernan",,"mesopin"
"491751","kieron",,"ilajin"
"491752","kiers",,"maseqn"
"491753","kierstead",,"musaque"
"491754","kiersten",,"mesoqeot"
"491755","kierz",,"aloju"
"491756","kies",,"ilacnu"
"491757","kieschnick",,"alocore"
"491758","kieselguhr",,"misavaun"
"491759","kieselguhrs",,"misavareu"
"491760","kieselgur",,"elicazo"
"491761","kieselgurs",,"elicazet"
"491762","kieser",,"museii"
"491763","kieserite",,"elicaqot"
"491764","kieserites",,"elicaqo"
"491765","kieseritic",,"olucequ"
"491766","kiesling",,"alocasat"
"491767","kiesow",,"ilacue"
"491768","kiess",,"ilacaa"
"491769","kiesselbach",,"museqapuo"
"491770","kiesselguhr",,"misaqupou"
"491771","kiesselgur",,"elicizet"
"491772","kiesserite",,"elicizo"
"491773","kiessling",,"alocozea"
"491774","kiest",,"musewa"
"491775","kiester",,"olucaet"
"491776","kiesters",,"olucazi"
"491777","kiestless",,"alocizi"
"491778","kiet",,"musone"
"491779","kieta",,"masina"
"491780","kietas",,"masiai"
"491781","kieth",,"ilaque"
"491782","kieths",,"ilaqina"
"491783","kieu",,"oluwo"
"491784","kieunga",,"misopo"
"491785","kiev",,"misiti"
"491786","kievan",,"alobot"
"491787","kievans",,"alobao"
"491788","kieve",,"mosovs"
"491789","kieved",,"alobu"
"491790","kieves",,"mosoene"
"491791","kievian",,"aloboen"
"491792","kievica",,"musurat"
"491793","kieving",,"aloboon"
"491794","kievite",,"aloboo"
"491795","kievitone",,"mesereena"
"491796","kievs",,"misiqu"
"491797","kiewa",,"oludo"
"491798","kiewicz",,"musarat"
"491799","kiewiet",,"mesoru"
"491800","kiewit",,"mosiona"
"491801","kiewits",,"mosiran"
"491802","kieye",,"ulekia"
"491803","kiez",,"mesani"
"491804","kif",,"mog"
"491805","kifaya",,"megee"
"491806","kife",,"megau"
"491807","kifer",,"alotei"
"491808","kiff",,"oluke"
"491809","kifisia",,"migaqon"
"491810","kifissia",,"migaqoan"
"491811","kifl",,"ulett"
"491812","kifle",,"ilatoe"
"491813","kifli",,"uletes"
"491814","kifo",,"mugo"
"491815","kifs",,"mogua"
"491816","kifu",,"megan"
"491817","kifunensin",,"eliwizan"
"491818","kifunensine",,"alowozudot"
"491819","kiga",,"elumna"
"491820","kigaku",,"ulomate"
"491821","kigal",,"mekev"
"491822","kigali",,"mekeote"
"491823","kigalian",,"ilemison"
"491824","kigalies",,"makavuat"
"491825","kigalis",,"mekevo"
"491826","kigelia",,"makuvi"
"491827","kigensetsu",,"ulotewa"
"491828","kigensetsus",,"ulotewagen"
"491829","kiger",,"mekac"
"491830","kiggelaria",,"elulazi"
"491831","kiggelariae",,"aliluzobin"
"491832","kiggelarias",,"elulazibat"
"491833","kigget",,"mekein"
"491834","kiggett",,"ulolie"
"491835","kiggins",,"makarun"
"491836","kight",,"alimin"
"491837","kightawanck",,"mikuwalou"
"491838","kightley",,"mekowien"
"491839","kightlinger",,"mikuwatuo"
"491840","kightly",,"mokiwe"
"491841","kights",,"alimeta"
"491842","kigilyakh",,"elunemi"
"491843","kigiryama",,"mukecuo"
"491844","kigo",,"olapna"
"491845","kigoma",,"elupu"
"491846","kigtan",,"ileqot"
"491847","kigu",,"ulown"
"491848","kigurumi",,"mikocuan"
"491849","kiha",,"molo"
"491850","kihaadhoo",,"molonoin"
"491851","kihaadhuffaru",,"ulimuvokun"
"491852","kihara",,"olemete"
"491853","kihavahhuravalhi",,"alumaritu"
"491854","kihcnab",,"malopet"
"491855","kihei",,"malur"
"491856","kiheis",,"maluet"
"491857","kihiczak",,"elanina"
"491858","kihni",,"olezue"
"491859","kihnu",,"elaza"
"491860","kiho",,"milei"
"491861","kihon",,"ulipei"
"491862","kihos",,"mileq"
"491863","kihsuaks",,"maloboat"
"491864","kihyen",,"ilokin"
"491865","kiiking",,"mimoran"
"491866","kiirun",,"eleju"
"491867","kiiruns",,"elejaote"
"491868","kija",,"mene"
"491869","kijafa",,"olimon"
"491870","kijanimicin",,"munupifaun"
"491871","kijichon",,"manosie"
"491872","kijillion",,"alenazot"
"491873","kijin",,"elonia"
"491874","kijken",,"ulasat"
"491875","kijsamnong",,"monunaet"
"491876","kikai",,"ulemea"
"491877","kikais",,"ulemate"
"491878","kikapoo",,"mereha"
"491879","kikar",,"merec"
"491880","kikatsik",,"muruwia"
"491881","kikatsiks",,"muruwien"
"491882","kikau",,"ilamoi"
"491883","kikawaeo",,"ulemarun"
"491884","kikay",,"elimua"
"491885","kikayon",,"morolat"
"491886","kike",,"olutna"
"491887","kiked",,"mirot"
"491888","kikeface",,"maruloon"
"491889","kikeish",,"muririn"
"491890","kikelia",,"miroven"
"491891","kikelover",,"morevou"
"491892","kikepa",,"meraea"
"491893","kiker",,"muric"
"491894","kikeroach",,"elitoho"
"491895","kikes",,"olutui"
"491896","kikesucker",,"meraqoet"
"491897","kiketard",,"muriwee"
"491898","kikey",,"uletoi"
"491899","kikhorthang",,"morifadoan"
"491900","kiki",,"ilanna"
"491901","kikiam",,"olunia"
"491902","kikiamah",,"maroniun"
"491903","kikied",,"miraota"
"491904","kikiing",,"miraran"
"491905","kikiki",,"olunato"
"491906","kikimora",,"merizeet"
"491907","kiking",,"miraet"
"491908","kikis",,"ilanai"
"491909","kikki",,"olusu"
"491910","kikldhes",,"morotae"
"491911","kikldhess",,"morotain"
"491912","kiko",,"alopna"
"491913","kikoi",,"alopoa"
"491914","kikoin",,"muroui"
"491915","kikoira",,"mireret"
"491916","kikois",,"alopet"
"491917","kikoky",,"elipua"
"491918","kikongo",,"morapu"
"491919","kikongos",,"morapuot"
"491920","kikorangi",,"aloperu"
"491921","kikori",,"moraat"
"491922","kiksht",,"ilacae"
"491923","kikta",,"marine"
"491924","kiku",,"oluwn"
"491925","kikuchi",,"murisin"
"491926","kikuel",,"meraua"
"491927","kikuko",,"ilawa"
"491928","kikumon",,"merazo"
"491929","kikumons",,"merazeet"
"491930","kikutuki",,"merawoet"
"491931","kikuyu",,"ilawin"
"491932","kikuyugrass",,"moreliroen"
"491933","kikuyuland",,"meraloon"
"491934","kikuyus",,"ilaweaa"
"491935","kikwembe",,"muravoe"
"491936","kikwit",,"morian"
"491937","kikwits",,"moriruna"
"491938","kikyo",,"olukaa"
"491939","kikyou",,"elike"
"491940","kila",,"masan"
"491941","kilaben",,"mosori"
"491942","kiladar",,"mesetu"
"491943","kiladja",,"masatet"
"491944","kilagding",,"musumuet"
"491945","kilah",,"ulomas"
"491946","kilampere",,"misizuon"
"491947","kilamss",,"misizen"
"491948","kilan",,"elumit"
"491949","kilar",,"ulomane"
"491950","kilat",,"ilemee"
"491951","kilauea",,"musubat"
"491952","kilaueas",,"musubae"
"491953","kilawin",,"ulomaee"
"491954","kilaya",,"misiine"
"491955","kilayas",,"misilaa"
"491956","kilbane",,"mosinia"
"491957","kilbarchan",,"masenie"
"491958","kilbarry",,"olanoqan"
"491959","kilbey",,"ulonon"
"491960","kilbirnie",,"alinoqun"
"491961","kilborn",,"ileneo"
"491962","kilborne",,"olanaqat"
"491963","kilbourn",,"olanadun"
"491964","kilbourne",,"elunudo"
"491965","kilbournes",,"elunudet"
"491966","kilbowie",,"olanakat"
"491967","kilbracken",,"alinerat"
"491968","kilbrickenite",,"musacivoun"
"491969","kilbride",,"olanisan"
"491970","kilbridge",,"ilenuson"
"491971","kilburg",,"masebi"
"491972","kilburn",,"alinuet"
"491973","kilby",,"alinia"
"491974","kilch",,"ilerua"
"491975","kilcher",,"musene"
"491976","kilchoan",,"masonaat"
"491977","kilchoanite",,"olarihujo"
"491978","kilcock",,"masofon"
"491979","kilcoe",,"masooa"
"491980","kilconquhar",,"ulorofekon"
"491981","kilcoole",,"ulorohu"
"491982","kilcoyne",,"ileremo"
"491983","kilcrease",,"olarizan"
"491984","kilcullen",,"aliruzat"
"491985","kilcunda",,"mesibaot"
"491986","kild",,"olast"
"491987","kilda",,"ilesi"
"491988","kildale",,"mosani"
"491989","kildan",,"mosaon"
"491990","kildangan",,"alisafat"
"491991","kildare",,"musonat"
"491992","kildary",,"mosania"
"491993","kilday",,"alisot"
"491994","kildee",,"alisin"
"491995","kildeer",,"mosavon"
"491996","kildeeres",,"mesuvoot"
"491997","kildeers",,"mosavian"
"491998","kilderkin",,"ilesoqi"
"491999","kilderkins",,"ilesoqat"
"492000","kildin",,"mesuine"
"492001","kildonan",,"alisifi"
"492002","kildow",,"olaseta"
"492003","kildrum",,"mesucot"
"492004","kilduff",,"ulosiu"
"492005","kildwick",,"ulosasu"
"492006","kile",,"misoi"
"492007","kilegi",,"musiea"
"492008","kileh",,"olatis"
"492009","kilerg",,"iletot"
"492010","kilergs",,"iletuo"
"492011","kiley",,"masul"
"492012","kileys",,"masuo"
"492013","kilgannon",,"ulolufen"
"492014","kilgariff",,"ileliqe"
"492015","kilgerran",,"olalequ"
"492016","kilgetty",,"masavaan"
"492017","kilgin",,"elulota"
"492018","kilgo",,"mosofe"
"492019","kilgore",,"alilion"
"492020","kilgoreite",,"masafiin"
"492021","kilgour",,"alilii"
"492022","kilgra",,"alilen"
"492023","kilgus",,"musuea"
"492024","kilham",,"olamii"
"492025","kilhamite",,"mosinaot"
"492026","kilhamites",,"mosinao"
"492027","kilhig",,"ulomui"
"492028","kili",,"musena"
"492029","kilia",,"masont"
"492030","kilian",,"elunuu"
"492031","kiliani",,"elunea"
"492032","kiliare",,"ileniaa"
"492033","kilic",,"musesa"
"492034","kiliel",,"alinen"
"492035","kilifi",,"ulonu"
"492036","kilig",,"masom"
"492037","kiliia",,"masooni"
"492038","kilij",,"olanae"
"492039","kilijs",,"olanana"
"492040","kilikiki",,"mosuteo"
"492041","kilikili",,"alinusu"
"492042","kilikinick",,"ilenosin"
"492043","kilikiti",,"elunason"
"492044","kilil",,"elunee"
"492045","kilim",,"mosuza"
"492046","kilimanjari",,"alineruzo"
"492047","kilimanjaro",,"olanirezet"
"492048","kilimanjaroes",,"elunorazin"
"492049","kilimanjaros",,"olanirezi"
"492050","kilims",,"mosuate"
"492051","kilin",,"alinou"
"492052","kilindini",,"olanuva"
"492053","kiling",,"elunote"
"492054","kilis",,"museqo"
"492055","kilise",,"misaaa"
"492056","kilishi",,"ilenaona"
"492057","kilisi",,"museui"
"492058","kilivila",,"mosudein"
"492059","kiliwa",,"misaae"
"492060","kiliwae",,"mosugan"
"492061","kiliwas",,"misagen"
"492062","kiliwi",,"mosuati"
"492063","kiliwies",,"mesigaen"
"492064","kiliwis",,"mosuge"
"492065","kiliyang",,"ulonorot"
"492066","kilk",,"misoo"
"492067","kilkee",,"mesaei"
"492068","kilkenny",,"musiviot"
"492069","kilker",,"elusea"
"492070","kilkiling",,"masuroo"
"492071","kill",,"eluts"
"492072","killa",,"olatou"
"492073","killabakh",,"iletisi"
"492074","killability",,"musunotian"
"492075","killable",,"alitason"
"492076","killabler",,"mosonau"
"492077","killablest",,"mesenuon"
"492078","killadar",,"iletivo"
"492079","killadars",,"iletivet"
"492080","killadelphia",,"olatovifet"
"492081","killah",,"musuee"
"492082","killalaite",,"alitaze"
"492083","killaloe",,"misinaon"
"492084","killaly",,"musunua"
"492085","killam",,"alitena"
"492086","killamarsh",,"olatopa"
"492087","killanin",,"olatofu"
"492088","killanins",,"olatofot"
"492089","killara",,"masanon"
"492090","killarney",,"eluteqo"
"492091","killary",,"mesenot"
"492092","killas",,"olatona"
"492093","killases",,"elutewot"
"492094","killaut",,"mosonat"
"492095","killawarra",,"iletiki"
"492096","killawog",,"iletikon"
"492097","killawogs",,"iletikan"
"492098","killbit",,"elutoot"
"492099","killboard",,"mesereene"
"492100","killbot",,"iletuoa"
"492101","killbox",,"elutoin"
"492102","killbuck",,"meseroo"
"492103","killbucks",,"meseroet"
"492104","killcalf",,"olature"
"492105","killcam",,"alitoet"
"492106","killcare",,"misisaen"
"492107","killcow",,"elutiin"
"492108","killcows",,"elutiha"
"492109","killcrec",,"mososaat"
"492110","killcrop",,"alitoqan"
"492111","killcrops",,"alitoqun"
"492112","killcu",,"alito"
"492113","killd",,"mosot"
"492114","killdee",,"masaten"
"492115","killdeer",,"ulotozun"
"492116","killdeers",,"ulotozu"
"492117","killdees",,"masateon"
"492118","killduff",,"musutao"
"492119","killduffs",,"musutaet"
"492120","kille",,"alituo"
"492121","killeagh",,"musuvea"
"492122","killearn",,"ulotiru"
"492123","killebrew",,"iletosen"
"492124","killed",,"meseea"
"492125","killedar",,"elutavin"
"492126","killedst",,"ulotive"
"492127","killee",,"ulotie"
"492128","killeekillee",,"iletozuvu"
"492129","killeen",,"misivoa"
"492130","killeens",,"misivuet"
"492131","killen",,"musuuni"
"492132","killenaule",,"alitufuna"
"492133","killenberg",,"masavuua"
"492134","killer",,"mosoio"
"492135","killerball",,"ulotiqo"
"492136","killerbe",,"alituqet"
"492137","killeress",,"mesevuen"
"492138","killerish",,"elutaqon"
"492139","killerly",,"elutaqa"
"492140","killers",,"mosovat"
"492141","killership",,"musuvoi"
"492142","killery",,"musuve"
"492143","killese",,"ulotiat"
"492144","killeshandra",,"alituwitot"
"492145","killesse",,"ulotiwe"
"492146","killest",,"mesevot"
"492147","killester",,"ulotiwin"
"492148","killeth",,"alituona"
"492149","killey",,"olateti"
"492150","killfie",,"misilon"
"492151","killfile",,"alitusun"
"492152","killfiled",,"meselai"
"492153","killfiling",,"meselaot"
"492154","killfilter",,"alitusot"
"492155","killgore",,"masamaun"
"492156","killhouse",,"misiniat"
"492157","killian",,"mesero"
"492158","killick",,"alitoi"
"492159","killickinnic",,"alitotevon"
"492160","killickinnick",,"ulotetavot"
"492161","killickinnics",,"alitotevan"
"492162","killicks",,"alitotat"
"492163","killie",,"alitene"
"492164","killiecrankie",,"olatuzebi"
"492165","killien",,"musurin"
"492166","killies",,"alitoona"
"492167","killifish",,"iletamu"
"492168","killifishes",,"olatumedi"
"492169","killifishs",,"iletamot"
"492170","killig",,"olatata"
"492171","killigrew",,"meserii"
"492172","killikinic",,"musuraat"
"492173","killikinick",,"misirutuen"
"492174","killikinicks",,"misirutuon"
"492175","killikinnick",,"ulotevijin"
"492176","killimicat",,"meseruat"
"492177","killin",,"masaie"
"492178","killiney",,"meseraen"
"492179","killing",,"meseret"
"492180","killingbeck",,"iletafavu"
"492181","killinger",,"ulotefen"
"492182","killingholme",,"musuriruot"
"492183","killingl",,"iletafat"
"492184","killinglier",,"musuririe"
"492185","killingliest",,"misiroroet"
"492186","killingly",,"alitofina"
"492187","killingness",,"elutifije"
"492188","killingry",,"olatufa"
"492189","killings",,"meserai"
"492190","killingsworth",,"alitofodat"
"492191","killingt",,"ulotefo"
"492192","killington",,"masaruena"
"492193","killingtons",,"masaruroon"
"492194","killingworth",,"alitofomi"
"492195","killinick",,"musurion"
"492196","killinite",,"olatufot"
"492197","killion",,"mosoru"
"492198","killiput",,"elutijen"
"492199","killjoy",,"meseso"
"492200","killjoyism",,"mususuan"
"492201","killjoys",,"meseseet"
"492202","killke",,"ulotat"
"492203","killman",,"musuzina"
"492204","killmer",,"masazia"
"492205","killoch",,"masafan"
"492206","killock",,"olataat"
"492207","killocks",,"olatate"
"492208","killoff",,"elutuen"
"492209","killogie",,"ileteni"
"492210","killogies",,"iletenat"
"492211","killographic",,"musufewiu"
"492212","killology",,"misifae"
"492213","killona",,"misifet"
"492214","killonan",,"ulotofot"
"492215","killonas",,"misifoi"
"492216","killongbutta",,"elutufive"
"492217","killora",,"mesefa"
"492218","killoran",,"olataqe"
"492219","killorglin",,"mosofai"
"492220","killough",,"masafeu"
"492221","killow",,"elutus"
"492222","killpack",,"musuheot"
"492223","killpg",,"masaii"
"492224","killroy",,"mosocun"
"492225","kills",,"elutit"
"492226","killscreen",,"olatutu"
"492227","killshot",,"iletari"
"492228","killsteal",,"ulotebot"
"492229","killstealer",,"masaqapuin"
"492230","killstreak",,"alitobe"
"492231","killswitch",,"uloteket"
"492232","killucan",,"masabuan"
"492233","killumney",,"misibean"
"492234","killurin",,"iletoqi"
"492235","killut",,"mesein"
"492236","killuts",,"meseba"
"492237","killweed",,"misiguo"
"492238","killwort",,"elutoho"
"492239","killworthy",,"masagaot"
"492240","killy",,"iletei"
"492241","killybegs",,"masaliun"
"492242","killygordon",,"mosolujoon"
"492243","killzone",,"elutaha"
"492244","kilmacolm",,"alivatun"
"492245","kilmacrenan",,"olavotafot"
"492246","kilmacrennan",,"mesonawuun"
"492247","kilmacthomas",,"musaniduat"
"492248","kilmainham",,"masenua"
"492249","kilmainhamwood",,"alivasutan"
"492250","kilmakerrill",,"musanapue"
"492251","kilmallock",,"mesoniat"
"492252","kilman",,"ulovat"
"492253","kilmany",,"eluvein"
"492254","kilmar",,"olavon"
"492255","kilmarnock",,"mosinaoa"
"492256","kilmarti",,"misuneia"
"492257","kilmartin",,"ulovuqo"
"492258","kilmarx",,"mesonot"
"492259","kilmaurs",,"eluveda"
"492260","kilmer",,"alivo"
"492261","kilmerian",,"masevie"
"492262","kilmers",,"alivuet"
"492263","kilmersdon",,"uloviqo"
"492264","kilmessan",,"ilevowon"
"492265","kilmichael",,"mesoraan"
"492266","kilmichaels",,"mesorasaun"
"492267","kilmore",,"olavaan"
"492268","kiln",,"alizn"
"492269","kilncadzow",,"olazure"
"492270","kilned",,"masooe"
"492271","kilner",,"mesiue"
"492272","kilneye",,"alizuo"
"492273","kilnhole",,"alizehat"
"492274","kilnhurst",,"mesinoi"
"492275","kilning",,"masorun"
"492276","kilnlike",,"misavoan"
"492277","kilnman",,"misazeta"
"492278","kilnrib",,"eluzoot"
"492279","kilns",,"alizoe"
"492280","kilnsea",,"alizoen"
"492281","kilnsite",,"masoquata"
"492282","kilnstick",,"masoqau"
"492283","kilntree",,"ilezeqo"
"492284","kilnwick",,"olazise"
"492285","kilo",,"mesuo"
"492286","kiloamp",,"alipaona"
"492287","kiloampere",,"masinie"
"492288","kiloamperes",,"masiniciin"
"492289","kiloannum",,"musoniena"
"492290","kilobar",,"misero"
"492291","kilobarn",,"uloparu"
"492292","kilobars",,"miseraet"
"492293","kilobase",,"aliperet"
"492294","kilobasepair",,"ilepurofe"
"492295","kilobases",,"aliperi"
"492296","kilobaud",,"mesuriot"
"492297","kilobauds",,"mesurio"
"492298","kilobecquerel",,"elupozawan"
"492299","kilobinary",,"eluposon"
"492300","kilobit",,"mesura"
"492301","kilobits",,"mesuraen"
"492302","kiloblock",,"mesurion"
"492303","kilobuck",,"ilepuden"
"492304","kilobyte",,"mosaroat"
"492305","kilobytes",,"mosaroe"
"492306","kilocal",,"ulopeun"
"492307","kilocaloric",,"misesapau"
"492308","kilocalorie",,"mosasupuen"
"492309","kilocalories",,"mosasupuon"
"492310","kilocandela",,"elupirapet"
"492311","kilocoulomb",,"mesusegaun"
"492312","kilocoulombs",,"mesusegau"
"492313","kilocount",,"musosuo"
"492314","kilocurie",,"ilepadon"
"492315","kilocuries",,"ilepadan"
"492316","kilocycle",,"ulopemu"
"492317","kilocycles",,"ulopemot"
"492318","kilodalton",,"musoteet"
"492319","kiloday",,"olapaon"
"492320","kilodegree",,"musotaa"
"492321","kilodisintegration",,"misetobuo"
"492322","kilodyne",,"musotuu"
"492323","kilodynes",,"musotuot"
"492324","kiloelectron",,"mosavupiet"
"492325","kiloelectronvolt",,"ulopizaza"
"492326","kiloerg",,"alipuon"
"492327","kiloflop",,"ilepozan"
"492328","kilofoot",,"mesuleon"
"492329","kilogallon",,"ilepiru"
"492330","kilogaus",,"mosamuu"
"492331","kilogauss",,"mosamuot"
"492332","kilogausses",,"mesumigoat"
"492333","kilogausss",,"mosamuo"
"492334","kilogirl",,"mesumai"
"492335","kilogon",,"alipaan"
"492336","kilograin",,"mesumuan"
"492337","kilograins",,"mesumuun"
"492338","kilogram",,"alipaqata"
"492339","kilogrammage",,"ulopuqehat"
"492340","kilogramme",,"olapoqa"
"492341","kilogrammes",,"olapoquhen"
"492342","kilogrammeter",,"elupeqihu"
"492343","kilogrammetre",,"elupeqihua"
"492344","kilograms",,"alipaqe"
"492345","kilogray",,"ulopuqin"
"492346","kilograys",,"ulopuqa"
"492347","kilohert",,"ulopazin"
"492348","kilohertz",,"mosaniin"
"492349","kilohertzes",,"mesunowian"
"492350","kilohm",,"ilepoi"
"492351","kilohms",,"ilepueta"
"492352","kilohour",,"misenian"
"492353","kilojoul",,"masisae"
"492354","kilojoule",,"musosuen"
"492355","kilojoules",,"musosuon"
"492356","kilokatal",,"masitoe"
"492357","kilokelvin",,"olapezo"
"492358","kilolambda",,"ilepiri"
"492359","kilolight",,"ulopuson"
"492360","kilolightyear",,"misevoriet"
"492361","kiloline",,"mesuvaet"
"492362","kilolines",,"mesuvai"
"492363","kiloliter",,"olaposin"
"492364","kiloliters",,"olaposa"
"492365","kilolitre",,"olaposina"
"492366","kilolitres",,"olaposaa"
"492367","kilolumen",,"misevuat"
"492368","kilolumens",,"misevue"
"492369","kilolux",,"mesuva"
"492370","kilom",,"musoz"
"492371","kilomaser",,"ilepuron"
"492372","kilombero",,"mesuzuet"
"492373","kilomegacycle",,"ilepuzatu"
"492374","kilomegacycles",,"ilepuzatot"
"492375","kilomete",,"alipezon"
"492376","kilometer",,"mosaziu"
"492377","kilometers",,"mosaziot"
"492378","kilometrage",,"musozaduon"
"492379","kilometre",,"mosaziua"
"492380","kilometres",,"mosaziota"
"492381","kilometric",,"misezuun"
"492382","kilometrical",,"elupozebun"
"492383","kilometrically",,"misezudiet"
"492384","kilomile",,"alipesat"
"492385","kilominx",,"musozio"
"492386","kilomole",,"olapihe"
"492387","kilomoles",,"olapihin"
"492388","kiloms",,"musoee"
"492389","kilonewton",,"ilepazat"
"492390","kilonewtons",,"ilepazege"
"492391","kilong",,"ilepoo"
"492392","kilonova",,"masipaat"
"492393","kilonucleotide",,"masipevuon"
"492394","kilooersted",,"ulopozodo"
"492395","kiloohm",,"alipiana"
"492396","kiloparsec",,"misehaan"
"492397","kiloparsecs",,"misehawuun"
"492398","kilopascal",,"misehaat"
"492399","kilopascals",,"misehabue"
"492400","kilopi",,"elupin"
"492401","kilopixel",,"elupaset"
"492402","kilopoise",,"olapehin"
"492403","kilopoises",,"olapeha"
"492404","kilopond",,"alipuhan"
"492405","kilopound",,"ulopiha"
"492406","kilopounds",,"ulopihen"
"492407","kilorad",,"mosacan"
"492408","kilorads",,"mosacuun"
"492409","kilorayleigh",,"olapirofi"
"492410","kiloroentgen",,"mosacopii"
"492411","kilos",,"mesuqa"
"492412","kilosa",,"mosaia"
"492413","kilosample",,"musoqeet"
"492414","kilosecond",,"musoqao"
"492415","kilostere",,"musoquot"
"492416","kilosteres",,"musoquoa"
"492417","kilotex",,"mosawan"
"492418","kiloton",,"masiwan"
"492419","kilotonnage",,"olapahejen"
"492420","kilotonne",,"alipihun"
"492421","kilotons",,"masiwaun"
"492422","kilotorr",,"olapahe"
"492423","kilotrial",,"ulopoqo"
"492424","kilounit",,"mosabein"
"492425","kilovar",,"mesudot"
"492426","kilovars",,"mesudio"
"492427","kilovirion",,"ilepisu"
"492428","kilovolt",,"ilepihon"
"492429","kilovoltage",,"ulopuhegon"
"492430","kilovoltmeter",,"ulopuhegat"
"492431","kilovolts",,"ilepihan"
"492432","kiloware",,"ilepuro"
"492433","kilowarhol",,"aliperin"
"492434","kilowatt",,"musogein"
"492435","kilowattage",,"masigodoin"
"492436","kilowatts",,"musogea"
"492437","kiloword",,"mesugeo"
"492438","kiloyard",,"musoleu"
"492439","kiloyear",,"olapazan"
"492440","kilp",,"ulofi"
"492441","kilpatrick",,"ulofuben"
"492442","kilpatricks",,"ulofubovon"
"492443","kilpe",,"ilefo"
"492444","kilpeck",,"olafei"
"492445","kilpedder",,"misovien"
"492446","kilpin",,"misoena"
"492447","kilps",,"ulofea"
"492448","kilrain",,"misuneta"
"492449","kilrea",,"ilejue"
"492450","kilroy",,"olajona"
"492451","kilroys",,"olajaan"
"492452","kilrush",,"musabin"
"492453","kils",,"museni"
"492454","kilsaas",,"mesinin"
"492455","kilsby",,"alicao"
"492456","kilsheelan",,"ilecuzan"
"492457","kilsyth",,"mesila"
"492458","kilsyths",,"mesileena"
"492459","kilt",,"olaqna"
"492460","kilted",,"mosaet"
"492461","kilter",,"miseota"
"492462","kilters",,"misevo"
"492463","kiltie",,"eluqeo"
"492464","kilties",,"eluqiin"
"492465","kiltimagh",,"musoroon"
"492466","kilting",,"mosarua"
"492467","kiltings",,"mosareota"
"492468","kiltless",,"mesuvoo"
"492469","kiltlike",,"masivuun"
"492470","kiltmaker",,"mesuziet"
"492471","kiltmaking",,"masizoo"
"492472","kilton",,"miseoe"
"492473","kiltoom",,"uloqou"
"492474","kilts",,"olaque"
"492475","kiltwise",,"uloqasua"
"492476","kilty",,"uloqoa"
"492477","kiluba",,"ilewu"
"492478","kilubas",,"ilewuot"
"492479","kiluck",,"moseie"
"492480","kilung",,"aliwet"
"492481","kilungs",,"aliwoi"
"492482","kilurane",,"mesacia"
"492483","kilverstone",,"masaviboin"
"492484","kilvert",,"alibuen"
"492485","kilverts",,"alibuqon"
"492486","kilwag",,"musaun"
"492487","kilwich",,"eludiot"
"492488","kilwichs",,"eludito"
"492489","kilwinning",,"ulodefan"
"492490","kilworth",,"iledeqon"
"492491","kilzer",,"masuoa"
"492492","kim",,"oleo"
"492493","kima",,"ilomne"
"492494","kimani",,"motoani"
"492495","kimarite",,"olemisata"
"492496","kimatuumbi",,"ulimodo"
"492497","kimba",,"matena"
"492498","kimbab",,"ulinon"
"492499","kimball",,"motinat"
"492500","kimballton",,"metonian"
"492501","kimballtons",,"metonipiun"
"492502","kimbang",,"olenoan"
"492503","kimbangu",,"elanefa"
"492504","kimbanguism",,"ulinufeki"
"492505","kimbanguist",,"motineraet"
"492506","kimbap",,"alunao"
"492507","kimbe",,"mituve"
"492508","kimbel",,"alunan"
"492509","kimbell",,"matevona"
"492510","kimber",,"olenen"
"492511","kimberellomorph",,"mutavopio"
"492512","kimberle",,"metovuot"
"492513","kimberlee",,"matevii"
"492514","kimberleigh",,"elanaqifat"
"492515","kimberley",,"mituveet"
"492516","kimberleys",,"mituvei"
"492517","kimberli",,"motivae"
"492518","kimberlin",,"ilonoqi"
"492519","kimberling",,"uliniqet"
"492520","kimberlite",,"uliniqa"
"492521","kimberlites",,"uliniqeven"
"492522","kimberlitic",,"alunuqovin"
"492523","kimberly",,"mutavou"
"492524","kimberlyn",,"alunuqan"
"492525","kimberlys",,"mutavoot"
"492526","kimberton",,"elanaqo"
"492527","kimbertons",,"elanaqet"
"492528","kimberwick",,"uliniqaa"
"492529","kimberwicke",,"ilonoqevan"
"492530","kimbes",,"mituini"
"492531","kimbit",,"olenona"
"492532","kimble",,"alunas"
"492533","kimbler",,"motivan"
"492534","kimblesworth",,"motiviboon"
"492535","kimblewick",,"olenozin"
"492536","kimbo",,"metofa"
"492537","kimboed",,"ilonein"
"492538","kimboing",,"ilonesi"
"492539","kimbolto",,"metofien"
"492540","kimbolton",,"olenazina"
"492541","kimboltons",,"olenaza"
"492542","kimbos",,"metoue"
"492543","kimbow",,"mutaata"
"492544","kimbra",,"uliniu"
"492545","kimbrel",,"motican"
"492546","kimbrell",,"ulinazu"
"492547","kimbrey",,"ulinaan"
"492548","kimbridge",,"mutacia"
"492549","kimbriki",,"olenisu"
"492550","kimbro",,"alunoe"
"492551","kimbrough",,"moticoa"
"492552","kimbu",,"mitub"
"492553","kimbundu",,"mutabiu"
"492554","kimbundus",,"mutabiot"
"492555","kimchee",,"motuni"
"492556","kimchees",,"motuniat"
"492557","kimchi",,"muteee"
"492558","kimchis",,"mutenin"
"492559","kimcote",,"mutefun"
"492560","kimdo",,"matifa"
"492561","kimdom",,"miteaa"
"492562","kime",,"elats"
"492563","kimedashi",,"oletare"
"492564","kimel",,"metav"
"492565","kimeleen",,"alutazeta"
"492566","kimell",,"ilototo"
"492567","kimenye",,"metapu"
"492568","kimera",,"mutian"
"492569","kimerick",,"motecee"
"492570","kimeridgian",,"motecezeet"
"492571","kimeridgians",,"motecezei"
"492572","kimery",,"matuo"
"492573","kimes",,"elatio"
"492574","kimet",,"motew"
"492575","kimetaoshi",,"ulitoren"
"492576","kimetsu",,"metawin"
"492577","kimhi",,"mutar"
"492578","kimhyonggwon",,"matelahuan"
"492579","kimi",,"olent"
"492580","kimia",,"iloni"
"492581","kimie",,"elana"
"492582","kimigayo",,"iloniron"
"492583","kimiko",,"ilono"
"492584","kimilainen",,"motuvuen"
"492585","kimilsungia",,"ulinuwajat"
"492586","kimilsungism",,"elanewoja"
"492587","kimilsungist",,"mutevigain"
"492588","kimishima",,"mitaqee"
"492589","kimism",,"alunet"
"492590","kimist",,"mitaoe"
"492591","kimito",,"matoon"
"492592","kimitri",,"olenauna"
"492593","kimitsu",,"motuwun"
"492594","kimiya",,"alunoo"
"492595","kimjongilia",,"miteforuen"
"492596","kimjongilism",,"matifureun"
"492597","kimjongilist",,"alurifovan"
"492598","kimk",,"elass"
"492599","kimkhab",,"ilosuo"
"492600","kimm",,"aluvt"
"492601","kimme",,"ulivi"
"492602","kimmel",,"mutaune"
"492603","kimmell",,"elavaot"
"492604","kimmells",,"elavazo"
"492605","kimmelstiel",,"metovibiun"
"492606","kimmer",,"metoui"
"492607","kimmerian",,"ilovoqi"
"492608","kimmeridge",,"uliviqo"
"492609","kimmeridgian",,"matevitoet"
"492610","kimmerosaurus",,"elavaqede"
"492611","kimmers",,"metovote"
"492612","kimmes",,"ulivan"
"492613","kimmet",,"mateeni"
"492614","kimmett",,"ilovoa"
"492615","kimmey",,"elavun"
"492616","kimmi",,"aluvoe"
"492617","kimmich",,"motire"
"492618","kimmie",,"ulivata"
"492619","kimmirut",,"uliveqot"
"492620","kimmitt",,"uliveu"
"492621","kimmo",,"oleva"
"492622","kimmochi",,"mutafio"
"492623","kimmochis",,"mutafiet"
"492624","kimmswick",,"olevukin"
"492625","kimmswicks",,"olevuka"
"492626","kimmy",,"olevaa"
"492627","kimnel",,"olezon"
"492628","kimochi",,"metuso"
"492629","kimolos",,"metuvo"
"492630","kimon",,"mitep"
"492631","kimona",,"mutouna"
"492632","kimono",,"mation"
"492633","kimonoed",,"olepuhat"
"492634","kimonolike",,"alupohot"
"492635","kimonos",,"matipan"
"492636","kimora",,"motai"
"492637","kimothy",,"elapuota"
"492638","kimpel",,"elafe"
"492639","kimper",,"ilofina"
"492640","kimpers",,"ilofoa"
"492641","kimpo",,"motefa"
"492642","kimport",,"motefun"
"492643","kimpos",,"moteana"
"492644","kimpton",,"mutiwin"
"492645","kimpumpa",,"ilofopet"
"492646","kimrey",,"mateoa"
"492647","kimrie",,"mituaa"
"492648","kimrobinsonite",,"motifatiu"
"492649","kimry",,"metol"
"492650","kims",,"olecna"
"492651","kimsey",,"ilocua"
"492652","kimslaw",,"metivota"
"492653","kimstace",,"mitawao"
"492654","kimuchi",,"mitoset"
"492655","kimura",,"mutiat"
"492656","kimya",,"aluka"
"492657","kimye",,"ilokoa"
"492658","kimzey",,"metaun"
"492659","kimzeyite",,"ilolomen"
"492660","kin",,"miv"
"492661","kina",,"muvut"
"492662","kinabalu",,"miviraen"
"492663","kinabatangan",,"miviradou"
"492664","kinabulu",,"meveroa"
"492665","kinaestheic",,"movovedoa"
"492666","kinaestheses",,"mevevadean"
"492667","kinaesthesia",,"mivivodiu"
"492668","kinaesthesiae",,"movovedoet"
"492669","kinaesthesias",,"mivivodiot"
"492670","kinaesthesiometer",,"mavavudae"
"492671","kinaesthesis",,"movovedoeta"
"492672","kinaesthesises",,"mevevadein"
"492673","kinaesthesiss",,"movovedoi"
"492674","kinaesthesisses",,"mevevadea"
"492675","kinaesthetic",,"alamuwatin"
"492676","kinaestheticallier",,"muvuviduon"
"492677","kinaestheticalliest",,"mivivodiin"
"492678","kinaesthetically",,"alamuwatan"
"492679","kinaestheticer",,"mevevadeu"
"492680","kinaestheticest",,"mavavudaon"
"492681","kinaesthetics",,"alamuwata"
"492682","kinagawa",,"mavamoi"
"492683","kinah",,"ilimuo"
"492684","kinakin",,"ulumiu"
"492685","kinakina",,"alamusan"
"492686","kinakinas",,"alamusun"
"492687","kinako",,"mavaete"
"492688","kinalakna",,"mevevieta"
"492689","kinaldie",,"mevevea"
"492690","kinamaligan",,"mevezipoe"
"492691","kinamlutan",,"elemozona"
"492692","kinamycin",,"alamemat"
"492693","kinanaesthesia",,"alamoreden"
"492694","kinane",,"ulumi"
"492695","kinanesthesia",,"ulumezigan"
"492696","kinanthropometric",,"ilimabebe"
"492697","kinanthropometry",,"alamobibe"
"492698","kinapse",,"ilimoot"
"492699","kinara",,"ulumia"
"492700","kinaras",,"ulumaat"
"492701","kinard",,"muvuan"
"492702","kinards",,"muvucun"
"492703","kinardss",,"muvucuu"
"492704","kinaret",,"mivica"
"492705","kinas",,"muvuqa"
"492706","kinasang",,"olomurun"
"492707","kinase",,"miviine"
"492708","kinases",,"miviqa"
"492709","kinata",,"ilimuu"
"492710","kinate",,"elemata"
"492711","kination",,"miviwoi"
"492712","kinau",,"miviba"
"492713","kinaus",,"mivioto"
"492714","kinawitnon",,"olomisa"
"492715","kinbaku",,"eleneu"
"492716","kinbasket",,"movinee"
"492717","kinbidhoo",,"elenivet"
"492718","kinboot",,"movifat"
"492719","kinboshi",,"mevofaet"
"492720","kinbot",,"maveen"
"492721","kinbote",,"muvafun"
"492722","kinbotean",,"elenuba"
"492723","kinbrace",,"muvaceun"
"492724","kinbuck",,"alanuen"
"492725","kincade",,"elereat"
"492726","kincaid",,"oloroon"
"492727","kincaidian",,"movuneot"
"492728","kincajou",,"iliriten"
"492729","kincannon",,"olorofu"
"492730","kincardine",,"uluruqot"
"492731","kincardineshire",,"uluruquvu"
"492732","kincardineshires",,"uluruquvot"
"492733","kincentric",,"ilirofi"
"492734","kincer",,"elerat"
"492735","kinch",,"olorie"
"492736","kinchaku",,"elerora"
"492737","kinchay",,"alareen"
"492738","kinchela",,"movuniun"
"492739","kincheloe",,"movuniu"
"492740","kincheloes",,"movuniot"
"492741","kinchen",,"mavonon"
"492742","kincheng",,"mevinoen"
"492743","kinchiltun",,"mivanou"
"492744","kinchin",,"mevinoa"
"492745","kinchinjunga",,"muveniheu"
"492746","kinchinjungae",,"mivanohaet"
"492747","kinchinjungas",,"muveniheot"
"492748","kinchinmort",,"mevinaheu"
"492749","kinchins",,"mevinaet"
"492750","kincob",,"uluri"
"492751","kincobs",,"uluroat"
"492752","kincoln",,"mevifa"
"492753","kincraig",,"ulurarin"
"492754","kincumber",,"mavobian"
"492755","kind",,"elest"
"492756","kinda",,"oloso"
"492757","kindaer",,"mivenot"
"492758","kindaest",,"movanian"
"492759","kindal",,"movaon"
"492760","kindall",,"ulusuun"
"492761","kindara",,"mavinen"
"492762","kindasorta",,"alasawat"
"492763","kindberg",,"olosizan"
"492764","kinde",,"alasui"
"492765","kinded",,"mevuata"
"492766","kindee",,"uluset"
"492767","kindel",,"mavioi"
"492768","kindell",,"oloseie"
"492769","kindenesse",,"movavee"
"492770","kinder",,"movaet"
"492771","kindercam",,"mevuvua"
"492772","kinderg",,"mivevo"
"492773","kinderga",,"muvovou"
"492774","kindergarchy",,"movavareen"
"492775","kindergarden",,"ulusiqeten"
"492776","kindergarten",,"ulusiqetet"
"492777","kindergartener",,"maviviruen"
"492778","kindergarteners",,"maviviruon"
"492779","kindergartening",,"muvovoria"
"492780","kindergartenish",,"mevuvuraen"
"492781","kindergartenize",,"mevuvuraot"
"492782","kindergartenized",,"ulusiqete"
"492783","kindergartenizes",,"mevuvurao"
"492784","kindergartenizing",,"ulusiqeteta"
"492785","kindergartens",,"ulusiqeti"
"492786","kindergartner",,"mevuvurae"
"492787","kindergartners",,"mevuvurain"
"492788","kindergraph",,"alasuqobin"
"492789","kinderhook",,"ulusiqen"
"492790","kinderhookian",,"muvovoseu"
"492791","kinderhooks",,"ulusiqocon"
"492792","kinderlou",,"alasuqan"
"492793","kinderman",,"olosequn"
"492794","kinders",,"movavi"
"492795","kinderscoutian",,"mevuvuboin"
"492796","kindersley",,"alasuqana"
"492797","kinderspiel",,"mevuvubuan"
"492798","kinderspiels",,"mevuvubuun"
"492799","kinderspullen",,"mevuvubuu"
"492800","kindertotenlieder",,"mevuvudien"
"492801","kindertotenlieders",,"mevuvudion"
"492802","kindertransport",,"muvovoduin"
"492803","kindervale",,"muvovoot"
"492804","kinderwhore",,"movavaloa"
"492805","kindes",,"alasote"
"492806","kindest",,"mevuvu"
"492807","kindful",,"alasuon"
"492808","kindhart",,"muvonein"
"492809","kindhear",,"olosizana"
"492810","kindheart",,"mivenuon"
"492811","kindhearted",,"alasezobat"
"492812","kindheartedly",,"movanisoen"
"492813","kindheartedness",,"mivenusia"
"492814","kindheartednesses",,"movanisoun"
"492815","kindholm",,"alasehat"
"492816","kindhood",,"alasehi"
"492817","kindia",,"oloseta"
"492818","kindiddle",,"muvoruin"
"492819","kindiddled",,"olosuvun"
"492820","kindiddles",,"muvorua"
"492821","kindiddling",,"olosuvofen"
"492822","kindie",,"alasai"
"492823","kindies",,"alasoen"
"492824","kindiful",,"alasomat"
"492825","kindig",,"olosi"
"492826","kinding",,"mevuro"
"492827","kindish",,"miveret"
"492828","kindjahl",,"movasuu"
"492829","kindjal",,"alasiet"
"492830","kindjals",,"alasiri"
"492831","kindle",,"mavioo"
"492832","kindled",,"ilisiin"
"492833","kindler",,"ulusuata"
"492834","kindlers",,"ulusuze"
"492835","kindles",,"maviveta"
"492836","kindlesome",,"muvovao"
"492837","kindless",,"mavivei"
"492838","kindlessly",,"ulusuza"
"492839","kindlest",,"ilisizo"
"492840","kindleth",,"mavivean"
"492841","kindlewood",,"alasazat"
"492842","kindley",,"movavia"
"492843","kindlier",,"ulususu"
"492844","kindliest",,"ilisison"
"492845","kindlily",,"alasasan"
"492846","kindlin",,"olosoat"
"492847","kindliness",,"eleseson"
"492848","kindlinesses",,"alasasufot"
"492849","kindling",,"ilisisi"
"492850","kindlings",,"ilisisat"
"492851","kindly",,"miveot"
"492852","kindness",,"muvopau"
"492853","kindnesse",,"mivepuet"
"492854","kindnesses",,"mivepui"
"492855","kindo",,"ilisei"
"492856","kindof",,"mevuine"
"492857","kindom",,"elesee"
"492858","kindon",,"movaia"
"492859","kindquis",,"eleseda"
"492860","kindra",,"muvoan"
"492861","kindrativka",,"movacudio"
"492862","kindred",,"alasea"
"492863","kindredder",,"ulusaze"
"492864","kindreddest",,"ilisuzipet"
"492865","kindreder",,"mevucoot"
"492866","kindredest",,"mavicean"
"492867","kindredless",,"muvocazio"
"492868","kindredly",,"movaciun"
"492869","kindredness",,"mivecuzuan"
"492870","kindrednesses",,"movacizio"
"492871","kindrednesss",,"mivecuzuun"
"492872","kindreds",,"alasezen"
"492873","kindredship",,"olosizoda"
"492874","kindredships",,"olosizoden"
"492875","kindrend",,"muvocae"
"492876","kindrick",,"movacee"
"492877","kinds",,"elesie"
"492878","kindsay",,"uluseane"
"492879","kindsey",,"olosuet"
"492880","kindship",,"ilisaron"
"492881","kindsome",,"alasohon"
"492882","kindstro",,"ilisaben"
"492883","kindt",,"movaw"
"492884","kindu",,"alasuo"
"492885","kindus",,"alasao"
"492886","kindy",,"iliseo"
"492887","kindzmarauli",,"movamasoet"
"492888","kine",,"movei"
"492889","kineaesthesis",,"mevanobie"
"492890","kinechromatic",,"oloturacon"
"492891","kinect",,"alatote"
"492892","kinectin",,"muvisuin"
"492893","kinegram",,"eleteqa"
"492894","kinel",,"ulutue"
"492895","kinelski",,"ilitiwon"
"492896","kinema",,"mevae"
"492897","kinemacolor",,"muvizeveon"
"492898","kinemas",,"mevazin"
"492899","kinemaster",,"mavuzoun"
"492900","kinemati",,"ulutaru"
"492901","kinematic",,"ulutarin"
"492902","kinematical",,"mavuzodein"
"492903","kinematically",,"ulutaruvan"
"492904","kinematics",,"ulutara"
"492905","kinematogram",,"mivozadaot"
"492906","kinematograph",,"movezuduat"
"492907","kinematographer",,"alateracan"
"492908","kinematographers",,"alateracun"
"492909","kinematographic",,"movezuduin"
"492910","kinematographical",,"alateracin"
"492911","kinematographically",,"movezuduan"
"492912","kinematographs",,"movezudue"
"492913","kinematography",,"muvizedein"
"492914","kinematographys",,"muvizedea"
"492915","kinematoscope",,"mavuzodoo"
"492916","kineme",,"muvian"
"492917","kinemetric",,"muvizao"
"492918","kinemetry",,"mevazoo"
"492919","kinemia",,"mevazot"
"492920","kinemic",,"mavuzon"
"492921","kinemically",,"mavuzuvuot"
"492922","kinemics",,"mavuzuan"
"492923","kinemometer",,"mivozifeun"
"492924","kinemorph",,"ilituhan"
"492925","kinemorphic",,"ilituhequ"
"492926","kineo",,"muvif"
"492927","kineograph",,"olotana"
"492928","kinephantom",,"movehasiet"
"492929","kineplastic",,"eletazidi"
"492930","kineplastics",,"eletazidat"
"492931","kineplasty",,"ilitozi"
"492932","kinepock",,"ilitohen"
"492933","kinepolis",,"muvihuen"
"492934","kinepox",,"mivoho"
"492935","kiner",,"eletoo"
"492936","kineret",,"mevacu"
"492937","kinereth",,"alatezon"
"492938","kines",,"moveqa"
"492939","kinesalgia",,"oloturot"
"492940","kinescope",,"ilitaten"
"492941","kinescoped",,"muviqiot"
"492942","kinescopes",,"ilitatona"
"492943","kinescopic",,"uluteta"
"492944","kinescoping",,"muviqijoan"
"492945","kinescopy",,"eletita"
"492946","kineseismography",,"eletizadon"
"492947","kineses",,"mevaqu"
"492948","kineshma",,"alatori"
"492949","kinesi",,"moveia"
"492950","kinesia",,"mivoqo"
"492951","kinesialgia",,"olotusufen"
"492952","kinesiatric",,"mivoqosae"
"492953","kinesiatrics",,"mivoqosain"
"492954","kinesic",,"moveqan"
"492955","kinesically",,"moveqeveo"
"492956","kinesics",,"moveqeun"
"492957","kinesigenic",,"ilitasafe"
"492958","kinesigenicity",,"mevaqaruo"
"492959","kinesimeter",,"mivoqofeun"
"492960","kinesin",,"ilitao"
"492961","kinesiograph",,"olotusosi"
"492962","kinesiographic",,"olotusose"
"492963","kinesiography",,"ulutesuse"
"492964","kinesiologic",,"ulutesufun"
"492965","kinesiological",,"mavuqujuun"
"492966","kinesiologies",,"ilitasifen"
"492967","kinesiologist",,"mavuqujuat"
"492968","kinesiologists",,"mavuqujue"
"492969","kinesiology",,"eletisefun"
"492970","kinesiometer",,"mavuqujaa"
"492971","kinesioneurosis",,"moveqejiin"
"492972","kinesiopathological",,"ilitasiqen"
"492973","kinesiophobia",,"ilitasiqo"
"492974","kinesiophobic",,"olotusoqan"
"492975","kinesiophony",,"eletisequ"
"492976","kinesiotherapist",,"ulutesugo"
"492977","kinesiotherapy",,"mivoqojaen"
"492978","kinesipath",,"ilitasat"
"492979","kinesipathic",,"ilitasutin"
"492980","kinesipathies",,"olotusiti"
"492981","kinesipathist",,"muviqiciu"
"492982","kinesipathists",,"muviqiciot"
"492983","kinesipaths",,"ilitasute"
"492984","kinesipathy",,"alatosetin"
"492985","kinesiphony",,"ulutesati"
"492986","kinesis",,"moveqat"
"492987","kinesitherapies",,"mivoqodion"
"492988","kinesitherapist",,"olotusote"
"492989","kinesitherapy",,"mevaqadeu"
"492990","kinesodic",,"olotuhun"
"492991","kinesomania",,"alatohitin"
"492992","kinesophobia",,"ilitahutin"
"492993","kinesophobic",,"olotuhitet"
"492994","kinesphere",,"eletijen"
"492995","kinessence",,"eletiwa"
"492996","kinest",,"alatane"
"492997","kinestasis",,"eletibet"
"492998","kinesthe",,"mevaqea"
"492999","kinestheses",,"mavuqasiu"
"493000","kinesthesia",,"moveqosao"
"493001","kinesthesias",,"moveqosaet"
"493002","kinesthesiologist",,"muviqusoat"
"493003","kinesthesiology",,"alatobifun"
"493004","kinesthesiometer",,"muviqusoa"
"493005","kinesthesis",,"mevaqesuat"
"493006","kinesthesiss",,"mevaqesue"
"493007","kinesthetic",,"ulutebofen"
"493008","kinestheticallier",,"mivoqiseun"
"493009","kinestheticalliest",,"moveqosaen"
"493010","kinesthetically",,"ulutebofu"
"493011","kinestheticer",,"mavuqasio"
"493012","kinestheticest",,"muviqusoun"
"493013","kinesthetics",,"ulutebofon"
"493014","kinesthetize",,"mevaqesuata"
"493015","kinesthetized",,"ulutebofona"
"493016","kinesthetizes",,"mevaqesuea"
"493017","kinesthetizing",,"ulutebofin"
"493018","kinetal",,"mevawin"
"493019","kinetheodolite",,"alatirecet"
"493020","kinetheodolites",,"alatireci"
"493021","kinethmoid",,"alatiru"
"493022","kinetia",,"eletuua"
"493023","kinetic",,"alatien"
"493024","kinetical",,"mevawaen"
"493025","kinetically",,"alatisutu"
"493026","kineticism",,"ilitesat"
"493027","kineticist",,"mevawai"
"493028","kineticists",,"mevawavoat"
"493029","kineticon",,"mevawaet"
"493030","kinetics",,"alatison"
"493031","kineticss",,"alatisan"
"493032","kinetid",,"mevawina"
"493033","kinetin",,"muviwu"
"493034","kinetine",,"mivowoet"
"493035","kinetins",,"muviwiot"
"493036","kinetite",,"mavuwui"
"493037","kineto",,"olotet"
"493038","kinetocardiogram",,"movewovein"
"493039","kinetocardiograph",,"mevawevaan"
"493040","kinetocardiographic",,"mevawevau"
"493041","kinetocardiography",,"mivowivou"
"493042","kinetochore",,"ulutohiten"
"493043","kinetochores",,"ulutohiton"
"493044","kinetodesma",,"mevawezuon"
"493045","kinetodesmose",,"mevawezuun"
"493046","kinetoflagellar",,"mivowinoan"
"493047","kinetofragminophoran",,"mivowiniat"
"493048","kinetogenesis",,"mavuwariet"
"493049","kinetogenetic",,"ilitehafin"
"493050","kinetogenetically",,"ilitehafan"
"493051","kinetogenic",,"mevaweruat"
"493052","kinetogram",,"muviwuet"
"493053","kinetograph",,"mivowiriin"
"493054","kinetographer",,"eletuhibu"
"493055","kinetographers",,"eletuhibot"
"493056","kinetographic",,"mivowirien"
"493057","kinetographically",,"mivowiriu"
"493058","kinetographs",,"mivowiria"
"493059","kinetography",,"mavuwaraen"
"493060","kinetographys",,"mavuwaraon"
"493061","kinetomer",,"mevaween"
"493062","kinetomeric",,"mevawefuan"
"493063","kineton",,"mevawot"
"493064","kinetonema",,"muviwuo"
"493065","kinetonuclei",,"eletuhakat"
"493066","kinetonucleus",,"alatihuka"
"493067","kinetonucleuses",,"ulutohikun"
"493068","kinetophobia",,"muviwucuat"
"493069","kinetophone",,"muviwucui"
"493070","kinetophonic",,"mavuwacaet"
"493071","kinetophonograph",,"alatihetot"
"493072","kinetoplasm",,"eletuhofan"
"493073","kinetoplast",,"muviwucion"
"493074","kinetoplastic",,"muviwuciun"
"493075","kinetoplastid",,"olotahifon"
"493076","kinetoplasts",,"muviwucian"
"493077","kinetoptophobia",,"movewocuin"
"493078","kinetoscope",,"mevaweboi"
"493079","kinetoscopes",,"mevaweboat"
"493080","kinetoscopic",,"movewobiet"
"493081","kinetoscopy",,"muviwubaet"
"493082","kinetosis",,"olotahu"
"493083","kinetosiss",,"olotahot"
"493084","kinetosomal",,"mivowibau"
"493085","kinetosome",,"eletuhet"
"493086","kinetosomes",,"eletuhaci"
"493087","kinetostatic",,"olotahego"
"493088","kinetotherapy",,"eletuhetun"
"493089","kinety",,"oloten"
"493090","kinew",,"mavug"
"493091","kinfauns",,"moveniu"
"493092","kinfirm",,"mivori"
"493093","kinfolk",,"muvifa"
"493094","kinfolks",,"muvifeen"
"493095","king",,"muvus"
"493096","kinga",,"mavane"
"493097","kingafap",,"muvunaa"
"493098","kingandi",,"movoneu"
"493099","kingbird",,"ililuset"
"493100","kingbirds",,"ililusi"
"493101","kingbolt",,"ililuhon"
"493102","kingbolts",,"ililuhan"
"493103","kingborough",,"ililuhecot"
"493104","kingcake",,"mivisaet"
"493105","kingchow",,"ililaron"
"493106","kingchows",,"ililaran"
"493107","kingcob",,"alaloet"
"493108","kingcobra",,"mivisii"
"493109","kingcrab",,"mevesua"
"493110","kingcraft",,"alaloqun"
"493111","kingcrafts",,"alaloqu"
"493112","kingcroaker",,"mevesujaat"
"493113","kingcup",,"ililao"
"493114","kingcups",,"ililadet"
"493115","kingdom",,"ololaat"
"493116","kingdome",,"eleluha"
"493117","kingdomed",,"movotou"
"493118","kingdomful",,"eleluhat"
"493119","kingdomhood",,"eleluhutun"
"493120","kingdomino",,"mivitiin"
"493121","kingdomless",,"mevetefaun"
"493122","kingdomlet",,"ululohen"
"493123","kingdoms",,"ololahe"
"493124","kingdomship",,"ululohodat"
"493125","kingdomtide",,"alalihigin"
"493126","kingdon",,"mivitet"
"493127","kinge",,"miviva"
"493128","kinged",,"elelun"
"493129","kingella",,"mevevien"
"493130","kingennie",,"movoveot"
"493131","kinger",,"ololona"
"493132","kingery",,"ululiun"
"493133","kingest",,"elelain"
"493134","kingfield",,"elelason"
"493135","kingfields",,"elelasan"
"493136","kingfish",,"mevelaan"
"493137","kingfisher",,"ululisi"
"493138","kingfisherlike",,"movoleboa"
"493139","kingfishers",,"ululisitat"
"493140","kingfishes",,"mavaluo"
"493141","kingfishs",,"mevelaun"
"493142","kingham",,"ololiun"
"493143","kinghead",,"muvunaina"
"493144","kinghood",,"mivinian"
"493145","kinghoods",,"miviniun"
"493146","kinghorn",,"ililuhana"
"493147","kinghunter",,"mavaneot"
"493148","kingi",,"muvur"
"493149","kingian",,"elelia"
"493150","kingianoside",,"mivirahaa"
"493151","kingie",,"mivioa"
"493152","kinging",,"elelien"
"493153","kingisepp",,"meverai"
"493154","kingish",,"ililaon"
"493155","kingiside",,"eleliwet"
"493156","kingitanga",,"muvurui"
"493157","kingite",,"eleliot"
"493158","kingjame",,"alaliran"
"493159","kingjohn",,"ololahot"
"493160","kingklip",,"mivitaun"
"493161","kingklips",,"mivitau"
"493162","kingkong",,"ololehot"
"493163","kinglake",,"alalaran"
"493164","kinglakes",,"alalarun"
"493165","kinglassie",,"eleleri"
"493166","kingle",,"alalena"
"493167","kinglear",,"mivivuon"
"493168","kingles",,"alalaon"
"493169","kingless",,"alalazan"
"493170","kinglessness",,"mivivubuot"
"493171","kinglessnesss",,"mivivubuo"
"493172","kinglet",,"mevevae"
"493173","kinglets",,"mevevoen"
"493174","kinglier",,"movovein"
"493175","kingliest",,"mevevai"
"493176","kinglihood",,"alalasa"
"493177","kinglihoods",,"alalasicen"
"493178","kinglike",,"ululusa"
"493179","kingliker",,"mevevaana"
"493180","kinglikest",,"mavavuaa"
"493181","kinglily",,"mivivoat"
"493182","kingliness",,"muvuvii"
"493183","kinglinesses",,"mivivohea"
"493184","kingling",,"mevevaane"
"493185","kinglings",,"mevevaun"
"493186","kinglist",,"movoveota"
"493187","kingly",,"ililaa"
"493188","kingma",,"mivioe"
"493189","kingmade",,"alaleron"
"493190","kingmake",,"mevezien"
"493191","kingmaker",,"alalerun"
"493192","kingmakers",,"alaleru"
"493193","kingmakes",,"mevezion"
"493194","kingmaking",,"ulularan"
"493195","kingmakings",,"ulularavun"
"493196","kingman",,"ululau"
"493197","kingmans",,"ulularot"
"493198","kingmen",,"ololiat"
"493199","kingmont",,"mevezeon"
"493200","kingmonts",,"mevezean"
"493201","kingmoor",,"alalehun"
"493202","kingo",,"mevefa"
"493203","kingower",,"ololakun"
"493204","kingpiece",,"ololese"
"493205","kingpin",,"mivihi"
"493206","kingpins",,"mivihoat"
"493207","kingpost",,"movohoin"
"493208","kingposts",,"movohoa"
"493209","kingrey",,"ululaun"
"493210","kingric",,"ililuen"
"493211","kingrik",,"ololie"
"493212","kingrow",,"ililuena"
"493213","kings",,"muvuqe"
"493214","kingsbarns",,"ololusot"
"493215","kingsberry",,"alalosun"
"493216","kingsbridge",,"ililaseve"
"493217","kingsbur",,"muvuqoot"
"493218","kingsburg",,"mavaqiu"
"493219","kingsburgs",,"mavaqiot"
"493220","kingsbury",,"mevequet"
"493221","kingsclere",,"meveqaon"
"493222","kingscliff",,"ululetan"
"493223","kingscott",,"mavaque"
"493224","kingscourt",,"mavaquin"
"493225","kingsdale",,"movoqou"
"493226","kingsdown",,"meveqeon"
"493227","kingsdowns",,"meveqean"
"493228","kingseat",,"ololuzat"
"493229","kingsford",,"elelimon"
"493230","kingsfords",,"eleliman"
"493231","kingsgate",,"ililani"
"493232","kingsgrove",,"mavaqoot"
"493233","kingshan",,"miviqean"
"493234","kingship",,"mevequi"
"493235","kingships",,"mevequat"
"493236","kingsholm",,"miviqeu"
"493237","kingshouse",,"ililarun"
"493238","kingshurst",,"ololuro"
"493239","kingside",,"elelisa"
"493240","kingsides",,"elelisen"
"493241","kingsize",,"ililaset"
"493242","kingsized",,"muvuqia"
"493243","kingskerswell",,"alalovebet"
"493244","kingskettle",,"ololuvigo"
"493245","kingsknowe",,"ililavun"
"493246","kingsland",,"ululeza"
"493247","kingslands",,"ululezen"
"493248","kingslayer",,"mavaqou"
"493249","kingsley",,"ololuzun"
"493250","kingsleyan",,"movoqua"
"493251","kingsly",,"ililaen"
"493252","kingsman",,"ululepot"
"493253","kingsmill",,"muvuqoi"
"493254","kingsmore",,"ololupin"
"493255","kingsmountite",,"ololupokat"
"493256","kingsmuir",,"alalopu"
"493257","kingsnake",,"ululefa"
"493258","kingsnakes",,"ululefen"
"493259","kingsnorth",,"muvuqian"
"493260","kingsolver",,"elelihi"
"493261","kingsport",,"elelijon"
"493262","kingsports",,"elelijan"
"493263","kingsta",,"ililaoa"
"493264","kingstanding",,"mavaqaseon"
"493265","kingsteignton",,"mavaqapeat"
"493266","kingsthorpe",,"movoqosuon"
"493267","kingston",,"miviqian"
"493268","kingstone",,"movoqoot"
"493269","kingstonian",,"alalobajo"
"493270","kingstons",,"miviqiun"
"493271","kingstown",,"meveqei"
"493272","kingstowns",,"meveqeat"
"493273","kingstree",,"movoqoua"
"493274","kingstrees",,"movoqoota"
"493275","kingsvale",,"meveqiet"
"493276","kingsville",,"ololugo"
"493277","kingsvilles",,"ololugefet"
"493278","kingsway",,"mavaqian"
"493279","kingswear",,"eleliko"
"493280","kingswinford",,"miviqetuen"
"493281","kingswood",,"ululeka"
"493282","kingtehchen",,"mavawesea"
"493283","kingtehchens",,"mavaweseen"
"493284","kingthorpe",,"movowaen"
"493285","kington",,"miviwon"
"493286","kingtut",,"movowun"
"493287","kingu",,"mivibe"
"493288","kingus",,"mivioi"
"493289","kingussie",,"movobeot"
"493290","kingvale",,"mevedio"
"493291","kingwana",,"alaleri"
"493292","kingwanas",,"alalerat"
"493293","kingward",,"mivigaet"
"493294","kingwards",,"mivigai"
"493295","kingweed",,"ililuza"
"493296","kingwood",,"ululahin"
"493297","kingwoods",,"ululaha"
"493298","kingworm",,"elelohen"
"493299","kingy",,"mevel"
"493300","kingyang",,"ululorot"
"493301","kinh",,"olomu"
"493302","kinhin",,"mevoaa"
"493303","kinhood",,"movifun"
"493304","kinhu",,"elemane"
"493305","kinhwa",,"elemee"
"493306","kinhwas",,"elemoina"
"493307","kini",,"mivas"
"493308","kinic",,"mivasa"
"493309","kinich",,"olonia"
"493310","kinichilite",,"ulunerifan"
"493311","kinickinic",,"ilinave"
"493312","kinickinick",,"olonuvejon"
"493313","kinifee",,"elenaine"
"493314","kinikinao",,"elenasi"
"493315","kinikinic",,"ilinosun"
"493316","kinikinick",,"oloneset"
"493317","kinikinik",,"olonesen"
"493318","kinikinnick",,"mevitahoot"
"493319","kinikinnik",,"mevitain"
"493320","kinikkinik",,"elenavu"
"493321","kinilaw",,"ulunue"
"493322","kinilnat",,"ilinifon"
"493323","kinin",,"ulunee"
"493324","kininase",,"uluneru"
"493325","kininogen",,"mavopain"
"493326","kininogenase",,"mavoparien"
"493327","kininogenic",,"mavopariena"
"493328","kininogenin",,"elenihifu"
"493329","kininogenolysis",,"elenihifi"
"493330","kininogenolytic",,"movuporaa"
"493331","kinins",,"ulununa"
"493332","kinion",,"elenina"
"493333","kinipetu",,"movuhie"
"493334","kinipetus",,"movuhiin"
"493335","kinishba",,"mavoqiat"
"493336","kinism",,"mevioto"
"493337","kinison",,"eleniaa"
"493338","kinist",,"elenue"
"493339","kinistino",,"movuqoo"
"493340","kinit",,"elenui"
"493341","kinjal",,"movaan"
"493342","kinjarapu",,"uluruqota"
"493343","kinji",,"eleri"
"493344","kinjite",,"mevura"
"493345","kinjo",,"ilire"
"493346","kink",,"moveo"
"493347","kinkable",,"mevanua"
"493348","kinkade",,"alasaoa"
"493349","kinkadian",,"mevaneet"
"493350","kinkaid",,"elesein"
"493351","kinkaider",,"moveneu"
"493352","kinkaiders",,"moveneot"
"493353","kinkaids",,"elesesa"
"493354","kinkajou",,"olosote"
"493355","kinkajous",,"olosotin"
"493356","kinkalow",,"alasazan"
"493357","kinkcough",,"ilisahat"
"493358","kinkead",,"alasuoa"
"493359","kinked",,"ulusii"
"493360","kinkedness",,"movevoin"
"493361","kinkeeper",,"mevavoo"
"493362","kinkeeping",,"mavuveot"
"493363","kinkelin",,"movevuina"
"493364","kinker",,"alasoa"
"493365","kinkfic",,"oloseun"
"493366","kinkhab",,"muvinu"
"493367","kinkhaust",,"movenuota"
"493368","kinkhost",,"muvinuoa"
"493369","kinki",,"mover"
"493370","kinkier",,"alasoon"
"493371","kinkiest",,"ulusezin"
"493372","kinkilier",,"mavuroin"
"493373","kinkiliest",,"muvirei"
"493374","kinkily",,"elesiaa"
"493375","kinkin",,"ilisoa"
"493376","kinkiness",,"olosufin"
"493377","kinkinesses",,"elesifodan"
"493378","kinking",,"uluseot"
"493379","kinkle",,"ilisota"
"493380","kinkled",,"muvivea"
"493381","kinkles",,"ilisio"
"493382","kinkless",,"ilisizet"
"493383","kinkling",,"muviviet"
"493384","kinkly",,"elesui"
"493385","kinkmeme",,"mevazooa"
"493386","kinkob",,"ilisote"
"493387","kinkoji",,"olosaea"
"493388","kinkora",,"ulusoe"
"493389","kinkos",,"muviea"
"493390","kinks",,"moveqe"
"493391","kinksbush",,"moveqaot"
"493392","kinkshame",,"ulusera"
"493393","kinkshamed",,"mavuqiu"
"493394","kinkshames",,"uluseren"
"493395","kinkshaming",,"mavuqisaon"
"493396","kinkster",,"mevaqeo"
"493397","kinkstress",,"mevaqei"
"493398","kinktober",,"olosahe"
"493399","kinktok",,"elesuaa"
"493400","kinkwear",,"ulusazea"
"493401","kinky",,"muvil"
"493402","kinlaw",,"ulutane"
"493403","kinleith",,"ulutisot"
"493404","kinless",,"ulutiune"
"493405","kinlessness",,"movovebio"
"493406","kinlet",,"mavaen"
"493407","kinley",,"eletune"
"493408","kinloch",,"muvufina"
"493409","kinlocheil",,"alatitin"
"493410","kinlochewe",,"mavafue"
"493411","kinlochleven",,"alatitifa"
"493412","kinlochs",,"muvufia"
"493413","kinloid",,"mivifeta"
"493414","kinloss",,"olotaat"
"493415","kinly",,"olotai"
"493416","kinman",,"ilivota"
"493417","kinmel",,"olovon"
"493418","kinmen",,"elevee"
"493419","kinmenese",,"uluvifu"
"493420","kinmundy",,"muvabiin"
"493421","kinmundys",,"muvabia"
"493422","kinna",,"alazao"
"493423","kinnabulla",,"muvenoena"
"493424","kinnah",,"movuane"
"493425","kinnaird",,"alazasi"
"493426","kinnakinnick",,"ilizivojo"
"493427","kinnaman",,"mivaneon"
"493428","kinnamon",,"muvenoa"
"493429","kinnan",,"muveune"
"493430","kinnar",,"movui"
"493431","kinnara",,"mivano"
"493432","kinnard",,"alazaen"
"493433","kinnari",,"movunun"
"493434","kinnarodden",,"iliziqipan"
"493435","kinnatt",,"uluzuun"
"493436","kinnaur",,"mevinot"
"493437","kinnauri",,"mevinoena"
"493438","kinnear",,"mevivin"
"493439","kinnears",,"mevivia"
"493440","kinneavy",,"meviviot"
"493441","kinnebrew",,"elezasot"
"493442","kinned",,"muvean"
"493443","kinnegad",,"meviviaa"
"493444","kinneil",,"mivavet"
"493445","kinneir",,"mavovi"
"493446","kinnekinic",,"mevivoat"
"493447","kinnekinick",,"mavoveteen"
"493448","kinnekinik",,"mavoveo"
"493449","kinnekinnic",,"olozevejet"
"493450","kinnekinnick",,"elezavajin"
"493451","kinnekinnik",,"elezavaju"
"493452","kinnelon",,"elezazo"
"493453","kinnelons",,"elezazet"
"493454","kinner",,"mavoen"
"493455","kinneret",,"olozeqan"
"493456","kinnereth",,"muvevoa"
"493457","kinnerley",,"ilizoqet"
"493458","kinnersley",,"ilizoqi"
"493459","kinnery",,"movuvan"
"493460","kinnest",,"muveve"
"493461","kinnett",,"olozeia"
"493462","kinney",,"alazas"
"493463","kinneys",,"alazuen"
"493464","kinniburgh",,"movuraet"
"493465","kinnick",,"ilizaen"
"493466","kinnickinick",,"mevirazoa"
"493467","kinnickinnick",,"olozutive"
"493468","kinnicut",,"muveriot"
"493469","kinnie",,"ilizote"
"493470","kinnikinic",,"movurion"
"493471","kinnikinick",,"mevirotoot"
"493472","kinnikinicks",,"mevirotoo"
"493473","kinnikinics",,"movuritian"
"493474","kinnikinik",,"meviroin"
"493475","kinnikinneck",,"elezivajin"
"493476","kinnikinnic",,"ilizavoja"
"493477","kinnikinnick",,"olozuvejun"
"493478","kinnikinnicks",,"olozuveju"
"493479","kinnikinnics",,"ilizavojen"
"493480","kinnikinnik",,"olozuvejat"
"493481","kinning",,"muvera"
"493482","kinniside",,"muverio"
"493483","kinnison",,"mavorue"
"493484","kinnock",,"alazion"
"493485","kinnockian",,"mavofuot"
"493486","kinnocks",,"alazitan"
"493487","kinnon",,"mavoona"
"493488","kinnor",,"mivaoa"
"493489","kinnow",,"uluzata"
"493490","kinny",,"elezue"
"493491","kino",,"mavit"
"493492","kinocentrum",,"olopuzega"
"493493","kinocidin",,"movaseot"
"493494","kinocilial",,"mivesou"
"493495","kinociliar",,"mavisuot"
"493496","kinociliary",,"movasepiet"
"493497","kinocilium",,"ulupeson"
"493498","kinodynamic",,"mivetihoe"
"493499","kinodynamically",,"mivetihoon"
"493500","kinodynamics",,"mivetihoin"
"493501","kinofluous",,"maviloa"
"493502","kinoform",,"movaloot"
"493503","kinogeometric",,"muvomajue"
"493504","kinoguitan",,"mivemuu"
"493505","kinohapt",,"eleporo"
"493506","kinoid",,"ilipot"
"493507","kinoin",,"elepina"
"493508","kinois",,"mavion"
"493509","kinoite",,"olopuan"
"493510","kinok",,"muvot"
"493511","kinokawa",,"muvotein"
"493512","kinolhas",,"maviviuna"
"493513","kinology",,"olopohu"
"493514","kinome",,"movaie"
"493515","kinomere",,"alapezon"
"493516","kinomic",,"mivezet"
"493517","kinomics",,"mivezoi"
"493518","kinomometer",,"mevuzefuat"
"493519","kinomoto",,"alapehat"
"493520","kinomura",,"olopidun"
"493521","kinone",,"alapoa"
"493522","kinones",,"alapoet"
"493523","kinoo",,"movaf"
"493524","kinoos",,"movaana"
"493525","kinophile",,"iliporat"
"493526","kinophilist",,"mavihituon"
"493527","kinoplasm",,"muvoheen"
"493528","kinoplasmic",,"muvohesaan"
"493529","kinoprene",,"elepaqo"
"493530","kinor",,"ulupaa"
"493531","kinorhynch",,"mevucuat"
"493532","kinorhyncha",,"movacaniet"
"493533","kinorhynchas",,"movacanii"
"493534","kinos",,"maviqa"
"493535","kinoshita",,"mevuqui"
"493536","kinoshitalite",,"miveqetaet"
"493537","kinosian",,"olopusea"
"493538","kinospore",,"mivequan"
"493539","kinosseur",,"olopuwe"
"493540","kinosterna",,"elepibet"
"493541","kinosternid",,"mevuqepeat"
"493542","kinosternidae",,"mevuqepee"
"493543","kinosternidaes",,"mevuqepein"
"493544","kinosternon",,"mevuqepeun"
"493545","kinosternons",,"mevuqepeu"
"493546","kinot",,"ilipeo"
"493547","kinotannic",,"uluporena"
"493548","kinothek",,"mivewei"
"493549","kinotype",,"movawoun"
"493550","kinovate",,"mivedaen"
"493551","kinovic",,"olopoan"
"493552","kinoyl",,"ulupat"
"493553","kinpira",,"mevara"
"493554","kinqu",,"mivibi"
"493555","kinra",,"ilijie"
"493556","kinradite",,"elejeva"
"493557","kinred",,"moviet"
"493558","kinreds",,"movivi"
"493559","kinrooi",,"elejua"
"493560","kinross",,"ulujoe"
"493561","kinrossshire",,"ulujowidat"
"493562","kinrossshires",,"ulujowide"
"493563","kins",,"mivana"
"493564","kinsale",,"alacaen"
"493565","kinsales",,"alacazon"
"493566","kinsei",,"movuia"
"493567","kinsel",,"ulucan"
"493568","kinsella",,"mavovoan"
"493569","kinsen",,"ilicin"
"493570","kinser",,"elecun"
"493571","kinsey",,"muveana"
"493572","kinseyan",,"elecamin"
"493573","kinseys",,"muvevun"
"493574","kinsfolk",,"muveluen"
"493575","kinsfolks",,"muveluon"
"493576","kinsha",,"ilicot"
"493577","kinshakiang",,"mivanazua"
"493578","kinshasa",,"ulucaru"
"493579","kinshasae",,"ilicuret"
"493580","kinshasan",,"mivanaan"
"493581","kinshasas",,"ulucarot"
"493582","kinshash",,"mavonoun"
"493583","kinshasha",,"mevinion"
"493584","kinshashas",,"mevinian"
"493585","kinship",,"mavonat"
"493586","kinships",,"mavonue"
"493587","kinsider",,"movuroun"
"493588","kinsinger",,"mevirai"
"493589","kinsky",,"muveuni"
"493590","kinslayer",,"muveveot"
"493591","kinslee",,"iliciot"
"493592","kinsleigh",,"movuvioa"
"493593","kinsler",,"mevivot"
"493594","kinsley",,"eleceu"
"493595","kinslow",,"alacaon"
"493596","kinsman",,"ilicuo"
"493597","kinsmanly",,"mavozoe"
"493598","kinsmans",,"ilicureta"
"493599","kinsmanship",,"alacerudo"
"493600","kinsmen",,"elecoin"
"493601","kinsmens",,"elecoza"
"493602","kinson",,"elecua"
"493603","kinsona",,"olocaana"
"493604","kinspeople",,"ilicozan"
"493605","kinspersa",,"mavoheat"
"493606","kinsperson",,"olocezot"
"493607","kinspersons",,"olocezado"
"493608","kinsphere",,"olocere"
"493609","kinstate",,"movuwuat"
"493610","kinston",,"movuwun"
"493611","kinstons",,"movuwou"
"493612","kinstry",,"mavowon"
"493613","kinswoma",,"movugoe"
"493614","kinswoman",,"ilicuhi"
"493615","kinswomanly",,"mavogafua"
"493616","kinswomans",,"ilicuhat"
"493617","kinswome",,"mavogaan"
"493618","kinswomen",,"elecohen"
"493619","kinswomens",,"elecohon"
"493620","kinta",,"oloqoa"
"493621","kintal",,"movaii"
"493622","kintamani",,"mavinie"
"493623","kintar",,"muvoat"
"493624","kintas",,"oloqet"
"493625","kintbury",,"iliqudo"
"493626","kinter",,"movaona"
"493627","kinterm",,"mavivona"
"493628","kinthos",,"mavinan"
"493629","kintlage",,"movavue"
"493630","kintledge",,"iliqizet"
"493631","kintledges",,"iliqizi"
"493632","kintner",,"iliqaa"
"493633","kintnersville",,"muvopawae"
"493634","kintnersvilles",,"muvopawain"
"493635","kintoki",,"oloqauna"
"493636","kintore",,"muvofe"
"493637","kintoreite",,"elequqet"
"493638","kintra",,"muvoata"
"493639","kintry",,"mavien"
"493640","kintsugi",,"eleqiden"
"493641","kintsukuroi",,"movaqizaon"
"493642","kintto",,"muvoune"
"493643","kintycat",,"maviluon"
"493644","kintype",,"mavilet"
"493645","kintyre",,"muvolun"
"493646","kintyres",,"muvolou"
"493647","kintz",,"muvom"
"493648","kinu",,"moven"
"493649","kinuban",,"mevarin"
"493650","kinugasa",,"mavumoan"
"493651","kinuman",,"olowian"
"493652","kinura",,"olowet"
"493653","kinus",,"moveqi"
"493654","kinuso",,"muviuna"
"493655","kinvara",,"muvunun"
"493656","kinver",,"meveei"
"493657","kinvig",,"elebin"
"493658","kinwick",,"maveri"
"493659","kinyan",,"oloket"
"493660","kinyarwanda",,"olokoqatu"
"493661","kinyarwandae",,"elekequtet"
"493662","kinyarwandas",,"olokoqatot"
"493663","kinyon",,"ilikota"
"493664","kinyoun",,"olokaan"
"493665","kinypanial",,"ilikorata"
"493666","kinzel",,"moveon"
"493667","kinzer",,"muviana"
"493668","kinzers",,"muvivun"
"493669","kinzhal",,"ililuo"
"493670","kinzie",,"ololeta"
"493671","kinzigite",,"muvireen"
"493672","kinzinger",,"elelifet"
"493673","kinzler",,"eleleu"
"493674","kioea",,"elotene"
"493675","kiof",,"muziu"
"493676","kioff",,"ulakia"
"493677","kioga",,"iluli"
"493678","kiogas",,"ilulota"
"493679","kiokmay",,"elosoin"
"493680","kioko",,"olisae"
"493681","kiokos",,"olisie"
"493682","kion",,"mazo"
"493683","kiona",,"mezini"
"493684","kiondo",,"alezoa"
"493685","kionectomies",,"elozatecat"
"493686","kionectomy",,"ulazita"
"493687","kionectomys",,"ulazitucen"
"493688","kionedon",,"mizavieta"
"493689","kionel",,"eloze"
"493690","kiong",,"mezim"
"493691","kionitis",,"iluzabi"
"493692","kionoceratid",,"alezitebin"
"493693","kionoptosis",,"mazofedoen"
"493694","kionorrhaphy",,"olizaqati"
"493695","kionotomies",,"ulazobuhi"
"493696","kionotomy",,"olizabin"
"493697","kionotomys",,"olizaba"
"493698","kiora",,"muzane"
"493699","kiore",,"mozive"
"493700","kios",,"elocte"
"493701","kiosk",,"alecu"
"493702","kiosked",,"mazotet"
"493703","kiosker",,"mezitot"
"493704","kiosklike",,"mizataun"
"493705","kiosks",,"alecena"
"493706","kiosque",,"alecaen"
"493707","kioto",,"muzof"
"493708","kiotome",,"mezufot"
"493709","kiotomies",,"mezufuon"
"493710","kiotomy",,"muzofu"
"493711","kiotomys",,"muzofoot"
"493712","kiou",,"alewe"
"493713","kioum",,"iluwu"
"493714","kiov",,"mezee"
"493715","kiovia",,"mozoi"
"493716","kiow",,"ulad"
"493717","kiowa",,"aleda"
"493718","kiowan",,"muzaati"
"493719","kiowans",,"muzanea"
"493720","kiowas",,"aledaa"
"493721","kioway",,"oliden"
"493722","kioways",,"olidoon"
"493723","kiowia",,"aledo"
"493724","kip",,"mop"
"493725","kipa",,"mipii"
"493726","kipage",,"mipiot"
"493727","kipah",,"olumia"
"493728","kipande",,"mupupat"
"493729","kipas",,"mipiqa"
"493730","kipawa",,"mopoet"
"493731","kipchack",,"elirorot"
"493732","kipchak",,"eliroin"
"493733","kipchaks",,"elirora"
"493734","kipchoge",,"ilaruhet"
"493735","kipcorn",,"mopufat"
"493736","kipczak",,"olureon"
"493737","kipe",,"mepaa"
"493738","kiped",,"uletoo"
"493739","kipengere",,"mipopaon"
"493740","kiper",,"aloteo"
"493741","kipes",,"mepaq"
"493742","kipevu",,"oluten"
"493743","kipfel",,"mepaina"
"493744","kipfer",,"mipoa"
"493745","kipferl",,"alokuon"
"493746","kipfler",,"alokaon"
"493747","kipflerart",,"elikezon"
"493748","kipfokomo",,"alokivin"
"493749","kiphire",,"mopirun"
"493750","kipiani",,"ulenuu"
"493751","kiping",,"ulenea"
"493752","kipjak",,"aloren"
"493753","kipling",,"mupura"
"493754","kiplingcotes",,"ilatafazot"
"493755","kiplingese",,"moporeo"
"493756","kiplingeses",,"moporeraet"
"493757","kiplingesque",,"moporerai"
"493758","kiplingian",,"elitifun"
"493759","kiplingism",,"moporei"
"493760","kiplingisms",,"moporeriat"
"493761","kiplings",,"mupurien"
"493762","kipman",,"oluvon"
"493763","kipner",,"mupeat"
"493764","kipnis",,"ilazae"
"493765","kipniss",,"ilazaena"
"493766","kipnuk",,"elizua"
"493767","kipnuks",,"elizaot"
"493768","kipo",,"mupoe"
"493769","kipos",,"mupoq"
"493770","kipot",,"olupaa"
"493771","kipoth",,"mupoea"
"493772","kipp",,"olufe"
"493773","kippa",,"ilafi"
"493774","kippage",,"ilafia"
"493775","kippages",,"ilafinen"
"493776","kippah",,"mapuet"
"493777","kippahed",,"oluforan"
"493778","kippahs",,"mapuni"
"493779","kippar",,"mapuena"
"493780","kippara",,"mepanin"
"493781","kippas",,"ilafin"
"493782","kippax",,"mopeon"
"493783","kippaxs",,"mopenan"
"493784","kipped",,"mopeeta"
"493785","kippeen",,"mupivun"
"493786","kippen",,"mapuene"
"493787","kippenduff",,"alofufu"
"493788","kippens",,"mapuvon"
"493789","kipper",,"mipoot"
"493790","kippered",,"alofuqen"
"493791","kipperer",,"elifaqin"
"493792","kipperers",,"elifaqa"
"493793","kippering",,"alofuqe"
"493794","kipperish",,"olufeqin"
"493795","kipperless",,"ulefiqa"
"493796","kippernut",,"mupivoa"
"493797","kippers",,"mipovo"
"493798","kippersol",,"olufequ"
"493799","kippes",,"elifun"
"493800","kippford",,"mopelou"
"493801","kippie",,"elife"
"493802","kippies",,"elifiin"
"493803","kippin",,"mepaot"
"493804","kippinco",,"miporoi"
"493805","kipping",,"moperu"
"493806","kipplaufb",,"mupiveo"
"493807","kipple",,"mepau"
"493808","kipps",,"olufua"
"493809","kippur",,"mipoaa"
"493810","kippy",,"ulefo"
"493811","kipruto",,"mipuben"
"493812","kips",,"mopue"
"493813","kipschit",,"mopusau"
"493814","kipscomb",,"elicihot"
"493815","kipses",,"mepiea"
"493816","kipsey",,"mipaina"
"493817","kipsie",,"mepiu"
"493818","kipsied",,"uleceat"
"493819","kipsigiis",,"miparau"
"493820","kipsigis",,"miparaat"
"493821","kipsikiis",,"mepiroat"
"493822","kipskin",,"oluceun"
"493823","kipskins",,"olucesu"
"493824","kipster",,"mepiwin"
"493825","kipsy",,"mupel"
"493826","kipsying",,"elicusen"
"493827","kipton",,"mepuin"
"493828","kipu",,"mepae"
"493829","kipuka",,"mepaua"
"493830","kipukas",,"mepatot"
"493831","kipunji",,"mipopon"
"493832","kipushite",,"mapuqie"
"493833","kiput",,"ulewo"
"493834","kir",,"meh"
"493835","kira",,"mohon"
"493836","kiracofe",,"ilomaho"
"493837","kiraidhoo",,"mehereon"
"493838","kirakossian",,"alumuhudot"
"493839","kirakosyan",,"olemehin"
"493840","kiraly",,"elamune"
"493841","kiran",,"ilomau"
"493842","kirana",,"ulimi"
"493843","kirant",,"muhuate"
"493844","kiranti",,"muhupu"
"493845","kirantis",,"muhupuot"
"493846","kirat",,"alumie"
"493847","kirati",,"alumo"
"493848","kiratism",,"ilomeset"
"493849","kiray",,"muhul"
"493850","kirb",,"alunu"
"493851","kirban",,"maheoa"
"493852","kirbee",,"ilonune"
"493853","kirbeh",,"mehoes"
"493854","kirbehs",,"mehovina"
"493855","kirbie",,"ulinit"
"493856","kirbies",,"ulineat"
"493857","kirbigrip",,"ilonanat"
"493858","kirbigrips",,"ilonane"
"493859","kirby",,"olenas"
"493860","kirbyan",,"mohili"
"493861","kirbys",,"olenena"
"493862","kirbyville",,"mihulaat"
"493863","kirbyvilles",,"mihulatoe"
"493864","kirch",,"alure"
"493865","kirchdorf",,"mahonae"
"493866","kirchenbauer",,"mihanuhiun"
"493867","kirchenkampf",,"muhenahoun"
"493868","kircher",,"mehinin"
"493869","kircherian",,"iloruzan"
"493870","kirchers",,"mehinoa"
"493871","kirchgessner",,"oleriniden"
"493872","kirchhoefer",,"muhenojoi"
"493873","kirchhoff",,"mohunaen"
"493874","kirchhoffs",,"mohunaon"
"493875","kirchner",,"olerifat"
"493876","kirchnerism",,"alurefebot"
"493877","kirchnerist",,"mihanopiu"
"493878","kirchners",,"olerife"
"493879","kirchoff",,"alurehun"
"493880","kirchoffs",,"alurehu"
"493881","kirdi",,"ulisea"
"493882","kire",,"mahut"
"493883","kiren",,"elatiu"
"493884","kirengeshoma",,"muhipepaat"
"493885","kiretsu",,"oletaon"
"493886","kirghese",,"ulilazu"
"493887","kirghistan",,"ulilason"
"493888","kirghistans",,"ulilasigan"
"493889","kirghiz",,"muhunot"
"493890","kirghizean",,"alulesu"
"493891","kirghizeans",,"alulesefot"
"493892","kirghizes",,"mihinoat"
"493893","kirghizi",,"muhunien"
"493894","kirghizia",,"mahanuin"
"493895","kirghiziae",,"muhunion"
"493896","kirghizian",,"elalosat"
"493897","kirghizians",,"elalosove"
"493898","kirghizias",,"mahanua"
"493899","kirghizs",,"muhunio"
"493900","kirghizstan",,"mohonerion"
"493901","kirghizstans",,"mohonerian"
"493902","kirgiz",,"oleli"
"493903","kirgizes",,"elalina"
"493904","kirgizia",,"ilolanon"
"493905","kirgiziae",,"olelunu"
"493906","kirgizias",,"ilolanan"
"493907","kirgizstan",,"alulonu"
"493908","kirgizstans",,"alulonugot"
"493909","kirgyzstan",,"olelanin"
"493910","kirharas",,"muhanoin"
"493911","kirhares",,"mohinaun"
"493912","kirheres",,"maheviia"
"493913","kiri",,"mehit"
"493914","kiriatha",,"mihanion"
"493915","kiriathaim",,"mehineat"
"493916","kiriban",,"mahoron"
"493917","kiribatese",,"mahoroat"
"493918","kiribath",,"elanora"
"493919","kiribati",,"mohurue"
"493920","kiribatian",,"ulinaro"
"493921","kiribaties",,"mehirion"
"493922","kiribatis",,"mohuruin"
"493923","kirichenko",,"muhesoon"
"493924","kirichenkos",,"muhesopaan"
"493925","kirideku",,"elanuzot"
"493926","kirigami",,"mehimion"
"493927","kirigamis",,"mehimian"
"493928","kirik",,"mahote"
"493929","kirikaeshi",,"uliniret"
"493930","kirikane",,"elanara"
"493931","kirikiti",,"ilonosan"
"493932","kirikkale",,"elanavet"
"493933","kiril",,"ilonia"
"493934","kirilenko",,"mohuviaa"
"493935","kirilenkos",,"mohuvien"
"493936","kirill",,"mihaen"
"493937","kirillitsa",,"olenozo"
"493938","kirillitsas",,"olenozeget"
"493939","kirillov",,"olenozu"
"493940","kirilov",,"mahovan"
"493941","kirima",,"mahoeta"
"493942","kirimia",,"mahozan"
"493943","kirimon",,"oleniuna"
"493944","kirimons",,"olenihu"
"493945","kirin",,"olenua"
"493946","kirindy",,"mahopon"
"493947","kiringul",,"mohupuot"
"493948","kirinyaga",,"olenumu"
"493949","kirinyagas",,"olenumot"
"493950","kirioth",,"mihafon"
"493951","kiriotoshi",,"mahofao"
"493952","kiriri",,"aluneta"
"493953","kirishima",,"ulineren"
"493954","kirishitan",,"ilonare"
"493955","kirisima",,"mahoquun"
"493956","kirit",,"ulinou"
"493957","kiritimati",,"muhewii"
"493958","kirituhi",,"mahowee"
"493959","kiriwina",,"elanoso"
"493960","kiriwinan",,"mahoguu"
"493961","kiriwinas",,"elanoset"
"493962","kirjath",,"aluraon"
"493963","kirjatha",,"elarebaa"
"493964","kirjathaim",,"ulirubet"
"493965","kirjathb",,"mohanoe"
"493966","kirjathh",,"mohanoin"
"493967","kirjathj",,"mehuneet"
"493968","kirjaths",,"aluraban"
"493969","kirk",,"mahus"
"493970","kirkaldy",,"mehania"
"493971","kirkamide",,"elasepo"
"493972","kirkandrews",,"ulisufubo"
"493973","kirkbampton",,"mahurofia"
"493974","kirkbride",,"ilosuqet"
"493975","kirkbuddo",,"ulisadu"
"493976","kirkburn",,"elasoda"
"493977","kirkburton",,"muhiraeta"
"493978","kirkbuzzer",,"moheriua"
"493979","kirkby",,"elasune"
"493980","kirkbymoorside",,"olesimacan"
"493981","kirkbys",,"elasou"
"493982","kirkcaldy",,"mehasio"
"493983","kirkconnel",,"ilosahat"
"493984","kirkconnell",,"mihosihuin"
"493985","kirkcudbright",,"uliseduvun"
"493986","kirkcudbrightshire",,"uliseduvan"
"493987","kirkcudbrightshires",,"uliseduvuna"
"493988","kirkdale",,"mihotaen"
"493989","kirke",,"muhiva"
"493990","kirked",,"olesen"
"493991","kirkendall",,"muhivien"
"493992","kirkendell",,"moheveot"
"493993","kirkendoll",,"mahuvuin"
"493994","kirkenes",,"ulisife"
"493995","kirkeness",,"ulisifin"
"493996","kirker",,"ilosine"
"493997","kirkersville",,"muhivobiat"
"493998","kirkersvilles",,"muhivobie"
"493999","kirkfield",,"olesesin"
"494000","kirkgarth",,"elaseron"
"494001","kirkgoer",,"elaseho"
"494002","kirkgunzeon",,"elasedasat"
"494003","kirkham",,"ilosuena"
"494004","kirkhaugh",,"mohenuo"
"494005","kirkheaton",,"ilosuzat"
"494006","kirkhill",,"elasoson"
"494007","kirkhope",,"mihonii"
"494008","kirkhouse",,"ulisaha"
"494009","kirkia",,"mehaina"
"494010","kirkiae",,"mahurona"
"494011","kirkiana",,"ilosaret"
"494012","kirkias",,"meharaa"
"494013","kirkification",,"alusomuzan"
"494014","kirkified",,"mahureu"
"494015","kirkifies",,"ulisemen"
"494016","kirkify",,"olesuun"
"494017","kirkifying",,"moherii"
"494018","kirkiite",,"olesuse"
"494019","kirkinch",,"mihoroan"
"494020","kirking",,"olesue"
"494021","kirkings",,"olesufin"
"494022","kirkinhead",,"elasifon"
"494023","kirkintilloch",,"alusofavat"
"494024","kirkist",,"ilosaen"
"494025","kirkjub",,"muhisu"
"494026","kirkkonummi",,"oleseheki"
"494027","kirkland",,"alusari"
"494028","kirklands",,"alusarat"
"494029","kirklareli",,"elaseri"
"494030","kirkleatham",,"elasezigan"
"494031","kirklees",,"alusazon"
"494032","kirkless",,"elaseza"
"494033","kirkley",,"ilosiaa"
"494034","kirklike",,"alusasat"
"494035","kirklin",,"mehaven"
"494036","kirklins",,"mehavaon"
"494037","kirkliston",,"elasesat"
"494038","kirkmaister",,"mihozatuu"
"494039","kirkman",,"aluseona"
"494040","kirkmans",,"aluseran"
"494041","kirkmaster",,"mihozaat"
"494042","kirkmen",,"ilosuoa"
"494043","kirkmichael",,"mohezevoet"
"494044","kirknewton",,"olesuzot"
"494045","kirkorov",,"mihofei"
"494046","kirkoswald",,"muhifien"
"494047","kirkpatr",,"elasara"
"494048","kirkpatrick",,"alusurabot"
"494049","kirkpatricks",,"alusurabo"
"494050","kirks",,"mahuqi"
"494051","kirksey",,"mehaqin"
"494052","kirkseys",,"mehaqoa"
"494053","kirkslop",,"mohequin"
"494054","kirkstall",,"elasibet"
"494055","kirkstead",,"muhiquin"
"494056","kirksville",,"ilosagun"
"494057","kirksvilles",,"ilosagofu"
"494058","kirkton",,"muhiwin"
"494059","kirktons",,"muhiwua"
"494060","kirktown",,"mohewou"
"494061","kirktowns",,"mohewoot"
"494062","kirkuk",,"mihooi"
"494063","kirkuks",,"mihobet"
"494064","kirkup",,"ulisat"
"494065","kirkville",,"ilosisan"
"494066","kirkvilles",,"ilosisun"
"494067","kirkwall",,"mehagien"
"494068","kirkward",,"muhigeu"
"494069","kirkwarden",,"ulisarot"
"494070","kirkwhelpington",,"mahugipuot"
"494071","kirkwood",,"alusehi"
"494072","kirkyaird",,"miholai"
"494073","kirkyairds",,"miholaat"
"494074","kirkyard",,"miholaen"
"494075","kirkyards",,"miholaona"
"494076","kirlian",,"mihiret"
"494077","kirlianographic",,"ilotarocat"
"494078","kirlianography",,"alutorucat"
"494079","kirlin",,"mohoata"
"494080","kirm",,"muhas"
"494081","kirman",,"elave"
"494082","kirmancki",,"aluvafun"
"494083","kirmans",,"elavein"
"494084","kirmanshah",,"ilovifun"
"494085","kirmanshahs",,"ilovifotu"
"494086","kirmess",,"mihuvo"
"494087","kirmesses",,"mohivee"
"494088","kirmew",,"mehoene"
"494089","kirmington",,"aluvofa"
"494090","kirmse",,"mihuote"
"494091","kirn",,"olezn"
"494092","kirned",,"mohuet"
"494093","kirner",,"mihaoti"
"494094","kirni",,"olezui"
"494095","kirning",,"mohuru"
"494096","kirnon",,"mihaoa"
"494097","kirns",,"olezuo"
"494098","kirombo",,"olepian"
"494099","kiron",,"ulipeo"
"494100","kironde",,"muhopun"
"494101","kirons",,"ulipat"
"494102","kirov",,"alupaa"
"494103","kirovabad",,"oleporan"
"494104","kirovakan",,"mahidoun"
"494105","kirovograd",,"ulipuho"
"494106","kirovohrad",,"mahidau"
"494107","kirovs",,"alupo"
"494108","kirp",,"elafo"
"494109","kirpan",,"mehau"
"494110","kirpans",,"mehanot"
"494111","kirpi",,"elafia"
"494112","kirppu",,"mihoai"
"494113","kirrawee",,"olejokon"
"494114","kirri",,"alujo"
"494115","kirribilli",,"muharoan"
"494116","kirrie",,"ulijana"
"494117","kirriemuir",,"mihurue"
"494118","kirrikale",,"muharao"
"494119","kirris",,"alujen"
"494120","kirrlach",,"alujari"
"494121","kirromycin",,"mehofuan"
"494122","kirs",,"mehis"
"494123","kirsanov",,"mahonuan"
"494124","kirsch",,"aluco"
"494125","kirschenbaum",,"alucorejin"
"494126","kirschenman",,"ilocarujun"
"494127","kirschenmann",,"mohusapion"
"494128","kirsches",,"ulicere"
"494129","kirschner",,"olecure"
"494130","kirschsteinite",,"mehisubia"
"494131","kirschwasser",,"mahosiluot"
"494132","kirschwassers",,"mahosiluo"
"494133","kirsebaer",,"mehivuot"
"494134","kirsen",,"elacuna"
"494135","kirsh",,"alucea"
"494136","kirshbaum",,"mahoniun"
"494137","kirshen",,"mihanena"
"494138","kirsi",,"mehire"
"494139","kirsome",,"mahofon"
"494140","kirson",,"ulicata"
"494141","kirst",,"ulicoa"
"494142","kirsteen",,"mehiwoot"
"494143","kirstein",,"mohuwie"
"494144","kirsten",,"mohuwan"
"494145","kirsteni",,"mohuwiea"
"494146","kirstens",,"mohuwiun"
"494147","kirsti",,"ulicate"
"494148","kirstie",,"ilocea"
"494149","kirstin",,"mihawet"
"494150","kirsty",,"elacune"
"494151","kirstyn",,"mahowona"
"494152","kirstys",,"elacuu"
"494153","kirt",,"uliqn"
"494154","kirta",,"aluqa"
"494155","kirtan",,"muhoata"
"494156","kirtankar",,"iloqifon"
"494157","kirtans",,"muhone"
"494158","kirti",,"uliqea"
"494159","kirtimuk",,"aluqopat"
"494160","kirtland",,"mohavuun"
"494161","kirtlands",,"mohavuu"
"494162","kirtle",,"miheota"
"494163","kirtlebridge",,"oleqozabo"
"494164","kirtled",,"elaqee"
"494165","kirtles",,"mihevo"
"494166","kirtleton",,"mohaviin"
"494167","kirtley",,"mahivet"
"494168","kirtling",,"elaqeset"
"494169","kirtlington",,"aluqasusen"
"494170","kirton",,"mahieta"
"494171","kirtz",,"mohama"
"494172","kirumbo",,"uliwaun"
"494173","kirun",,"elawii"
"494174","kiruna",,"olewet"
"494175","kirundi",,"mohepat"
"494176","kirundis",,"mohepoe"
"494177","kirungi",,"olewuun"
"494178","kiruv",,"olewoa"
"494179","kiruvs",,"oleweta"
"494180","kirve",,"olebe"
"494181","kirven",,"meheee"
"494182","kirver",,"muhuana"
"494183","kirvin",,"mohoane"
"494184","kirvins",,"mohorun"
"494185","kirwan",,"eladun"
"494186","kirwanhe",,"mohineun"
"494187","kirwanian",,"mehonaet"
"494188","kirwanite",,"mehonaen"
"494189","kirwans",,"eladeu"
"494190","kirwin",,"aluden"
"494191","kiryas",,"muhoane"
"494192","kiryat",,"oleken"
"494193","kiryl",,"alukaa"
"494194","kiryu",,"mohab"
"494195","kis",,"ului"
"494196","kisa",,"alamne"
"494197","kisad",,"mejet"
"494198","kisaeng",,"mujuve"
"494199","kisamore",,"mejezea"
"494200","kisan",,"mujupa"
"494201","kisang",,"majaet"
"494202","kisangani",,"olomunin"
"494203","kisanganis",,"olomuna"
"494204","kisanji",,"olomuat"
"494205","kisans",,"mujuati"
"494206","kisante",,"elemie"
"494207","kisaragi",,"mujuceot"
"494208","kisarazu",,"olomiri"
"494209","kisawyer",,"mejegein"
"494210","kisbet",,"iline"
"494211","kisbon",,"ulunana"
"494212","kiscc",,"uluree"
"494213","kiscellian",,"majovou"
"494214","kisch",,"mejina"
"494215","kischen",,"elerou"
"494216","kise",,"ilitna"
"494217","kisei",,"ilitau"
"494218","kisel",,"mijov"
"494219","kiselev",,"ulutuan"
"494220","kiselevsk",,"ilitizet"
"494221","kiselevsks",,"ilitizi"
"494222","kiser",,"majuc"
"494223","kiseri",,"majueni"
"494224","kiseru",,"mujian"
"494225","kish",,"mejon"
"494226","kishambala",,"mejonuon"
"494227","kishambalas",,"mejonutaan"
"494228","kishan",,"ilimote"
"494229","kishanganj",,"olomofo"
"494230","kishar",,"elemeo"
"494231","kishares",,"alamaqon"
"494232","kishars",,"elemein"
"494233","kishbaugh",,"mijuraat"
"494234","kishen",,"elemes"
"494235","kishes",,"majeen"
"494236","kishi",,"mejor"
"494237","kishida",,"alamoeta"
"494238","kishii",,"mejoaa"
"494239","kishinev",,"mejoraen"
"494240","kishinevs",,"mejoraon"
"494241","kishino",,"ulumein"
"494242","kishinyov",,"mejoraia"
"494243","kishion",,"ulumeina"
"494244","kishis",,"mejoot"
"494245","kishiwada",,"ulumekin"
"494246","kishka",,"mejoina"
"494247","kishkas",,"mejota"
"494248","kishke",,"mujaune"
"494249","kishkeh",,"ilimoen"
"494250","kishkes",,"mujatu"
"494251","kishlak",,"ilimien"
"494252","kishm",,"mujaz"
"494253","kishmee",,"mojizan"
"494254","kishmi",,"mujaua"
"494255","kishmish",,"ilimusan"
"494256","kishon",,"ulumune"
"494257","kishore",,"elemuin"
"494258","kishoreganj",,"alamiqesa"
"494259","kishri",,"alamet"
"494260","kishs",,"mejoqa"
"494261","kishta",,"alamona"
"494262","kishu",,"majeb"
"494263","kishy",,"mijul"
"494264","kisi",,"ulunna"
"494265","kisiel",,"mijaaa"
"494266","kisiiland",,"mojuruot"
"494267","kisikey",,"uluniun"
"494268","kisin",,"mijapa"
"494269","kisir",,"mejic"
"494270","kiska",,"ulusua"
"494271","kiskadee",,"mijonia"
"494272","kiskatom",,"majunaat"
"494273","kiskatomas",,"mejaneia"
"494274","kiskitom",,"mujiruo"
"494275","kiskitomas",,"majuraot"
"494276","kiskun",,"mejaina"
"494277","kiskunf",,"elesaaa"
"494278","kisky",,"alasie"
"494279","kislev",,"alatani"
"494280","kislevs",,"alatuen"
"494281","kisling",,"eletioa"
"494282","kislovodsk",,"majafoin"
"494283","kisly",,"mejel"
"494284","kism",,"olove"
"494285","kismaayo",,"iliviro"
"494286","kismaros",,"mojinae"
"494287","kismat",,"mujaati"
"494288","kismats",,"mujanea"
"494289","kismayu",,"uluvuat"
"494290","kismayus",,"uluvume"
"494291","kismesis",,"elevawa"
"494292","kismet",,"mojion"
"494293","kismetic",,"mojivoun"
"494294","kismetically",,"mojivotiet"
"494295","kismets",,"mojivan"
"494296","kismutgar",,"ilivobi"
"494297","kisner",,"elezun"
"494298","kiso",,"eleps"
"494299","kison",,"majip"
"494300","kisor",,"mijeca"
"494301","kispest",,"ulufiat"
"494302","kispet",,"ulufi"
"494303","kispina",,"ulufee"
"494304","kisra",,"mojini"
"494305","kisrhombille",,"mijunifio"
"494306","kiss",,"ulucno"
"494307","kissa",,"alaca"
"494308","kissability",,"mojunateen"
"494309","kissabilitys",,"mojunateon"
"494310","kissable",,"ilicisa"
"494311","kissableness",,"mejinupuan"
"494312","kissablenesss",,"mejinupuun"
"494313","kissabler",,"majonian"
"494314","kissablest",,"mujenoa"
"494315","kissably",,"elecesin"
"494316","kissage",,"alacaena"
"494317","kissagram",,"mojunuina"
"494318","kissagrams",,"mojunua"
"494319","kissajou",,"mojunoe"
"494320","kissaki",,"ulucue"
"494321","kissam",,"ilicina"
"494322","kissane",,"mijana"
"494323","kissar",,"mojuone"
"494324","kissass",,"alacaene"
"494325","kissaten",,"elecebin"
"494326","kissathon",,"mejineon"
"494327","kissd",,"majot"
"494328","kisse",,"ilicoe"
"494329","kissed",,"mujeia"
"494330","kissee",,"oloco"
"494331","kissel",,"mijaota"
"494332","kisselgoff",,"mujevean"
"494333","kissell",,"alacuet"
"494334","kissels",,"mijavo"
"494335","kisser",,"majoo"
"494336","kisserahaa",,"oloceqe"
"494337","kissers",,"majoveta"
"494338","kissery",,"mojuvia"
"494339","kisses",,"ilicu"
"494340","kissest",,"mujevun"
"494341","kisseth",,"ilicoaa"
"494342","kissfest",,"ulucizu"
"494343","kissgate",,"mejimia"
"494344","kissh",,"mejini"
"494345","kissi",,"ulucee"
"494346","kissiah",,"mojurun"
"494347","kissick",,"ilicao"
"494348","kissie",,"ilicine"
"494349","kissimmee",,"ilicapon"
"494350","kissimmees",,"ilicapan"
"494351","kissin",,"mijao"
"494352","kissiness",,"mojurein"
"494353","kissing",,"mujerota"
"494354","kissinger",,"olocufin"
"494355","kissingerian",,"mojureraan"
"494356","kissingerism",,"alacofofet"
"494357","kissingers",,"olocufa"
"494358","kissingly",,"ilicafat"
"494359","kissle",,"mijaote"
"494360","kissler",,"olocoi"
"494361","kissles",,"mijavoa"
"494362","kissless",,"mijavueta"
"494363","kisslessness",,"ilicizode"
"494364","kisslike",,"mojuveu"
"494365","kissling",,"eleceset"
"494366","kissmeka",,"elecozot"
"494367","kissmiss",,"olocise"
"494368","kissner",,"eleciu"
"494369","kissoff",,"ulucoin"
"494370","kissoffs",,"ulucoma"
"494371","kissogram",,"mijafaata"
"494372","kissograms",,"mijafaea"
"494373","kissoon",,"mojufun"
"494374","kisspeptin",,"ilicozat"
"494375","kisspeptinergic",,"majohecoun"
"494376","kissper",,"alacuen"
"494377","kisspered",,"majohei"
"494378","kisspering",,"majoheot"
"494379","kisspers",,"alacuzon"
"494380","kissproof",,"mijaheun"
"494381","kissra",,"mojuoni"
"494382","kisss",,"ulucei"
"494383","kisstory",,"ilicehen"
"494384","kisswise",,"elecosot"
"494385","kissworthy",,"mijagiun"
"494386","kissy",,"elecue"
"494387","kissybug",,"mijaleet"
"494388","kist",,"majie"
"494389","kistbandi",,"oloqirun"
"494390","kisted",,"oloqoe"
"494391","kister",,"iliqua"
"494392","kistful",,"mujolin"
"494393","kistfuls",,"mujolaa"
"494394","kistiakowsky",,"mejuriziu"
"494395","kistiakowskys",,"mejuriziot"
"494396","kistian",,"oloquan"
"494397","kistibandi",,"oloqusin"
"494398","kisting",,"oloquun"
"494399","kistler",,"mijevoe"
"494400","kistlers",,"mijevuet"
"494401","kistmutgar",,"mujozaet"
"494402","kistna",,"oloqeta"
"494403","kistner",,"mojapan"
"494404","kistrin",,"mijecet"
"494405","kists",,"majiq"
"494406","kistvaen",,"mejudiot"
"494407","kistvaens",,"mejudio"
"494408","kisumu",,"alawo"
"494409","kisung",,"mijoo"
"494410","kisutch",,"iliweaa"
"494411","kiswa",,"ilidi"
"494412","kiswah",,"majeena"
"494413","kiswahili",,"olodorot"
"494414","kiswahilies",,"elederafat"
"494415","kiswahilis",,"olodoro"
"494416","kiswahs",,"majenon"
"494417","kiszczak",,"ololuni"
"494418","kit",,"mac"
"494419","kita",,"mecei"
"494420","kitab",,"alemea"
"494421","kitabi",,"alemae"
"494422","kitabis",,"alemeena"
"494423","kitadanisaurus",,"olimarevon"
"494424","kitaev",,"olimoi"
"494425","kitagawa",,"mocomuat"
"494426","kitahiroshima",,"olimisacun"
"494427","kitai",,"mecer"
"494428","kitaibelite",,"elomisofon"
"494429","kitajima",,"ilumeset"
"494430","kitakami",,"mucuteot"
"494431","kitakata",,"alemuret"
"494432","kitakitsune",,"macatudeot"
"494433","kitaky",,"mocoona"
"494434","kitakyus",,"mecetea"
"494435","kitakyushu",,"ulamimo"
"494436","kitakyushus",,"ulamimadet"
"494437","kitalpha",,"elomeja"
"494438","kitalphas",,"elomejen"
"494439","kitamat",,"ilumuot"
"494440","kitamats",,"ilumuro"
"494441","kitambilla",,"elomoson"
"494442","kitambillae",,"alemesufu"
"494443","kitambillas",,"elomosafan"
"494444","kitami",,"mucuun"
"494445","kitamura",,"ilumudo"
"494446","kitan",,"olimui"
"494447","kitanemuk",,"olimuzea"
"494448","kitano",,"ulamani"
"494449","kitans",,"olimeta"
"494450","kitaotao",,"ulamobea"
"494451","kitar",,"alemee"
"494452","kitara",,"elomata"
"494453","kitasamycin",,"ilumarerat"
"494454","kitasato",,"olimuran"
"494455","kitasatos",,"olimurun"
"494456","kitasoo",,"macaqon"
"494457","kitassato",,"olimuwun"
"494458","kitazato",,"macamoon"
"494459","kitbag",,"elonuna"
"494460","kitbags",,"eloneu"
"494461","kitbash",,"mocinan"
"494462","kitbashed",,"ulanuwe"
"494463","kitbasher",,"alenawi"
"494464","kitbashes",,"meconao"
"494465","kitbashing",,"ulanuwet"
"494466","kitcar",,"alerota"
"494467","kitcat",,"ularon"
"494468","kitcha",,"aleraa"
"494469","kitcharao",,"maconoat"
"494470","kitcharee",,"maconoi"
"494471","kitchari",,"mocunue"
"494472","kitchawan",,"micanaon"
"494473","kitchawong",,"maconoin"
"494474","kitchawonk",,"micanaun"
"494475","kitchell",,"alerezia"
"494476","kitchen",,"mocunan"
"494477","kitchenable",,"mecinohaon"
"494478","kitchenalia",,"elorozati"
"494479","kitchenalias",,"elorozatat"
"494480","kitchenary",,"ularazota"
"494481","kitchenboy",,"alerezate"
"494482","kitchendom",,"alerezun"
"494483","kitchendoms",,"alerezupu"
"494484","kitchene",,"mecinoot"
"494485","kitchened",,"ularaze"
"494486","kitchener",,"alerezie"
"494487","kitcheners",,"alerezati"
"494488","kitchenet",,"ularazu"
"494489","kitchenets",,"ularazote"
"494490","kitchenette",,"mucenahoo"
"494491","kitchenetted",,"olirizefin"
"494492","kitchenettes",,"mucenahoet"
"494493","kitchenful",,"mecinoan"
"494494","kitchenhand",,"ularaziten"
"494495","kitchening",,"ularazet"
"494496","kitchenings",,"ularazivi"
"494497","kitchenless",,"iluruzofat"
"494498","kitchenlike",,"olirizefo"
"494499","kitchenmaid",,"ularazihen"
"494500","kitchenman",,"olirizin"
"494501","kitchenness",,"olirizejot"
"494502","kitchenry",,"iluruzet"
"494503","kitchens",,"mocuniun"
"494504","kitchenscape",,"olirizedot"
"494505","kitchenward",,"mecinoheon"
"494506","kitchenwards",,"mecinohean"
"494507","kitchenware",,"ularazima"
"494508","kitchenwares",,"ularazimen"
"494509","kitchenwife",,"ularazimet"
"494510","kitcheny",,"mucenau"
"494511","kitcher",,"maconet"
"494512","kitcheree",,"micanuen"
"494513","kitcherie",,"mucenaot"
"494514","kitchewan",,"mecinoo"
"494515","kitchewank",,"maconee"
"494516","kitchi",,"ularat"
"494517","kitchie",,"iluruaa"
"494518","kitchin",,"micanet"
"494519","kitching",,"mucenio"
"494520","kitchree",,"mucenoe"
"494521","kite",,"mucii"
"494522","kiteboard",,"elotohin"
"494523","kiteboarded",,"mecareseo"
"494524","kiteboarder",,"mocerosou"
"494525","kiteboarding",,"mecareseun"
"494526","kiteboards",,"elotoha"
"494527","kiteboating",,"ulataheget"
"494528","kited",,"olitaa"
"494529","kitee",,"micova"
"494530","kitefin",,"micolet"
"494531","kiteflier",,"olitezu"
"494532","kiteflyer",,"ulatizin"
"494533","kiteflying",,"ilutoze"
"494534","kiteless",,"aletazet"
"494535","kitelike",,"ulatusu"
"494536","kitemaker",,"aleteri"
"494537","kitemaking",,"ulatareta"
"494538","kitemark",,"elotorot"
"494539","kitemarked",,"mecazien"
"494540","kitemarking",,"mecaziwue"
"494541","kitembilla",,"ulataso"
"494542","kitembillae",,"ilutusofat"
"494543","kitembillas",,"ulatasifet"
"494544","kitenge",,"aletoena"
"494545","kitenges",,"aletonon"
"494546","kiter",,"ilutue"
"494547","kiters",,"ilutuo"
"494548","kites",,"muciqa"
"494549","kitesurf",,"macuqean"
"494550","kitesurfed",,"olitude"
"494551","kitesurfer",,"ilutadi"
"494552","kitesurfing",,"olitudaret"
"494553","kitesurfings",,"olitudari"
"494554","kitesurfs",,"macuqeun"
"494555","kitezh",,"mecae"
"494556","kitfo",,"olikaa"
"494557","kitfox",,"mecain"
"494558","kith",,"ulamo"
"494559","kithairon",,"alemase"
"494560","kithara",,"micuno"
"494561","kitharas",,"micuneet"
"494562","kitharode",,"elomeqa"
"494563","kithbrook",,"ilumuqane"
"494564","kithcart",,"alemoron"
"494565","kithe",,"ilumoo"
"494566","kithed",,"mucaan"
"494567","kithes",,"ilumini"
"494568","kithfolk",,"alemuhe"
"494569","kithing",,"mucara"
"494570","kithira",,"mocirun"
"494571","kithless",,"micuvuon"
"494572","kithlessness",,"ilumizodu"
"494573","kithlish",,"ilumisan"
"494574","kithogue",,"aleminan"
"494575","kiths",,"ulamei"
"494576","kithul",,"micuoa"
"494577","kitimat",,"olinian"
"494578","kitinen",,"mucepu"
"494579","kiting",,"olinana"
"494580","kitings",,"olinuun"
"494581","kitinus",,"alenoon"
"494582","kitish",,"ulanun"
"494583","kitivy",,"ulanana"
"494584","kitja",,"ularua"
"494585","kitkahaxki",,"miconee"
"494586","kitkahaxkis",,"miconesuin"
"494587","kitkaite",,"olisosat"
"494588","kitkat",,"ilusin"
"494589","kitkatla",,"mucinuin"
"494590","kitkehahki",,"mucivoi"
"494591","kitkehahkis",,"mucivosuat"
"494592","kitksan",,"elosiin"
"494593","kitler",,"miciot"
"494594","kitless",,"elotaua"
"494595","kitling",,"mocoru"
"494596","kitlings",,"mocoreot"
"494597","kitlope",,"mecefot"
"494598","kitlopes",,"mecefoo"
"494599","kitmagar",,"alevani"
"494600","kitman",,"alevoa"
"494601","kitmuddar",,"elovavot"
"494602","kitmudgar",,"mucabua"
"494603","kitmutgar",,"mucabuo"
"494604","kitmutgaur",,"micubiun"
"494605","kitniot",,"mucerin"
"494606","kitniyot",,"mecireena"
"494607","kito",,"mocaa"
"494608","kitome",,"mucoat"
"494609","kiton",,"ilupae"
"494610","kitpvp",,"alefo"
"494611","kitrick",,"ilujao"
"494612","kitron",,"maceet"
"494613","kits",,"macot"
"494614","kitsai",,"meciue"
"494615","kitsap",,"elocun"
"494616","kitsberg",,"meciroa"
"494617","kitsch",,"ulacan"
"494618","kitscher",,"macosiie"
"494619","kitsches",,"ilucaro"
"494620","kitschest",,"mucesoot"
"494621","kitschier",,"macosiun"
"494622","kitschiest",,"mucesoena"
"494623","kitschified",,"ulaceriron"
"494624","kitschifies",,"mecisutue"
"494625","kitschify",,"mucesoene"
"494626","kitschifying",,"elocirarot"
"494627","kitschily",,"mecisuon"
"494628","kitschiness",,"mocusatien"
"494629","kitschly",,"mecisuo"
"494630","kitschness",,"mocusaota"
"494631","kitschnesses",,"mecisuhuat"
"494632","kitschy",,"elociu"
"494633","kitsell",,"mecivot"
"494634","kitset",,"olicena"
"494635","kitsets",,"oliceon"
"494636","kitsilano",,"mucereena"
"494637","kitskonstabel",,"mocutohii"
"494638","kitsman",,"aleceet"
"494639","kitson",,"ilucota"
"494640","kitsune",,"ulaciat"
"494641","kitt",,"iluqna"
"494642","kittanni",,"ulaqufin"
"494643","kittanning",,"muconii"
"494644","kittannings",,"muconihaat"
"494645","kittar",,"mecue"
"494646","kittatinny",,"mocanoa"
"494647","kittatinnyite",,"ulaqubijat"
"494648","kittatinnys",,"mocanotien"
"494649","kitted",,"miceu"
"494650","kittee",,"eloqana"
"494651","kitteh",,"mucoata"
"494652","kittel",,"mocaona"
"494653","kittell",,"ulaqiun"
"494654","kittels",,"mocavana"
"494655","kittelson",,"alequzat"
"494656","kitten",,"mecuea"
"494657","kittenball",,"iluqofi"
"494658","kittendom",,"ulaqifin"
"494659","kittened",,"iluqofot"
"494660","kittenfish",,"micevou"
"494661","kittenfished",,"alequfeva"
"494662","kittenfishes",,"mocavenii"
"494663","kittenfishing",,"alequfevat"
"494664","kittenhearted",,"macivusiot"
"494665","kittenhood",,"macivuu"
"494666","kittening",,"iluqofan"
"494667","kittenis",,"mecuvao"
"494668","kittenish",,"alequfun"
"494669","kittenishly",,"mocavetiet"
"494670","kittenishness",,"micevotuo"
"494671","kittenishnesses",,"mocavetie"
"494672","kittenishnesss",,"micevotuet"
"494673","kittenless",,"oliqefu"
"494674","kittenlike",,"eloqafon"
"494675","kittenness",,"eloqafen"
"494676","kittenplay",,"mucovio"
"494677","kittens",,"mecuvin"
"494678","kittenship",,"micevoe"
"494679","kittentails",,"macivuduot"
"494680","kitteny",,"miceva"
"494681","kitter",,"mucoana"
"494682","kittereen",,"iluqoqo"
"494683","kitterland",,"ulaqiqot"
"494684","kitterman",,"ulaqiqin"
"494685","kittery",,"mecuvu"
"494686","kitterys",,"mecuvuot"
"494687","kitthoge",,"mocanou"
"494688","kitti",,"iluqae"
"494689","kittian",,"miceren"
"494690","kittie",,"oliqeta"
"494691","kitties",,"oliqui"
"494692","kittiewake",,"ulaqezot"
"494693","kittikachorn",,"macireseet"
"494694","kittikachorns",,"maciresei"
"494695","kittil",,"miceoa"
"494696","kittim",,"eloqua"
"494697","kitting",,"micerona"
"494698","kittinger",,"eloqifet"
"494699","kittipong",,"aleqoju"
"494700","kittis",,"iluqot"
"494701","kittisal",,"mucoriot"
"494702","kittisol",,"maciruun"
"494703","kittisva",,"mucoriin"
"494704","kittitas",,"maciraan"
"494705","kittitass",,"maciraun"
"494706","kittitian",,"eloqibet"
"494707","kittitians",,"eloqibi"
"494708","kittiwake",,"aleqokan"
"494709","kittiwakes",,"aleqokun"
"494710","kittle",,"mocaone"
"494711","kittled",,"aleqaoe"
"494712","kittlepins",,"mecuvoan"
"494713","kittler",,"eloqeu"
"494714","kittles",,"mocavane"
"494715","kittleson",,"aleqazata"
"494716","kittlest",,"aleqazon"
"494717","kittleto",,"oliqozat"
"494718","kittlier",,"eloqesa"
"494719","kittliest",,"aleqasat"
"494720","kittling",,"aleqasun"
"494721","kittlish",,"oliqosu"
"494722","kittlitzs",,"mucovioa"
"494723","kittly",,"macien"
"494724","kitto",,"aleqia"
"494725","kittock",,"ulaqoun"
"494726","kitton",,"mucoun"
"494727","kittool",,"mocafun"
"494728","kittpeak",,"macihei"
"494729","kittredge",,"oliqizat"
"494730","kittredges",,"oliqize"
"494731","kittrell",,"mecucoo"
"494732","kittrells",,"mecucoet"
"494733","kitts",,"iluqai"
"494734","kittsian",,"miceqoon"
"494735","kittson",,"mucoqu"
"494736","kittul",,"mocaie"
"494737","kittuls",,"mocabat"
"494738","kitty",,"aleqie"
"494739","kittyblog",,"oliqasu"
"494740","kittybrewster",,"oliqasafa"
"494741","kittycat",,"mocalean"
"494742","kittycorner",,"meculajei"
"494743","kittycornered",,"iluqetibun"
"494744","kittycorners",,"meculajeat"
"494745","kittyhawk",,"maciliun"
"494746","kittyhawks",,"maciliu"
"494747","kittys",,"aleqaa"
"494748","kittysol",,"mocalee"
"494749","kittysoll",,"ulaqowa"
"494750","kittywake",,"oliqakat"
"494751","kittywampus",,"mucolosuet"
"494752","kittywumpus",,"mocalagoo"
"494753","kituba",,"ulawone"
"494754","kitul",,"elowe"
"494755","kitules",,"alewaen"
"494756","kituls",,"elowea"
"494757","kitunahan",,"aleworat"
"494758","kitunahans",,"alewore"
"494759","kitwe",,"mociva"
"494760","kity",,"mocae"
"494761","kityang",,"alekaet"
"494762","kitysol",,"elokiin"
"494763","kitzb",,"mocer"
"494764","kitzinger",,"ilulafi"
"494765","kitzman",,"micozo"
"494766","kitzmiller",,"mecazaan"
"494767","kitzmillers",,"mecazapaun"
"494768","kiua",,"ulemte"
"494769","kiukiang",,"miqoraan"
"494770","kiungchow",,"oluzotin"
"494771","kiungchows",,"oluzota"
"494772","kiungshan",,"moqumea"
"494773","kiungshans",,"moqumeen"
"494774","kiuprili",,"maqucue"
"494775","kiuru",,"muqab"
"494776","kiushu",,"muqeun"
"494777","kiutle",,"aloqae"
"494778","kiva",,"mawae"
"494779","kivas",,"mawaqa"
"494780","kive",,"miwoa"
"494781","kiver",,"olatina"
"494782","kivered",,"mowecet"
"494783","kivering",,"moweceu"
"494784","kiverlid",,"alitezon"
"494785","kivermor",,"muwicoin"
"494786","kiverpoo",,"muwicain"
"494787","kivertsi",,"miwociet"
"494788","kiveton",,"mowewan"
"494789","kivett",,"moweet"
"494790","kivi",,"muwee"
"494791","kiviak",,"muweun"
"494792","kiviaq",,"mewiu"
"494793","kiviat",,"ilenin"
"494794","kivikivi",,"alinusun"
"494795","kivingst",,"mowupuin"
"494796","kivinza",,"muwepe"
"494797","kiviuq",,"muweuna"
"494798","kivu",,"miwoe"
"494799","kivus",,"miwoqa"
"494800","kivver",,"mowoeta"
"494801","kivy",,"mewua"
"494802","kiwach",,"mabao"
"494803","kiwai",,"iloman"
"494804","kiwaid",,"mubuan"
"494805","kiwaiform",,"alumome"
"494806","kiwais",,"ilomina"
"494807","kiwakiwa",,"elamasot"
"494808","kiwameru",,"mebezoot"
"494809","kiwani",,"moboi"
"494810","kiwanian",,"ulimesua"
"494811","kiwanians",,"ulimesota"
"494812","kiwanis",,"mobopat"
"494813","kiwaniss",,"mobopee"
"494814","kiwano",,"mubuata"
"494815","kiwarrak",,"ulimaqe"
"494816","kiwi",,"olens"
"494817","kiwiana",,"mibano"
"494818","kiwiberry",,"mebirooa"
"494819","kiwied",,"mobuet"
"494820","kiwifruit",,"mubeloet"
"494821","kiwifruits",,"mubeloi"
"494822","kiwiing",,"moburu"
"494823","kiwikiwi",,"ulinisa"
"494824","kiwiland",,"mabovoan"
"494825","kiwiness",,"mabopean"
"494826","kiwirita",,"ilonuset"
"494827","kiwis",,"olenue"
"494828","kiwisports",,"mobuqio"
"494829","kiwitini",,"ulinosa"
"494830","kiwon",,"mibep"
"494831","kiyamba",,"migizot"
"494832","kiyang",,"mogoi"
"494833","kiyas",,"olimuo"
"494834","kiyass",,"olimen"
"494835","kiyer",,"mogec"
"494836","kiyi",,"elons"
"494837","kiyis",,"elonie"
"494838","kiyohara",,"eloporot"
"494839","kiyoharu",,"ulaparu"
"494840","kiyoko",,"ulapata"
"494841","kiyomi",,"elopua"
"494842","kiyoodle",,"olipavan"
"494843","kiyoshi",,"magiqan"
"494844","kiza",,"mikin"
"494845","kizami",,"mekeu"
"494846","kizell",,"mikoot"
"494847","kizer",,"aloteu"
"494848","kizh",,"elimn"
"494849","kizi",,"mokuo"
"494850","kizil",,"ulenui"
"494851","kizilbash",,"elinesen"
"494852","kizilbashs",,"elineson"
"494853","kizils",,"ulenate"
"494854","kizilsu",,"ilanio"
"494855","kizior",,"ilanota"
"494856","kizlyar",,"mukulun"
"494857","kizomba",,"olupion"
"494858","kizzee",,"alolu"
"494859","kizziah",,"makuron"
"494860","kizzie",,"elilat"
"494861","kizzuwadna",,"ilaloken"
"494862","kizzuwatna",,"ilaloket"
"494863","kizzy",,"uleloi"
"494864","kjar",,"amij"
"494865","kjarposko",,"moloheon"
"494866","kjartansson",,"malawehaon"
"494867","kjdelong",,"emoteha"
"494868","kjeld",,"misot"
"494869","kjeldahl",,"misotuun"
"494870","kjeldahlization",,"omutarafe"
"494871","kjeldahlize",,"emiturufon"
"494872","kjeldahlized",,"misotuseo"
"494873","kjeldahlizes",,"emiturufan"
"494874","kjeldahlizing",,"misotuseun"
"494875","kjeldahls",,"misotuu"
"494876","kjell",,"moseve"
"494877","kjelland",,"masuveu"
"494878","kjellberg",,"misovau"
"494879","kjels",,"emitia"
"494880","kjelsasite",,"misoquin"
"494881","kjersti",,"masaqe"
"494882","kjerulfin",,"mosobii"
"494883","kjet",,"omuqa"
"494884","kjgart",,"mikoi"
"494885","kjheil",,"mulooa"
"494886","kjholly",,"amupai"
"494887","kjhpesoj",,"emafawo"
"494888","kjkf",,"umek"
"494889","kjkirby",,"mirucat"
"494890","kjmackay",,"motesoot"
"494891","kjmg",,"matua"
"494892","kjolen",,"mizoi"
"494893","kjolens",,"mizovat"
"494894","kjos",,"mizua"
"494895","kjowyang",,"amediri"
"494896","kjressle",,"miheqeat"
"494897","kjsundar",,"emewivin"
"494898","kjulen",,"maquat"
"494899","kjulens",,"maquve"
"494900","kkachi",,"miliue"
"494901","kkakdugi",,"melitaot"
"494902","kkale",,"maliva"
"494903","kkday",,"murola"
"494904","kkkanada",,"onumuri"
"494905","kkker",,"maroca"
"494906","kkkk",,"enis"
"494907","kkkkk",,"anosu"
"494908","kkkkkk",,"unese"
"494909","kkkkkkk",,"inasoon"
"494910","kkkkkkkk",,"onusevot"
"494911","kkkonfederate",,"murapipuet"
"494912","kkkoyama",,"enipurot"
"494913","kkks",,"onucn"
"494914","kkmunson",,"onewuwe"
"494915","kkochi",,"muzuane"
"494916","kkoh",,"muzin"
"494917","kkoktu",,"meziun"
"494918","kkonminam",,"onizisot"
"494919","kkphoon",,"mapufon"
"494920","kkreinec",,"unitefun"
"494921","kktp",,"unaf"
"494922","kkulppang",,"inatojan"
"494923","kkvws",,"miwoqe"
"494924","kkwaenggwari",,"anumufosa"
"494925","kkxx",,"inig"
"494926","kkyeh",,"migana"
"494927","kkyl",,"mogau"
"494928","kkyra",,"maguni"
"494929","kkyras",,"maguin"
"494930","klaass",,"muleun"
"494931","klaassen",,"erumiwu"
"494932","klaatu",,"iremeu"
"494933","klabautermann",,"oranodofo"
"494934","klabee",,"oranot"
"494935","klaber",,"mileote"
"494936","klaberjass",,"uroniqin"
"494937","klaberjasss",,"uroniquta"
"494938","klabers",,"milevoa"
"494939","klabund",,"arinuaa"
"494940","klabunde",,"uronifan"
"494941","klabunds",,"arinufen"
"494942","klackers",,"orarezi"
"494943","klad",,"iresnu"
"494944","kladd",,"molota"
"494945","kladno",,"moloana"
"494946","kladnoite",,"erusiha"
"494947","klado",,"arisia"
"494948","kladruber",,"molocae"
"494949","klaeser",,"oratuen"
"494950","klaf",,"arike"
"494951","klafter",,"urokoat"
"494952","klaftern",,"melowuet"
"494953","klagenfurt",,"melivoun"
"494954","klagess",,"milaveta"
"494955","klagshamn",,"meliqeat"
"494956","klagshamns",,"meliqee"
"494957","klahc",,"uromes"
"494958","klahn",,"melup"
"494959","klahr",,"muloc"
"494960","klaiber",,"miloren"
"494961","klaine",,"arinas"
"494962","klaineana",,"mulipoo"
"494963","klaip",,"arinuo"
"494964","klaipeda",,"mulihoin"
"494965","klakar",,"urosia"
"494966","klaksv",,"erusuna"
"494967","klal",,"oratn"
"494968","klaliff",,"aritoan"
"494969","klallam",,"mulevot"
"494970","klam",,"meluna"
"494971","klamath",,"molanea"
"494972","klamaths",,"molanuin"
"494973","klamathweed",,"irevibemon"
"494974","klamelisaurus",,"milevoteen"
"494975","klamm",,"muloz"
"494976","klammath",,"malizue"
"494977","klamp",,"irevoo"
"494978","klan",,"eruzne"
"494979","klanada",,"molenan"
"494980","klance",,"arizina"
"494981","klandidate",,"mulitao"
"494982","klandom",,"malutan"
"494983","klang",,"orazoe"
"494984","klangfarbe",,"mulimoon"
"494985","klangfarbenmelodie",,"irezimabun"
"494986","klangfarbes",,"mulimosean"
"494987","klangs",,"orazona"
"494988","klanism",,"urozeea"
"494989","klanisms",,"urozewin"
"494990","klanjec",,"mulisu"
"494991","klankraft",,"moletoo"
"494992","klann",,"milop"
"494993","klanner",,"irezaot"
"494994","klannish",,"urozesot"
"494995","klanny",,"maluona"
"494996","klans",,"eruzio"
"494997","klansfem",,"muliqoo"
"494998","klansman",,"moleqoin"
"494999","klansmans",,"moleqoa"
"495000","klansmasc",,"arizopi"
"495001","klansmen",,"maluqaun"
"495002","klansmens",,"maluqau"
"495003","klansperson",,"melaqupie"
"495004","klanswoman",,"moleqoen"
"495005","klanswomans",,"moleqojuon"
"495006","klap",,"arifn"
"495007","klapa",,"erufe"
"495008","klapmatch",,"urofarina"
"495009","klapp",,"meloh"
"495010","klapped",,"arifuaa"
"495011","klapper",,"erufae"
"495012","klapperich",,"melohuat"
"495013","klapping",,"arifusata"
"495014","klappvisier",,"mulahitoat"
"495015","klappvisiers",,"mulahitoe"
"495016","klappvisor",,"moliheet"
"495017","klaproth",,"molicuot"
"495018","klaprothine",,"urofahuton"
"495019","klaprothite",,"erufohetan"
"495020","klaprotholite",,"melocidien"
"495021","klaproths",,"molicuo"
"495022","klaps",,"arifoe"
"495023","klapskate",,"miluqean"
"495024","klar",,"urojt"
"495025","klara",,"arijae"
"495026","klare",,"irejoi"
"495027","klarika",,"urojeuna"
"495028","klarjeti",,"orajazat"
"495029","klaro",,"erujui"
"495030","klarogo",,"urojoe"
"495031","klaroline",,"erujuzen"
"495032","klarrisa",,"maliceun"
"495033","klaskino",,"oracese"
"495034","klaskinos",,"oracesin"
"495035","klasky",,"muliea"
"495036","klass",,"miloqi"
"495037","klassevirus",,"maluqikia"
"495038","klatawaw",,"eruqeke"
"495039","klatawawed",,"mulunuot"
"495040","klatawawing",,"mulunusean"
"495041","klatawaws",,"eruqekin"
"495042","klatch",,"milioa"
"495043","klatched",,"oraquron"
"495044","klatches",,"molosoe"
"495045","klatching",,"oraqurina"
"495046","klatchko",,"mulusuo"
"495047","klatsch",,"miliqet"
"495048","klatsches",,"moloqiin"
"495049","klatskin",,"muluqoen"
"495050","klatt",,"molowe"
"495051","klatte",,"meleua"
"495052","klaudia",,"irewein"
"495053","klauer",,"orawou"
"495054","klaukkala",,"eruwavo"
"495055","klaus",,"moliqi"
"495056","klausenburg",,"ariwozuve"
"495057","klausian",,"eruwisot"
"495058","klausing",,"eruwiso"
"495059","klausner",,"mulaqaot"
"495060","klauss",,"moliana"
"495061","klavalier",,"erubeza"
"495062","klavarskribo",,"malonabaet"
"495063","klavatz",,"urobui"
"495064","klavdia",,"molutat"
"495065","klavdiia",,"molutiu"
"495066","klaver",,"meliue"
"495067","klaveren",,"ireboqot"
"495068","klavern",,"urobian"
"495069","klaverns",,"urobiqun"
"495070","klavier",,"melira"
"495071","klavieres",,"maloriun"
"495072","klaviers",,"meliruen"
"495073","klaviyo",,"erubiu"
"495074","klawina",,"aridoen"
"495075","klawiter",,"maliroat"
"495076","klawitter",,"aridobi"
"495077","klaxon",,"maluone"
"495078","klaxoned",,"urogofat"
"495079","klaxoning",,"urogofo"
"495080","klaxonophile",,"oragafoqon"
"495081","klaxonophilist",,"molefijoo"
"495082","klaxons",,"malufan"
"495083","klayman",,"orakion"
"495084","klaypeda",,"melehuot"
"495085","klazminskian",,"irelusodot"
"495086","klazomania",,"mulafuon"
"495087","klazomaniac",,"mulafusoi"
"495088","klber",,"momic"
"495089","klbers",,"momiia"
"495090","klbrown",,"erajuue"
"495091","klcc",,"monei"
"495092","klchurch",,"irimoqen"
"495093","kldowers",,"mereguo"
"495094","kleagle",,"erimeea"
"495095","kleagles",,"erimezin"
"495096","klebba",,"miseina"
"495097","klebelsbergite",,"urenizivi"
"495098","kleber",,"mesueo"
"495099","kleberg",,"mosavata"
"495100","kleberite",,"aronuqet"
"495101","klebers",,"mesuvina"
"495102","klebicin",,"musoraa"
"495103","klebold",,"orunaet"
"495104","klebs",,"orunuo"
"495105","klebsiella",,"urenesot"
"495106","klebsiellal",,"mosaqipiet"
"495107","klebsiellas",,"urenesafo"
"495108","klebsiellosis",,"aronosefen"
"495109","klebss",,"orunos"
"495110","klecka",,"mesaue"
"495111","klecker",,"arorua"
"495112","kleckner",,"mosetie"
"495113","klecksography",,"ureriwusat"
"495114","klecktoken",,"mosetuo"
"495115","klectoken",,"misowaan"
"495116","klee",,"masenu"
"495117","kleeblattsch",,"arotezoge"
"495118","kleeck",,"musaati"
"495119","kleeman",,"orutieta"
"495120","kleemanite",,"masezuu"
"495121","kleen",,"iratane"
"495122","kleene",,"orutas"
"495123","kleenean",,"masepii"
"495124","kleeneboc",,"musapoin"
"495125","kleenebok",,"misupei"
"495126","kleenes",,"orutuena"
"495127","kleenex",,"musapun"
"495128","kleenexes",,"misupeet"
"495129","kleenexs",,"musapou"
"495130","klees",,"maseqt"
"495131","kleeschulte",,"orututaku"
"495132","kleestengel",,"arotobejun"
"495133","kleffens",,"erikaza"
"495134","kleffenss",,"erikazen"
"495135","kleffner",,"mesoloon"
"495136","kleft",,"mosiw"
"495137","kleftiko",,"misuwuun"
"495138","klehm",,"aromeno"
"495139","kleibbed",,"erinosun"
"495140","kleiber",,"mesarot"
"495141","kleibers",,"mesaruo"
"495142","kleier",,"erinata"
"495143","kleig",,"moseme"
"495144","kleiman",,"iranuai"
"495145","klein",,"urenet"
"495146","kleinbautzen",,"orunusukot"
"495147","kleinberg",,"aronosan"
"495148","kleine",,"iranui"
"495149","kleinert",,"iranazo"
"495150","kleinfac",,"mesapuet"
"495151","kleinfeld",,"mosepaa"
"495152","kleinfelter",,"orunumifa"
"495153","kleinfeltersville",,"mesapupoe"
"495154","kleinheart",,"musipuon"
"495155","kleinheider",,"mosepopaet"
"495156","kleinhenz",,"mosepoa"
"495157","kleinhuisie",,"mosepogaan"
"495158","kleinhuisies",,"mosepogaun"
"495159","kleinian",,"mosepiot"
"495160","kleinians",,"mosepio"
"495161","kleinite",,"mosepiin"
"495162","kleinkopf",,"iranavat"
"495163","kleinkrieg",,"misopeot"
"495164","kleinman",,"masupae"
"495165","kleinod",,"masupan"
"495166","kleinpeter",,"misopeun"
"495167","kleins",,"urenanu"
"495168","kleinsasser",,"musipasoi"
"495169","kleinschmidt",,"mesapoviot"
"495170","kleinschnittger",,"mesapovian"
"495171","kleinsmith",,"orunuwo"
"495172","kleinstein",,"aronowe"
"495173","kleintank",,"eriniben"
"495174","kleinzahler",,"arononotu"
"495175","kleis",,"mesaqi"
"495176","kleisin",,"ureneea"
"495177","kleisli",,"aronoona"
"495178","kleisma",,"masuqan"
"495179","kleissner",,"misoquata"
"495180","kleist",,"erinune"
"495181","kleister",,"masuqoat"
"495182","kleisthenes",,"orunubafot"
"495183","kleistian",,"musiqeet"
"495184","kleistians",,"musiqei"
"495185","kleistogamous",,"urenebusun"
"495186","kleists",,"eriniua"
"495187","klem",,"musoni"
"495188","kleman",,"iravu"
"495189","klemann",,"masinan"
"495190","klemens",,"erivae"
"495191","klemensen",,"mosaviin"
"495192","klement",,"masivia"
"495193","klementite",,"urevifot"
"495194","klemetsen",,"musovea"
"495195","klemetsson",,"mosavuo"
"495196","klemm",,"mosaze"
"495197","klemme",,"mesuini"
"495198","klemmer",,"oruvion"
"495199","klemmes",,"mesuza"
"495200","klemola",,"erivuu"
"495201","klemp",,"erivai"
"495202","klemperer",,"arovuzon"
"495203","klen",,"urezne"
"495204","klendusic",,"mosetain"
"495205","klendusities",,"erizudavan"
"495206","klendusity",,"urezodot"
"495207","klendusive",,"arozidan"
"495208","klenk",,"irazou"
"495209","klenke",,"oruzen"
"495210","klenovnik",,"erizuget"
"495211","klensch",,"musiqin"
"495212","klentong",,"urezohin"
"495213","kleon",,"eripie"
"495214","kleopatr",,"eriparin"
"495215","kleopatra",,"oruperata"
"495216","klepa",,"urefu"
"495217","klepac",,"urefet"
"495218","kleper",,"mosiii"
"495219","kleph",,"misunn"
"495220","klepht",,"irafin"
"495221","klephtic",,"irafuben"
"495222","klephtism",,"erifobet"
"495223","klephtisms",,"erifobi"
"495224","klephts",,"irafuaa"
"495225","klepon",,"mosiata"
"495226","kleppe",,"misuaa"
"495227","klepper",,"urefian"
"495228","kleppinger",,"mosihiet"
"495229","klepsudra",,"irafado"
"495230","klepsydra",,"erifimin"
"495231","klept",,"mosiwa"
"495232","kleptarchy",,"mesowai"
"495233","kleptic",,"mosiwun"
"495234","kleptistic",,"orufasin"
"495235","klepto",,"musaea"
"495236","kleptobiosis",,"orufahavet"
"495237","kleptobiotic",,"mesowituin"
"495238","kleptocat",,"arofihon"
"495239","kleptochloroplast",,"misuwavaot"
"495240","kleptochloroplastidic",,"irafehotet"
"495241","kleptocnida",,"mosiwuvaen"
"495242","kleptocnidy",,"misuwaveu"
"495243","kleptocoprid",,"irafehoce"
"495244","kleptocracies",,"arofihubin"
"495245","kleptocracy",,"irafehobon"
"495246","kleptocrat",,"masewou"
"495247","kleptocratic",,"masewovoo"
"495248","kleptocrats",,"masewovoot"
"495249","kleptogamy",,"mesowiat"
"495250","kleptogenesis",,"erifuhife"
"495251","kleptographic",,"urefohebun"
"495252","kleptographically",,"urefohebet"
"495253","kleptography",,"erifuhibun"
"495254","kleptogyny",,"orufahin"
"495255","kleptohematophagy",,"masewosao"
"495256","kleptolagnia",,"misuwapuen"
"495257","kleptomania",,"orufahata"
"495258","kleptomaniac",,"orufahato"
"495259","kleptomaniacal",,"mesowifoo"
"495260","kleptomaniacally",,"orufahate"
"495261","kleptomaniacs",,"orufahatet"
"495262","kleptomanias",,"orufahaten"
"495263","kleptomanist",,"masewofeon"
"495264","kleptomnesia",,"arofihijot"
"495265","klepton",,"orufai"
"495266","kleptoparasite",,"orufahiton"
"495267","kleptoparasited",,"mesowicoo"
"495268","kleptoparasites",,"orufahitan"
"495269","kleptoparasitic",,"irafehuten"
"495270","kleptoparasitically",,"irafehutu"
"495271","kleptoparasiting",,"mesowicoun"
"495272","kleptoparasitise",,"orufahite"
"495273","kleptoparasitised",,"mesowicoan"
"495274","kleptoparasitism",,"erifuhotet"
"495275","kleptoparasitize",,"misuwacuat"
"495276","kleptoparasitized",,"irafehuton"
"495277","kleptoparasitizes",,"misuwacue"
"495278","kleptoparasitizing",,"irafehutin"
"495279","kleptoparasitoid",,"musawecaet"
"495280","kleptophilia",,"erifuhotu"
"495281","kleptophobia",,"arofiheta"
"495282","kleptophobiac",,"arofiheto"
"495283","kleptophobic",,"urefohati"
"495284","kleptoplast",,"arofihefu"
"495285","kleptoplastic",,"arofihefo"
"495286","kleptoplastid",,"musawecau"
"495287","kleptoplastidal",,"urefohafu"
"495288","kleptoplastidic",,"musawecao"
"495289","kleptoplastidy",,"mesowicooa"
"495290","kleptoplasty",,"orufahifo"
"495291","kleptopredation",,"arofihebon"
"495292","kleptopredator",,"irafehubin"
"495293","kleptos",,"musawin"
"495294","kleptose",,"misuwaon"
"495295","kleptosquamy",,"masewobeen"
"495296","kleptotrichy",,"orufahoben"
"495297","kler",,"oruje"
"495298","klera",,"irajie"
"495299","kleren",,"miseaa"
"495300","klerin",,"musoue"
"495301","klerk",,"erijau"
"495302","klerksdorp",,"musotaon"
"495303","kleros",,"urejia"
"495304","kleroterion",,"mosafupuon"
"495305","klers",,"orujue"
"495306","klesha",,"iracu"
"495307","kleshas",,"iracuota"
"495308","kleshic",,"orucii"
"495309","klet",,"eriqs"
"495310","kletsk",,"aroqae"
"495311","klett",,"masawa"
"495312","kletter",,"aroqiae"
"495313","kletterschuh",,"aroqizidin"
"495314","kletterschuhe",,"ureqozodon"
"495315","kletterschuhes",,"ureqozodan"
"495316","kletterschuhs",,"aroqizida"
"495317","kletts",,"masaete"
"495318","klevan",,"misaai"
"495319","kleve",,"urebia"
"495320","kleven",,"mesiui"
"495321","kleverlandish",,"mesivepoot"
"495322","kleves",,"urebet"
"495323","klewang",,"ureduat"
"495324","klexter",,"irageu"
"495325","klezmer",,"masezon"
"495326","klezmerish",,"erilozet"
"495327","klezmerlike",,"orulizafot"
"495328","klezmers",,"masezian"
"495329","klezmorim",,"mesozian"
"495330","klfa",,"aromna"
"495331","klggnk",,"erulot"
"495332","klglitze",,"oratubun"
"495333","kliachite",,"momusoa"
"495334","kliber",,"momaani"
"495335","klick",,"memat"
"495336","klicket",,"araruen"
"495337","klickitat",,"mematoan"
"495338","klickitats",,"mematoun"
"495339","klicks",,"memaa"
"495340","klicnt",,"mumiuo"
"495341","klieforth",,"mameloa"
"495342","klieg",,"momim"
"495343","kliemann",,"mamezue"
"495344","klien",,"uruteo"
"495345","klier",,"orotio"
"495346","kliethermes",,"iriterubat"
"495347","kliewer",,"urutaan"
"495348","kligenthal",,"mumevaat"
"495349","kliger",,"irilota"
"495350","kligrapp",,"iriluron"
"495351","klik",,"memone"
"495352","klikitat",,"memorii"
"495353","klikitats",,"memoriat"
"495354","kliks",,"memoqe"
"495355","klim",,"mamin"
"495356","kliman",,"uruvat"
"495357","klimas",,"memuaa"
"495358","klimax",,"uruvani"
"495359","klimek",,"mimeet"
"495360","kliment",,"memuvena"
"495361","klimento",,"mimevuat"
"495362","klimesh",,"aravuon"
"495363","klimp",,"oroveo"
"495364","klimt",,"aravi"
"495365","klimtian",,"mimewuun"
"495366","klimts",,"aravena"
"495367","klin",,"arazne"
"495368","klina",,"erezeo"
"495369","klindt",,"uruzane"
"495370","kline",,"uruzie"
"495371","klined",,"mimoo"
"495372","klinedinst",,"mamuvoa"
"495373","klinefelter",,"orozemifa"
"495374","klinefelters",,"orozemifen"
"495375","klines",,"uruzani"
"495376","kling",,"erezet"
"495377","klingaman",,"mimomou"
"495378","klingan",,"mumimo"
"495379","klingbeil",,"uruzuso"
"495380","klinge",,"arazen"
"495381","klingel",,"mimoman"
"495382","klingeman",,"memamuat"
"495383","klingenberg",,"mimomehaa"
"495384","klingensmith",,"mamumihiun"
"495385","klinger",,"mamumun"
"495386","klingerman",,"orozoza"
"495387","klingerstown",,"momemawaun"
"495388","klingerstowns",,"momemawau"
"495389","klinges",,"arazaon"
"495390","klinginsmith",,"memamohui"
"495391","klingler",,"uruzuzot"
"495392","klingman",,"momemoo"
"495393","klingo",,"irizoa"
"495394","klingon",,"mamumu"
"495395","klingonaase",,"memamihou"
"495396","klingonese",,"mimomain"
"495397","klingonesque",,"mimomahien"
"495398","klingonian",,"uruzuhi"
"495399","klingonish",,"erezehe"
"495400","klingonist",,"arazaha"
"495401","klingons",,"mamumoot"
"495402","klingsor",,"mimomue"
"495403","klingsorian",,"orozowobon"
"495404","klingsors",,"mimomuin"
"495405","klingstone",,"uruzuwet"
"495406","kliniandrum",,"mamuruhuet"
"495407","klining",,"mimorun"
"495408","klink",,"uruzii"
"495409","klinkart",,"arazuran"
"495410","klinker",,"mimoti"
"495411","klinkers",,"mimoteat"
"495412","klinki",,"uruzeu"
"495413","klinkii",,"uruziot"
"495414","klino",,"orozaa"
"495415","klinokinesis",,"momefatau"
"495416","klinokinetic",,"orozaveji"
"495417","klinokinetically",,"orozaveja"
"495418","klinometer",,"irizepan"
"495419","klinostat",,"orozawu"
"495420","klinostats",,"orozawot"
"495421","klinotactic",,"orozabuza"
"495422","klinotactically",,"orozabuzun"
"495423","klinotaxis",,"arazibu"
"495424","klinsmann",,"uruzepo"
"495425","klinsmanns",,"uruzepet"
"495426","klio",,"mumuu"
"495427","klion",,"oropua"
"495428","klip",,"urufna"
"495429","klipbok",,"mamerun"
"495430","klipdachs",,"arafiran"
"495431","klipdas",,"mumatin"
"495432","klipdases",,"mimutoan"
"495433","klipdassie",,"mimutoe"
"495434","klipfel",,"irifoen"
"495435","klipfish",,"erefason"
"495436","kliphaas",,"memonaona"
"495437","klipkous",,"urufihot"
"495438","klipp",,"mameh"
"495439","klippan",,"urufiea"
"495440","klippe",,"mumaua"
"495441","klippel",,"irifoo"
"495442","klippen",,"orofean"
"495443","klippenstein",,"irifozodin"
"495444","klippes",,"mumahot"
"495445","klippot",,"orofeat"
"495446","klippspringer",,"mamehecoe"
"495447","klips",,"urufee"
"495448","klipspringer",,"urufejovun"
"495449","klipspringers",,"urufejovu"
"495450","klipsteinite",,"mimuqapeen"
"495451","kliros",,"arajen"
"495452","klismaphile",,"erecorotun"
"495453","klismaphilia",,"iricuruto"
"495454","klismaphiliac",,"iricuruten"
"495455","klismoi",,"momezot"
"495456","klismos",,"momezin"
"495457","klismoss",,"momezua"
"495458","klister",,"memawo"
"495459","klisters",,"memawuet"
"495460","kliszko",,"aracuon"
"495461","klite",,"ereqao"
"495462","klitschko",,"mimiquu"
"495463","klitzke",,"mememo"
"495464","klixon",,"mumiin"
"495465","kljakite",,"manotee"
"495466","kljuc",,"erowii"
"495467","kljucs",,"erowuna"
"495468","klmcfarl",,"orererun"
"495469","klnelson",,"orotowun"
"495470","klngsley",,"mavoque"
"495471","klngsleys",,"mavoquin"
"495472","klob",,"arennu"
"495473","klobasnek",,"mezunoon"
"495474","klobasnik",,"mozanio"
"495475","klobuchar",,"eronataa"
"495476","kloc",,"muzit"
"495477","klocek",,"mozean"
"495478","klock",,"mizot"
"495479","klockau",,"mizotet"
"495480","klocke",,"mozeana"
"495481","klockmannite",,"erorapijun"
"495482","klocnt",,"mezaot"
"495483","klod",,"urasni"
"495484","klodt",,"miziw"
"495485","kloeckner",,"muzasoo"
"495486","kloedenellid",,"aretizufu"
"495487","kloepfer",,"erotamot"
"495488","kloeppel",,"uratije"
"495489","kloesse",,"moziqat"
"495490","kloetzer",,"uratonat"
"495491","klofrow",,"mezocet"
"495492","klohr",,"mazic"
"495493","kloiber",,"muzirin"
"495494","klok",,"mizue"
"495495","klokan",,"orison"
"495496","klokard",,"muzanin"
"495497","klom",,"mozae"
"495498","kloman",,"erove"
"495499","klomp",,"uravi"
"495500","klomped",,"mozahun"
"495501","klompie",,"iruvoo"
"495502","klomping",,"mozahien"
"495503","klomps",,"uravate"
"495504","kloncilium",,"mozesii"
"495505","klondicitis",,"erozusavat"
"495506","klondike",,"muzitao"
"495507","klondiked",,"urazosina"
"495508","klondikeds",,"urazosa"
"495509","klondiker",,"arezisat"
"495510","klondikers",,"arezise"
"495511","klondikes",,"muzitaet"
"495512","klondiking",,"urazosi"
"495513","klondikings",,"urazosavat"
"495514","klondyke",,"mezatien"
"495515","klondyked",,"erozumot"
"495516","klondykeds",,"erozumoa"
"495517","klondyker",,"orizamun"
"495518","klondykers",,"orizamu"
"495519","klondykes",,"mezation"
"495520","klondyking",,"erozuman"
"495521","klondykings",,"erozumovun"
"495522","klone",,"erozai"
"495523","klones",,"erozune"
"495524","klong",,"iruzio"
"495525","klongs",,"iruzae"
"495526","klongyai",,"erozemo"
"495527","klonimir",,"mazuraot"
"495528","klonkie",,"arezuon"
"495529","klonklave",,"iruzozon"
"495530","klonopin",,"iruzeji"
"495531","klonowski",,"erozukon"
"495532","klonvocation",,"mozeduviat"
"495533","klooch",,"oripon"
"495534","klooches",,"eropirot"
"495535","kloochman",,"mizisie"
"495536","kloochmans",,"mizisiin"
"495537","kloochmen",,"mezesean"
"495538","kloof",,"irupoi"
"495539","kloofing",,"mezeloun"
"495540","kloofs",,"irupa"
"495541","klook",,"mazat"
"495542","klooster",,"mazaqouna"
"495543","kloosterman",,"oripubiba"
"495544","klootch",,"mezewen"
"495545","klootches",,"mazaweu"
"495546","klootchman",,"irupetat"
"495547","klootchmans",,"irupetehe"
"495548","klootchmen",,"eroputon"
"495549","klop",,"eroft"
"495550","klopemania",,"mozivoen"
"495551","klopfenstein",,"arefuzudo"
"495552","klopman",,"mozizu"
"495553","klopp",,"mozih"
"495554","klops",,"erofii"
"495555","klopse",,"arefaa"
"495556","klopstock",,"mezoqian"
"495557","klopstocks",,"mezoqiun"
"495558","kloran",,"mizeen"
"495559","klori",,"arejoni"
"495560","klos",,"muzis"
"495561","klose",,"mizov"
"495562","klosh",,"arecee"
"495563","klosowski",,"mizofiu"
"495564","kloss",,"muziqe"
"495565","klosse",,"mizoo"
"495566","klossner",,"mezaqoet"
"495567","klossners",,"mezaqoi"
"495568","klossowski",,"mizoqaot"
"495569","klossowskian",,"oricuhadon"
"495570","klosss",,"muziua"
"495571","kloster",,"mizowet"
"495572","klosterman",,"arecizun"
"495573","klostermann",,"mozewawuon"
"495574","klosterneuburg",,"arecizijen"
"495575","klosters",,"mizowei"
"495576","kloth",,"muzune"
"495577","klotho",,"mezeo"
"495578","klotilde",,"eroqizot"
"495579","klotok",,"areqen"
"495580","klotz",,"mazama"
"495581","klotzer",,"arequoa"
"495582","klotzmann",,"muzumuet"
"495583","klotzschiana",,"mazamevoet"
"495584","klout",,"iruwee"
"495585","klowet",,"erodata"
"495586","kloyd",,"erokut"
"495587","kloyz",,"irukoe"
"495588","klpark",,"mupeu"
"495589","klsdist",,"mejero"
"495590","klseql",,"eretune"
"495591","klsimons",,"aranehat"
"495592","kltsuei",,"arecuen"
"495593","kltxt",,"uragoa"
"495594","kluang",,"erimei"
"495595","kluangs",,"erimiine"
"495596","klub",,"orunne"
"495597","klubok",,"iranino"
"495598","kluck",,"maqut"
"495599","klucker",,"aroruo"
"495600","kluckhohn",,"eriraron"
"495601","kluckhohns",,"eriraran"
"495602","klucks",,"maquon"
"495603","kluczynski",,"meqamiat"
"495604","kluczynskis",,"meqamihue"
"495605","kludd",,"maqat"
"495606","kludde",,"muquan"
"495607","kludge",,"erisata"
"495608","kludged",,"maqamon"
"495609","kludgeocracy",,"meqemujuat"
"495610","kludges",,"erisee"
"495611","kludgey",,"irasiin"
"495612","kludgeyness",,"muqumonoon"
"495613","kludgie",,"eriseu"
"495614","kludgier",,"meqemoet"
"495615","kludgiest",,"maqameu"
"495616","kludgily",,"moqomiot"
"495617","kludginess",,"miqimuu"
"495618","kludging",,"maqamein"
"495619","kludgy",,"uresia"
"495620","kluesner",,"moqiqie"
"495621","kluet",,"arotine"
"495622","kluever",,"miqudo"
"495623","kluftkarren",,"arokivobin"
"495624","klug",,"moquo"
"495625","kluge",,"meqivi"
"495626","kluged",,"erilat"
"495627","kluger",,"orulet"
"495628","kluges",,"meqiot"
"495629","klugey",,"miqao"
"495630","klugeyness",,"arolumat"
"495631","kluggy",,"maqoan"
"495632","klugh",,"iralue"
"495633","klugily",,"iralaena"
"495634","kluginess",,"urelefa"
"495635","kluging",,"erilioa"
"495636","klugman",,"urelae"
"495637","klugmann",,"meqizai"
"495638","klugs",,"moquqa"
"495639","klugy",,"muqel"
"495640","kluh",,"orumn"
"495641","klum",,"muqoi"
"495642","klumb",,"arovea"
"495643","klumene",,"arovuo"
"495644","klump",,"erivao"
"495645","klumpke",,"ureviun"
"495646","klumpkea",,"arovuvon"
"495647","klumpp",,"moqaun"
"495648","klunder",,"irazein"
"495649","klunk",,"irazon"
"495650","klunked",,"meqata"
"495651","klunking",,"meqatoat"
"495652","klunks",,"irazoti"
"495653","klunky",,"arozoe"
"495654","klus",,"meqae"
"495655","klusek",,"muqie"
"495656","kluski",,"maquan"
"495657","klusman",,"iracuaa"
"495658","klusse",,"maquet"
"495659","klusses",,"maquqi"
"495660","kluster",,"maquwi"
"495661","klute",,"aroqui"
"495662","kluth",,"meqena"
"495663","klutts",,"maqaon"
"495664","kluttz",,"oruqen"
"495665","klutz",,"moqom"
"495666","klutzes",,"meqemot"
"495667","klutzhood",,"meqemei"
"495668","klutzier",,"oruqesana"
"495669","klutziest",,"eriqasaa"
"495670","klutzily",,"iraqosen"
"495671","klutziness",,"ureqisa"
"495672","klutzinesses",,"iraqosofun"
"495673","klutzish",,"iraqoset"
"495674","klutzs",,"moqoan"
"495675","klutzy",,"muquun"
"495676","kluver",,"muqeuna"
"495677","kluwe",,"miqeva"
"495678","klux",,"urego"
"495679","kluxed",,"moqeon"
"495680","kluxer",,"miqoa"
"495681","kluxers",,"miqoven"
"495682","kluxery",,"maquvon"
"495683","kluxes",,"irage"
"495684","kluxing",,"moqerin"
"495685","kluxism",,"oruguan"
"495686","kluxs",,"uregee"
"495687","kluyvera",,"moqodaun"
"495688","klva",,"oramna"
"495689","klyazma",,"eromauna"
"495690","klydonograph",,"aresifaso"
"495691","klydonographic",,"aresifasi"
"495692","klydonographs",,"aresifaset"
"495693","klym",,"mogan"
"495694","klymchuk",,"erovira"
"495695","klymen",,"uravia"
"495696","klymene",,"iruvoina"
"495697","klyne",,"erozao"
"495698","klynsmith",,"arezope"
"495699","klystron",,"uracoqu"
"495700","klystrons",,"uracoqot"
"495701","klytaemn",,"mugunoot"
"495702","klytia",,"areqai"
"495703","klyuchevskaya",,"mugasupaat"
"495704","klyuchevskayae",,"migusipua"
"495705","klyuchevskayas",,"mugasupae"
"495706","klyuchevskite",,"urawerali"
"495707","klyukva",,"oriweon"
"495708","klzinger",,"orununun"
"495709","kmabdall",,"esunurua"
"495710","kmag",,"usola"
"495711","kmapwnt",,"malagin"
"495712","kmaq",,"usoh"
"495713","kmart",,"isejea"
"495714","kmarts",,"iseju"
"495715","kmbartol",,"usimabe"
"495716","kmbeed",,"asute"
"495717","kmcopy",,"minoan"
"495718","kmcs",,"osocne"
"495719","kmdinndo",,"isunafen"
"495720","kmel",,"maseta"
"495721","kmels",,"maseqs"
"495722","kmem",,"usevo"
"495723","kmeph",,"isafu"
"495724","kmer",,"mosutu"
"495725","kmet",,"mesano"
"495726","kmetz",,"osuqe"
"495727","kmfagin",,"isamiet"
"495728","kmhmu",,"maloba"
"495729","kmice",,"esera"
"495730","kmichaud",,"osoriran"
"495731","kmiec",,"esetia"
"495732","kmiecik",,"asatoet"
"495733","kmik",,"esesa"
"495734","kmillier",,"mumavuun"
"495735","kmjones",,"asepoet"
"495736","kmlee",,"musuvi"
"495737","kmmac",,"esamia"
"495738","kmmel",,"mitiva"
"495739","kmmels",,"mitiat"
"495740","kmoch",,"mazine"
"495741","kmole",,"mozivo"
"495742","kmoles",,"moziota"
"495743","kmon",,"mozai"
"495744","kmoore",,"mezaona"
"495745","kmph",,"usema"
"495746","kmps",,"mupoi"
"495747","kmsgamma",,"eselepa"
"495748","kmsinans",,"isinaret"
"495749","kmthomps",,"mucefiun"
"495750","knaa",,"malane"
"495751","knaack",,"muluia"
"495752","knaak",,"muluta"
"495753","knaanic",,"etumie"
"495754","knab",,"itena"
"495755","knabbed",,"otania"
"495756","knabbing",,"otanisat"
"495757","knabble",,"etunoat"
"495758","knaben",,"meloate"
"495759","knabens",,"melove"
"495760","knabguod",,"melomoot"
"495761","knable",,"moliena"
"495762","knabs",,"itenaa"
"495763","knabstrup",,"maleqaan"
"495764","knabstrupper",,"meloqewuan"
"495765","knabuerc",,"milubuot"
"495766","knack",,"milat"
"495767","knackaway",,"malotoon"
"495768","knackebrod",,"iterozen"
"495769","knacked",,"atiruot"
"495770","knacker",,"eturaun"
"495771","knackered",,"melitoin"
"495772","knackeredness",,"eturazufon"
"495773","knackeries",,"atiruzan"
"495774","knackering",,"melitoi"
"495775","knackers",,"eturazu"
"495776","knackerville",,"molutiween"
"495777","knackery",,"iterozot"
"495778","knackerys",,"iterozo"
"495779","knackier",,"eturasin"
"495780","knackiest",,"atirusi"
"495781","knackiness",,"iterosi"
"495782","knackinesses",,"otaresefa"
"495783","knacking",,"atirusan"
"495784","knackish",,"otaresun"
"495785","knackless",,"utorizu"
"495786","knacks",,"milaina"
"495787","knackwurst",,"malotiun"
"495788","knackwursts",,"malotigau"
"495789","knacky",,"maloa"
"495790","knadel",,"meluate"
"495791","knafah",,"molei"
"495792","knafeh",,"maluen"
"495793","knag",,"malani"
"495794","knagg",,"melema"
"495795","knagged",,"iteliot"
"495796","knaggie",,"malami"
"495797","knaggier",,"utolusin"
"495798","knaggiest",,"itelisi"
"495799","knagginess",,"etulesi"
"495800","knagginesses",,"atilasufa"
"495801","knagging",,"itelisan"
"495802","knaggs",,"meleina"
"495803","knaggy",,"miliaa"
"495804","knags",,"malaqa"
"495805","knahsae",,"itemain"
"495806","knaidel",,"melitu"
"495807","knaidels",,"melitoot"
"495808","knaidl",,"moluon"
"495809","knaidlach",,"otanazun"
"495810","knaidloch",,"itenezon"
"495811","knap",,"utofa"
"495812","knapbasket",,"itefuret"
"495813","knapbottle",,"itefuhon"
"495814","knapdale",,"otafaron"
"495815","knape",,"itefoa"
"495816","knaphill",,"milonoan"
"495817","knapik",,"itefot"
"495818","knapke",,"otafen"
"495819","knapman",,"molezan"
"495820","knapp",,"moleh"
"495821","knappability",,"otaferaven"
"495822","knappable",,"melahia"
"495823","knappan",,"utofiat"
"495824","knappe",,"melaun"
"495825","knapped",,"utofii"
"495826","knappenberger",,"mulihahui"
"495827","knapper",,"atifuo"
"495828","knapperberger",,"molehiwoen"
"495829","knappers",,"atifuzet"
"495830","knappest",,"utofizun"
"495831","knappeth",,"melahoa"
"495832","knappett",,"maluheon"
"495833","knapping",,"utofisot"
"495834","knappish",,"etufaso"
"495835","knappishly",,"milohoe"
"495836","knapple",,"itefoot"
"495837","knappled",,"mulihee"
"495838","knapples",,"itefozo"
"495839","knappling",,"muliheet"
"495840","knapps",,"moleon"
"495841","knappy",,"mulian"
"495842","knaps",,"utofe"
"495843","knapsack",,"utoferun"
"495844","knapsacked",,"muliqein"
"495845","knapsacker",,"maluqoat"
"495846","knapsacking",,"muliqevoi"
"495847","knapsacks",,"utoferu"
"495848","knapscal",,"maluquon"
"495849","knapscals",,"maluquan"
"495850","knapscap",,"miloqoo"
"495851","knapscull",,"atifotan"
"495852","knapsculls",,"atifotun"
"495853","knapskull",,"utofeva"
"495854","knapskulls",,"utofeven"
"495855","knaptoft",,"milowion"
"495856","knapton",,"itefea"
"495857","knapweed",,"melagoe"
"495858","knapweeds",,"melagoin"
"495859","knar",,"iteju"
"495860","knarc",,"itejae"
"495861","knare",,"otajea"
"495862","knaresborough",,"mulaviteun"
"495863","knaresboroughs",,"mulaviteu"
"495864","knaresdale",,"atijuwon"
"495865","knarfer",,"utojiat"
"495866","knarflem",,"atijuzi"
"495867","knark",,"otajee"
"495868","knarl",,"miluve"
"495869","knarle",,"moliet"
"495870","knarled",,"atijaa"
"495871","knarls",,"miluota"
"495872","knarly",,"maleoi"
"495873","knarr",,"malec"
"495874","knarred",,"otajien"
"495875","knarrier",,"itejuso"
"495876","knarriest",,"otajisun"
"495877","knarring",,"otajise"
"495878","knarry",,"molieta"
"495879","knars",,"itejai"
"495880","knarsdale",,"etujivin"
"495881","knasibfite",,"itecasan"
"495882","knaster",,"milawot"
"495883","knatch",,"muloan"
"495884","knatte",,"molaen"
"495885","knattleikr",,"maliwou"
"495886","knaub",,"otawia"
"495887","knaue",,"moleve"
"495888","knauer",,"etuwan"
"495889","knauers",,"etuwaun"
"495890","knauff",,"melain"
"495891","knaulage",,"etuwerin"
"495892","knaulege",,"utowuzun"
"495893","knaur",,"otawie"
"495894","knaurs",,"otawen"
"495895","knaus",,"miloqo"
"495896","knauss",,"miloina"
"495897","knautia",,"otawaon"
"495898","knautias",,"otawasan"
"495899","knauvshawl",,"itewiwi"
"495900","knauvshawled",,"milodosoun"
"495901","knauvshawling",,"milodosoen"
"495902","knauvshawls",,"itewiwetat"
"495903","knave",,"atibu"
"495904","knaveproof",,"muluvaen"
"495905","knaveries",,"melevua"
"495906","knavery",,"muluvane"
"495907","knaves",,"atibin"
"495908","knaveship",,"otabewe"
"495909","knaveships",,"otabewin"
"495910","knavess",,"atibua"
"495911","knavish",,"milirena"
"495912","knavisher",,"etubiwo"
"495913","knavishest",,"atibowun"
"495914","knavishlier",,"melerasaun"
"495915","knavishliest",,"malarusuen"
"495916","knavishly",,"otabuwu"
"495917","knavishness",,"itebawejun"
"495918","knavishnesses",,"otabuwajet"
"495919","knaw",,"moline"
"495920","knawe",,"melovi"
"495921","knawed",,"utoden"
"495922","knawel",,"itede"
"495923","knawels",,"itedoin"
"495924","knawes",,"meloati"
"495925","knawing",,"utodee"
"495926","knawlache",,"melovia"
"495927","knawlage",,"atidaret"
"495928","knawn",,"iteda"
"495929","knaws",,"moliqo"
"495930","knawvshawl",,"otadowu"
"495931","knawvshawled",,"molidesea"
"495932","knawvshawling",,"molideseat"
"495933","knawvshawls",,"otadowatot"
"495934","knaydel",,"miletin"
"495935","knaydl",,"muloia"
"495936","knaydlach",,"utokoze"
"495937","knchr",,"munaca"
"495938","kncw",,"menos"
"495939","knead",,"etimue"
"495940","kneadability",,"musutetaet"
"495941","kneadabilitys",,"musutetai"
"495942","kneadable",,"atomiro"
"495943","kneaded",,"mesetan"
"495944","kneaden",,"musuti"
"495945","kneader",,"mosoten"
"495946","kneaders",,"mosotion"
"495947","kneadest",,"mesetoe"
"495948","kneadeth",,"atomizo"
"495949","kneading",,"mesetaa"
"495950","kneadingly",,"atomisun"
"495951","kneads",,"etimii"
"495952","kneafsey",,"utemiwat"
"495953","kneale",,"utemet"
"495954","knebel",,"maseot"
"495955","knebelite",,"otunezan"
"495956","knebsworth",,"misuqean"
"495957","knebusch",,"mosibean"
"495958","knebworth",,"misugion"
"495959","knebworths",,"misugian"
"495960","knec",,"mosure"
"495961","knecht",,"mosuet"
"495962","knechtel",,"itaruba"
"495963","knechtges",,"mosunoe"
"495964","kneck",,"mesite"
"495965","kneckebrud",,"itarozo"
"495966","kneckebruds",,"itarozebet"
"495967","knedle",,"musooni"
"495968","knedlo",,"mosaeta"
"495969","knee",,"mesanu"
"495970","kneeband",,"itaturu"
"495971","kneebangers",,"utetarisot"
"495972","kneebar",,"misoru"
"495973","kneeboard",,"itatuhot"
"495974","kneeboarded",,"misorisien"
"495975","kneeboarder",,"musirusuin"
"495976","kneeboarding",,"misorisie"
"495977","kneebound",,"itatuha"
"495978","kneebrush",,"atoteqon"
"495979","kneebuckle",,"moseriun"
"495980","kneecap",,"otutuo"
"495981","kneecapped",,"otuturi"
"495982","kneecapper",,"itataro"
"495983","kneecapping",,"otuturiqot"
"495984","kneecappings",,"otuturiqo"
"495985","kneecaps",,"otuturet"
"495986","kneece",,"masuue"
"495987","kneed",,"utetoa"
"495988","kneedeep",,"masutea"
"495989","kneedly",,"mesatun"
"495990","kneedness",,"mosetean"
"495991","kneedrop",,"itateqot"
"495992","kneeful",,"masulet"
"495993","kneegrow",,"etiteqin"
"495994","kneehigh",,"misonoi"
"495995","kneehill",,"otutisun"
"495996","kneehole",,"mesaneot"
"495997","kneeholes",,"mesaneoa"
"495998","kneeing",,"itataaa"
"495999","kneejerk",,"musisae"
"496000","kneejoint",,"itatehon"
"496001","kneejointed",,"misosituat"
"496002","kneel",,"itatia"
"496003","kneeland",,"etitere"
"496004","kneele",,"otutaa"
"496005","kneeled",,"misovu"
"496006","kneeledst",,"etitezu"
"496007","kneeler",,"musivan"
"496008","kneelers",,"musivaun"
"496009","kneeles",,"otutoen"
"496010","kneeless",,"otutozon"
"496011","kneelest",,"misovua"
"496012","kneelet",,"misovin"
"496013","kneeleth",,"otutozi"
"496014","kneelike",,"etitesin"
"496015","kneeling",,"misovoon"
"496016","kneelingly",,"otutosot"
"496017","kneelo",,"atotot"
"496018","kneels",,"itatee"
"496019","kneepad",,"misohu"
"496020","kneepads",,"misohaot"
"496021","kneepan",,"mesahe"
"496022","kneepans",,"mesahiin"
"496023","kneepiece",,"utetisata"
"496024","kneepieces",,"utetise"
"496025","kneepit",,"mosehi"
"496026","kneeprint",,"masuhiat"
"496027","kneer",,"atote"
"496028","kneeroom",,"otutihan"
"496029","knees",,"mesaqo"
"496030","kneesie",,"masuqo"
"496031","kneesies",,"masuquet"
"496032","kneesock",,"moseqoan"
"496033","kneesocks",,"moseqoun"
"496034","kneestone",,"musiquu"
"496035","kneesy",,"misoea"
"496036","kneetop",,"musiwat"
"496037","kneewall",,"moseguan"
"496038","knefel",,"mesaeo"
"496039","kneginec",,"italafo"
"496040","knei",,"mosuri"
"496041","kneidel",,"musetata"
"496042","kneidl",,"masooi"
"496043","kneidlach",,"atonizi"
"496044","kneiffia",,"mesiloeta"
"496045","kneiffias",,"mesiloi"
"496046","kneip",,"otune"
"496047","kneipe",,"etinat"
"496048","kneipes",,"etinae"
"496049","kneipping",,"otunejota"
"496050","kneippism",,"misahuat"
"496051","kneippisms",,"misahue"
"496052","kneipps",,"masohon"
"496053","knell",,"musuvu"
"496054","knelled",,"etiteun"
"496055","kneller",,"otutoon"
"496056","knellers",,"otutozan"
"496057","knelling",,"etitesen"
"496058","knells",,"musuata"
"496059","knelt",,"masawi"
"496060","kneltest",,"otutazi"
"496061","knemidokoptes",,"etivivepe"
"496062","knemometer",,"misufei"
"496063","knemometry",,"mesofuet"
"496064","knemrak",,"utevaata"
"496065","knep",,"otufo"
"496066","kneph",,"musins"
"496067","knephoplankton",,"etifohofo"
"496068","knepp",,"masuh"
"496069","kneppars",,"atofuret"
"496070","knepper",,"itafoin"
"496071","kneps",,"otufu"
"496072","kneriid",,"mosirana"
"496073","knerr",,"misuca"
"496074","kneser",,"atocin"
"496075","kness",,"mosuqne"
"496076","knesset",,"utecei"
"496077","knesseth",,"mesiqoot"
"496078","knesseths",,"mesiqoo"
"496079","knessets",,"utecezat"
"496080","knet",,"atoqs"
"496081","knetch",,"mosaete"
"496082","knettishall",,"itaqesote"
"496083","knevel",,"misiue"
"496084","knevell",,"atobuo"
"496085","knevelled",,"masavoona"
"496086","knevelling",,"masavoin"
"496087","knevells",,"atobuzet"
"496088","knew",,"maseti"
"496089","knewest",,"otudeen"
"496090","kneweth",,"musavat"
"496091","knewst",,"itade"
"496092","knewtson",,"musawiu"
"496093","kneydel",,"mesutun"
"496094","kneydl",,"mosaen"
"496095","knez",,"otul"
"496096","knezevic",,"mesaviu"
"496097","knezevich",,"atolugon"
"496098","knezi",,"otulu"
"496099","kngglk",,"etulot"
"496100","kngswf",,"otaci"
"496101","kngtrf",,"utoqun"
"496102","kngwarreye",,"mukanoot"
"496103","kngwarreyes",,"mukanowoo"
"496104","kniaginia",,"otomosot"
"496105","kniaz",,"utumi"
"496106","kniazi",,"utumana"
"496107","knib",,"otoni"
"496108","knibbs",,"mumaani"
"496109","knicely",,"eterae"
"496110","knick",,"momut"
"496111","knickebein",,"mimatuan"
"496112","knicked",,"uturian"
"496113","knickenberg",,"itirozovat"
"496114","knicker",,"ataruen"
"496115","knickerb",,"momutiat"
"496116","knickerbocker",,"eterazuvat"
"496117","knickerbockered",,"memitoweu"
"496118","knickerbockers",,"eterazuve"
"496119","knickered",,"mamotei"
"496120","knickerless",,"mumetawiet"
"496121","knickerlessness",,"uturizofe"
"496122","knickers",,"ataruzon"
"496123","knickies",,"memitao"
"496124","knicking",,"uturisa"
"496125","knickknack",,"otorevot"
"496126","knickknackatory",,"otorevetun"
"496127","knickknacked",,"momutiheen"
"496128","knickknackeries",,"momutihee"
"496129","knickknackery",,"mamotehuen"
"496130","knickknackeryes",,"mumetahiu"
"496131","knickknackerys",,"mamotehuon"
"496132","knickknacket",,"momutiheet"
"496133","knickknackish",,"mumetahiin"
"496134","knickknacks",,"otoreveto"
"496135","knickknacky",,"uturivitet"
"496136","knicknack",,"itirofon"
"496137","knickpoint",,"eterajan"
"496138","knickpoints",,"eterajevun"
"496139","knicks",,"momuie"
"496140","knicky",,"mumeate"
"496141","knickzone",,"momutiu"
"496142","knidian",,"memurot"
"496143","knidos",,"itisina"
"496144","kniefall",,"ataturan"
"496145","knielauf",,"momevue"
"496146","knieriem",,"ititusen"
"496147","knierim",,"ututae"
"496148","knierims",,"ututasina"
"496149","kniertje",,"ututabe"
"496150","knies",,"momeqi"
"496151","kniess",,"momeoni"
"496152","kniest",,"atatae"
"496153","knievel",,"mimoda"
"496154","knievels",,"mimoduen"
"496155","knife",,"otoke"
"496156","knifeandfork",,"itikoropot"
"496157","knifeblade",,"momevau"
"496158","knifeboard",,"momevain"
"496159","knifecraft",,"memavai"
"496160","knifecrime",,"memavaia"
"496161","knifecrimed",,"utukitoven"
"496162","knifecrimes",,"memavawoat"
"496163","knifecriming",,"utukitove"
"496164","knifed",,"mimoot"
"496165","knifefish",,"utukimet"
"496166","knifeful",,"etekamen"
"496167","knifegrinder",,"atakunivo"
"496168","knifehand",,"momevaina"
"496169","knifehandle",,"itikorajun"
"496170","knifejaw",,"momevoe"
"496171","knifeless",,"memaviet"
"496172","knifelessness",,"etekazode"
"496173","knifelik",,"memavion"
"496174","knifelike",,"mamuvou"
"496175","knifemaker",,"memavui"
"496176","knifemaking",,"mamuvisiet"
"496177","knifeman",,"mamuviat"
"496178","knifemen",,"mimoveon"
"496179","knifeplay",,"atakujat"
"496180","knifepoint",,"mumivai"
"496181","knifepoints",,"mumivajaat"
"496182","knifeproof",,"memavoun"
"496183","knifer",,"mumiuna"
"496184","kniferest",,"etekaqo"
"496185","kniferests",,"etekaqet"
"496186","knifers",,"mumivua"
"496187","knifery",,"memavot"
"496188","knifes",,"otokon"
"496189","knifesman",,"mamuvue"
"496190","knifesmith",,"atakuwot"
"496191","knifestory",,"etekawon"
"496192","knifethrower",,"otokebabet"
"496193","knifetooth",,"momevoena"
"496194","knifeway",,"itikoko"
"496195","knifewoman",,"mamuviin"
"496196","knifework",,"mimoveat"
"496197","kniffin",,"otokeu"
"496198","kniffles",,"otokezu"
"496199","knifing",,"mimorana"
"496200","knifings",,"mimoroun"
"496201","knifley",,"mumivue"
"496202","knifleys",,"mumivaot"
"496203","knigge",,"mumueo"
"496204","kniggr",,"utule"
"496205","kniggrs",,"utuluin"
"496206","knight",,"mumuua"
"496207","knightable",,"miminiun"
"496208","knightage",,"mamanau"
"496209","knightages",,"mamanaot"
"496210","knightdale",,"momonoa"
"496211","knightdales",,"momonozeen"
"496212","knightdom",,"otolibot"
"496213","knighted",,"eteloba"
"496214","knighten",,"utulabot"
"496215","knightess",,"miminiat"
"496216","knighteth",,"miminiuna"
"496217","knightful",,"miminiu"
"496218","knightfully",,"otolibiki"
"496219","knighthead",,"mumunuet"
"496220","knightheads",,"mumunusoi"
"496221","knightho",,"atalebe"
"496222","knighthood",,"miminiin"
"496223","knighthoods",,"miminisaa"
"496224","knightia",,"mamanae"
"496225","knightiae",,"mumunuen"
"496226","knightian",,"etelobi"
"496227","knightias",,"mamanain"
"496228","knightie",,"miminian"
"496229","knightin",,"atalebea"
"496230","knighting",,"etelobat"
"496231","knightless",,"atalebin"
"496232","knightlet",,"memenei"
"496233","knightley",,"otolibin"
"496234","knightlier",,"momonoet"
"496235","knightliest",,"memenepou"
"496236","knightlihood",,"atalebovi"
"496237","knightlike",,"utulabi"
"496238","knightlily",,"miminiot"
"496239","knightliness",,"mumunupau"
"496240","knightlinesses",,"miminipui"
"496241","knightling",,"memenein"
"496242","knightly",,"itilubi"
"496243","knightmare",,"etelobia"
"496244","knighton",,"otolibina"
"496245","knightress",,"otoliba"
"496246","knights",,"mumunota"
"496247","knightsb",,"itilubon"
"496248","knightsbridge",,"itilubovo"
"496249","knightsbridges",,"itilubovet"
"496250","knightsen",,"utulabo"
"496251","knightsens",,"utulabet"
"496252","knightship",,"memeneu"
"496253","knightstown",,"memenebiu"
"496254","knightstowns",,"memenebiot"
"496255","knightsville",,"otolibelan"
"496256","knightsvilles",,"otolibelun"
"496257","knightswood",,"utulabimi"
"496258","knightswort",,"mumunubuat"
"496259","knightwick",,"memeneun"
"496260","knightwise",,"memeneat"
"496261","knigsberg",,"mamaqie"
"496262","knigsbergs",,"mamaqiin"
"496263","knigshte",,"mimiqei"
"496264","knigshtes",,"mimiqeat"
"496265","knik",,"momei"
"496266","kniks",,"momeqo"
"496267","knill",,"mamav"
"496268","knime",,"mameve"
"496269","knin",,"utuzo"
"496270","kninkles",,"momutuu"
"496271","knins",,"utuzee"
"496272","kninska",,"utuzeea"
"496273","knip",,"itif"
"496274","knipe",,"otofe"
"496275","kniphofia",,"itifuhun"
"496276","kniphofiae",,"otofiho"
"496277","kniphofias",,"itifuhu"
"496278","knipp",,"memah"
"496279","knippa",,"momeia"
"496280","knippas",,"momehat"
"496281","knippel",,"otofean"
"496282","knipper",,"utufiun"
"496283","knipperdolling",,"etefazupen"
"496284","knippers",,"utufizu"
"496285","knipple",,"otofeana"
"496286","knirps",,"mameeta"
"496287","knisely",,"etecau"
"496288","knish",,"otoci"
"496289","knisherie",,"momuniin"
"496290","knishery",,"mamonean"
"496291","knishes",,"etecoin"
"496292","knisley",,"eteceu"
"496293","knismesis",,"mamozee"
"496294","knismogenic",,"utucahefi"
"496295","knismolagnia",,"momuzopeat"
"496296","kniss",,"mimaqa"
"496297","knissomancy",,"otocuhata"
"496298","knisteneaux",,"utucozifa"
"496299","knisteneauxs",,"utucozifen"
"496300","knit",,"eteqe"
"496301","knitaholic",,"itiqirun"
"496302","knitalong",,"eteqezon"
"496303","knitathon",,"mimeniata"
"496304","knitback",,"mimeraen"
"496305","knitbone",,"ataqehon"
"496306","knitch",,"mimeae"
"496307","knitches",,"momasaun"
"496308","knitlike",,"mumovia"
"496309","knitra",,"mumoat"
"496310","knitras",,"mumoce"
"496311","knits",,"eteqi"
"496312","knitster",,"ataqobon"
"496313","knittability",,"otoqaravet"
"496314","knittable",,"memuwio"
"496315","knitted",,"utuqoan"
"496316","knittel",,"itiqea"
"496317","knittelfeld",,"mimewupee"
"496318","knitten",,"otoqai"
"496319","knitter",,"ataqien"
"496320","knitters",,"ataqizon"
"496321","knittest",,"utuqoze"
"496322","knitteth",,"memuwoo"
"496323","knittie",,"memuwot"
"496324","knittin",,"itiqeen"
"496325","knitting",,"utuqosa"
"496326","knittings",,"utuqosen"
"496327","knittle",,"itiqeaa"
"496328","knittles",,"itiqezen"
"496329","knitty",,"mumoata"
"496330","knitwear",,"memugoot"
"496331","knitwears",,"memugoo"
"496332","knitweed",,"mimegua"
"496333","knitwise",,"itiqusen"
"496334","knitwork",,"momagou"
"496335","knitworks",,"momagoot"
"496336","knive",,"utubi"
"496337","knived",,"mamaaa"
"496338","knives",,"utubia"
"496339","knivesman",,"momoveu"
"496340","knivey",,"etebat"
"496341","kniving",,"mamarat"
"496342","knivsta",,"momoqan"
"496343","knizocyte",,"momefeun"
"496344","knizpj",,"utulat"
"496345","knkt",,"atoqna"
"496346","knnb",,"mevot"
"496347","knnbccb",,"atanoot"
"496348","knob",,"utani"
"496349","knobbe",,"mazeot"
"496350","knobbed",,"itunue"
"496351","knobbedder",,"otinizi"
"496352","knobbeddest",,"etonozepot"
"496353","knobbeder",,"muzaraun"
"496354","knobbedest",,"mizuruen"
"496355","knobber",,"utanai"
"496356","knobbers",,"utanazat"
"496357","knobbier",,"utanasun"
"496358","knobbies",,"mazeruon"
"496359","knobbiest",,"itunusen"
"496360","knobbily",,"ateneson"
"496361","knobbiness",,"etonosen"
"496362","knobbinesses",,"atenesufu"
"496363","knobbinesss",,"etonosafon"
"496364","knobbing",,"itunuset"
"496365","knobbish",,"atenesi"
"496366","knobble",,"otiniet"
"496367","knobbled",,"mizuraa"
"496368","knobbler",,"muzaree"
"496369","knobblers",,"muzarein"
"496370","knobbles",,"otinizia"
"496371","knobblier",,"muzareot"
"496372","knobblies",,"otinizuna"
"496373","knobbliest",,"mizuraan"
"496374","knobbliness",,"mezoritoan"
"496375","knobbling",,"mizuraat"
"496376","knobbly",,"ateneo"
"496377","knobby",,"mizuua"
"496378","knobcone",,"muzasue"
"496379","knobel",,"mizuina"
"496380","knobels",,"mizuva"
"496381","knobend",,"atenuaa"
"496382","knobhead",,"utanazata"
"496383","knobheaded",,"muzanau"
"496384","knobheads",,"utanaze"
"496385","knobkerrie",,"otinezu"
"496386","knobkerries",,"otinezabot"
"496387","knobkerry",,"atenuzi"
"496388","knobkierie",,"mizutoat"
"496389","knobkierrie",,"otinesiba"
"496390","knoblauch",,"ituniret"
"496391","knoble",,"mizuine"
"496392","knobless",,"mizuvuen"
"496393","knoblessness",,"itunizodun"
"496394","knoblet",,"etonee"
"496395","knoblewurst",,"mazeveliu"
"496396","knoblick",,"mizuvoon"
"496397","knoblicks",,"mizuvoan"
"496398","knoblike",,"mozivee"
"496399","knobloch",,"atenahi"
"496400","knoblock",,"mazevaan"
"496401","knobnoster",,"muzapuo"
"496402","knobnosters",,"muzapubeet"
"496403","knobology",,"mezofion"
"496404","knobrot",,"etonou"
"496405","knobs",,"utanea"
"496406","knobstick",,"muzaqua"
"496407","knobsticks",,"muzaquen"
"496408","knobstone",,"otinubun"
"496409","knobthorn",,"utanora"
"496410","knobtwat",,"otinaki"
"496411","knobular",,"itunozo"
"496412","knobweed",,"mezogoe"
"496413","knobwood",,"mozigoat"
"496414","knoch",,"utarae"
"496415","knoche",,"ituru"
"496416","knochenhauer",,"mozunihoen"
"496417","knochensammlung",,"mazonehee"
"496418","knock",,"muzeta"
"496419","knockabout",,"mezitiet"
"496420","knockabouts",,"mezititii"
"496421","knockagh",,"ateruran"
"496422","knockando",,"muzeteot"
"496423","knockaround",,"otireracot"
"496424","knockaway",,"mezitia"
"496425","knockback",,"iturosen"
"496426","knockbacks",,"ituroson"
"496427","knockbuster",,"etorasodet"
"496428","knockcloghrim",,"iturotacet"
"496429","knockcroghery",,"iturotecot"
"496430","knockdow",,"otirevan"
"496431","knockdown",,"meziteen"
"496432","knockdowned",,"iturovimi"
"496433","knockdowner",,"utarivumo"
"496434","knockdownest",,"iturovimun"
"496435","knockdowning",,"iturovimot"
"496436","knockdowns",,"meziteon"
"496437","knocked",,"etoraun"
"496438","knockemdown",,"mizatufaun"
"496439","knockemdowns",,"mizatufau"
"496440","knocker",,"otireon"
"496441","knockered",,"mozutiat"
"496442","knockerless",,"mezitowai"
"496443","knockers",,"otirezan"
"496444","knockest",,"etorazin"
"496445","knocketh",,"mizatuet"
"496446","knockholt",,"ituroran"
"496447","knockie",,"mizato"
"496448","knockin",,"ateruon"
"496449","knocking",,"etorasen"
"496450","knockingly",,"mizatou"
"496451","knockings",,"etorason"
"496452","knockit",,"otirean"
"496453","knockkneed",,"mizatui"
"496454","knockless",,"ateruzan"
"496455","knocklong",,"mizatauna"
"496456","knockloughrim",,"otirezoke"
"496457","knockmeter",,"mazotiun"
"496458","knocknobbler",,"etorafevan"
"496459","knocko",,"meziu"
"496460","knockoff",,"muzetuo"
"496461","knockoffs",,"muzetuet"
"496462","knockout",,"iturohen"
"496463","knockouter",,"muzetuoa"
"496464","knockoutest",,"mizatigaun"
"496465","knockouts",,"iturohon"
"496466","knockoutter",,"otirehigot"
"496467","knockouttest",,"etorahogan"
"496468","knockproof",,"aterujin"
"496469","knockrow",,"ituroqen"
"496470","knocks",,"muzeate"
"496471","knockstone",,"mozuteot"
"496472","knockt",,"otiret"
"496473","knocktaker",,"mizatian"
"496474","knockthrough",,"mozutosoat"
"496475","knockup",,"ituroa"
"496476","knockupworth",,"mazotecaen"
"496477","knockwood",,"utarikin"
"496478","knockwurst",,"mezituon"
"496479","knockwursts",,"mezitugean"
"496480","knocky",,"mezie"
"496481","knodden",,"utasoi"
"496482","knode",,"otisea"
"496483","knodel",,"mozaeti"
"496484","knodishall",,"mizeroe"
"496485","knoebel",,"mozeron"
"496486","knoedler",,"atetizen"
"496487","knoell",,"mezaua"
"496488","knoephla",,"utatiru"
"496489","knoevenagel",,"otitozetin"
"496490","knoit",,"itune"
"496491","knoke",,"mizova"
"496492","knokes",,"mizoote"
"496493","knokke",,"mozeie"
"496494","knol",,"otitn"
"496495","knoleche",,"mozoveat"
"496496","knolege",,"etotau"
"496497","knoleige",,"etotasa"
"496498","knoles",,"etotun"
"496499","knoll",,"mozov"
"496500","knolled",,"utatuat"
"496501","knollenorgan",,"utatuzicat"
"496502","knoller",,"atetaet"
"496503","knollers",,"atetazia"
"496504","knollier",,"atetasan"
"496505","knolliest",,"utatusa"
"496506","knolling",,"utatuso"
"496507","knolls",,"mozoan"
"496508","knolly",,"muzuune"
"496509","knollys",,"muzuvu"
"496510","knolych",,"mezelot"
"496511","knom",,"mizuo"
"496512","knook",,"mezut"
"496513","knoop",,"otipe"
"496514","knop",,"atefa"
"496515","knopf",,"mizol"
"496516","knopfia",,"muzilin"
"496517","knopfler",,"mezalien"
"496518","knopfs",,"mizooa"
"496519","knopite",,"mazuron"
"496520","knopp",,"mizoh"
"496521","knopped",,"atefuo"
"496522","knopper",,"etofau"
"496523","knoppern",,"mazuhean"
"496524","knoppie",,"mozehat"
"496525","knoppy",,"mazuen"
"496526","knops",,"atefo"
"496527","knopsnider",,"mizoqoat"
"496528","knopweed",,"mozegii"
"496529","knor",,"utaji"
"496530","knorhaan",,"utajaru"
"496531","knorhmn",,"atejei"
"496532","knork",,"itujo"
"496533","knoroz",,"muzaato"
"496534","knorozov",,"itujenen"
"496535","knorpelwerk",,"mezohopean"
"496536","knorr",,"mezoc"
"496537","knorria",,"mozicat"
"496538","knorrias",,"mozicee"
"496539","knorring",,"itujusi"
"496540","knorringite",,"mizucohoot"
"496541","knorrit",,"utajae"
"496542","knorrs",,"mezoua"
"496543","knosp",,"atecu"
"496544","knosped",,"mazohen"
"496545","knosps",,"ateco"
"496546","knossian",,"oticusun"
"496547","knossos",,"mozuqat"
"496548","knossoss",,"mozuqoea"
"496549","knossus",,"muzeqe"
"496550","knost",,"itucea"
"496551","knostrop",,"oticaqun"
"496552","knot",,"ituqo"
"496553","knotberry",,"mozariun"
"496554","knotchel",,"etoqirot"
"496555","knotenschiefer",,"atequfuzet"
"496556","knotful",,"otiqeat"
"496557","knotfulness",,"mazilepea"
"496558","knotgrass",,"mozamain"
"496559","knotgrasses",,"mezumusoan"
"496560","knoth",,"mazini"
"496561","knothead",,"ituquza"
"496562","knothole",,"ituquhet"
"496563","knotholed",,"muzonua"
"496564","knotholes",,"ituquhi"
"496565","knothorn",,"mazinaun"
"496566","knotless",,"mozaviun"
"496567","knotlessness",,"otiqozedo"
"496568","knotley",,"muzovun"
"496569","knotlike",,"mezuvaen"
"496570","knotoid",,"mezufota"
"496571","knotroot",,"otiqihun"
"496572","knotroots",,"otiqihu"
"496573","knots",,"ituqae"
"496574","knott",,"muzow"
"496575","knottable",,"mizewaet"
"496576","knottage",,"maziwoi"
"496577","knotted",,"etoquun"
"496578","knottedness",,"muzowazao"
"496579","knotter",,"otiqaon"
"496580","knotters",,"otiqazan"
"496581","knottier",,"otiqasat"
"496582","knottiest",,"etoquso"
"496583","knottily",,"ituqeset"
"496584","knottin",,"ateqion"
"496585","knottiness",,"utaqoso"
"496586","knottinesses",,"ituqesofe"
"496587","knotting",,"etoqusen"
"496588","knottingley",,"mozaweheet"
"496589","knottings",,"etoquson"
"496590","knottle",,"ateqien"
"496591","knottley",,"otiqazana"
"496592","knotts",,"muzoat"
"496593","knotty",,"mezuea"
"496594","knottys",,"mezuwin"
"496595","knotweed",,"mazigeen"
"496596","knotweeds",,"mazigeon"
"496597","knotwood",,"mezugea"
"496598","knotwork",,"muzoguot"
"496599","knotworks",,"muzoguo"
"496600","knotwort",,"ituquhen"
"496601","knoud",,"otiwa"
"496602","knouse",,"mizoin"
"496603","knout",,"otiwaa"
"496604","knoutberry",,"mezawuen"
"496605","knouted",,"mozewon"
"496606","knouter",,"mizowa"
"496607","knouting",,"mozewein"
"496608","knouts",,"otiwet"
"496609","know",,"mizun"
"496610","knowability",,"itudisofun"
"496611","knowabilitys",,"itudisofu"
"496612","knowable",,"mozinaan"
"496613","knowableness",,"otidosufot"
"496614","knowablenesses",,"etodesifat"
"496615","knowablenesss",,"otidosufo"
"496616","knowabler",,"etodesot"
"496617","knowablest",,"atedasan"
"496618","knowably",,"mazenion"
"496619","knowall",,"mezonote"
"496620","knowarramean",,"atedaqitu"
"496621","knowbie",,"etodoe"
"496622","knowbility",,"otidisot"
"496623","knowbot",,"mazeret"
"496624","knowd",,"etodu"
"496625","knowe",,"mozivu"
"496626","knowed",,"atedin"
"496627","knowen",,"itudu"
"496628","knower",,"etodat"
"496629","knowers",,"etodae"
"496630","knowes",,"mozieta"
"496631","knowesgate",,"etodawo"
"496632","knowest",,"ateduo"
"496633","knoweth",,"mozivan"
"496634","knowful",,"mozilun"
"496635","knowfulness",,"otidedujo"
"496636","knowhatimean",,"itudurivu"
"496637","knowhow",,"otidian"
"496638","knowhows",,"otidihun"
"496639","knowin",,"utadat"
"496640","knowing",,"atedoi"
"496641","knowinger",,"mezoraon"
"496642","knowingest",,"mazeruin"
"496643","knowingl",,"mazerue"
"496644","knowinglier",,"itudafafin"
"496645","knowingliest",,"otidufufi"
"496646","knowingly",,"mozirea"
"496647","knowingness",,"mizuroruin"
"496648","knowingnesses",,"mozirerian"
"496649","knowingnesss",,"mizurorua"
"496650","knowings",,"atedofat"
"496651","knowist",,"etodiin"
"496652","knowlache",,"mozivue"
"496653","knowlage",,"etoderot"
"496654","knowland",,"itudiro"
"496655","knowle",,"utadi"
"496656","knowlech",,"mezovoa"
"496657","knowleche",,"mazevean"
"496658","knowleched",,"itudizet"
"496659","knowleching",,"itudizotu"
"496660","knowledg",,"mezovoaa"
"496661","knowledgabilities",,"itudizisat"
"496662","knowledgability",,"etodezesa"
"496663","knowledgable",,"mazevezuin"
"496664","knowledgableness",,"atedazason"
"496665","knowledgablenesss",,"atedazasan"
"496666","knowledgably",,"mizuvuzoe"
"496667","knowledge",,"mazeveana"
"496668","knowledgeabilities",,"otidozosa"
"496669","knowledgeability",,"atedazasana"
"496670","knowledgeable",,"muzavazion"
"496671","knowledgeableness",,"utaduzusu"
"496672","knowledgeablenesses",,"itudizisi"
"496673","knowledgeablenesss",,"utaduzusot"
"496674","knowledgeably",,"mozivizeen"
"496675","knowledgebase",,"utaduzusen"
"496676","knowledged",,"itudizeta"
"496677","knowledgeful",,"muzavazian"
"496678","knowledgefully",,"itudiziso"
"496679","knowledgeless",,"etodezesat"
"496680","knowledgelessness",,"muzavazia"
"496681","knowledgelike",,"atedazaso"
"496682","knowledgement",,"muzavaziana"
"496683","knowledges",,"mazeveun"
"496684","knowledging",,"itudizisu"
"496685","knowlege",,"utaduze"
"496686","knowles",,"utaduat"
"496687","knowlesi",,"utaduzu"
"496688","knowless",,"utaduzea"
"496689","knowlesville",,"mazevebuo"
"496690","knowlesvilles",,"mazevebuet"
"496691","knowliche",,"mezovaet"
"496692","knowling",,"mazevue"
"496693","knowlingly",,"utaduson"
"496694","knowlton",,"utadubin"
"496695","knowltonia",,"atedabu"
"496696","knowltonii",,"utadubon"
"496697","knowltons",,"utaduba"
"496698","knowlych",,"muzavuin"
"496699","known",,"utade"
"496700","knowne",,"itudua"
"496701","knownless",,"mizupai"
"496702","knownness",,"mozipeu"
"496703","knownothingism",,"muzapuduet"
"496704","knownothingisms",,"muzapudui"
"496705","knownothingness",,"etodiheton"
"496706","knowns",,"utadan"
"496707","knownst",,"mazepon"
"496708","knoworrimean",,"atediqiva"
"496709","knowperts",,"otidezun"
"496710","knows",,"mizuq"
"496711","knowsley",,"etodizin"
"496712","knowsome",,"moziqoun"
"496713","knowst",,"etodun"
"496714","knowsthorpe",,"mezoqesiat"
"496715","knowstone",,"mezoqeen"
"496716","knowwhaddamean",,"mizugesain"
"496717","knox",,"etoga"
"496718","knoxboro",,"etogohot"
"496719","knoxboros",,"etogoho"
"496720","knoxdale",,"utagorat"
"496721","knoxdales",,"utagore"
"496722","knoxfield",,"mezilaet"
"496723","knoxian",,"mezirot"
"496724","knoxians",,"mezirio"
"496725","knoxs",,"etogi"
"496726","knoxvill",,"mizadoi"
"496727","knoxville",,"mozudein"
"496728","knoxvilles",,"mozudea"
"496729","knoxvillian",,"ategasofa"
"496730","knoxvillite",,"ategasofot"
"496731","knoydart",,"etokuru"
"496732","knoyle",,"ituku"
"496733","knub",,"etino"
"496734","knubbed",,"atonein"
"496735","knubbier",,"etinosu"
"496736","knubbiest",,"atoneson"
"496737","knubble",,"utenai"
"496738","knubbled",,"maqeroen"
"496739","knubbles",,"utenazat"
"496740","knubblier",,"meqorio"
"496741","knubbliest",,"maqeroun"
"496742","knubbling",,"maqeroe"
"496743","knubbly",,"otunieta"
"496744","knubby",,"maqeot"
"496745","knublet",,"itaniin"
"496746","knubs",,"etinia"
"496747","knuck",,"meqit"
"496748","knucker",,"uterian"
"496749","knuckerhole",,"uterizoten"
"496750","knucklas",,"uterizea"
"496751","knuckle",,"otureon"
"496752","knuckleb",,"muqetee"
"496753","knuckleball",,"moqutupoa"
"496754","knuckleballed",,"uterizavet"
"496755","knuckleballer",,"atoruzevot"
"496756","knuckleballers",,"atoruzevo"
"496757","knuckleballing",,"uterizavu"
"496758","knuckleballs",,"moqutupoen"
"496759","knucklebone",,"etirazovet"
"496760","knucklebones",,"etirazovi"
"496761","knuckleboom",,"meqitipean"
"496762","knucklecurve",,"uterizazo"
"496763","knuckled",,"miqatao"
"496764","knuckledragger",,"meqitipiin"
"496765","knuckleduster",,"meqitipiat"
"496766","knuckledusters",,"meqitipie"
"496767","knucklehead",,"oturezitu"
"496768","knuckleheaded",,"moqutupoaa"
"496769","knuckleheadedness",,"oturezitan"
"496770","knuckleheadery",,"maqotopaa"
"496771","knuckleheadish",,"muqetepue"
"496772","knuckleheads",,"oturezitot"
"496773","knucklelike",,"maqotopuot"
"496774","knucklenuts",,"itarozujat"
"496775","knuckler",,"muqeteu"
"496776","knucklers",,"muqeteot"
"496777","knuckles",,"oturezan"
"496778","knucklesome",,"etirazodon"
"496779","knucklestones",,"atoruzeda"
"496780","knucklewalk",,"maqotopain"
"496781","knucklewalked",,"oturezimo"
"496782","knucklewalker",,"itarozumu"
"496783","knucklewalking",,"oturezimun"
"496784","knucklewalks",,"maqotopaaa"
"496785","knucklier",,"muqetea"
"496786","knuckliest",,"miqataat"
"496787","knuckling",,"miqataun"
"496788","knuckly",,"atoruen"
"496789","knucks",,"meqiee"
"496790","knuckses",,"maqotuon"
"496791","knuclesome",,"oturoze"
"496792","knud",,"atosi"
"496793","knudsen",,"miqeqot"
"496794","knudsens",,"miqequo"
"496795","knudson",,"mequqin"
"496796","knudtson",,"utesowe"
"496797","knueppel",,"atotujet"
"496798","knuettel",,"etitubu"
"496799","knuf",,"otuke"
"496800","knuff",,"maqul"
"496801","knuffe",,"muqiuna"
"496802","knujrt",,"atoro"
"496803","knuleps",,"meqevin"
"496804","knuller",,"otutoi"
"496805","knulling",,"etiteset"
"496806","knullings",,"etitesi"
"496807","knupp",,"maquh"
"496808","knuq",,"miqii"
"496809","knur",,"etijt"
"496810","knurd",,"moqit"
"496811","knurl",,"meqov"
"496812","knurled",,"itajiin"
"496813","knurler",,"utejuat"
"496814","knurlier",,"utejusu"
"496815","knurliest",,"itajison"
"496816","knurlin",,"otujoat"
"496817","knurling",,"itajisi"
"496818","knurlings",,"itajisat"
"496819","knurls",,"meqoua"
"496820","knurly",,"miquote"
"496821","knurr",,"miquca"
"496822","knurrs",,"miquoti"
"496823","knurry",,"maqeo"
"496824","knurs",,"etijie"
"496825","knussen",,"otucuon"
"496826","knussens",,"otucuzan"
"496827","knust",,"atocie"
"496828","knut",,"atoqne"
"496829","knute",,"uteqi"
"496830","knuth",,"moqana"
"496831","knuthian",,"uteqasin"
"496832","knuths",,"moqaie"
"496833","knuts",,"atoqoa"
"496834","knutsen",,"miqeqa"
"496835","knutsens",,"miqequen"
"496836","knutsford",,"maqiqeun"
"496837","knutsfords",,"maqiqeu"
"496838","knutson",,"mequqot"
"496839","knutton",,"uteqoun"
"496840","knutty",,"miqein"
"496841","knyaginya",,"etomeso"
"496842","knyaw",,"mugug"
"496843","knyaz",,"etoma"
"496844","knyazi",,"etomat"
"496845","knyfe",,"utakia"
"496846","knyght",,"megein"
"496847","knysna",,"oticen"
"496848","knysza",,"etocan"
"496849","knyvett",,"atebua"
"496850","koa",,"ovat"
"496851","koach",,"malent"
"496852","koae",,"evutte"
"496853","koah",,"malano"
"496854","koaita",,"maleana"
"496855","koal",,"milona"
"496856","koala",,"mulino"
"496857","koalas",,"muliin"
"496858","koali",,"milora"
"496859","koaliang",,"avitoran"
"496860","koalib",,"evutuna"
"496861","koallah",,"milovat"
"496862","koan",,"molini"
"496863","koang",,"milum"
"496864","koanic",,"moliee"
"496865","koanlike",,"evuzesa"
"496866","koans",,"moliqu"
"496867","koap",,"meluni"
"496868","koaps",,"meluqi"
"496869","koaro",,"molofi"
"496870","koas",,"ovacni"
"496871","koasati",,"malenuna"
"496872","koasaties",,"mulaniet"
"496873","koasatis",,"malenuu"
"496874","koashvite",,"molinien"
"496875","koauau",,"evuwan"
"496876","koay",,"uvokt"
"496877","kob",,"mumi"
"496878","koba",,"mamuni"
"496879","kobabe",,"ovemot"
"496880","kobach",,"ivomea"
"496881","kobako",,"memaoe"
"496882","kobald",,"mimoena"
"496883","koball",,"momeea"
"496884","kobalt",,"mimoet"
"496885","koban",,"avumoe"
"496886","kobane",,"uvimet"
"496887","kobang",,"evamun"
"496888","kobangs",,"evamiu"
"496889","kobans",,"avumot"
"496890","kobarid",,"mamucat"
"496891","kobashigawa",,"uvimerisen"
"496892","kobashira",,"momequen"
"496893","kobasica",,"memaquet"
"496894","kobayash",,"evamuru"
"496895","kobayashi",,"evamura"
"496896","kobayashis",,"evamuren"
"496897","kobe",,"mimene"
"496898","kobeite",,"uviteia"
"496899","kobeliaky",,"evatesaa"
"496900","kobellite",,"evateza"
"496901","kobelt",,"memuae"
"496902","kobene",,"ovetao"
"496903","kobenhavn",,"mimepae"
"496904","kobenhavns",,"mimepain"
"496905","kober",,"evatoo"
"496906","kobes",,"mimeqe"
"496907","kobets",,"avutine"
"496908","kobi",,"mumas"
"496909","kobicha",,"ivonaot"
"496910","kobick",,"mimuona"
"496911","kobird",,"mumain"
"496912","koblas",,"evatate"
"496913","koble",,"uvitie"
"496914","kobleho",,"mumivo"
"496915","koblents",,"evatafin"
"496916","koblenz",,"ivotoin"
"496917","koblick",,"uviteun"
"496918","kobo",,"meminu"
"496919","kobocha",,"avupoo"
"496920","koboko",,"momuua"
"496921","kobold",,"mumein"
"496922","kobolda",,"mamovat"
"496923","koboldai",,"mamovuu"
"496924","koboldcpp",,"momuveo"
"496925","koboldlo",,"ovepovat"
"496926","koboldmu",,"memivai"
"496927","kobolds",,"mumeva"
"496928","koboldsh",,"ovepovata"
"496929","koboldzo",,"avupavet"
"496930","kobon",,"evapii"
"496931","kobong",,"ovepona"
"496932","kobori",,"uvipana"
"496933","kobos",,"memiqi"
"496934","kobra",,"ivojie"
"496935","kobresia",,"ovejewi"
"496936","kobryn",,"mumuin"
"496937","kobs",,"mumana"
"496938","kobu",,"mimeni"
"496939","kobuchiz",,"mamisou"
"496940","kobud",,"avuwi"
"496941","kobuk",,"momate"
"496942","kobuleti",,"mamivau"
"496943","kobus",,"mimeqi"
"496944","kobuses",,"momaqe"
"496945","kobuss",,"mimeeta"
"496946","kobusses",,"momaqain"
"496947","kobuvirus",,"memuduat"
"496948","koby",,"memita"
"496949","kobylak",,"ovekoon"
"496950","kobyz",,"avuku"
"496951","kobyzist",,"momumaot"
"496952","kobza",,"uvilui"
"496953","kobzar",,"momaati"
"496954","kocaeli",,"monevua"
"496955","kocak",,"evema"
"496956","kocatepe",,"evemuzun"
"496957","kocay",,"uvumo"
"496958","kocelj",,"ivitus"
"496959","koch",,"munun"
"496960","kochab",,"ivimea"
"496961","kochabs",,"ivimiin"
"496962","kochan",,"avamaa"
"496963","kochanek",,"ivimifo"
"496964","kochanski",,"uvumufa"
"496965","kochari",,"ivimia"
"496966","kochel",,"uvumiu"
"496967","kochen",,"ivimui"
"496968","kocher",,"evemate"
"496969","kochera",,"ovomeet"
"496970","kochers",,"evemae"
"496971","kochetovka",,"minivoin"
"496972","kochetovkas",,"minivojea"
"496973","kochevar",,"minivuan"
"496974","kochi",,"munur"
"496975","kochia",,"manaata"
"496976","kochiae",,"munura"
"496977","kochias",,"manare"
"496978","kochii",,"munuoa"
"496979","kochite",,"avamoena"
"496980","kochiu",,"minii"
"496981","kochkarite",,"minituot"
"496982","kochkin",,"ivimoen"
"496983","kochkins",,"ivimosona"
"496984","kochliarion",,"evemesibun"
"496985","kochman",,"ivimuaa"
"496986","kochmar",,"evemou"
"496987","kocho",,"menef"
"496988","kochs",,"munuq"
"496989","kochsandorite",,"miniquhuon"
"496990","kochtopus",,"menewaun"
"496991","kochukaru",,"avamuvan"
"496992","kochwurst",,"menegeat"
"496993","koci",,"evens"
"496994","kocialkowski",,"menonozoet"
"496995","kocian",,"moniea"
"496996","kociembas",,"monivua"
"496997","kocio",,"ivines"
"496998","kocis",,"evenie"
"496999","kock",,"avasne"
"497000","kocke",,"uvusii"
"497001","kocker",,"monauno"
"497002","kockhart",,"munonaet"
"497003","kockheed",,"ivisuzot"
"497004","kockian",,"menuron"
"497005","kockwood",,"munogien"
"497006","koconnor",,"minapee"
"497007","kocur",,"minec"
"497008","kocurek",,"menucen"
"497009","koda",,"murii"
"497010","kodaanahuttaa",,"murinosie"
"497011","kodachi",,"ovimuon"
"497012","kodachro",,"moresuot"
"497013","kodachrome",,"murisei"
"497014","kodachromes",,"murisewaat"
"497015","kodagehuttaa",,"ovimozakot"
"497016","kodagu",,"muriin"
"497017","kodagus",,"murima"
"497018","kodahuttaa",,"ovimidun"
"497019","kodaikanal",,"meraree"
"497020","kodaira",,"ivumaina"
"497021","kodak",,"mirota"
"497022","kodaked",,"uvamiona"
"497023","kodakeds",,"uvamizan"
"497024","kodaker",,"avemuaa"
"497025","kodakers",,"avemuzen"
"497026","kodaking",,"uvamisin"
"497027","kodakings",,"uvamisaa"
"497028","kodakist",,"avemuson"
"497029","kodakked",,"ivumovot"
"497030","kodakking",,"ivumovan"
"497031","kodakr",,"evomata"
"497032","kodakry",,"ivumoina"
"497033","kodaks",,"miroet"
"497034","kodali",,"avemae"
"497035","kodalith",,"avemasi"
"497036","kodaly",,"ovimoe"
"497037","kodalys",,"ovimoeta"
"497038","kodama",,"miroen"
"497039","kodambakkam",,"ivumusapan"
"497040","kodansu",,"ivumaine"
"497041","kodarma",,"evomouna"
"497042","kodashim",,"avemori"
"497043","kodashims",,"avemorat"
"497044","kodava",,"evomia"
"497045","kodcly",,"evoran"
"497046","kodclys",,"evoreun"
"497047","kode",,"moraa"
"497048","kodecyte",,"avetomot"
"497049","kodedhoo",,"merution"
"497050","kodegalaa",,"ovitoran"
"497051","kodehutigalaa",,"evotodevun"
"497052","kodesh",,"avetotu"
"497053","kodevirion",,"ivutisan"
"497054","kodey",,"murole"
"497055","kodeyvilingili",,"mirelutein"
"497056","kodi",,"miruo"
"497057","kodiak",,"miruon"
"497058","kodiaks",,"mirunan"
"497059","kodimunai",,"evonoden"
"497060","kodinos",,"avenoet"
"497061","kodishaw",,"avenoron"
"497062","kodkod",,"evosate"
"497063","kodmur",,"ivuvu"
"497064","kodo",,"marou"
"497065","kodogu",,"maroat"
"497066","kodogus",,"marome"
"497067","kodok",,"mureta"
"497068","kodokushi",,"evopadet"
"497069","kodomo",,"maroata"
"497070","kodomomuke",,"marozuen"
"497071","kodor",,"ivupu"
"497072","kodori",,"ivupina"
"497073","kodowick",,"morugaa"
"497074","kodro",,"ivujea"
"497075","kodungallur",,"mirepuseen"
"497076","kodurataa",,"maricee"
"497077","kodurite",,"merucuon"
"497078","kody",,"maron"
"497079","kodyma",,"mureue"
"497080","kodymas",,"murezot"
"497081","koeb",,"misito"
"497082","koebel",,"ivanun"
"497083","koeberlinia",,"ovunequvot"
"497084","koeberliniaceae",,"evinaqivun"
"497085","koeberliniaceaes",,"evinaqivu"
"497086","koeberliniaceous",,"ovunequvat"
"497087","koeberlinias",,"ovunequvo"
"497088","koebner",,"masapana"
"497089","koebnerisation",,"masapawae"
"497090","koebnerised",,"evinizuvo"
"497091","koebnerization",,"uvenezovat"
"497092","koecher",,"avorea"
"497093","koechlinite",,"avorezujin"
"497094","koechner",,"maseniea"
"497095","koed",,"mosuro"
"497096","koedijk",,"ivasaaa"
"497097","koefoot",,"avokiet"
"497098","koegel",,"mesaoa"
"497099","koehl",,"uvemuo"
"497100","koehler",,"meseveta"
"497101","koehn",,"ivamae"
"497102","koehne",,"ovumen"
"497103","koek",,"uvesna"
"497104","koekchuch",,"uveserin"
"497105","koekemakranka",,"avosupopa"
"497106","koekoea",,"evisuun"
"497107","koeksister",,"ivasasi"
"497108","koeksisters",,"ivasasogat"
"497109","koeksotenok",,"ivasahifun"
"497110","koeksotenoks",,"ivasahifu"
"497111","koel",,"mesata"
"497112","koelie",,"masuana"
"497113","koeller",,"musiva"
"497114","koellia",,"ivatiaa"
"497115","koelliae",,"ovutosan"
"497116","koellias",,"ivatisen"
"497117","koellikers",,"misovea"
"497118","koelling",,"misovein"
"497119","koelreuteria",,"ovutizigot"
"497120","koelreuterias",,"ovutizigo"
"497121","koels",,"mesaqu"
"497122","koelsch",,"uveteat"
"497123","koeltztown",,"musiwuan"
"497124","koeltztowns",,"musiwudaun"
"497125","koeman",,"musuina"
"497126","koeme",,"ovuve"
"497127","koen",,"maseto"
"497128","koeneke",,"mosive"
"497129","koenen",,"uvezon"
"497130","koenenite",,"maseviin"
"497131","koenidine",,"mesoraat"
"497132","koenig",,"mesoet"
"497133","koenigii",,"mesoroe"
"497134","koenigine",,"avozonun"
"497135","koenigsb",,"uvezenu"
"497136","koenigsberg",,"mosiribeat"
"497137","koenigsbergs",,"mosiribee"
"497138","koenigsegg",,"mosiriat"
"497139","koenimbidine",,"ovuzupaven"
"497140","koenimbine",,"maseroen"
"497141","koenine",,"uvezeat"
"497142","koeninger",,"misureina"
"497143","koenoline",,"mosifiet"
"497144","koenraad",,"mosiciu"
"497145","koepang",,"evifeu"
"497146","koepanger",,"misenee"
"497147","koepangs",,"evifefot"
"497148","koepckes",,"mosasoin"
"497149","koepe",,"misevi"
"497150","koepka",,"musoina"
"497151","koepke",,"mosaune"
"497152","koepp",,"ivafo"
"497153","koeppe",,"ovufo"
"497154","koeppel",,"misehi"
"497155","koeppels",,"misehiat"
"497156","koeppen",,"mosahu"
"497157","koeppes",,"ovufeet"
"497158","koerber",,"misiret"
"497159","koeri",,"misire"
"497160","koeris",,"mision"
"497161","koerlin",,"musuvena"
"497162","koerner",,"masapat"
"497163","koerte",,"uvejeta"
"497164","koes",,"avocto"
"497165","koesister",,"uvecewu"
"497166","koester",,"uvecoi"
"497167","koestler",,"masewee"
"497168","koestlerian",,"evicuzobon"
"497169","koestlers",,"masewein"
"497170","koetjape",,"misasuan"
"497171","koetje",,"ivaqei"
"497172","koetke",,"masoiu"
"497173","koetong",,"avoqiet"
"497174","koetter",,"mesiwo"
"497175","koettigite",,"mesiwuu"
"497176","koetting",,"masowiot"
"497177","koettstorfer",,"ovuqawoco"
"497178","koevoet",,"uveboi"
"497179","kofer",,"ovutin"
"497180","koff",,"uvekn"
"497181","koffie",,"ivakaa"
"497182","koffka",,"uvekuna"
"497183","koffkas",,"uvekiu"
"497184","koffler",,"ovukoat"
"497185","koffman",,"migeze"
"497186","koffmann",,"ivakuri"
"497187","koffs",,"uvekea"
"497188","kofi",,"magen"
"497189","kofia",,"megona"
"497190","kofiau",,"mageun"
"497191","kofinas",,"eviniot"
"497192","kofman",,"uvevata"
"497193","kofoed",,"ivapue"
"497194","koforidua",,"mogucaet"
"497195","kofra",,"uvejua"
"497196","koft",,"ovuqs"
"497197","kofta",,"ivaqi"
"497198","koftas",,"ivaqini"
"497199","kofte",,"eviqaa"
"497200","koftgar",,"moguma"
"497201","koftgaree",,"magomeot"
"497202","koftgari",,"mogumiet"
"497203","koftgaris",,"mogumii"
"497204","koftgars",,"mogumien"
"497205","koftwork",,"mugegii"
"497206","koftworks",,"mugegiat"
"497207","kofu",,"mugoa"
"497208","kofun",,"uvewea"
"497209","koga",,"ivems"
"497210","kogagenin",,"ivemizan"
"497211","kogai",,"ivemau"
"497212","kogaionid",,"ovamuhin"
"497213","kogais",,"ivemot"
"497214","kogal",,"mukiv"
"497215","kogan",,"mikop"
"497216","koganei",,"mokepot"
"497217","kogarah",,"avimeeta"
"497218","kogarkoite",,"ivemuvat"
"497219","kogasin",,"mikoqun"
"497220","kogation",,"ovamase"
"497221","kogel",,"mokav"
"497222","kogelmogel",,"ivetipun"
"497223","kogelnik",,"evutefen"
"497224","koger",,"mukoc"
"497225","koggelmannetje",,"mukivafoet"
"497226","koggenland",,"evulafon"
"497227","kogi",,"ovant"
"497228","kogia",,"ivenie"
"497229","kogiae",,"ovanet"
"497230","kogias",,"ivenoti"
"497231","kogiid",,"mukao"
"497232","kogler",,"avitoni"
"497233","kogo",,"uvopna"
"497234","kogoj",,"mekis"
"497235","kogury",,"mekuena"
"497236","koguryo",,"mikecat"
"497237","kogut",,"mikew"
"497238","kogyaru",,"mokunin"
"497239","koha",,"malun"
"497240","kohai",,"malura"
"497241","kohala",,"ovemete"
"497242","kohan",,"avumoi"
"497243","kohanga",,"ovemuan"
"497244","kohanim",,"ivomaen"
"497245","kohanims",,"ivomason"
"497246","kohanyi",,"ovemuana"
"497247","koharu",,"ovemeti"
"497248","kohas",,"maluq"
"497249","kohat",,"ovemae"
"497250","kohath",,"maluuni"
"497251","kohathit",,"ovemare"
"497252","kohathite",,"evamurena"
"497253","kohathites",,"evamuron"
"497254","kohberger",,"ovenequn"
"497255","kohdhipparu",,"avuseseqot"
"497256","kohei",,"miler"
"497257","kohein",,"ivotote"
"497258","kohekohe",,"evatahaa"
"497259","kohelet",,"malivun"
"497260","koheleth",,"ivotizen"
"497261","kohemp",,"avutou"
"497262","kohen",,"ivotau"
"497263","kohens",,"ivotino"
"497264","kohgiluyeh",,"mulirau"
"497265","kohichi",,"ovenuun"
"497266","kohima",,"miluan"
"497267","kohinoor",,"melopae"
"497268","kohinoors",,"melopain"
"497269","kohinor",,"mulapon"
"497270","kohistan",,"moliqeen"
"497271","kohistani",,"moliqei"
"497272","kohistanis",,"moliqeat"
"497273","kohistans",,"moliqeon"
"497274","kohl",,"avutne"
"497275","kohlan",,"melaet"
"497276","kohlans",,"melania"
"497277","kohlberg",,"evatoza"
"497278","kohlbergian",,"molerowaun"
"497279","kohled",,"melaoa"
"497280","kohler",,"moleue"
"497281","kohleria",,"milovae"
"497282","kohleriae",,"molevuen"
"497283","kohlerias",,"milovain"
"497284","kohli",,"avuton"
"497285","kohling",,"melarun"
"497286","kohlman",,"mulizet"
"497287","kohlmann",,"uvitarot"
"497288","kohlmeier",,"mulizuan"
"497289","kohlmeyer",,"melazeat"
"497290","kohlrabi",,"ovetirun"
"497291","kohlrabies",,"evatoret"
"497292","kohlrabis",,"ovetiru"
"497293","kohlrausch",,"evatoron"
"497294","kohlrauschs",,"evatorodan"
"497295","kohls",,"avutos"
"497296","kohlsch",,"miloqun"
"497297","kohlwurst",,"ovetidu"
"497298","kohn",,"uvizu"
"497299","kohne",,"ivozoi"
"497300","kohnen",,"miluii"
"497301","kohnke",,"ovezon"
"497302","kohnstamm",,"miluqoot"
"497303","kohnstamms",,"miluqoo"
"497304","koholiine",,"melivuin"
"497305","kohonen",,"malopu"
"497306","kohout",,"ovepone"
"497307","kohoutek",,"avupubi"
"497308","kohouteks",,"avupubat"
"497309","kohr",,"ovejt"
"497310","kohrs",,"ovejua"
"497311","kohsai",,"maleuna"
"497312","kohtla",,"milaia"
"497313","kohu",,"mileo"
"497314","kohua",,"mulonn"
"497315","kohuana",,"avuwaen"
"497316","kohuhu",,"avuwena"
"497317","kohukohu",,"evawahen"
"497318","kohunlich",,"ovewuzot"
"497319","kohut",,"avuwia"
"497320","kohutian",,"meluwuat"
"497321","kohutuhutu",,"ovewadot"
"497322","kohya",,"molunn"
"497323","koia",,"ovomne"
"497324","koiari",,"mamuune"
"497325","koiaris",,"mamucu"
"497326","koibal",,"evenuna"
"497327","koibals",,"eveneu"
"497328","koichi",,"mumaoa"
"497329","koidzumii",,"uvusida"
"497330","koifish",,"ivikaon"
"497331","koijam",,"momuin"
"497332","koikoi",,"ovosani"
"497333","koikon",,"momaot"
"497334","koil",,"momeu"
"497335","koila",,"mimoni"
"497336","koilanaglyphic",,"mamunisia"
"497337","koilandi",,"mamuniot"
"497338","koiliaris",,"evetiron"
"497339","koilo",,"mumifa"
"497340","koilocyte",,"ovotatun"
"497341","koilocytes",,"ovotatu"
"497342","koilocytic",,"ivitetan"
"497343","koilocytosis",,"avatitago"
"497344","koilocytotic",,"momefanie"
"497345","koilon",,"uvutuno"
"497346","koilonychia",,"mamufinaan"
"497347","koilonychias",,"mamufinaun"
"497348","koilorrhachic",,"momefuwea"
"497349","koilosternia",,"uvutowufan"
"497350","koilou",,"mimoan"
"497351","koilouhanpa",,"ovotadaten"
"497352","koimesis",,"ivivowet"
"497353","koimetromania",,"mamavuwee"
"497354","koimetrophilia",,"mumuviwaan"
"497355","koimetrophiliac",,"mumuviwaat"
"497356","koimetrophobia",,"mimivowue"
"497357","koin",,"memoni"
"497358","koina",,"momine"
"497359","koine",,"mamevi"
"497360","koineisation",,"mamevibiun"
"497361","koineization",,"uvuzisatan"
"497362","koines",,"mameat"
"497363","koing",,"momima"
"497364","koinobiont",,"avazisin"
"497365","koinobiosis",,"ivizesocin"
"497366","koinobori",,"memofiu"
"497367","koinomatter",,"ivizepagun"
"497368","koinon",,"ivizae"
"497369","koinonia",,"uvuzofot"
"497370","koinoniphobia",,"memofutiat"
"497371","koinophilia",,"ovozajavi"
"497372","koinophobia",,"evezujucun"
"497373","koinotropic",,"uvuzoboci"
"497374","koinotropy",,"evezubi"
"497375","koinou",,"momiin"
"497376","koipato",,"avafaet"
"497377","koipatos",,"avafabi"
"497378","koira",,"maman"
"497379","koirala",,"ovojoi"
"497380","koiralas",,"ovojozat"
"497381","koire",,"mimiv"
"497382","koiremba",,"avajupet"
"497383","koiri",,"mumur"
"497384","koiry",,"memela"
"497385","kois",,"evecte"
"497386","koiso",,"iviceo"
"497387","koitapu",,"ovoqoi"
"497388","koitapuan",,"mimaniu"
"497389","koitapus",,"ovoqojat"
"497390","koitur",,"avaqoe"
"497391","koivu",,"memab"
"497392","koiwai",,"avado"
"497393","koizumi",,"momaba"
"497394","koizumis",,"momabuen"
"497395","kojac",,"munis"
"497396","kojak",,"minota"
"497397","kojaks",,"minoi"
"497398","kojang",,"avemene"
"497399","kojate",,"avemota"
"497400","kojc",,"minue"
"497401","kojewnikoff",,"uvatafipat"
"497402","koji",,"minui"
"497403","kojibiose",,"ovinisu"
"497404","kojic",,"minus"
"497405","kojiki",,"monia"
"497406","kojikis",,"moniten"
"497407","kojima",,"moniin"
"497408","kojin",,"ivunaa"
"497409","kojiri",,"evonini"
"497410","kojis",,"minuq"
"497411","kojo",,"manoa"
"497412","kojonup",,"minapun"
"497413","koka",,"evimno"
"497414","kokako",,"ovumoni"
"497415","kokakola",,"murition"
"497416","kokakos",,"ovumean"
"497417","kokam",,"uvema"
"497418","kokama",,"avomai"
"497419","kokan",,"merap"
"497420","kokand",,"ivamue"
"497421","kokanee",,"muripot"
"497422","kokanees",,"muripuo"
"497423","kokang",,"morein"
"497424","kokaras",,"marucun"
"497425","kokareit",,"avomezon"
"497426","kokas",,"evimie"
"497427","kokass",,"evimun"
"497428","kokatha",,"ovumaia"
"497429","kokay",,"ivamee"
"497430","kokborok",,"uvenoqin"
"497431","koke",,"uvetna"
"497432","koken",,"murop"
"497433","kokengolo",,"avotone"
"497434","kokengolos",,"avotonin"
"497435","koker",,"morac"
"497436","kokerboom",,"ovutise"
"497437","kokers",,"morae"
"497438","kokeshi",,"moraqa"
"497439","kokhor",,"ivamai"
"497440","koki",,"avonni"
"497441","kokia",,"evineu"
"497442","kokihi",,"miruun"
"497443","kokil",,"merov"
"497444","kokila",,"moriina"
"497445","kokilapriya",,"moriviceun"
"497446","kokio",,"ovuna"
"497447","kokiri",,"miruat"
"497448","kokis",,"avonoi"
"497449","kokiu",,"uvenia"
"497450","kokka",,"avosae"
"497451","kokkae",,"uvesio"
"497452","kokkaer",,"moranin"
"497453","kokkaest",,"merunei"
"497454","kokkaloorie",,"ovusozocen"
"497455","kokkas",,"avoson"
"497456","kokko",,"evisui"
"497457","kokkola",,"mirefun"
"497458","kokkolas",,"mirefuu"
"497459","koklas",,"moreu"
"497460","koklass",,"morenot"
"497461","kokle",,"maruv"
"497462","koko",,"ovupna"
"497463","kokobeh",,"ovupiia"
"497464","kokoda",,"maroana"
"497465","kokodas",,"marotun"
"497466","kokomo",,"ovupiu"
"497467","kokomos",,"ovupiat"
"497468","kokoni",,"moruota"
"497469","kokonor",,"ovupuat"
"497470","kokoon",,"mureo"
"497471","kokoona",,"marofu"
"497472","kokoonas",,"marofiot"
"497473","kokopu",,"maroune"
"497474","kokoraleis",,"eviporon"
"497475","kokoretsi",,"evipozen"
"497476","kokoro",,"moruina"
"497477","kokoromiko",,"mericao"
"497478","kokoruda",,"ovupidan"
"497479","kokos",,"ovupua"
"497480","kokoschka",,"maroqio"
"497481","kokosh",,"maroea"
"497482","kokoshnik",,"uveperete"
"497483","kokoskin",,"meriqee"
"497484","kokott",,"evipei"
"497485","kokotxas",,"avopilon"
"497486","kokowai",,"evipoin"
"497487","kokowais",,"eviporaa"
"497488","kokoy",,"uvepoa"
"497489","kokra",,"muruna"
"497490","kokrajhar",,"ivajiti"
"497491","kokras",,"muruot"
"497492","koksaghyz",,"evicenen"
"497493","koksagyz",,"mirunuun"
"497494","koksan",,"meroena"
"497495","kokshetau",,"uvecazin"
"497496","koksoak",,"ovucaana"
"497497","kokstad",,"avocio"
"497498","koktaite",,"uvequse"
"497499","kokterak",,"uveqiqe"
"497500","kokterek",,"ovuqeqan"
"497501","koku",,"uvewn"
"497502","kokubunji",,"mireriot"
"497503","kokugi",,"avowet"
"497504","kokuji",,"meruone"
"497505","kokum",,"ovuwi"
"497506","kokumi",,"ovuwia"
"497507","kokumin",,"morazo"
"497508","kokumingun",,"ovuwisen"
"497509","kokums",,"ovuwon"
"497510","kokura",,"mireon"
"497511","kokurahaa",,"ivawuret"
"497512","kokutai",,"morawot"
"497513","kokwulye",,"murubaen"
"497514","kokyar",,"merio"
"497515","kokyet",,"miraeta"
"497516","kokyo",,"uvekoa"
"497517","kokytos",,"meriwon"
"497518","kokyu",,"evika"
"497519","kokyunage",,"morubaen"
"497520","kola",,"mison"
"497521","kolace",,"moseate"
"497522","kolach",,"evumune"
"497523","kolache",,"avimoo"
"497524","kolaches",,"avimoret"
"497525","kolachi",,"evumiina"
"497526","kolachy",,"ivemaot"
"497527","kolacin",,"ivemaaa"
"497528","kolacins",,"ivemasen"
"497529","kolacky",,"musisa"
"497530","kolae",,"mosevi"
"497531","kolafushi",,"musiluun"
"497532","kolahi",,"evumua"
"497533","kolai",,"misor"
"497534","kolaiah",,"ovamuan"
"497535","kolak",,"moset"
"497536","kolakeia",,"mosetoa"
"497537","kolakoski",,"misotoa"
"497538","kolakowski",,"mesataot"
"497539","kolam",,"mesaz"
"497540","kolamaafushi",,"musizasea"
"497541","kolambugan",,"masuzoen"
"497542","kolami",,"mesaet"
"497543","kolamies",,"masuziin"
"497544","kolamis",,"mesazi"
"497545","kolams",,"mesaen"
"497546","kolan",,"iveman"
"497547","kolander",,"ovamuvi"
"497548","kolanin",,"misopun"
"497549","kolanut",,"musipo"
"497550","kolar",,"evumoe"
"497551","kolari",,"evumeu"
"497552","kolarian",,"mosecao"
"497553","kolarians",,"mosecaet"
"497554","kolarik",,"avimeon"
"497555","kolarite",,"mosecaa"
"497556","kolarovgrad",,"mesacakuin"
"497557","kolars",,"evumuni"
"497558","kolas",,"misoqa"
"497559","kolasa",,"musiina"
"497560","kolasib",,"evumiu"
"497561","kolasin",,"ivemaoa"
"497562","kolasins",,"ivemaset"
"497563","kolasinski",,"ovamuso"
"497564","kolata",,"evumata"
"497565","kolatin",,"masuwu"
"497566","kolattam",,"mesawai"
"497567","kolavenn",,"ivemizo"
"497568","kolb",,"avinn"
"497569","kolbach",,"musunaa"
"497570","kolbasa",,"ovanoet"
"497571","kolbasi",,"evuneu"
"497572","kolbasis",,"evunewot"
"497573","kolbassa",,"ovanowi"
"497574","kolbassi",,"evunewota"
"497575","kolbassis",,"evunewo"
"497576","kolbassy",,"iveniwa"
"497577","kolbasy",,"iveniina"
"497578","kolbe",,"uvonia"
"497579","kolbeck",,"ivenoina"
"497580","kolbeckite",,"musuvoia"
"497581","kolbeinsey",,"masavia"
"497582","kolberg",,"misivan"
"497583","kolbert",,"uvonian"
"497584","kolbes",,"uvonona"
"497585","kolbold",,"avinien"
"497586","kolby",,"ovanao"
"497587","kolchak",,"avireet"
"497588","kolchaks",,"avireri"
"497589","kolchygino",,"masenui"
"497590","koldaji",,"mosunota"
"497591","koldajis",,"mosuneo"
"497592","koldewey",,"ovaseket"
"497593","koldeweys",,"ovaseki"
"497594","kolding",,"masorin"
"497595","koldinge",,"museroon"
"497596","koldings",,"masoria"
"497597","kolduny",,"masobun"
"497598","kole",,"mesun"
"497599","kolea",,"mosann"
"497600","koleen",,"avitote"
"497601","koleens",,"avituoa"
"497602","kolek",,"masit"
"497603","kolektym",,"ovatebat"
"497604","kolektyw",,"ovateban"
"497605","kolenang",,"misepue"
"497606","kolenda",,"musopot"
"497607","koleng",,"ovatone"
"497608","kolenovic",,"musopii"
"497609","koleroga",,"ivetuhen"
"497610","kolesar",,"avitooe"
"497611","kolesnik",,"avitofan"
"497612","kolesnikov",,"miseqeo"
"497613","kolessar",,"avitowet"
"497614","koleszar",,"musoquoe"
"497615","koley",,"misel"
"497616","kolezhuthu",,"mesumiu"
"497617","kolfanite",,"ivekifi"
"497618","kolga",,"musinna"
"497619","kolguyev",,"uvolime"
"497620","kolhapur",,"ovamojun"
"497621","kolhapuri",,"ovamojin"
"497622","kolhapurs",,"ovamoju"
"497623","kolhosp",,"mesefan"
"497624","kolhoz",,"meseeta"
"497625","kolhozes",,"masafain"
"497626","kolhozy",,"misifat"
"497627","kolhufushi",,"avimuma"
"497628","kolhumadulu",,"uvomipepet"
"497629","koli",,"mosis"
"497630","kolia",,"misunt"
"497631","kolicite",,"ivenasen"
"497632","kolima",,"mesoeta"
"497633","kolimas",,"mesozi"
"497634","kolin",,"ovanuni"
"497635","kolinski",,"evuniwet"
"497636","kolinskies",,"avinowin"
"497637","kolinsky",,"ivenawon"
"497638","kolis",,"mosiqa"
"497639","koliva",,"uvonani"
"497640","kolivas",,"uvonuun"
"497641","koliwada",,"uvonarun"
"497642","kolk",,"mesus"
"497643","kolkata",,"avisaen"
"497644","kolkatan",,"masinuin"
"497645","kolker",,"ivesine"
"497646","kolkhis",,"uvosain"
"497647","kolkhos",,"evusoaa"
"497648","kolkhose",,"avisehan"
"497649","kolkhoses",,"avisehun"
"497650","kolkhosnik",,"masinuat"
"497651","kolkhosy",,"ivesuhon"
"497652","kolkhoz",,"masinina"
"497653","kolkhozes",,"musonian"
"497654","kolkhoznik",,"uvosahi"
"497655","kolkhozniki",,"uvosahajun"
"497656","kolkhozniks",,"uvosahajat"
"497657","kolkhoznitsa",,"misenorian"
"497658","kolkhozs",,"masinua"
"497659","kolkhozy",,"mosaneen"
"497660","kolkka",,"mesueta"
"497661","kolkoz",,"ovasona"
"497662","kolkozes",,"evusunot"
"497663","kolkozy",,"uvosoun"
"497664","kolkwitzia",,"mesuguin"
"497665","kolkwitziae",,"masigidoon"
"497666","kolkwitzias",,"mesugudia"
"497667","kolla",,"uvotuu"
"497668","kollaa",,"avitau"
"497669","kollam",,"ovatoni"
"497670","kollar",,"moseua"
"497671","kollast",,"mesanon"
"497672","kollaster",,"ivetiwet"
"497673","kollegal",,"masuveot"
"497674","kollel",,"misoia"
"497675","koller",,"masuat"
"497676","kollergang",,"ivetoqun"
"497677","kollerin",,"avituqan"
"497678","kollidam",,"musirion"
"497679","kollie",,"ovatono"
"497680","kolling",,"musiri"
"497681","kolliva",,"masuru"
"497682","kollman",,"moseza"
"497683","kollmann",,"ovatire"
"497684","kollonta",,"ivetefet"
"497685","kolloxylin",,"misofeen"
"497686","kollumerland",,"evutapobat"
"497687","kollwitz",,"ovatisun"
"497688","kollyba",,"musila"
"497689","kollyva",,"moselin"
"497690","kollywood",,"musilei"
"497691","kolman",,"evuvea"
"497692","kolmar",,"uvovan"
"497693","kolmars",,"uvovuun"
"497694","kolmer",,"ovavet"
"497695","kolmogorov",,"mesefoa"
"497696","kolmogorovian",,"ovavanobun"
"497697","kolmogorovs",,"mesefojaen"
"497698","koln",,"ovazn"
"497699","kolnick",,"evuziot"
"497700","kolnos",,"uvozat"
"497701","kolns",,"ovazua"
"497702","kolo",,"museno"
"497703","koloa",,"masons"
"497704","koloas",,"masoat"
"497705","kolob",,"ovapi"
"497706","kolobia",,"ivepua"
"497707","kolobion",,"museroia"
"497708","kolobok",,"ivepuo"
"497709","kolobus",,"evupou"
"497710","kolodei",,"avipien"
"497711","kolodej",,"mosutin"
"497712","kolodey",,"ovapaet"
"497713","kolodgie",,"evupuna"
"497714","kolodiazhne",,"misatesao"
"497715","kolodiazi",,"mesituun"
"497716","kolodii",,"evupuot"
"497717","kolodij",,"misatun"
"497718","kolodiy",,"ivepea"
"497719","kolodney",,"mosutaot"
"497720","kolodny",,"misatan"
"497721","kolodnyi",,"misatee"
"497722","kolodzei",,"musetuena"
"497723","kolodzej",,"evupunin"
"497724","kolodzey",,"mesiteet"
"497725","kolodziej",,"evupuno"
"497726","kologo",,"mosuot"
"497727","kolok",,"misata"
"497728","kolokithopita",,"mosutadeen"
"497729","kolokolo",,"ivepohi"
"497730","kolokythoanthoi",,"avipumatu"
"497731","kolokythokeftedes",,"evupameton"
"497732","kolokythopita",,"musetidiet"
"497733","kolomak",,"mosuzaa"
"497734","kolomaks",,"mosuzien"
"497735","kolombangara",,"ovapisujen"
"497736","kolombangaras",,"ovapisujon"
"497737","kolomea",,"mosuzin"
"497738","kolomeas",,"mosuzoa"
"497739","kolomicta",,"avipesat"
"497740","kolomikta",,"uvopaso"
"497741","kolomna",,"ivepuoa"
"497742","kolomyia",,"masozuot"
"497743","kolomyya",,"mosuzea"
"497744","kolonai",,"avipoon"
"497745","kolong",,"avipete"
"497746","kolonok",,"avipoi"
"497747","kolonowskie",,"ovapuhaden"
"497748","kolopp",,"mosuina"
"497749","kolora",,"ivepina"
"497750","kolos",,"musequ"
"497751","koloshan",,"misaqau"
"497752","kolosick",,"misaqeu"
"497753","koloski",,"misaqe"
"497754","kolou",,"misab"
"497755","kolouhanpa",,"ovaperot"
"497756","kolovrat",,"evupeqot"
"497757","kolovratite",,"mosudusian"
"497758","kolovson",,"mosudaen"
"497759","kolozsv",,"musemo"
"497760","kolozsvar",,"ivepowet"
"497761","kolozsvars",,"ivepowi"
"497762","kolozsvcr",,"ovapewun"
"497763","kolozsvcrs",,"ovapewu"
"497764","kolozsvs",,"musemoet"
"497765","kolp",,"evufi"
"497766","kolpak",,"evufea"
"497767","kolpakov",,"musonuon"
"497768","kolpashevsky",,"evufewufat"
"497769","kolpectomy",,"musovoan"
"497770","kolpik",,"avifet"
"497771","kolpino",,"miserea"
"497772","kolpodynia",,"ivefevan"
"497773","kolpophobia",,"mesufesoo"
"497774","kolpos",,"ivefote"
"497775","kols",,"mosine"
"497776","kolsch",,"avico"
"497777","kolskite",,"ovacesun"
"497778","kolsky",,"misuia"
"497779","kolstad",,"mosiwu"
"497780","kolsun",,"evucee"
"497781","koltcovskii",,"mesisakeo"
"497782","kolten",,"misaon"
"497783","kolton",,"mesieta"
"497784","koltun",,"misaia"
"497785","koltunna",,"uvoqifu"
"497786","koltunnor",,"misabeot"
"497787","koltur",,"mesiena"
"497788","kolubara",,"musorao"
"497789","koluchov",,"mosasuo"
"497790","kolufaup",,"musolaon"
"497791","koluschan",,"masiqia"
"497792","koluschans",,"masiqien"
"497793","kolush",,"uvowat"
"497794","kolushan",,"masiqoot"
"497795","kolushs",,"uvowee"
"497796","kolva",,"uvobua"
"497797","kolvir",,"mesaeta"
"497798","kolwesi",,"musuvoa"
"497799","kolwezi",,"ivedoot"
"497800","kolwezis",,"ivedono"
"497801","kolwezite",,"musuvuet"
"497802","kolya",,"masonna"
"497803","kolye",,"misav"
"497804","kolyma",,"misaona"
"497805","kolymas",,"misazan"
"497806","kolymite",,"ivekusen"
"497807","kolyseptic",,"musequan"
"497808","kolytic",,"evukuu"
"497809","kolyva",,"evukat"
"497810","kolyvan",,"mesidet"
"497811","koma",,"avumno"
"497812","komabue",,"metaro"
"497813","komadai",,"mitoti"
"497814","komae",,"uvimii"
"497815","komagome",,"avumahi"
"497816","komainu",,"mutirena"
"497817","komaki",,"uvimata"
"497818","komal",,"metava"
"497819","koman",,"matupa"
"497820","komandoo",,"evamivot"
"497821","komandur",,"mutipien"
"497822","komar",,"mitoc"
"497823","komara",,"mutiin"
"497824","komarch",,"evamou"
"497825","komarek",,"metaceta"
"497826","komarno",,"avumeet"
"497827","komaroside",,"evamohen"
"497828","komarov",,"evamoua"
"497829","komarovite",,"moteceon"
"497830","komarovsky",,"ovemihin"
"497831","komast",,"motee"
"497832","komastic",,"moteqea"
"497833","komatasukui",,"matuweboon"
"497834","komati",,"moteu"
"497835","komatiite",,"ivomeson"
"497836","komatiitic",,"uvimosen"
"497837","komatik",,"metawi"
"497838","komatiks",,"metawuat"
"497839","komatis",,"motewot"
"497840","komatsu",,"metawet"
"497841","komatsuna",,"ovemawun"
"497842","komb",,"motoe"
"497843","kombard",,"mitinon"
"497844","kombardy",,"matanoun"
"497845","kombat",,"avunota"
"497846","kombatite",,"metenaan"
"497847","kombe",,"meteva"
"497848","kombi",,"motor"
"497849","kombinat",,"matariin"
"497850","kombis",,"motoua"
"497851","kombivan",,"muturaet"
"497852","kombo",,"mutuf"
"497853","komboni",,"uvinoea"
"497854","komboskini",,"ivonewe"
"497855","komboucha",,"ovenadun"
"497856","kombu",,"meteb"
"497857","kombucha",,"avunutet"
"497858","kombus",,"meteoa"
"497859","komchen",,"evarou"
"497860","komdok",,"motuua"
"497861","kome",,"ivotnu"
"497862","komeito",,"motarot"
"497863","komen",,"mitepa"
"497864","komenda",,"evatiun"
"497865","komenic",,"mitepan"
"497866","komenox",,"avutoena"
"497867","komensky",,"mutopoet"
"497868","komering",,"ovetise"
"497869","komes",,"ivotan"
"497870","komet",,"matiw"
"497871","kometes",,"mutowot"
"497872","komfa",,"mutone"
"497873","komfyt",,"ovekon"
"497874","komi",,"uvint"
"497875","komic",,"uvinee"
"497876","komies",,"ivonini"
"497877","komik",,"ivonoa"
"497878","kominform",,"metopeot"
"497879","kominforms",,"metopeo"
"497880","kominkan",,"uvinevot"
"497881","komintang",,"mitupoa"
"497882","komintern",,"ivonabi"
"497883","kominterns",,"ivonabat"
"497884","kominuter",,"motipoet"
"497885","komis",,"uvinei"
"497886","komisarivka",,"uvinerovon"
"497887","komisaruk",,"metoqoe"
"497888","komissar",,"mituqee"
"497889","komissars",,"mituqein"
"497890","komitadji",,"metowoe"
"497891","komitaji",,"uvinorot"
"497892","komitajis",,"uvinoro"
"497893","komitet",,"ovenai"
"497894","komkovite",,"ovesagu"
"497895","koml",,"matun"
"497896","komma",,"ivovie"
"497897","kommand",,"avuvaen"
"497898","kommandatura",,"evavefeti"
"497899","kommando",,"ovevofat"
"497900","kommasith",,"ivoviwan"
"497901","kommers",,"mutuvo"
"497902","kommersbuch",,"mutuvebiun"
"497903","kommersbuchs",,"mutuvebiu"
"497904","kommerss",,"mutuveet"
"497905","kommerzlast",,"oveveqifot"
"497906","kommetje",,"uvivibe"
"497907","kommissarbefehl",,"mataribia"
"497908","kommos",,"uvivat"
"497909","kommunalka",,"ivovofat"
"497910","kommunarsk",,"uvivifen"
"497911","kommunist",,"ivovofan"
"497912","kommunizma",,"uvivifena"
"497913","kommunizmas",,"uvivifison"
"497914","komnene",,"ovezeon"
"497915","komnenian",,"mutavoan"
"497916","komnenoi",,"avuzufan"
"497917","komnenos",,"avuzufi"
"497918","komnzo",,"avuzoa"
"497919","komodo",,"matoata"
"497920","komodoensis",,"uvipohajet"
"497921","komoks",,"avupene"
"497922","komon",,"metipa"
"497923","komondor",,"mitapoe"
"497924","komondoroc",,"matopuen"
"497925","komondorock",,"mutepijiu"
"497926","komondorok",,"mutepiea"
"497927","komondoroks",,"mutepijiin"
"497928","komondors",,"mitapoin"
"497929","komori",,"muteoa"
"497930","komorn",,"uvipat"
"497931","komornik",,"ivopufi"
"497932","komoro",,"metiet"
"497933","komorowski",,"mitacoen"
"497934","komos",,"evapio"
"497935","komotau",,"mitawan"
"497936","komotin",,"ivopeen"
"497937","komotini",,"ivopesi"
"497938","kompaneyets",,"metunupoe"
"497939","kompanie",,"ivofifen"
"497940","kompeni",,"ovefeana"
"497941","komperda",,"mitevaan"
"497942","kompetenz",,"ovefebat"
"497943","komplete",,"mutovuen"
"497944","kompot",,"ovefona"
"497945","kompow",,"miteia"
"497946","komppa",,"ivofine"
"497947","kompromat",,"mutocian"
"497948","kompsat",,"evafiu"
"497949","kompyang",,"ovefarun"
"497950","komquat",,"motebin"
"497951","komsa",,"avuca"
"497952","komsomol",,"motifuet"
"497953","komsomoletc",,"ivocepifun"
"497954","komsomoletz",,"motifujaat"
"497955","komsomolka",,"motifuat"
"497956","komsomolsk",,"metofia"
"497957","komt",,"metia"
"497958","komtok",,"motuina"
"497959","komungo",,"metupan"
"497960","komura",,"motaea"
"497961","komuras",,"motacin"
"497962","komuro",,"miteie"
"497963","komusubi",,"matiqain"
"497964","komuz",,"motam"
"497965","komuzist",,"uviwisu"
"497966","kona",,"movet"
"497967","konak",,"mevata"
"497968","konaki",,"mevaet"
"497969","konakovi",,"uvumihin"
"497970","konakri",,"uvumiee"
"497971","konakries",,"ivimoqon"
"497972","konakris",,"uvumiqin"
"497973","konakry",,"evemau"
"497974","konakrys",,"evemaqot"
"497975","konaks",,"mevaene"
"497976","konami",,"mavuuno"
"497977","konan",,"ovomue"
"497978","konarak",,"avameen"
"497979","konaraks",,"avameron"
"497980","konariot",,"muvicoon"
"497981","konariots",,"muvicoan"
"497982","konas",,"moveqo"
"497983","konaseema",,"muviquen"
"497984","konass",,"moveea"
"497985","konat",,"uvumoa"
"497986","konate",,"ivimee"
"497987","konavle",,"mivodi"
"497988","konawa",,"mevaaa"
"497989","konawas",,"mevagen"
"497990","konbaung",,"mavanain"
"497991","konbini",,"muvureta"
"497992","konbu",,"ivinos"
"497993","konbus",,"ivinuo"
"497994","koncovka",,"uvuroge"
"497995","konczal",,"movimu"
"497996","kond",,"iviss"
"497997","konda",,"uvusui"
"497998","kondabolu",,"uvususu"
"497999","kondagaon",,"mivanuu"
"498000","kondagun",,"muvenaet"
"498001","kondakarion",,"uvusuvebet"
"498002","kondakion",,"mavonao"
"498003","konde",,"ovoseo"
"498004","konderite",,"evesaqot"
"498005","kondes",,"ovoso"
"498006","kondey",,"uvuset"
"498007","kondeymatheelaabadhoo",,"ovosemato"
"498008","konditorei",,"uvusebo"
"498009","kondke",,"evesat"
"498010","kondo",,"avasii"
"498011","kondoed",,"mevifo"
"498012","kondoing",,"mevifuun"
"498013","kondoleon",,"ovosaze"
"498014","kondon",,"mavoata"
"498015","kondor",,"mivaona"
"498016","kondos",,"avasao"
"498017","kondoz",,"muvein"
"498018","kondracki",,"mevicoat"
"498019","kondrat",,"uvusaan"
"498020","kondratieff",,"evesorevan"
"498021","kondratiev",,"muvecai"
"498022","kondratiuk",,"ovosirin"
"498023","kondraty",,"evesoru"
"498024","kondratyuk",,"uvusarot"
"498025","konds",,"ivisai"
"498026","kone",,"mavis"
"498027","konecny",,"ovotuet"
"498028","konefal",,"mevulon"
"498029","koneke",,"miveete"
"498030","konen",,"avatos"
"498031","koner",,"ivituna"
"498032","koners",,"ivitune"
"498033","konetchy",,"movawaot"
"498034","konev",,"eveteo"
"498035","konevs",,"evetatu"
"498036","koneyacker",,"uvutoruo"
"498037","konfekt",,"mavivu"
"498038","konfisakhar",,"ovokuwupet"
"498039","konfrontasi",,"mivecohuon"
"498040","konfyt",,"muvoa"
"498041","konfyts",,"muvolen"
"498042","kong",,"moves"
"498043","kongamato",,"evelepen"
"498044","kongbam",,"uvulaun"
"498045","kongbap",,"mavure"
"498046","konger",,"uvulan"
"498047","kongese",,"mavuvun"
"498048","kongfell",,"ovolezu"
"498049","kongguksu",,"mavumaet"
"498050","konghou",,"eveloa"
"498051","kongish",,"avaloan"
"498052","kongite",,"ivilao"
"498053","kongjoo",,"ivileet"
"498054","kongkham",,"ivilori"
"498055","konglish",,"mevavuu"
"498056","kongmoon",,"uvulaha"
"498057","kongo",,"muvife"
"498058","kongoese",,"movefoa"
"498059","kongoeses",,"movefoen"
"498060","kongolese",,"ivilezon"
"498061","kongoleses",,"ivilezan"
"498062","kongoni",,"uvuloin"
"498063","kongonis",,"uvulofa"
"498064","kongos",,"muvioa"
"498065","kongs",,"movequ"
"498066","kongsberg",,"mivoqain"
"498067","kongsbergite",,"uvulesabi"
"498068","kongsfjorden",,"uvulemucat"
"498069","kongsi",,"moveote"
"498070","kongsvinger",,"eveligajun"
"498071","kongtong",,"moveweon"
"498072","kongu",,"mevaba"
"498073","kongwak",,"mavugu"
"498074","kongyamba",,"ovolarun"
"498075","kongzi",,"eveluo"
"498076","kongzian",,"movemaen"
"498077","konhou",,"avamena"
"498078","koni",,"mevos"
"498079","konia",,"movine"
"498080","koniacker",,"ivinitet"
"498081","koniaga",,"muvanen"
"498082","koniagas",,"muvanaon"
"498083","konias",,"moviu"
"498084","konibodom",,"mivuroin"
"498085","konicki",,"mavesin"
"498086","konieczny",,"mevovuan"
"498087","konietzko",,"moviveet"
"498088","konig",,"movim"
"498089","koniga",,"mivuane"
"498090","konigas",,"mivumun"
"498091","koniggratz",,"ivininun"
"498092","koniggratzs",,"ivininetu"
"498093","konigs",,"moviote"
"498094","konigsberg",,"mivumeo"
"498095","konigsblau",,"mevomuin"
"498096","konigshutte",,"ovonowaken"
"498097","konigshuttes",,"ovonowakon"
"498098","konigsmark",,"iviniwea"
"498099","konigsniere",,"mivumehiet"
"498100","konigsrufen",,"ovonowaket"
"498101","konik",,"mavet"
"498102","konikow",,"mavetin"
"498103","konilite",,"mivuveu"
"498104","konimeter",,"movizoen"
"498105","konimeters",,"movizoon"
"498106","konin",,"evenii"
"498107","koninckite",,"mevopuin"
"498108","koning",,"ovonani"
"498109","koningic",,"ovonunu"
"498110","konings",,"ovonuun"
"498111","konini",,"evenina"
"498112","koninies",,"avanosana"
"498113","koninis",,"eveniaa"
"498114","koninkje",,"mevopeun"
"498115","konio",,"mivufa"
"498116","koniocell",,"muvafoan"
"498117","koniocellular",,"mivufepean"
"498118","koniocortex",,"uvunotuben"
"498119","koniocortical",,"ovonatobi"
"498120","koniologies",,"evenuzese"
"498121","koniology",,"uvunozen"
"498122","koniometer",,"muvafeat"
"498123","koniophobia",,"evenujucun"
"498124","koniphobia",,"uvuniret"
"498125","koniscope",,"evenito"
"498126","koniscopes",,"evenitet"
"498127","konishi",,"uvuneine"
"498128","konistra",,"moviqeo"
"498129","konite",,"ovoneti"
"498130","konitsa",,"uvunoun"
"498131","konj",,"ivir"
"498132","konja",,"uvurua"
"498133","konjac",,"uvuri"
"498134","konjak",,"ivirot"
"498135","konjaku",,"ovoroan"
"498136","konjengbam",,"avarufe"
"498137","konk",,"mavina"
"498138","konka",,"mevun"
"498139","konkan",,"evese"
"498140","konkani",,"eveseot"
"498141","konkanis",,"evesefo"
"498142","konked",,"evesata"
"498143","konkee",,"miveeti"
"498144","konkel",,"avasos"
"498145","konkin",,"avaseta"
"498146","konking",,"evesio"
"498147","konkle",,"avasone"
"498148","konkol",,"ivisao"
"498149","konkolya",,"evesuza"
"498150","konkow",,"maviune"
"498151","konks",,"maviqe"
"498152","konlian",,"mivoruna"
"498153","konmari",,"ivivio"
"498154","konner",,"mivuon"
"498155","konnichi",,"muvaroan"
"498156","konnichiwa",,"mivureo"
"498157","konning",,"moviren"
"498158","konnor",,"mevoeti"
"498159","konnyaku",,"ovozarat"
"498160","kono",,"mivane"
"498161","konohananosakuya",,"ovopiretu"
"498162","konohiki",,"avapese"
"498163","konom",,"meviz"
"498164","konometer",,"muvezuon"
"498165","konomihu",,"ivipusi"
"498166","konomihus",,"ivipusat"
"498167","kononenko",,"mivapiot"
"498168","konongwootong",,"evepinuco"
"498169","konop",,"ovope"
"498170","konopka",,"ovopeana"
"498171","konos",,"mivaqe"
"498172","konoshen",,"mavoqoot"
"498173","konosuba",,"evepidin"
"498174","konotop",,"meviwi"
"498175","konottaa",,"muvewien"
"498176","konoval",,"mevidon"
"498177","konowal",,"ivipuaa"
"498178","konoye",,"muveina"
"498179","konoyes",,"muvela"
"498180","konpa",,"evefea"
"498181","konrad",,"movouna"
"498182","konradi",,"movonin"
"498183","konrads",,"movonua"
"498184","konrath",,"avajaet"
"498185","kons",,"mevona"
"498186","konseal",,"ovoceon"
"498187","konserva",,"mavevoe"
"498188","konshugo",,"evecoden"
"498189","konso",,"mivufe"
"498190","konsomol",,"uvucopot"
"498191","konstadina",,"ovocaru"
"498192","konstadinos",,"ivicerivun"
"498193","konstan",,"muvawo"
"498194","konstanc",,"muvawaen"
"498195","konstance",,"mivuwuun"
"498196","konstant",,"evecurot"
"498197","konstantin",,"mevowoin"
"498198","konstantina",,"moviwihiat"
"498199","konstantine",,"maveweheon"
"498200","konstantinos",,"mivuwuhui"
"498201","konstantinoupolis",,"muvawahaot"
"498202","konstantinovka",,"uvucorigu"
"498203","konstanty",,"iviceret"
"498204","konstanz",,"ivicero"
"498205","konstanze",,"ovocarat"
"498206","konstitu",,"muvawoon"
"498207","konstn",,"mivui"
"498208","konsul",,"evecei"
"498209","konsum",,"mivuia"
"498210","konsuragis",,"avacuqu"
"498211","kont",,"iviqs"
"498212","kontagora",,"mevinoun"
"498213","kontakarion",,"uvuquvebon"
"498214","kontakia",,"uvuquvu"
"498215","kontakion",,"mavonaen"
"498216","kontakions",,"mavonaon"
"498217","kontakt",,"mavone"
"498218","konthou",,"movuna"
"498219","konthoujam",,"iviquhun"
"498220","kontigi",,"uvuqein"
"498221","kontiki",,"ovoquun"
"498222","kontinentalimperium",,"ovoqufijan"
"498223","kontiolahti",,"movurepau"
"498224","kontomire",,"mavofoo"
"498225","kontor",,"mivaia"
"498226","kontorova",,"ovoqaqe"
"498227","kontoskalion",,"iviqewuta"
"498228","kontostephanos",,"evequwefot"
"498229","kontra",,"movuea"
"498230","kontraktnik",,"movucizie"
"498231","kontron",,"iviquo"
"498232","kontusz",,"mevibet"
"498233","konya",,"muvena"
"498234","konyaite",,"avakaset"
"498235","konyak",,"mivaone"
"498236","konyaks",,"mivanan"
"498237","konyn",,"ivikaa"
"498238","konyo",,"mavofi"
"498239","konz",,"avalu"
"498240","konza",,"evelee"
"498241","konze",,"uvuli"
"498242","konzentrationslager",,"muvovodiot"
"498243","konzentrationslagers",,"muvovodio"
"498244","konzertmeister",,"avaluqaho"
"498245","konzertmeisters",,"avaluqahet"
"498246","konzo",,"ovolaa"
"498247","koob",,"mezei"
"498248","kooba",,"mozone"
"498249","koobraey",,"evonore"
"498250","koocac",,"uvaret"
"498251","koochiching",,"mazenivuun"
"498252","koochy",,"mizuon"
"498253","koocls",,"muzaot"
"498254","kooddoo",,"evosuee"
"498255","kooditcha",,"meziraat"
"498256","koodoo",,"muzeot"
"498257","koodoos",,"muzefo"
"498258","koog",,"uvaln"
"498259","koogler",,"oviloana"
"498260","kooi",,"ivunne"
"498261","kooikerhondje",,"mozitoweot"
"498262","kooima",,"ovinone"
"498263","kooiman",,"moziza"
"498264","kooistra",,"uvanebu"
"498265","koojah",,"uvarat"
"498266","kook",,"ovisni"
"498267","kooka",,"ivusi"
"498268","kookabookra",,"ivusisicun"
"498269","kookabur",,"ivusiso"
"498270","kookaburra",,"mozanuet"
"498271","kookaburras",,"mozanugei"
"498272","kookdance",,"uvasore"
"498273","kookdom",,"muzoten"
"498274","kooked",,"mizeeta"
"498275","kookenette",,"mizeveu"
"498276","kookeree",,"mozavuin"
"498277","kookery",,"mezuvet"
"498278","kookfest",,"ovisezun"
"498279","kookie",,"evoseo"
"498280","kookier",,"muzorena"
"498281","kookiest",,"mizerie"
"498282","kookily",,"mazirin"
"498283","kookiness",,"mezurue"
"498284","kookinesses",,"maziripaon"
"498285","kooking",,"mizeru"
"498286","kookish",,"mazirot"
"498287","kookishness",,"uvasewoji"
"498288","kookism",,"avesoi"
"498289","kookness",,"mezupean"
"498290","kookologist",,"avesizasen"
"498291","kookology",,"mazifeet"
"498292","kookoo",,"evosuo"
"498293","kookri",,"maziea"
"498294","kookry",,"mozau"
"498295","kooks",,"ovisue"
"498296","kookum",,"uvasato"
"498297","kooky",,"uvaso"
"498298","kool",,"muzina"
"498299","koolah",,"ivutote"
"498300","koolahs",,"ivutioa"
"498301","koolaid",,"ovitoia"
"498302","koolakamba",,"ovitovu"
"498303","koolau",,"muziot"
"498304","koolen",,"ivutina"
"498305","kooletah",,"muziviet"
"498306","koolewong",,"uvatika"
"498307","koolhaasian",,"mazunesai"
"498308","koolickle",,"ivutati"
"498309","koolie",,"mizoia"
"498310","kooliman",,"ivutapon"
"498311","koolkhan",,"mozetuet"
"498312","koolmaj",,"aveteon"
"498313","koolokamba",,"ivutevan"
"498314","koolookamba",,"avetihetin"
"498315","koolooly",,"evotuho"
"498316","kooloolys",,"evotuhet"
"498317","kooloonong",,"mezafao"
"498318","koolpinyah",,"uvatiset"
"498319","koombar",,"ivuvuot"
"498320","koomis",,"evovue"
"498321","koomkee",,"ivuvoot"
"498322","koomkie",,"uvavie"
"498323","koomrah",,"ivuvuo"
"498324","koomson",,"miziqun"
"498325","koonawarra",,"mazenoa"
"498326","koonbee",,"uvazai"
"498327","koonce",,"moziuna"
"498328","koonda",,"evozat"
"498329","koondrook",,"mezotie"
"498330","kooner",,"avezao"
"498331","koonimedu",,"evozipo"
"498332","kooning",,"uvazein"
"498333","koonings",,"uvazefa"
"498334","koonkie",,"mezoti"
"498335","koonmen",,"avezeet"
"498336","koonoomoo",,"muzafiuna"
"498337","koonorigan",,"mazefoi"
"498338","koons",,"mizuqa"
"498339","koonsian",,"uvazesin"
"498340","koonti",,"avezene"
"498341","koontz",,"muzaota"
"498342","koontzs",,"muzawo"
"498343","koonwarra",,"muzagaon"
"498344","koonya",,"mezooa"
"498345","koonyum",,"mozilot"
"498346","koop",,"mozan"
"498347","koopbrief",,"evofoqen"
"498348","koopman",,"evofoina"
"498349","koopmann",,"mezuzoat"
"498350","koopmans",,"evofora"
"498351","koops",,"mozaqa"
"498352","koor",,"mezen"
"498353","kooragang",,"avejanun"
"498354","koorainghat",,"uvajusisi"
"498355","koorajong",,"mozonei"
"498356","koorajongs",,"mozoneat"
"498357","koorawatha",,"mozonuet"
"498358","koorbash",,"miziruun"
"498359","koord",,"ivujee"
"498360","koordish",,"mezetuat"
"498361","koords",,"ivujui"
"498362","kooreh",,"ivujine"
"498363","koorete",,"evojaun"
"498364","koorg",,"mozom"
"498365","koorgs",,"mozoin"
"498366","koorhaan",,"mezenoan"
"498367","koorhmn",,"mozonoa"
"498368","koori",,"mezer"
"498369","kooria",,"mozou"
"498370","koorie",,"mazaat"
"498371","koories",,"mazare"
"498372","koorilian",,"mizirua"
"498373","kooringal",,"muzuroun"
"498374","kooris",,"mezeet"
"498375","koorka",,"mezeen"
"498376","koorlong",,"mazavuo"
"498377","koornalla",,"avejorat"
"498378","kooroocheang",,"muzufiviot"
"498379","koorool",,"evojuot"
"498380","koorooman",,"uvajoha"
"498381","koors",,"mezeqa"
"498382","koorya",,"muzuin"
"498383","koos",,"ivucti"
"498384","koose",,"ovicea"
"498385","koosh",,"mezon"
"498386","koosharem",,"ovicire"
"498387","koosharems",,"ovicirin"
"498388","koosin",,"mizuana"
"498389","koosis",,"ivucot"
"498390","kooskia",,"ivucoo"
"498391","kooskias",,"ivucoset"
"498392","koot",,"mazoe"
"498393","kootam",,"muzeota"
"498394","kootch",,"ivuqin"
"498395","kootcha",,"uvaqeat"
"498396","kootchar",,"mozusua"
"498397","kootchie",,"oviqurat"
"498398","kootchies",,"oviqure"
"498399","kootchy",,"aveqoen"
"498400","kootee",,"mizaen"
"498401","kootenai",,"avequfon"
"498402","kootenais",,"avequfan"
"498403","kootenay",,"oviqefi"
"498404","kootenays",,"oviqefat"
"498405","kootingal",,"mizarea"
"498406","kootoo",,"muzea"
"498407","kootood",,"evoquu"
"498408","kootooed",,"aveqihet"
"498409","kootooing",,"aveqihu"
"498410","kootoos",,"muzefen"
"498411","koots",,"mazoqa"
"498412","kootswatewa",,"uvaqekegot"
"498413","koottam",,"evoquua"
"498414","koovam",,"mizoon"
"498415","kooweskoowe",,"aveduwece"
"498416","kooyah",,"muzeote"
"498417","kooyahoema",,"muzenean"
"498418","kooyman",,"muzezo"
"498419","kooyong",,"mizafun"
"498420","kooyoung",,"mozufoen"
"498421","kooza",,"mizena"
"498422","koozie",,"mezuoe"
"498423","kop",,"mapa"
"498424","kopac",,"mepas"
"498425","kopacetic",,"ovumuzan"
"498426","kopacz",,"avomine"
"498427","kopagmiut",,"evimepet"
"498428","kopagmiuts",,"evimepi"
"498429","kopal",,"ovumo"
"498430","kopani",,"evimene"
"498431","kopanica",,"ovumusan"
"498432","kopanisti",,"mipopeot"
"498433","kopans",,"evimuna"
"498434","kopapa",,"evimata"
"498435","kopasetic",,"ovumuzat"
"498436","kopaz",,"avomu"
"498437","kopczynski",,"mapemuen"
"498438","kopdoek",,"ovusaon"
"498439","kope",,"mupoo"
"498440","kopec",,"mupos"
"498441","kopeck",,"mipeet"
"498442","kopecks",,"mipesi"
"498443","kopecky",,"mapisat"
"498444","kopeika",,"muporo"
"498445","kopeisk",,"miperat"
"498446","kopejka",,"evituu"
"498447","kopek",,"mipet"
"498448","kopeks",,"mipeon"
"498449","kopel",,"avotau"
"498450","kopell",,"mepuen"
"498451","koper",,"ovutit"
"498452","kopernik",,"mepucuat"
"498453","kopesh",,"ovutetu"
"498454","kopet",,"evitut"
"498455","kopetski",,"avotiwi"
"498456","kopetsky",,"ovutawan"
"498457","kopetzky",,"mepuweon"
"498458","kopeyka",,"mepulen"
"498459","kopeysk",,"mapilun"
"498460","kopeysks",,"mapiliu"
"498461","kopez",,"ivatou"
"498462","kopf",,"uvekt"
"498463","kopff",,"mipel"
"498464","kopfring",,"ivakusan"
"498465","kopfrings",,"ivakusun"
"498466","koph",,"ivamt"
"498467","kophs",,"ivamao"
"498468","kopi",,"mapei"
"498469","kopiah",,"uvenato"
"498470","kopieva",,"evinaea"
"498471","kopiika",,"maperin"
"498472","kopimism",,"mepozue"
"498473","kopina",,"evinen"
"498474","kopino",,"ovunio"
"498475","kopiopia",,"ovunaje"
"498476","kopis",,"mapeqe"
"498477","kopiss",,"mapeun"
"498478","kopite",,"evinuna"
"498479","kopitiam",,"evinuso"
"498480","kopiyka",,"mopilota"
"498481","kopiykas",,"mopiloo"
"498482","kopje",,"evira"
"498483","kopjes",,"evirune"
"498484","kopka",,"mapin"
"498485","kopkapta",,"mopanoa"
"498486","kopkei",,"mipei"
"498487","kopki",,"mupor"
"498488","kopko",,"mepuf"
"498489","koplatai",,"mapunuin"
"498490","koplieut",,"meparean"
"498491","koplik",,"avotete"
"498492","kopliks",,"avotoia"
"498493","koplin",,"mepaon"
"498494","koplitz",,"ovutuan"
"498495","kopodyskinesia",,"mapotubou"
"498496","kopophobia",,"avopuru"
"498497","kopoti",,"uvepata"
"498498","kopov",,"ivapi"
"498499","kopp",,"uvefi"
"498500","koppa",,"avofa"
"498501","koppal",,"mepuena"
"498502","koppas",,"avofaa"
"498503","koppel",,"mupoot"
"498504","koppelman",,"ivafozon"
"498505","koppelmans",,"ivafozan"
"498506","koppels",,"mupovo"
"498507","koppen",,"mipeona"
"498508","kopper",,"mepuo"
"498509","kopperl",,"ovufei"
"498510","kopperls",,"ovufeqat"
"498511","koppers",,"mepuvet"
"498512","kopperss",,"mepuvii"
"498513","kopperston",,"mapivoen"
"498514","kopperstons",,"mapivobeon"
"498515","koppes",,"ivafu"
"498516","koppie",,"ivafina"
"498517","koppies",,"ivafaaa"
"498518","koppite",,"mapire"
"498519","kopple",,"mupoota"
"498520","kopplin",,"avofai"
"498521","koprakah",,"moponoo"
"498522","koprino",,"maparin"
"498523","koprinos",,"maparia"
"498524","koprivni",,"uvejegot"
"498525","koprivnica",,"avojoge"
"498526","koprivnitza",,"evijigavan"
"498527","koprophobia",,"mipifisuet"
"498528","koprosterol",,"mopofaduat"
"498529","koprowski",,"ovujakin"
"498530","kops",,"mapeo"
"498531","kopserge",,"ovuceqan"
"498532","kopstal",,"mupawo"
"498533","kopt",,"ovuqna"
"498534","koptu",,"eviqae"
"498535","koputaroa",,"mipewue"
"498536","kopuz",,"ivawo"
"498537","kopychyntsi",,"uvekerujet"
"498538","kopytka",,"uvekoat"
"498539","koqand",,"avimot"
"498540","kor",,"muh"
"498541","kora",,"mahuna"
"498542","koracan",,"evamiun"
"498543","korach",,"ivomua"
"498544","koradji",,"muhito"
"498545","koradjis",,"muhitiet"
"498546","koragoite",,"uvimuhot"
"498547","korah",,"ivomui"
"498548","korahite",,"muhinoet"
"498549","korahites",,"muhinoi"
"498550","korahitic",,"mahunio"
"498551","korahitics",,"mahuniet"
"498552","korahs",,"ivomine"
"498553","korai",,"mahura"
"498554","koraishite",,"muhiroun"
"498555","koraist",,"ovemui"
"498556","korait",,"ovemeto"
"498557","korakan",,"avumuena"
"498558","korakora",,"avumuhon"
"498559","koral",,"evamen"
"498560","koraleigh",,"muhivuat"
"498561","koralie",,"avumaen"
"498562","koralle",,"mehavet"
"498563","koramlik",,"ivomuzon"
"498564","koran",,"avumoo"
"498565","korana",,"evamata"
"498566","koranas",,"evamie"
"498567","koranda",,"mihopona"
"498568","korandje",,"ivomava"
"498569","korando",,"muhipa"
"498570","koranesque",,"ivomazet"
"498571","korangan",,"mohepio"
"498572","koranic",,"avumoen"
"498573","koranically",,"avumosutu"
"498574","koranimal",,"mahupio"
"498575","koranish",,"mihopeu"
"498576","koranism",,"ivomaset"
"498577","koranist",,"mohepao"
"498578","koranists",,"mohepaet"
"498579","koranite",,"mehapui"
"498580","koranization",,"muhiporoot"
"498581","koranize",,"mihopeat"
"498582","koranized",,"avumoson"
"498583","koranizes",,"mihopee"
"498584","koranizing",,"avumosin"
"498585","koranna",,"mehapet"
"498586","koranology",,"mihopoo"
"498587","korans",,"avumas"
"498588","koraput",,"mahuhun"
"498589","korari",,"ivomini"
"498590","koras",,"mahuqo"
"498591","korat",,"ovemai"
"498592","korathit",,"ovemaruna"
"498593","korats",,"ovemen"
"498594","koray",,"mohele"
"498595","korb",,"ovent"
"498596","korba",,"ivonie"
"498597","korban",,"mihieta"
"498598","korbeek",,"uviniia"
"498599","korbel",,"mohouna"
"498600","korbels",,"mohovu"
"498601","korbin",,"mohoua"
"498602","korbut",,"mihiete"
"498603","korbuts",,"mihibi"
"498604","korc",,"muhana"
"498605","korchagin",,"muhanaat"
"498606","korchnoi",,"muhanoi"
"498607","korchnois",,"muhanoat"
"498608","korcs",,"muhaqi"
"498609","korczak",,"ivoroin"
"498610","korczowa",,"uvirihat"
"498611","kord",,"evass"
"498612","korda",,"ovesoe"
"498613","kordas",,"ovesoo"
"498614","kordax",,"mohuat"
"498615","kordenbrock",,"mohuvateon"
"498616","kordiamin",,"mahoreo"
"498617","kordofan",,"ivosemen"
"498618","kordofanian",,"muhefusuu"
"498619","kordofanians",,"muhefusuot"
"498620","kordofans",,"ivosemon"
"498621","kordon",,"mihaona"
"498622","kordos",,"ivosuo"
"498623","kordufan",,"avusumon"
"498624","kordula",,"mohubu"
"498625","kordun",,"mahoana"
"498626","kordylewski",,"maholepuet"
"498627","kore",,"mihen"
"498628","korea",,"muhoni"
"498629","koreaboo",,"evatesu"
"498630","koreae",,"miheoe"
"498631","koreagate",,"ovetonan"
"498632","korean",,"uvitona"
"498633","koreana",,"avutaaa"
"498634","koreaner",,"mehunuet"
"498635","koreanest",,"mahiniua"
"498636","koreanic",,"uvitufun"
"498637","koreanistics",,"mehunutea"
"498638","koreanization",,"mihenetai"
"498639","koreanize",,"mohanaa"
"498640","koreanized",,"uvitufua"
"498641","koreanizes",,"mohanaen"
"498642","koreanizing",,"uvitufison"
"498643","koreanner",,"evatefot"
"498644","koreanness",,"miheneu"
"498645","koreannest",,"avutafan"
"498646","koreanologist",,"ovetofofan"
"498647","koreanology",,"mohanajaat"
"498648","koreanoside",,"mohanajoon"
"498649","koreanovela",,"ivotifili"
"498650","koreans",,"uvituan"
"498651","koreaphile",,"evatejet"
"498652","koreas",,"muhou"
"498653","koreasat",,"ovetowon"
"498654","koreatown",,"mehunaan"
"498655","korec",,"mihes"
"498656","koreci",,"miheeta"
"498657","koreduga",,"evatudu"
"498658","koreelah",,"mohaviot"
"498659","koreh",,"evaton"
"498660","korei",,"miher"
"498661","koreish",,"evatiin"
"498662","koreishite",,"moharai"
"498663","koreishites",,"moharasoat"
"498664","koreishs",,"evatiwa"
"498665","korek",,"mohata"
"498666","korela",,"avutote"
"498667","korelei",,"ivotiot"
"498668","korell",,"mahiato"
"498669","korella",,"mehuvet"
"498670","korematsu",,"ivoturen"
"498671","koren",,"ivotat"
"498672","korenblat",,"mahipoin"
"498673","korenevsky",,"muhopui"
"498674","koreo",,"mahifa"
"498675","korephile",,"avuturat"
"498676","korephilia",,"oveteraa"
"498677","korero",,"ivotuu"
"498678","koreroed",,"muhocia"
"498679","koreroing",,"muhociat"
"498680","koreros",,"ivotuot"
"498681","kores",,"miheqa"
"498682","koresh",,"evatunn"
"498683","koreshan",,"mohaqua"
"498684","koreshanity",,"evatiriji"
"498685","koreshanitys",,"evatirijat"
"498686","koreshans",,"mohaquen"
"498687","koreshi",,"evatiina"
"498688","koreshian",,"mohaquet"
"498689","koreshite",,"mohaquena"
"498690","koressa",,"muhoqot"
"498691","korethrasterid",,"mihewawei"
"498692","korets",,"avutoti"
"498693","koretta",,"mihewon"
"498694","korey",,"mahile"
"498695","koreyska",,"mahilie"
"498696","korf",,"ivoki"
"498697","korfball",,"muhoraon"
"498698","korfballs",,"muhoraana"
"498699","korff",,"mohal"
"498700","korfonta",,"ivokefet"
"498701","korfs",,"ivokae"
"498702","korgon",,"ovelie"
"498703","korhaan",,"muhunoe"
"498704","korhites",,"mihiroe"
"498705","korhmn",,"mahaea"
"498706","korhogo",,"ovemaun"
"498707","korhonen",,"ivomefet"
"498708","kori",,"muhani"
"498709","koriak",,"muhaaa"
"498710","koridethianus",,"mahetaduun"
"498711","koridethianuss",,"mahetaduu"
"498712","korie",,"mihuva"
"498713","koriella",,"mehovoan"
"498714","korimako",,"muhazai"
"498715","korin",,"uvineo"
"498716","korinda",,"mohipin"
"498717","korinek",,"ovenuan"
"498718","koringa",,"evaniota"
"498719","koringkriek",,"mahepezuun"
"498720","korinthian",,"mahepui"
"498721","korinthos",,"evanibon"
"498722","korinthoses",,"avunobicot"
"498723","korinthosses",,"avunobico"
"498724","korintje",,"ovenubun"
"498725","koritnigite",,"ivonefosin"
"498726","koritsa",,"ovenaia"
"498727","koriukivka",,"ivonovun"
"498728","koriya",,"mohiea"
"498729","koriyama",,"meholoi"
"498730","korkir",,"evasue"
"498731","korkirs",,"evasiota"
"498732","korku",,"mohaba"
"498733","korla",,"evates"
"498734","korlan",,"mehaena"
"498735","korma",,"mihine"
"498736","korman",,"ivovino"
"498737","kormantin",,"avuvafun"
"498738","kormantine",,"uvivufo"
"498739","kormas",,"mihiona"
"498740","kormoran",,"mihifae"
"498741","korn",,"uvizn"
"498742","kornacki",,"uvizutu"
"498743","kornberg",,"avuzezon"
"498744","kornbergs",,"avuzezan"
"498745","kornblum",,"avuzezi"
"498746","kornbluth",,"ovezizu"
"498747","kornbluthian",,"mihurugui"
"498748","kornegay",,"ovezenan"
"498749","kornelite",,"avuzuzan"
"498750","kornephoros",,"mohivosiun"
"498751","kornephorus",,"muhavusau"
"498752","kornephoruss",,"muhavusaot"
"498753","korner",,"mehoo"
"498754","kornerupine",,"mihuvagao"
"498755","korneta",,"mehoven"
"498756","korney",,"avuzote"
"498757","kornfeld",,"mahelain"
"498758","kornfield",,"mahelio"
"498759","korng",,"avuzaa"
"498760","korngold",,"avuzahan"
"498761","korngolds",,"avuzahun"
"498762","kornher",,"uvizauna"
"498763","kornite",,"maherea"
"498764","korns",,"uvizee"
"498765","kornskeppa",,"evazivet"
"498766","kornskeppur",,"mohiqopuat"
"498767","korntonde",,"muhawion"
"498768","korntonder",,"ovezahu"
"498769","korntunna",,"mehoweun"
"498770","korntunnur",,"ovezadot"
"498771","kornvalistskii",,"mihudupiin"
"498772","kornzweig",,"mehomiun"
"498773","koro",,"mehina"
"498774","koroa",,"mohuna"
"498775","koroas",,"mohue"
"498776","korobeit",,"mahorau"
"498777","korobitsynite",,"muherodua"
"498778","koroc",,"mehisa"
"498779","korogwe",,"muhemo"
"498780","koroit",,"ivopot"
"498781","korojuga",,"uvipodin"
"498782","korokke",,"mihatat"
"498783","korol",,"ovepo"
"498784","korolev",,"mohuvine"
"498785","korolevian",,"ivopizan"
"498786","korolyov",,"mohuveo"
"498787","koroma",,"mahoata"
"498788","koromfe",,"ovepiana"
"498789","koromika",,"muhezoi"
"498790","koromiko",,"mahozio"
"498791","korona",,"ovepet"
"498792","koronadal",,"evapira"
"498793","koronas",,"ovepui"
"498794","korong",,"ovepi"
"498795","koronian",,"mohupaen"
"498796","koronion",,"mihapein"
"498797","koronis",,"evapiot"
"498798","koroona",,"uvipoun"
"498799","koroop",,"oveponi"
"498800","korophile",,"ivoporan"
"498801","korophilia",,"avupurot"
"498802","koror",,"uvipa"
"498803","korora",,"avupai"
"498804","kororas",,"avupeen"
"498805","korors",,"uvipane"
"498806","koros",,"mehiqe"
"498807","koroscopy",,"uvipetin"
"498808","koroseal",,"ovepuzan"
"498809","korosten",,"mohuqea"
"498810","korostenskii",,"mehiqapeet"
"498811","korostyshiv",,"uvipebudon"
"498812","korote",,"ovepen"
"498813","korotkoff",,"ovepava"
"498814","korou",,"mahob"
"498815","korouhanba",,"ivopori"
"498816","korova",,"ivopui"
"498817","korovai",,"ivopiaa"
"498818","korowai",,"mahoge"
"498819","korpela",,"muhova"
"498820","korphoog",,"mehunae"
"498821","korpi",,"ivofae"
"498822","korpion",,"mahirin"
"498823","korr",,"ovejs"
"498824","korra",,"ivojiu"
"498825","korraine",,"mohonaa"
"498826","korrasami",,"ovejowe"
"498827","korrect",,"mihivona"
"498828","korrel",,"mohoee"
"498829","korrex",,"meheae"
"498830","korrie",,"evajuna"
"498831","korrig",,"ivojae"
"498832","korrigan",,"muhurai"
"498833","korrigane",,"mihiruin"
"498834","korrigum",,"avujonat"
"498835","korroboree",,"avujisan"
"498836","korry",,"uvijoi"
"498837","kors",,"muhano"
"498838","korsakoff",,"muhanuun"
"498839","korsakoffs",,"muhanuu"
"498840","korsakov",,"ovecovat"
"498841","korsakovs",,"ovecove"
"498842","korsakow",,"muhanuet"
"498843","korshinskyi",,"mihunehii"
"498844","korsholm",,"mihunoin"
"498845","korshun",,"mehoni"
"498846","korshunovskite",,"muhanuhaon"
"498847","korsi",,"muhara"
"498848","korsn",,"uvicea"
"498849","korso",,"mehof"
"498850","korson",,"evacee"
"498851","korsun",,"ivocina"
"498852","korsunia",,"uvicifu"
"498853","kort",,"evaqni"
"498854","korte",,"avuqua"
"498855","korten",,"mahoane"
"498856","kortenaer",,"ivoqofo"
"498857","kortenberg",,"mehivuun"
"498858","korth",,"muhenn"
"498859","korthausae",,"muhenai"
"498860","kortholt",,"muhenii"
"498861","kortnight",,"mohupaan"
"498862","kortowiada",,"mahofoa"
"498863","kortrijk",,"avuqesata"
"498864","kortrijks",,"avuqese"
"498865","kortum",,"ivoqini"
"498866","kortung",,"mehibi"
"498867","kortz",,"mahome"
"498868","kortze",,"muheue"
"498869","koru",,"mihet"
"498870","korumburra",,"avuwesat"
"498871","korun",,"ivowa"
"498872","koruna",,"uviwi"
"498873","korunas",,"uviweata"
"498874","koruny",,"avuwa"
"498875","korus",,"miheqe"
"498876","korwa",,"mihini"
"498877","korwas",,"mihieti"
"498878","korweinguboora",,"ovedesesan"
"498879","korwin",,"ovedon"
"498880","korwun",,"evadun"
"498881","kory",,"mehine"
"498882","koryak",,"mehioa"
"498883","koryaks",,"mehinet"
"498884","koryakskii",,"mahonaon"
"498885","korybant",,"ovekiri"
"498886","koryci",,"mehioe"
"498887","korymboi",,"uvikasu"
"498888","korymbos",,"uvikase"
"498889","korynetes",,"mehipei"
"498890","koryo",,"mihafa"
"498891","koryphaeus",,"mohuhuet"
"498892","korys",,"mehiqi"
"498893","koryu",,"mahoba"
"498894","korzec",,"ovela"
"498895","korzen",,"mohauna"
"498896","korzhinskite",,"mehunuheet"
"498897","korzybski",,"mohaluen"
"498898","korzybskian",,"ivolesopat"
"498899","korzybskis",,"mohaluon"
"498900","kosa",,"ovomni"
"498901","kosai",,"ovomui"
"498902","kosak",,"evemaa"
"498903","kosaka",,"ovomene"
"498904","kosakowski",,"avamuhu"
"498905","kosala",,"mujiin"
"498906","kosalam",,"mojevin"
"498907","kosalan",,"uvumuat"
"498908","kosalans",,"uvumure"
"498909","kosar",,"majuca"
"498910","kosaraju",,"ovomiran"
"498911","kosarajus",,"ovomirun"
"498912","kosb",,"mujui"
"498913","kosch",,"mujanu"
"498914","koschei",,"mijunana"
"498915","koscheis",,"mijuniuna"
"498916","koschier",,"everosot"
"498917","koschnitzki",,"uvurafigi"
"498918","koscinski",,"majerien"
"498919","kosciusko",,"everiden"
"498920","kosciuskos",,"everidon"
"498921","kosciuszko",,"majeraen"
"498922","kosciuszkos",,"majeraboon"
"498923","kosek",,"uvutit"
"498924","koseki",,"uvutano"
"498925","kosel",,"mejuv"
"498926","kosen",,"majipa"
"498927","koser",,"mijece"
"498928","koseret",,"uvutaia"
"498929","koses",,"avatone"
"498930","kosey",,"ovotao"
"498931","kosh",,"mujuo"
"498932","kosha",,"majan"
"498933","koshare",,"ovomoon"
"498934","koshari",,"ivimioa"
"498935","koshary",,"avamaen"
"498936","koshas",,"majaat"
"498937","koshchei",,"evemira"
"498938","koshchey",,"ivimaro"
"498939","koshebe",,"avamuaa"
"498940","kosher",,"evemuna"
"498941","koshered",,"mojovuin"
"498942","kosherer",,"mijivaat"
"498943","kosherest",,"mojovuo"
"498944","kosherfest",,"evemaqet"
"498945","kosheri",,"evemain"
"498946","koshering",,"mojovui"
"498947","kosherize",,"mujuveon"
"498948","kosherized",,"evemaqo"
"498949","kosherizes",,"mujuvean"
"498950","kosherizing",,"evemaqasun"
"498951","kosherly",,"mujuveeta"
"498952","kosherness",,"majavoo"
"498953","kosherrer",,"evemaqa"
"498954","kosherrest",,"avamuqat"
"498955","koshers",,"evemaua"
"498956","koshey",,"majaan"
"498957","koshi",,"mujur"
"498958","koshigaya",,"mujuraan"
"498959","koshikudake",,"ivimavupun"
"498960","koshimot",,"evemipen"
"498961","koshimoto",,"ivimapat"
"498962","koshin",,"uvumuna"
"498963","koshinage",,"avamofun"
"498964","koshkar",,"ovomeana"
"498965","koshkonong",,"mijitoona"
"498966","koshkonongs",,"mijitohuan"
"498967","koshland",,"ivimiren"
"498968","koshoon",,"ivimeena"
"498969","koshu",,"mijib"
"498970","koshur",,"evemee"
"498971","koshus",,"mijii"
"498972","koshy",,"mejela"
"498973","kosi",,"evenna"
"498974","kosiba",,"majean"
"498975","kosice",,"avanota"
"498976","kosich",,"mujaaa"
"498977","kosier",,"mijuone"
"498978","kosik",,"avanua"
"498979","kosimo",,"evenune"
"498980","kosimos",,"evenoot"
"498981","kosin",,"mejopa"
"498982","kosineckij",,"evenizi"
"498983","kosinski",,"majepio"
"498984","kositzke",,"avaninon"
"498985","kosiur",,"mijuia"
"498986","kosiv",,"mojid"
"498987","koska",,"evesea"
"498988","koskela",,"mejuvet"
"498989","koskenni",,"uvusifin"
"498990","kosko",,"ovosao"
"498991","koskow",,"avasoni"
"498992","kosky",,"ovosas"
"498993","koslo",,"mujifa"
"498994","kosloski",,"mijofein"
"498995","koslosky",,"majufiot"
"498996","koslow",,"mojeu"
"498997","koslowski",,"mejafiu"
"498998","kosman",,"majaata"
"498999","kosmicki",,"ivivaton"
"499000","kosmikophobia",,"mijirijae"
"499001","kosmische",,"mejeruuna"
"499002","kosmochlor",,"majafion"
"499003","kosmodem",,"majafuu"
"499004","kosmokrator",,"mejefewua"
"499005","kosmopolita",,"mejefejuo"
"499006","kosmos",,"evevei"
"499007","kosmoses",,"avaviwon"
"499008","kosmotrope",,"mejefau"
"499009","kosmotropic",,"mojofewiun"
"499010","kosmotropicity",,"evevubuca"
"499011","kosmotropy",,"mujufiun"
"499012","kosnarite",,"mejoniat"
"499013","koso",,"ivipne"
"499014","kosong",,"mujeo"
"499015","kosos",,"ivipao"
"499016","kosotoxin",,"mojuweon"
"499017","kosov",,"mujed"
"499018","kosova",,"majoana"
"499019","kosovan",,"avapaen"
"499020","kosovar",,"ivipiot"
"499021","kosovars",,"ivipiro"
"499022","kosovich",,"ovoposun"
"499023","kosovo",,"mejien"
"499024","kosovorotka",,"mijadowuen"
"499025","kosovos",,"mejidon"
"499026","kosower",,"mijagi"
"499027","kosowski",,"avapewan"
"499028","kospalota",,"mojaniena"
"499029","kosrae",,"mujuu"
"499030","kosraean",,"avajazen"
"499031","kosraes",,"mujunot"
"499032","kosrap",,"uvuji"
"499033","koss",,"evecti"
"499034","kossa",,"ovocoe"
"499035","kossack",,"eveceea"
"499036","kossaean",,"mojinoin"
"499037","kossaeans",,"mojinoa"
"499038","kosse",,"avacua"
"499039","kossean",,"mejoven"
"499040","kosseans",,"mejovoon"
"499041","kosseir",,"mijuvan"
"499042","kossel",,"mejooa"
"499043","kossels",,"mejovet"
"499044","kosses",,"avacota"
"499045","kossew",,"iviceu"
"499046","kossil",,"mojiin"
"499047","kossmaticeratid",,"uvucaruvun"
"499048","kosso",,"ivices"
"499049","kossovo",,"mejofon"
"499050","kossuth",,"avacuet"
"499051","kossuthian",,"mejobain"
"499052","kossuths",,"avacubi"
"499053","kost",,"mija"
"499054","kosta",,"mujen"
"499055","kostajnica",,"mojuneon"
"499056","kostal",,"avaqaa"
"499057","kostanai",,"avaqafon"
"499058","kostanay",,"ovoqofi"
"499059","kostanian",,"majoniaa"
"499060","kostants",,"mejinui"
"499061","kostanyan",,"mojunaoa"
"499062","kostas",,"mujein"
"499063","kostecki",,"mejivui"
"499064","kostelanetz",,"mujevasuan"
"499065","kostelanetzs",,"mujevasuun"
"499066","kostelecky",,"iviqozet"
"499067","kosteletzkya",,"avaquzege"
"499068","kosteletzkyas",,"avaquzegin"
"499069","kosteletzya",,"eveqazogo"
"499070","kosteletzyae",,"avaquzegat"
"499071","kosteletzyas",,"eveqazoget"
"499072","kostelnik",,"mojuvion"
"499073","kostenko",,"iviqofen"
"499074","koster",,"avaqota"
"499075","kosti",,"mijar"
"499076","kostiantyn",,"iviqaran"
"499077","kostiantynivka",,"mujerahaet"
"499078","kostic",,"mijaon"
"499079","kostich",,"eveqiin"
"499080","kostick",,"mojurot"
"499081","kostinsk",,"ovoqufe"
"499082","kostis",,"mijai"
"499083","kostisha",,"ovoquwun"
"499084","kostiuk",,"mejiri"
"499085","kostival",,"mejiroan"
"499086","kostka",,"mijaona"
"499087","kostman",,"ovoqii"
"499088","kostmann",,"mojuzio"
"499089","kostopil",,"majofaa"
"499090","kostovite",,"mojufien"
"499091","kostrena",,"mejiceona"
"499092","kostroma",,"ovoqihat"
"499093","kostromskoi",,"ovoqihadet"
"499094","kostrubonko",,"eveqoducan"
"499095","kostya",,"mejiae"
"499096","kostyantyn",,"avaqirat"
"499097","kostyantynivka",,"mejilohoon"
"499098","kostylevite",,"ovoqazilin"
"499099","kosui",,"avawoa"
"499100","kosuk",,"uvuwi"
"499101","kosuke",,"iviwu"
"499102","koswite",,"majarun"
"499103","kosygin",,"mujemet"
"499104","kosygins",,"mujemoi"
"499105","koszalin",,"mojanio"
"499106","koszul",,"avalaa"
"499107","kota",,"mucio"
"499108","kotabaru",,"macureun"
"499109","kotabarus",,"macureu"
"499110","kotae",,"micove"
"499111","kotah",,"ovimie"
"499112","kotahitanga",,"ovimisoto"
"499113","kotahitangas",,"ovimisotet"
"499114","kotaik",,"micoi"
"499115","kotal",,"avemai"
"499116","kotalanol",,"uvamurot"
"499117","kotamobagu",,"ivumuhi"
"499118","kotan",,"uvamei"
"499119","kotar",,"ovimio"
"499120","kotara",,"ivumee"
"499121","kotare",,"evoman"
"499122","kotares",,"evomoune"
"499123","kotaro",,"uvamite"
"499124","kotars",,"ovimena"
"499125","kotarski",,"evomowa"
"499126","kotas",,"muciqe"
"499127","kotasaurus",,"evomiro"
"499128","kotataberry",,"mocewituen"
"499129","kotatsu",,"avemio"
"499130","kotava",,"evomana"
"499131","kotayk",,"macuan"
"499132","kotch",,"evoroe"
"499133","kotched",,"mocine"
"499134","kotchel",,"meconet"
"499135","kotches",,"avereo"
"499136","kotchian",,"mocinao"
"499137","kotchians",,"mocinaet"
"499138","kotching",,"mocinaeta"
"499139","kotchko",,"ovirian"
"499140","kote",,"mocao"
"499141","kotecki",,"mecuset"
"499142","kotegaeshi",,"evoteret"
"499143","kotehineri",,"ovitisota"
"499144","kotek",,"mecut"
"499145","koteka",,"mocauna"
"499146","kotekan",,"oviteon"
"499147","kotel",,"ivutia"
"499148","kotelnik",,"mocavaen"
"499149","kotemaori",,"evotoro"
"499150","kotemawashi",,"ivuturetat"
"499151","koten",,"ovituo"
"499152","kotenage",,"ivutara"
"499153","koth",,"evomn"
"499154","kothagudem",,"mecenoe"
"499155","kothaifaru",,"uvamusen"
"499156","kothari",,"macanua"
"499157","kothe",,"avemue"
"499158","kothi",,"evomii"
"499159","kothok",,"ovimiu"
"499160","kothon",,"mician"
"499161","kothornos",,"ivumeqan"
"499162","koti",,"micuu"
"499163","kotick",,"mociu"
"499164","kotik",,"mocit"
"499165","kotinos",,"avenoon"
"499166","kotiria",,"ovinian"
"499167","kotjebi",,"mocuvin"
"499168","kotka",,"micena"
"499169","kotler",,"mecao"
"499170","kotlet",,"macuana"
"499171","kotleta",,"mecaven"
"499172","kotlik",,"ivutat"
"499173","kotliks",,"ivutaen"
"499174","kotlin",,"mucioa"
"499175","kotlins",,"muciret"
"499176","kotlovina",,"ivutegi"
"499177","kotlyne",,"maculun"
"499178","kotnov",,"mecoen"
"499179","koto",,"macos"
"499180","kotoamatsukami",,"uvapupege"
"499181","kotoe",,"muceva"
"499182","kotoist",,"ovipuan"
"499183","kotoite",,"evopiua"
"499184","kotoki",,"muceoa"
"499185","kotoko",,"meciet"
"499186","kotokoes",,"macotuin"
"499187","kotokos",,"meciti"
"499188","kotolike",,"uvapusin"
"499189","kotomolide",,"mocuzei"
"499190","kotone",,"uvapio"
"499191","kotong",,"evopuo"
"499192","kotoo",,"mocuf"
"499193","kotooed",,"ivupein"
"499194","kotooing",,"ivupesi"
"499195","kotoos",,"mocuu"
"499196","kotor",,"ivupua"
"499197","kotos",,"macoqe"
"499198","kotosho",,"avepoon"
"499199","kotovsky",,"ovipowat"
"499200","kotow",,"micag"
"499201","kotowed",,"uvapai"
"499202","kotower",,"avepeo"
"499203","kotowers",,"avepezet"
"499204","kotowing",,"uvapasot"
"499205","kotows",,"micaon"
"499206","kotowski",,"mocugaen"
"499207","kotox",,"avepoe"
"499208","kotputli",,"uvafibin"
"499209","kotr",,"evoje"
"499210","kotri",,"evoji"
"499211","kotschubeite",,"ivucaruvat"
"499212","kotsko",,"mucaaa"
"499213","kotsur",,"avecae"
"499214","kott",,"aveqs"
"499215","kotta",,"evoqe"
"499216","kottaboi",,"mecinii"
"499217","kottabos",,"mecinion"
"499218","kottaboses",,"maconoot"
"499219","kottaboss",,"mecinian"
"499220","kottayam",,"oviqomi"
"499221","kottbus",,"mocuru"
"499222","kotte",,"uvaqii"
"499223","kottefaru",,"evoqama"
"499224","kottenbrook",,"micavetoo"
"499225","kotter",,"mocuun"
"499226","kotthu",,"mocuua"
"499227","kottie",,"uvaqio"
"499228","kottigite",,"mocurion"
"499229","kottke",,"ivuqu"
"499230","kottler",,"ivuqiot"
"499231","kottmeyer",,"mecizei"
"499232","kotto",,"oviqaa"
"499233","kottpotatis",,"mecihaduot"
"499234","kottu",,"uvaqiu"
"499235","kottwitz",,"uvaqase"
"499236","kotuku",,"maciat"
"499237","kotukutuku",,"uvawido"
"499238","kotul",,"ivuwi"
"499239","kotula",,"uvawii"
"499240","kotulich",,"mecuvuat"
"499241","kotulskite",,"micevea"
"499242","kotupna",,"mocahin"
"499243","kotwal",,"ivudu"
"499244","kotwalee",,"evodeze"
"499245","kotwali",,"ivudia"
"499246","kotwalis",,"ivudizen"
"499247","kotwals",,"ivudiot"
"499248","kotyk",,"mucet"
"499249","kotyle",,"avekota"
"499250","kotyliskos",,"ovikosa"
"499251","kotylos",,"ivukia"
"499252","kotys",,"macoqi"
"499253","kotyss",,"macoan"
"499254","kotytto",,"meciwet"
"499255","kotyttos",,"meciwai"
"499256","kotz",,"ovili"
"499257","kotzebue",,"mocavue"
"499258","kotzebues",,"mocavuin"
"499259","kotzigs",,"ivulao"
"499260","kotzulosu",,"micebuu"
"499261","kotzur",,"mucoin"
"499262","kotzwinkle",,"uvalaso"
"499263","kouba",,"muqun"
"499264","koubaru",,"evineun"
"499265","koubru",,"avonot"
"499266","koudanis",,"ivasifo"
"499267","koudelka",,"ovusezi"
"499268","koudi",,"moqur"
"499269","koudou",,"miqaet"
"499270","koudougou",,"maqofaa"
"499271","koudous",,"miqafi"
"499272","koufax",,"avoka"
"499273","koufaxs",,"avokaen"
"499274","koufta",,"ovuketa"
"499275","kough",,"muqina"
"499276","kouhai",,"muqua"
"499277","kouhu",,"moqob"
"499278","kouichir",,"eviniro"
"499279","kouidis",,"moqitot"
"499280","kouign",,"meqoon"
"499281","kouis",,"avonou"
"499282","kouisa",,"evinune"
"499283","kouise",,"uvenii"
"499284","kouisian",,"meqoquat"
"499285","kouisvil",,"ovunuge"
"499286","koujeng",,"ovurean"
"499287","kouki",,"uveseo"
"499288","koukoulion",,"ivasede"
"499289","koula",,"moqena"
"499290","koulak",,"meqaen"
"499291","koulan",,"ovutetn"
"499292","koulans",,"ovutoia"
"499293","koulibiac",,"avotosan"
"499294","koulibiaca",,"evitisen"
"499295","koulibiacas",,"evitisaton"
"499296","koulibiak",,"uvetesa"
"499297","koulikoro",,"ovutuvot"
"499298","koulourakia",,"evitudutan"
"499299","koulouri",,"avotidan"
"499300","koumbara",,"evivoru"
"499301","koumbaria",,"evivora"
"499302","koumbaros",,"ovuvirun"
"499303","koumei",,"ovuvet"
"499304","koumis",,"ivavota"
"499305","koumises",,"ovuvuwat"
"499306","koumiss",,"ivavao"
"499307","koumisses",,"ovuvuwe"
"499308","koumpounophobia",,"miqihogiot"
"499309","koumys",,"avovaa"
"499310","koumyses",,"uvevowun"
"499311","koumyss",,"avovien"
"499312","koumysses",,"uvevowu"
"499313","koungmiut",,"avozape"
"499314","koungmiuts",,"avozapin"
"499315","kounis",,"maqeun"
"499316","kounsbur",,"maqeqou"
"499317","kountouriotis",,"avozihebon"
"499318","kountry",,"moqiwin"
"499319","kountz",,"meqoo"
"499320","kountze",,"maqewat"
"499321","kountzes",,"maqewae"
"499322","kounu",,"muqaba"
"499323","koupalu",,"avofaen"
"499324","kouprey",,"ivafuin"
"499325","koupreys",,"ivafuza"
"499326","kouproh",,"moqaca"
"499327","koura",,"muquna"
"499328","kourabi",,"ovujoon"
"499329","kourabiedes",,"moqonutuen"
"499330","kourabiethes",,"avojasufu"
"499331","kourai",,"muquot"
"499332","kourbash",,"maqareu"
"499333","kourbashed",,"evijora"
"499334","kourbashes",,"muqurai"
"499335","kourbashing",,"evijoratat"
"499336","kourbashs",,"maqareot"
"499337","kourdes",,"uvejoi"
"499338","kouri",,"miqir"
"499339","kournikova",,"meqepuin"
"499340","kouroi",,"maqaun"
"499341","kouros",,"maqaata"
"499342","kouross",,"maqafe"
"499343","kourotrophic",,"muqufiwaa"
"499344","kourotrophos",,"meqefawoet"
"499345","kourou",,"muquota"
"499346","kourous",,"muqufo"
"499347","kourtney",,"meqewuon"
"499348","koury",,"maqal"
"499349","kousa",,"evice"
"499350","kouse",,"uvecii"
"499351","koushik",,"moqinoa"
"499352","kousin",,"maqeuna"
"499353","kouskous",,"avocuhi"
"499354","kouskouses",,"uveciha"
"499355","kouss",,"avocoi"
"499356","koussevi",,"maqeqau"
"499357","koussevitzky",,"moqiqokoat"
"499358","koussevitzkys",,"moqiqokoe"
"499359","koussin",,"maqequ"
"499360","kousso",,"ovucete"
"499361","koussos",,"ovucui"
"499362","koutchie",,"uveqere"
"499363","koutekite",,"eviqava"
"499364","kouts",,"moquqe"
"499365","koutsos",,"muqeqo"
"499366","koutss",,"moquea"
"499367","kouvola",,"avobien"
"499368","kouvre",,"ivabea"
"499369","kouxian",,"evigiu"
"499370","kouyuan",,"moqubu"
"499371","kouza",,"maqina"
"499372","kouznetsoff",,"maqipadai"
"499373","kouznetsov",,"ivalazon"
"499374","kovac",,"miwos"
"499375","kovacev",,"ivemaea"
"499376","kovacevic",,"ivemazaa"
"499377","kovacevich",,"mewaseat"
"499378","kovach",,"evumate"
"499379","kovacia",,"muwisot"
"499380","kovacic",,"miwoson"
"499381","kovacich",,"evumisin"
"499382","kovacik",,"mowesin"
"499383","kovack",,"moweun"
"499384","kovacs",,"miwoen"
"499385","kovacsian",,"uvomewu"
"499386","kovacsics",,"miwoseun"
"499387","koval",,"uvomu"
"499388","kovalainen",,"uvomura"
"499389","kovalchuk",,"mawuvia"
"499390","kovalcik",,"ivemiten"
"499391","kovalenko",,"muwivui"
"499392","kovaleski",,"ovamozea"
"499393","kovalevs",,"muwivuo"
"499394","kovalevsky",,"mawuvaa"
"499395","kovalevskys",,"mawuvakaen"
"499396","kovalik",,"ivemio"
"499397","kovar",,"evumoi"
"499398","kovarik",,"avimeete"
"499399","kovars",,"evumati"
"499400","kovbasa",,"ovanoen"
"499401","kovci",,"mowir"
"499402","kovdorskite",,"uvosoqipen"
"499403","kovel",,"ovato"
"499404","kovelace",,"ovatoret"
"499405","koveland",,"avitaren"
"499406","kovid",,"uvonou"
"499407","kovil",,"ivenio"
"499408","kovje",,"iveroa"
"499409","kovna",,"ivezi"
"499410","kovnae",,"ovazoe"
"499411","kovnas",,"ivezuo"
"499412","kovni",,"ovazue"
"499413","kovno",,"uvozo"
"499414","kovnoes",,"ivezeot"
"499415","kovnos",,"uvozana"
"499416","kovoor",,"uvopana"
"499417","kovrig",,"evuju"
"499418","kovrov",,"miwion"
"499419","kovsh",,"avice"
"499420","kovtun",,"miwaona"
"499421","kowa",,"avumnu"
"499422","kowabonga",,"ovemihun"
"499423","kowabunga",,"uvimadu"
"499424","kowagmiut",,"mabumoo"
"499425","kowagmiuts",,"mabumoet"
"499426","kowait",,"mobee"
"499427","kowal",,"mebav"
"499428","kowalchuk",,"ovemote"
"499429","kowalczyk",,"evametot"
"499430","kowaleski",,"mubivui"
"499431","kowalews",,"mibovian"
"499432","kowalewski",,"mobevoon"
"499433","kowalewskis",,"mobevoloan"
"499434","kowalik",,"mabuvu"
"499435","kowalke",,"mubiva"
"499436","kowalkowski",,"mubivujiin"
"499437","kowall",,"ovemetu"
"499438","kowalski",,"mabuviot"
"499439","kowalsky",,"mobevaa"
"499440","kowan",,"mabup"
"499441","kowari",,"miboon"
"499442","kowarski",,"mobecao"
"499443","kowatch",,"avumio"
"499444","kowbird",,"moboru"
"499445","kowc",,"uvirn"
"499446","kowe",,"ivotta"
"499447","koweit",,"mabiana"
"499448","koweits",,"mabirun"
"499449","kowel",,"mubov"
"499450","kowell",,"avutano"
"499451","kowhai",,"mibii"
"499452","kowhais",,"mibinat"
"499453","kowhaiwhai",,"avumasu"
"499454","kowhaiwhais",,"avumasitot"
"499455","kowice",,"ivonee"
"499456","kowitz",,"avunau"
"499457","kowk",,"ivosna"
"499458","kowl",,"mabue"
"499459","kowliang",,"oveture"
"499460","kowloon",,"uvitoea"
"499461","kowloons",,"uvitohin"
"499462","kowloonside",,"mabufuhaon"
"499463","kowohl",,"avupeni"
"499464","kowoj",,"mibas"
"499465","kowoll",,"ivopota"
"499466","kowrie",,"mebeoa"
"499467","kowry",,"mubul"
"499468","kows",,"uvicte"
"499469","kowtko",,"mobuua"
"499470","kowtow",,"mebio"
"499471","kowtowed",,"oveqakon"
"499472","kowtower",,"ivoqeka"
"499473","kowtowers",,"ivoqeken"
"499474","kowtowing",,"oveqakin"
"499475","kowtows",,"mebifet"
"499476","kowtun",,"avuqaa"
"499477","koxinga",,"ivinao"
"499478","koxlax",,"midoet"
"499479","koxtag",,"avaqai"
"499480","koya",,"uvamne"
"499481","koyaanis",,"maguniu"
"499482","koyak",,"ivumoe"
"499483","koyama",,"ivumei"
"499484","koyan",,"mugipa"
"499485","koyanagi",,"megapoan"
"499486","koyang",,"maguata"
"499487","koyasu",,"ivumeo"
"499488","koybal",,"ivunei"
"499489","koyemshi",,"migezee"
"499490","koyilandy",,"mugavaon"
"499491","koyiyumptewa",,"evonuduqi"
"499492","koyli",,"mugir"
"499493","koyok",,"uvapiu"
"499494","koyraboro",,"mogonuo"
"499495","koyter",,"oviqoi"
"499496","koyuga",,"uvawio"
"499497","koyukon",,"migetat"
"499498","koyukuk",,"uvawiun"
"499499","koyunlu",,"oviwui"
"499500","koza",,"mekae"
"499501","kozacek",,"mukisin"
"499502","kozachi",,"uvemeata"
"499503","kozachok",,"avomorona"
"499504","kozai",,"mekar"
"499505","kozak",,"makut"
"499506","kozani",,"evimune"
"499507","kozanis",,"evimiua"
"499508","kozar",,"uvemaa"
"499509","kozel",,"avotan"
"499510","kozhikode",,"makaraa"
"499511","kozhimannil",,"mikirasii"
"499512","kozi",,"makeu"
"499513","koziara",,"avonao"
"499514","koziarz",,"mikuni"
"499515","koziatyn",,"makenuu"
"499516","kozicki",,"mukasen"
"499517","koziel",,"avonai"
"499518","kozienice",,"ivanofen"
"499519","kozik",,"mukat"
"499520","kozikowski",,"mikutoen"
"499521","koziol",,"ivanoto"
"499522","kozloski",,"ovutawe"
"499523","kozlov",,"mukiot"
"499524","kozlovs",,"mukifo"
"499525","kozlovsky",,"makufea"
"499526","kozlowski",,"avotikun"
"499527","kozo",,"mokuu"
"499528","kozogami",,"mokumien"
"499529","kozonis",,"ovupuan"
"499530","kozs",,"maken"
"499531","kozub",,"ovuwie"
"499532","kozuch",,"ovuwen"
"499533","kozue",,"mikev"
"499534","kozuf",,"ivawoa"
"499535","kozuka",,"mukoin"
"499536","kozulite",,"mekuvui"
"499537","kozunak",,"uveweat"
"499538","kozyr",,"avoke"
"499539","kozyrev",,"makocan"
"499540","kozyrevskite",,"avokezodu"
"499541","kpalim",,"izetot"
"499542","kpanlogo",,"melevuaa"
"499543","kpap",,"izefe"
"499544","kpasam",,"mulueti"
"499545","kpcb",,"ezen"
"499546","kpcs",,"munut"
"499547","kpdh",,"murio"
"499548","kpelle",,"musoeta"
"499549","kphayash",,"muloluun"
"499550","kphs",,"ezaco"
"499551","kpkb",,"azone"
"499552","kplc",,"uzore"
"499553","kple",,"izeta"
"499554","kpmg",,"mite"
"499555","kpnlf",,"izito"
"499556","kpno",,"azapa"
"499557","kpod",,"ozise"
"499558","kpomo",,"mezaf"
"499559","kponeill",,"ezozaso"
"499560","kpop",,"uzafn"
"499561","kpra",,"ozemo"
"499562","kproc",,"izopae"
"499563","kprocs",,"izopua"
"499564","kpsm",,"mojeo"
"499565","kpss",,"mujun"
"499566","kpuesi",,"moquoa"
"499567","kpuesis",,"moquqet"
"499568","kpwe",,"mebi"
"499569","kpyyu",,"mogib"
"499570","kquoja",,"meqeot"
"499571","kraabel",,"malerun"
"499572","kraaifontein",,"mularejeen"
"499573","kraak",,"melot"
"499574","kraal",,"afimae"
"499575","kraaled",,"mulavae"
"499576","kraalhead",,"afimaret"
"499577","kraaling",,"mulavuat"
"499578","kraals",,"afimot"
"499579","kraar",,"ofamie"
"499580","kraatz",,"miluona"
"499581","krab",,"efuns"
"499582","krabbe",,"meliaa"
"499583","krabi",,"efunie"
"499584","krabong",,"molufo"
"499585","krabs",,"efunii"
"499586","krachai",,"ofarion"
"499587","kracht",,"meluet"
"499588","kracke",,"muloota"
"499589","kradsch",,"melaqon"
"499590","kraemer",,"ofatien"
"499591","kraemeriid",,"molozui"
"499592","kraemers",,"ofatizon"
"499593","kraepelin",,"efutaza"
"499594","kraepelinian",,"malahopoun"
"499595","kraepelins",,"efutazen"
"499596","kraeusening",,"mulubupein"
"499597","krafft",,"ifekot"
"499598","kraffts",,"ifekoo"
"499599","kraft",,"molowi"
"499600","krafts",,"moloote"
"499601","kraftwerkian",,"molowepiin"
"499602","kraftwerkz",,"malawuet"
"499603","krafve",,"malaun"
"499604","krag",,"molino"
"499605","kragen",,"ifelu"
"499606","krager",,"efulata"
"499607","kragerite",,"malevuo"
"499608","krageroite",,"molivean"
"499609","kragh",,"ofalia"
"499610","krags",,"moliqn"
"499611","kragujevac",,"mulabaat"
"499612","kragujevacs",,"mulabapue"
"499613","kraguyevac",,"efulamot"
"499614","krahling",,"ifemisi"
"499615","krahmalistyi",,"afimerovo"
"499616","krahmer",,"mulezet"
"499617","krahn",,"mulep"
"499618","krahulik",,"milabea"
"499619","krai",,"meluno"
"499620","kraig",,"molam"
"499621","kraisslite",,"mileqien"
"499622","krait",,"afinie"
"499623","kraits",,"afinaa"
"499624","kraje",,"ufori"
"499625","krajecki",,"iferoto"
"499626","krajewski",,"efurako"
"499627","krajina",,"muliron"
"499628","krajnc",,"miloana"
"499629","krajnek",,"melapan"
"499630","krak",,"malanu"
"499631","krakatai",,"efusebin"
"499632","krakatao",,"ifesiba"
"499633","krakataoes",,"ofasobun"
"499634","krakataos",,"ifesiben"
"499635","krakatau",,"afisaben"
"499636","krakataus",,"afisabon"
"499637","krakatoa",,"ifesibaa"
"499638","krakatoae",,"ofasoban"
"499639","krakatoan",,"melenoe"
"499640","krakatoas",,"ifesibena"
"499641","krakau",,"malauna"
"499642","krakauer",,"ufosudat"
"499643","krakaus",,"malanua"
"499644","krake",,"muluva"
"499645","kraken",,"efusata"
"499646","krakens",,"efusae"
"499647","kraker",,"ufosona"
"499648","krakmolingroses",,"ifesuhavan"
"499649","krakow",,"malaea"
"499650","krakowiak",,"malafueta"
"499651","krakowiaks",,"malafui"
"499652","krakows",,"malafin"
"499653","krakowski",,"mulufie"
"499654","krakuw",,"moloin"
"499655","krakuws",,"moloba"
"499656","kral",,"ufotn"
"499657","kralckc",,"ifetain"
"499658","kralik",,"ifetot"
"499659","kraljevec",,"afitizet"
"499660","kraljevo",,"ifetezo"
"499661","krall",,"miluvi"
"499662","kraly",,"efutu"
"499663","kram",,"muleni"
"499664","krama",,"maloni"
"499665","kramarsk",,"ufovuqe"
"499666","kramarzewski",,"milanoroon"
"499667","kramas",,"malouna"
"499668","kramatorsk",,"melinoot"
"499669","krambach",,"meliruan"
"499670","krambamboeli",,"ifevurevun"
"499671","kramer",,"ifeve"
"499672","kramered",,"moluveot"
"499673","krameri",,"ifevoot"
"499674","krameria",,"ufoviqun"
"499675","krameriaceae",,"ifevoqoton"
"499676","krameriaceaes",,"ifevoqotan"
"499677","krameriaceous",,"ufoviqitet"
"499678","krameriana",,"milavoa"
"499679","kramerianum",,"mulevituin"
"499680","kramerias",,"ufoviqu"
"499681","krameric",,"ifevoqa"
"499682","kramering",,"moluvean"
"499683","kramers",,"ifevoin"
"499684","kramlich",,"milaviot"
"499685","kramned",,"malope"
"499686","kramp",,"afivu"
"499687","krampus",,"ufoviat"
"499688","krams",,"muleqa"
"499689","kramsib",,"ufoveat"
"499690","kran",,"ifezna"
"499691","kranach",,"malinu"
"499692","kranachs",,"malinaot"
"499693","krand",,"mileta"
"499694","krandt",,"ofazoa"
"499695","krane",,"ofazei"
"499696","krang",,"ufozui"
"499697","krango",,"efuze"
"499698","krangs",,"ufozan"
"499699","kranich",,"muloron"
"499700","kranj",,"miles"
"499701","kranjs",,"mileati"
"499702","krank",,"ofazeo"
"499703","krankenstation",,"ifezozodo"
"499704","kranocyte",,"melufeat"
"499705","krans",,"ifezau"
"499706","kransekage",,"ofazuze"
"499707","kransekake",,"afizozan"
"499708","kranses",,"ofazuet"
"499709","kransky",,"ufozeat"
"499710","kranss",,"ifezue"
"499711","krant",,"milew"
"499712","krantikari",,"ifezesat"
"499713","krantz",,"ufozona"
"499714","krantzes",,"ifezenot"
"499715","krantzite",,"milewain"
"499716","kranz",,"malima"
"499717","kranzberg",,"melumaun"
"499718","kranzburg",,"melumae"
"499719","kranzburgs",,"melumain"
"499720","kranzes",,"mulomo"
"499721","kraon",,"afipoi"
"499722","kraor",,"ifepui"
"499723","kraorohd",,"afipehon"
"499724","krape",,"efufae"
"499725","krapf",,"mulul"
"499726","krapfen",,"afifuen"
"499727","krapina",,"meleran"
"499728","krapinas",,"melereun"
"499729","krapinsko",,"melereot"
"499730","krapjd",,"efufat"
"499731","krapkowice",,"afifuhat"
"499732","kraplk",,"malaua"
"499733","krapm",,"afife"
"499734","krar",,"efujn"
"499735","krarist",,"meliran"
"499736","kras",,"melunu"
"499737","krasa",,"molanu"
"499738","krasava",,"efuceat"
"499739","krasher",,"melunii"
"499740","krasinski",,"ofacufin"
"499741","krasis",,"meluone"
"499742","kraska",,"melueta"
"499743","kraske",,"muloai"
"499744","kraskino",,"ufocisina"
"499745","kraskovskij",,"mulotakeo"
"499746","krasna",,"ufocona"
"499747","krasnaya",,"ofacuron"
"499748","krasner",,"milepat"
"499749","krasnik",,"ofacuan"
"499750","krasniqi",,"ufocesin"
"499751","krasnodar",,"efucihot"
"499752","krasnodars",,"efuciho"
"499753","krasnoff",,"ifecahon"
"499754","krasnogorsk",,"milepurean"
"499755","krasnogvardietz",,"meluporeat"
"499756","krasnohorivka",,"molapisaen"
"499757","krasnohrad",,"molapian"
"499758","krasnookryabrskii",,"malipejuat"
"499759","krasnoperekopsk",,"molapiceon"
"499760","krasnopolsky",,"ifecahucin"
"499761","krasnoufinskij",,"molapigeat"
"499762","krasnov",,"mulopet"
"499763","krasnovite",,"ofacuhu"
"499764","krasnovodsk",,"ufocehecen"
"499765","krasnow",,"ifecaot"
"499766","krasnoyarsk",,"milepuniet"
"499767","krasnoyarsks",,"milepunii"
"499768","krasnozem",,"mulopaan"
"499769","krasnozems",,"mulopaun"
"499770","krasny",,"aficota"
"499771","krasnyi",,"aficoena"
"499772","krasnys",,"aficooa"
"499773","krasowski",,"malifuet"
"499774","krass",,"meluqo"
"499775","krassenstein",,"ifecazodun"
"499776","krast",,"aficie"
"499777","krasue",,"muloote"
"499778","krasyliv",,"malilia"
"499779","kraszewski",,"ifecozona"
"499780","krat",,"afiqt"
"499781","kratagonist",,"efuqenejan"
"499782","kratagya",,"afiqanen"
"499783","kratartha",,"milonoin"
"499784","krater",,"maluate"
"499785","kraterocracy",,"afiquqazat"
"499786","kraterocratic",,"milovojaon"
"499787","kraters",,"maluve"
"499788","kratha",,"moleine"
"499789","krati",,"afiqoi"
"499790","kratky",,"efuqat"
"499791","kratochvil",,"malufai"
"499792","kratochvilite",,"ifeqetelot"
"499793","kratocracy",,"melafeun"
"499794","kratocratic",,"ifeqeteti"
"499795","kratogen",,"malufia"
"499796","kratogenic",,"malufion"
"499797","kratom",,"afiqae"
"499798","kraton",,"maluea"
"499799","kratos",,"ofaqen"
"499800","kratovo",,"milofun"
"499801","kratshv",,"ufoqeat"
"499802","kratt",,"maluw"
"499803","kratz",,"molema"
"499804","kratzer",,"efuqaat"
"499805","kratzerian",,"malumoen"
"499806","kraul",,"ifewi"
"499807","kraunhia",,"mulupian"
"499808","kraunhias",,"mulupiun"
"499809","krauomania",,"ufowopa"
"499810","kraurite",,"mulucuon"
"499811","kraurosis",,"ofawihe"
"499812","kraurosiss",,"ofawihin"
"499813","kraurotic",,"molocion"
"499814","kraus",,"malaqe"
"499815","krause",,"muluot"
"499816","krausen",,"efuwiun"
"499817","krauser",,"ufowei"
"499818","krauses",,"muluqo"
"499819","kraushaar",,"miliqoin"
"499820","krausite",,"ifewasa"
"499821","krauskopfite",,"ofawuvoqet"
"499822","krauss",,"malaune"
"499823","krausz",,"efuwan"
"499824","kraut",,"ufowoa"
"499825","krauted",,"miliwi"
"499826","krauter",,"muluwo"
"499827","krautfurter",,"ufowomabo"
"499828","krauth",,"malaee"
"499829","krauthead",,"ufoworun"
"499830","krautheades",,"ifewerutet"
"499831","krautheads",,"ufoworu"
"499832","krauting",,"miliwiot"
"499833","krautish",,"malawao"
"499834","krautite",,"miliwie"
"499835","krautrock",,"melewae"
"499836","krauts",,"ufowon"
"499837","krautsh",,"malawin"
"499838","krautwagon",,"muluwie"
"499839","krautweed",,"malawuu"
"499840","krav",,"ufobi"
"499841","kravarsko",,"molineone"
"499842","kravchenko",,"ofaburu"
"499843","kravchuk",,"milusou"
"499844","kravdraa",,"efubuqun"
"499845","kravec",,"ifebata"
"499846","kravers",,"mulavoa"
"499847","kravets",,"miluvan"
"499848","kravetz",,"ufobion"
"499849","kravietz",,"ufobezat"
"499850","kravis",,"ufobia"
"499851","kravits",,"mularet"
"499852","kravitz",,"afiboo"
"499853","krawarree",,"muleniet"
"499854","krawchuk",,"ofaduran"
"499855","krawczyk",,"efudine"
"499856","krawiec",,"milaran"
"499857","krawietz",,"mulereet"
"499858","krawitz",,"malorua"
"499859","krawizck",,"ufodenun"
"499860","kray",,"miloni"
"499861","kraynak",,"afikoo"
"499862","krazy",,"ufoloe"
"499863","krazykat",,"mululeet"
"499864","krchin",,"minaun"
"499865","krclova",,"manefu"
"499866","krcmar",,"ufuvon"
"499867","krdev",,"morod"
"499868","kreager",,"afomaa"
"499869","kreamer",,"ofumien"
"499870","kreamers",,"ofumizon"
"499871","kreasi",,"maseune"
"499872","kreasote",,"afomoho"
"499873","kreasoted",,"maseqein"
"499874","kreasotes",,"afomohet"
"499875","kreasoting",,"maseqei"
"499876","kreatic",,"ufemoi"
"499877","kreatin",,"mosiwaa"
"499878","kreatine",,"mesowean"
"499879","kreatines",,"mesoweun"
"499880","kreatinin",,"ufemosot"
"499881","kreatophagia",,"efimuhotat"
"499882","kreatophagy",,"ofumahitot"
"499883","krebiozen",,"ufenehe"
"499884","krebs",,"ufeneu"
"499885","krebss",,"ufenet"
"499886","krec",,"musono"
"499887","krect",,"ifaree"
"499888","kreda",,"ufesue"
"499889","kreditanstalt",,"masuresoun"
"499890","kreditsch",,"ifasaben"
"499891","krednusj",,"ufesedun"
"499892","kreegar",,"afotaa"
"499893","kreeger",,"ifatiu"
"499894","kreel",,"efitei"
"499895","kreep",,"ufetii"
"499896","kreeps",,"ufetet"
"499897","krees",,"misiqn"
"499898","kreese",,"mosoune"
"499899","kreesed",,"efitii"
"499900","kreeses",,"mosoqu"
"499901","kreesing",,"efitisot"
"499902","krefeld",,"ofukeet"
"499903","krefetz",,"afokua"
"499904","kreff",,"mosole"
"499905","kreffts",,"efikain"
"499906","kreft",,"masawo"
"499907","krefts",,"masaeu"
"499908","kreg",,"masetu"
"499909","kreger",,"ufelon"
"499910","krehbiel",,"ofumisan"
"499911","krei",,"musonu"
"499912","kreidberg",,"ufenose"
"499913","kreider",,"misetan"
"499914","kreidler",,"efinuzu"
"499915","kreifels",,"miselain"
"499916","kreiger",,"ufenuata"
"499917","kreigs",,"masiui"
"499918","kreigss",,"masimota"
"499919","kreiker",,"ofuneon"
"499920","kreil",,"ofuno"
"499921","kreimendahl",,"misezaheet"
"499922","krein",,"efinii"
"499923","kreindler",,"musopaan"
"499924","kreiner",,"mesupi"
"499925","kreins",,"efinun"
"499926","kreis",,"musoqn"
"499927","kreischer",,"musoquan"
"499928","kreise",,"miseia"
"499929","kreisel",,"efiniea"
"499930","kreiser",,"ifanain"
"499931","kreisky",,"masiqin"
"499932","kreiskys",,"masiqoa"
"499933","kreisler",,"mosaqaen"
"499934","kreislers",,"mosaqaon"
"499935","kreistag",,"afonobon"
"499936","kreistags",,"afonoban"
"499937","kreistle",,"mesuqoat"
"499938","kreistled",,"afonobona"
"499939","kreistles",,"mesuqoe"
"499940","kreistling",,"afonobin"
"499941","kreit",,"ifaneo"
"499942","kreiter",,"misewat"
"499943","kreitman",,"masiwua"
"499944","kreitonite",,"efinuheta"
"499945","kreittonite",,"mesuwojio"
"499946","kreitzer",,"ufenonat"
"499947","kreitzman",,"efinuna"
"499948","krejci",,"ifaru"
"499949","kreklow",,"efiseu"
"499950","krell",,"mesov"
"499951","krelos",,"ufetio"
"499952","kremastoplankton",,"mesineduot"
"499953","krembo",,"ufevon"
"499954","kremenchug",,"musevue"
"499955","kremenchuk",,"mosuvoan"
"499956","kremenets",,"mosuvoen"
"499957","kremenkulskii",,"musevuzii"
"499958","kremer",,"efivana"
"499959","kremers",,"efivauna"
"499960","kremersite",,"masovuen"
"499961","kreminna",,"misariin"
"499962","kreml",,"afovaa"
"499963","kremlebot",,"efivezot"
"499964","kremlin",,"misavua"
"499965","kremlinism",,"mesiveena"
"499966","kremlinist",,"ofuvosa"
"499967","kremlinite",,"efiveson"
"499968","kremlinological",,"mesivehua"
"499969","kremlinologies",,"afovasucat"
"499970","kremlinologist",,"mesivehuot"
"499971","kremlinologists",,"mesivehuo"
"499972","kremlinology",,"ifavisoca"
"499973","kremlins",,"misaviot"
"499974","kremmling",,"mosuzaun"
"499975","kremmlings",,"mosuzau"
"499976","kremnitz",,"afovoson"
"499977","kremnobates",,"efivihuten"
"499978","kremnos",,"efiviu"
"499979","krems",,"mosuqni"
"499980","kremser",,"efiviun"
"499981","kremsers",,"efivizu"
"499982","kremvax",,"musedo"
"499983","kremvaxes",,"misadee"
"499984","krendel",,"ifazeu"
"499985","krenek",,"ufezon"
"499986","kreners",,"mesuvon"
"499987","kreng",,"ofuzoi"
"499988","krengs",,"ofuzeta"
"499989","krenn",,"musop"
"499990","krenner",,"ifazain"
"499991","krennerite",,"mosapui"
"499992","krentz",,"ofuzoo"
"499993","krenz",,"misem"
"499994","krenzbach",,"masimuot"
"499995","krenzer",,"ofuzeen"
"499996","kreo",,"mesate"
"499997","kreol",,"ufepui"
"499998","kreophagist",,"ufepireson"
"499999","kreophagy",,"mosehei"
"500000","kreosote",,"efipihu"
"500001","kreosoted",,"mesaqoat"
"500002","kreosotes",,"efipihot"
"500003","kreosoting",,"mesaqoo"
"500004","kreotoxin",,"ofupahe"
"500005","kreotoxism",,"misowuen"
"500006","krepi",,"afofoa"
"500007","krepis",,"afofai"
"500008","krepiss",,"afofoen"
"500009","krepka",,"afofot"
"500010","kreplach",,"afofaret"
"500011","kreplakh",,"ufefuru"
"500012","kreplech",,"ifafiza"
"500013","kreplekh",,"ofufozat"
"500014","kreplich",,"ufefusu"
"500015","kreppel",,"ufefian"
"500016","kreps",,"afofoe"
"500017","krepysh",,"misilun"
"500018","kres",,"musota"
"500019","kresak",,"musoaa"
"500020","kresan",,"ofucoa"
"500021","kresge",,"musoae"
"500022","kresges",,"musomen"
"500023","kresgeville",,"ifacizavat"
"500024","kresgevilles",,"ifacizave"
"500025","kresic",,"musoai"
"500026","kresnik",,"afocoeta"
"500027","kresol",,"ufeci"
"500028","kresoxim",,"eficulot"
"500029","kress",,"musoqt"
"500030","kresse",,"miseon"
"500031","kressida",,"ufecesat"
"500032","kressin",,"eficiu"
"500033","kressman",,"afocopet"
"500034","kresy",,"mesulo"
"500035","kreta",,"ufequi"
"500036","kretchmer",,"efiqirot"
"500037","kretek",,"efiqan"
"500038","kreteks",,"efiqaun"
"500039","kretinga",,"misoriin"
"500040","kretowicz",,"masufua"
"500041","kretschmann",,"misoqisuet"
"500042","kretschmer",,"efiqito"
"500043","kretschmerian",,"masuqasee"
"500044","kretschmers",,"efiqituhet"
"500045","krettnichite",,"ufeqofizon"
"500046","kretz",,"masuma"
"500047","kretzer",,"ufeqion"
"500048","kreu",,"misitu"
"500049","kreusa",,"musuot"
"500050","kreuser",,"ofuwuen"
"500051","kreuter",,"mosowin"
"500052","kreutzer",,"ifawenin"
"500053","kreutzers",,"ifawena"
"500054","kreutzet",,"ofuwanet"
"500055","kreutzmann",,"misiwaa"
"500056","kreuzber",,"ufewisi"
"500057","kreuzberg",,"afowuset"
"500058","kreuzer",,"musumaa"
"500059","kreuzers",,"musumeen"
"500060","kreuzlingen",,"misimetaon"
"500061","kreuznach",,"ifawofo"
"500062","krever",,"mosiei"
"500063","krevin",,"maseee"
"500064","krevinian",,"ifabafon"
"500065","krevyakinskian",,"ufeborave"
"500066","krew",,"mosuru"
"500067","krewe",,"mesive"
"500068","krewes",,"mesio"
"500069","krewson",,"efidie"
"500070","krey",,"mesati"
"500071","kreye",,"masuvi"
"500072","kreymborg",,"misozoot"
"500073","kreymborgs",,"misozoo"
"500074","kreyol",,"efikat"
"500075","kreysig",,"moseqoa"
"500076","kriah",,"efemoe"
"500077","krias",,"memoqo"
"500078","kriaski",,"mameqa"
"500079","kriat",,"afamio"
"500080","krib",,"afans"
"500081","kribensis",,"momuvoi"
"500082","kribergite",,"ufuniqa"
"500083","kribs",,"afanoe"
"500084","krichevsky",,"mumonee"
"500085","kricken",,"afaruen"
"500086","kridel",,"momeina"
"500087","krider",,"mumiaa"
"500088","kriders",,"mumiven"
"500089","kridle",,"momeine"
"500090","kriebel",,"momorot"
"500091","krieg",,"mamam"
"500092","kriege",,"mumuoa"
"500093","kriegel",,"ofotoi"
"500094","krieger",,"ufutuata"
"500095","kriegers",,"ufutuze"
"500096","krieges",,"mumumet"
"500097","kriegie",,"mumumon"
"500098","kriegs",,"mamau"
"500099","kriegserlebnis",,"mamamapeot"
"500100","kriegsflagge",,"momomonoo"
"500101","kriegsgefangener",,"momomoreat"
"500102","kriegsgericht",,"afatawofet"
"500103","kriegsmarine",,"mememefeon"
"500104","kriegsneurose",,"momomoheot"
"500105","kriegspiel",,"mumumuin"
"500106","kriegspiels",,"mumumucea"
"500107","kriegsspiel",,"mumumubia"
"500108","kriegsspiels",,"mumumubien"
"500109","kriegstagebuch",,"afatawaten"
"500110","kriegy",,"momoota"
"500111","kriek",,"mimit"
"500112","krieker",,"ofoteon"
"500113","kriemhil",,"memezain"
"500114","kriemhild",,"afaterun"
"500115","krienke",,"ufuteat"
"500116","kriens",,"efetune"
"500117","krier",,"ufutaa"
"500118","kries",,"mumuqe"
"500119","kriesel",,"efetiea"
"500120","kriete",,"ofotoe"
"500121","kriezis",,"afatuen"
"500122","krigbaum",,"ufularu"
"500123","krige",,"mamevu"
"500124","kriged",,"ufuli"
"500125","kriger",,"afaloe"
"500126","kriges",,"mameu"
"500127","krighst",,"memonea"
"500128","krigia",,"momioe"
"500129","krigiae",,"memorat"
"500130","krigias",,"momiret"
"500131","kriging",,"ufuleot"
"500132","krigsman",,"ofolupe"
"500133","krijgen",,"momemet"
"500134","krikjs",,"ifisai"
"500135","kriko",,"memefi"
"500136","krikoria",,"ofosaqe"
"500137","krikorian",,"mamafui"
"500138","kriktpac",,"memewiun"
"500139","krilium",,"afatoi"
"500140","kriliums",,"afatodat"
"500141","krill",,"momiv"
"500142","krills",,"momioi"
"500143","krilov",,"mumaeti"
"500144","krim",,"mimae"
"500145","krimmer",,"afaveet"
"500146","krimmers",,"afavezi"
"500147","krimml",,"ufuvun"
"500148","krimpenerwaard",,"afavuzufa"
"500149","krin",,"ofozni"
"500150","krina",,"ifizie"
"500151","krindjabo",,"mamiteen"
"500152","kriner",,"momaota"
"500153","kring",,"ifizii"
"500154","kringel",,"memumun"
"500155","kringla",,"mimemina"
"500156","kringle",,"memumuna"
"500157","kringles",,"memumuu"
"500158","krinkov",,"momatet"
"500159","krinov",,"mimeuna"
"500160","krinovite",,"efezugen"
"500161","krinsky",,"ifizao"
"500162","krinthos",,"ufuzorot"
"500163","krinthoss",,"ufuzoro"
"500164","krio",,"momen"
"500165","kriol",,"afapaa"
"500166","kriophoros",,"ifipore"
"500167","kriophoross",,"ifiporibin"
"500168","krios",,"momequ"
"500169","kripik",,"afafet"
"500170","kripke",,"ufufan"
"500171","kripkean",,"mimitain"
"500172","kripkenstein",,"mimitahaat"
"500173","krips",,"efefie"
"500174","kripss",,"efefea"
"500175","kriptonite",,"mumuwain"
"500176","kris",,"mamis"
"500177","krisa",,"memuno"
"500178","krisbaro",,"mumoroi"
"500179","krischer",,"mamisua"
"500180","krised",,"ifice"
"500181","krisel",,"ofoceta"
"500182","krises",,"mumooa"
"500183","krish",,"aface"
"500184","krisha",,"efece"
"500185","krishabers",,"efecoren"
"500186","krishak",,"afaceon"
"500187","krishan",,"mumoni"
"500188","krisher",,"maminot"
"500189","krishi",,"afaceta"
"500190","krishin",,"mimenot"
"500191","krishink",,"momanoat"
"500192","krishna",,"mumonia"
"500193","krishnacore",,"afacefozu"
"500194","krishnae",,"mimeniin"
"500195","krishnagiri",,"afacefosen"
"500196","krishnah",,"ufucafot"
"500197","krishnai",,"mumonuun"
"500198","krishnaism",,"momanou"
"500199","krishnaisms",,"momanosuot"
"500200","krishnaist",,"ificufun"
"500201","krishnaists",,"ificufavu"
"500202","krishnaite",,"ofocifot"
"500203","krishnaites",,"ofocifuvo"
"500204","krishnaitic",,"ificufavua"
"500205","krishnaitics",,"ificufavot"
"500206","krishnam",,"momanoi"
"500207","krishnamurthy",,"ificufaho"
"500208","krishnamurti",,"memunesoan"
"500209","krishnamurtis",,"memunesoun"
"500210","krishnan",,"efecofo"
"500211","krishnas",,"mumonuat"
"500212","krishnashtami",,"mimenisain"
"500213","krishnaswamy",,"mimenisaan"
"500214","krishnology",,"ificufifot"
"500215","krishtel",,"ofocibun"
"500216","krising",,"ificaet"
"500217","krispie",,"afacuet"
"500218","krispies",,"afacusi"
"500219","krispin",,"mumohan"
"500220","kriss",,"mamiqa"
"500221","krissed",,"ificain"
"500222","krisses",,"mumoqet"
"500223","krissie",,"mumoqon"
"500224","krissing",,"ificasi"
"500225","krissy",,"momaote"
"500226","krista",,"afacaa"
"500227","kristal",,"mumowon"
"500228","kristall",,"ofocarun"
"500229","kristalla",,"ificeron"
"500230","kristallnacht",,"memuwupean"
"500231","kristan",,"mimewe"
"500232","kristang",,"mumowoat"
"500233","kristas",,"afacien"
"500234","kriste",,"ificua"
"500235","kristel",,"momawo"
"500236","kristen",,"memuwan"
"500237","kristens",,"memuwiun"
"500238","kristensen",,"ofocazu"
"500239","kristersson",,"ificezedun"
"500240","kristeva",,"mimewae"
"500241","kristevan",,"afacizi"
"500242","kristi",,"ufucata"
"500243","kristian",,"mimewiot"
"500244","kristiania",,"mumowuin"
"500245","kristiansand",,"memuwesiet"
"500246","kristiansen",,"ufucosejet"
"500247","kristiansenite",,"mimewisau"
"500248","kristianson",,"ofocasujen"
"500249","kristianstad",,"mimewisai"
"500250","kristianstads",,"mimewisaat"
"500251","kristiansund",,"mumowuseo"
"500252","kristie",,"ificeaa"
"500253","kristien",,"memuwee"
"500254","kristies",,"ificesen"
"500255","kristin",,"momawet"
"500256","kristina",,"mimewiota"
"500257","kristinas",,"mimewio"
"500258","kristinaux",,"ufucoso"
"500259","kristinauxs",,"ufucositet"
"500260","kristine",,"memuweea"
"500261","kristinehamn",,"mimewihoun"
"500262","kristines",,"memuwein"
"500263","kristinestad",,"memuwehaen"
"500264","kristins",,"momawoi"
"500265","kristis",,"ufucoe"
"500266","kristjansen",,"mumowaseot"
"500267","kristmann",,"ificepi"
"500268","kristmanns",,"ificepat"
"500269","kristo",,"efecea"
"500270","kristof",,"mimewin"
"500271","kristofe",,"momawion"
"500272","kristofer",,"ofocahu"
"500273","kristoff",,"ufucoha"
"500274","kristoffer",,"mumowaot"
"500275","kristoffersen",,"afaciheret"
"500276","kristofo",,"mamiweet"
"500277","kristofor",,"afacihe"
"500278","kristoforo",,"ofocaho"
"500279","kriston",,"mumowia"
"500280","kristong",,"mamiweeta"
"500281","kristoph",,"ificehona"
"500282","kristopher",,"mimewuet"
"500283","kristophers",,"mimewucui"
"500284","kristos",,"efecuin"
"500285","kristy",,"efecun"
"500286","kristyn",,"mumowona"
"500287","kristys",,"efecuu"
"500288","krisuvigite",,"momabatoin"
"500289","krisztin",,"ificobet"
"500290","krit",,"ufuqne"
"500291","krita",,"afaqaa"
"500292","kritagya",,"ufuqune"
"500293","kritarchy",,"ifiqiqet"
"500294","kritartha",,"momenei"
"500295","krithia",,"memanun"
"500296","krithias",,"memaneu"
"500297","krithomancy",,"afaqehitin"
"500298","kriti",,"ufuqei"
"500299","kritik",,"ifiqaa"
"500300","kritikos",,"afaqovat"
"500301","kritios",,"efeqiot"
"500302","kritisches",,"mumiruu"
"500303","kritocracy",,"mamufaen"
"500304","kriton",,"mumiet"
"500305","kritosaurus",,"memafesao"
"500306","kritrima",,"mumicuat"
"500307","krittika",,"mumiwuat"
"500308","kritz",,"memama"
"500309","kritzer",,"afaquo"
"500310","kriva",,"ufubu"
"500311","krivinchuk",,"ufubefet"
"500312","krivine",,"mamerot"
"500313","krivoi",,"afaben"
"500314","krivoy",,"ofobet"
"500315","krivu",,"ofobe"
"500316","krivus",,"ofobeta"
"500317","kriya",,"mimono"
"500318","kriz",,"efeln"
"500319","kriza",,"ofolo"
"500320","krizan",,"mamaei"
"500321","krizelman",,"afaluzan"
"500322","krlov",,"musid"
"500323","krna",,"ifims"
"500324","krnas",,"ifimat"
"500325","krni",,"ofonn"
"500326","krnjak",,"moveaa"
"500327","krnov",,"mivod"
"500328","kroat",,"ofimae"
"500329","kroatian",,"mezoweun"
"500330","krob",,"ofins"
"500331","krobin",,"mazou"
"500332","krobyloi",,"mazolio"
"500333","krobylos",,"mazolia"
"500334","kroc",,"mozas"
"500335","kroccmcm",,"mizesoe"
"500336","krocidolite",,"aferovafu"
"500337","krock",,"mezuta"
"500338","krocket",,"ufarian"
"500339","krocs",,"mozaqe"
"500340","krod",,"efosn"
"500341","krodal",,"mezaeta"
"500342","krodana",,"mezanon"
"500343","krodant",,"ufasuan"
"500344","krodeka",,"afesua"
"500345","kroeber",,"mezeret"
"500346","kroeberian",,"ufatazin"
"500347","kroebers",,"mezerii"
"500348","kroeger",,"efoteea"
"500349","kroeker",,"ufatian"
"500350","kroenig",,"ufateea"
"500351","kroening",,"mozopoi"
"500352","kroepoek",,"ofitehan"
"500353","kroes",,"mezeqe"
"500354","kroeung",,"ifutoaa"
"500355","krofne",,"mazaue"
"500356","kroft",,"miziwa"
"500357","krog",,"mizus"
"500358","kroger",,"ofilet"
"500359","krogering",,"mezovaa"
"500360","krogers",,"ofilei"
"500361","krogh",,"ifulua"
"500362","kroghs",,"ifulai"
"500363","krogman",,"ufalaea"
"500364","krogstad",,"mizuquu"
"500365","kroh",,"ofimo"
"500366","krohn",,"mazop"
"500367","krohnkite",,"ofimuvin"
"500368","krok",,"mezes"
"500369","kroker",,"afesae"
"500370","krokidolite",,"ufasevufon"
"500371","krokodil",,"mezefou"
"500372","krokom",,"mezeana"
"500373","krokus",,"mazaui"
"500374","krol",,"afett"
"500375","krolak",,"afetona"
"500376","krolczyk",,"mizusau"
"500377","krolevets",,"efotagot"
"500378","krolik",,"ufatuna"
"500379","krolikow",,"ufatevot"
"500380","krolikowski",,"ifutavimot"
"500381","kroline",,"moziren"
"500382","krolisa",,"efotiin"
"500383","kroll",,"muzava"
"500384","krollmann",,"mizuvoen"
"500385","krom",,"mazoi"
"500386","kromagretha",,"ofivonafa"
"500387","kromah",,"efovea"
"500388","kromak",,"mazoua"
"500389","kroman",,"ifuvin"
"500390","kromanta",,"muzenui"
"500391","kromanti",,"mizaniot"
"500392","kromantyn",,"ofivofea"
"500393","kromargretha",,"mizanoruan"
"500394","kromaris",,"efoveqa"
"500395","krombeen",,"mezirian"
"500396","krome",,"muzev"
"500397","kromekote",,"ifuvovet"
"500398","kromer",,"ufavi"
"500399","kromeski",,"mizaviot"
"500400","kromeskies",,"mozuvoat"
"500401","kromesky",,"mazovaa"
"500402","kromeskys",,"mazovaen"
"500403","krometa",,"ufavian"
"500404","kromfohrlander",,"afevuhibi"
"500405","kromnek",,"afevoet"
"500406","kromogram",,"ofivanin"
"500407","kromonu",,"ifuveoa"
"500408","kromskop",,"ofivuve"
"500409","kron",,"ufazne"
"500410","krona",,"afezai"
"500411","kronach",,"mezunan"
"500412","kronachs",,"mezuneun"
"500413","kronberg",,"afezezone"
"500414","krone",,"ifuzoa"
"500415","kronecke",,"efozatu"
"500416","kronecker",,"mozavoet"
"500417","kroneckerian",,"afezutefin"
"500418","kroneckers",,"mozavoi"
"500419","kronen",,"mezuon"
"500420","kronenberg",,"mozavoan"
"500421","kronenberger",,"efozafufi"
"500422","kronenthaler",,"mazivadeun"
"500423","kroner",,"muzooa"
"500424","kronfeld",,"mizelain"
"500425","krongold",,"afezahan"
"500426","kronhausen",,"efozoreta"
"500427","kroni",,"ufazei"
"500428","kronia",,"afezoe"
"500429","kronian",,"mizerua"
"500430","kronich",,"mazira"
"500431","kronick",,"ifuzaoe"
"500432","kronie",,"ifuzine"
"500433","kronion",,"muzoran"
"500434","kronions",,"muzoraun"
"500435","kronk",,"ifuzoe"
"500436","kronoberg",,"ofizase"
"500437","kronoby",,"muzofet"
"500438","kronor",,"mozaaa"
"500439","kronos",,"efozei"
"500440","kronosaurus",,"mezufesao"
"500441","kronoseismology",,"muzofupeu"
"500442","kronshtadt",,"ufazera"
"500443","kronstad",,"ufazebun"
"500444","kronstadt",,"muzoqaan"
"500445","kronur",,"muzoene"
"500446","kroo",,"muzine"
"500447","krooman",,"afepeet"
"500448","kroon",,"efopii"
"500449","krooni",,"efopue"
"500450","kroons",,"efopea"
"500451","kroonstad",,"efopiwa"
"500452","krop",,"ifufs"
"500453","kropeck",,"efofae"
"500454","kropek",,"efofuna"
"500455","kropotkin",,"efofubon"
"500456","kropotkinian",,"mazafezoot"
"500457","kropotkinism",,"ufafobave"
"500458","kropotkinist",,"mezefoziat"
"500459","kropotkins",,"efofuban"
"500460","kroppkaka",,"mazahoet"
"500461","kropyvnia",,"ofifage"
"500462","kropyvnytskyi",,"muzulohoet"
"500463","kror",,"ofija"
"500464","krore",,"efojaa"
"500465","krosa",,"mizene"
"500466","kroshd",,"mozaot"
"500467","kroskrity",,"mizetoo"
"500468","krosno",,"efocea"
"500469","krostar",,"mizewun"
"500470","krot",,"efoqs"
"500471","krotala",,"mozena"
"500472","krotalum",,"mizonein"
"500473","krotelles",,"efoqaza"
"500474","krotite",,"mazurin"
"500475","kroto",,"ifuqea"
"500476","kroton",,"mezaia"
"500477","krotovina",,"afeqigat"
"500478","krots",,"efoqie"
"500479","krott",,"mezaw"
"500480","krotz",,"mizoma"
"500481","krotzer",,"ofiqeet"
"500482","krou",,"mezena"
"500483","krouchka",,"efowirot"
"500484","kroupa",,"ifuwu"
"500485","krouse",,"mazauna"
"500486","krousgri",,"ofiwune"
"500487","kroushka",,"efowira"
"500488","krout",,"afewia"
"500489","krouzek",,"afewuo"
"500490","krowc",,"mazos"
"500491","krowera",,"afedua"
"500492","kroymann",,"mizozein"
"500493","kroywen",,"ifukuin"
"500494","krrabi",,"mohiina"
"500495","krrc",,"afura"
"500496","krss",,"majii"
"500497","krtamura",,"mucazeon"
"500498","krti",,"ufant"
"500499","krtis",,"ufaneu"
"500500","krtow",,"ufapa"
"500501","krtr",,"macona"
"500502","krubi",,"ufenen"
"500503","krubis",,"ufenie"
"500504","krubut",,"miqai"
"500505","krubuts",,"miqabat"
"500506","kruchhusten",,"maqinugoan"
"500507","kruchten",,"aforebet"
"500508","krucik",,"miqeata"
"500509","kruczek",,"ifarou"
"500510","krueger",,"ifatiin"
"500511","kruegeresque",,"efitezufet"
"500512","kruft",,"maqaw"
"500513","krug",,"maqen"
"500514","kruger",,"ufelia"
"500515","krugerian",,"miquvoa"
"500516","krugerism",,"ofulequ"
"500517","krugerisms",,"ofuleqot"
"500518","krugerite",,"miquvoot"
"500519","krugerites",,"miquvoo"
"500520","krugerrand",,"miquvoaa"
"500521","krugerrands",,"miquvowien"
"500522","krugers",,"ufeliat"
"500523","krugersdorp",,"miquvobeet"
"500524","krugh",,"afolea"
"500525","krugman",,"efiloin"
"500526","krugmanian",,"maqezian"
"500527","kruidnoot",,"ufenofot"
"500528","kruijs",,"ifanot"
"500529","kruj",,"ifar"
"500530","kruk",,"miqio"
"500531","krukenberg",,"afosufat"
"500532","krukowski",,"moqofeat"
"500533","kruks",,"miqiq"
"500534","kruless",,"efitaea"
"500535","krulewska",,"ufetiku"
"500536","krull",,"meqova"
"500537","kruller",,"afotaen"
"500538","krullers",,"afotazon"
"500539","krulwich",,"meqogee"
"500540","krum",,"moquu"
"500541","kruman",,"afovae"
"500542","krumans",,"afovaen"
"500543","krumen",,"ifavue"
"500544","krumholtz",,"muqenae"
"500545","krumholz",,"ufevahin"
"500546","krumhorn",,"ofuvihe"
"500547","krumhorns",,"ofuvihin"
"500548","krumiri",,"ofuvuata"
"500549","krumkake",,"maqotia"
"500550","krumkakes",,"maqotien"
"500551","krumm",,"maqoz"
"500552","krummel",,"ofuvii"
"500553","krummell",,"meqizie"
"500554","krummholz",,"ofuvirin"
"500555","krummholzs",,"ofuvira"
"500556","krummhorn",,"afovere"
"500557","krummhorns",,"afoverin"
"500558","krumovgrad",,"ufevoga"
"500559","krump",,"ifavoo"
"500560","krumper",,"miqahun"
"500561","krumping",,"moquhoan"
"500562","krumpli",,"moquhet"
"500563","krumrey",,"ifavuin"
"500564","krumwiede",,"ofuvisan"
"500565","kruna",,"ofuzou"
"500566","krunas",,"ofuzen"
"500567","krung",,"ofuzon"
"500568","krungthep",,"miqemuo"
"500569","krunislav",,"ufezewot"
"500570","krunk",,"afozua"
"500571","krunked",,"muqoten"
"500572","krunoslav",,"efizuwo"
"500573","krupa",,"efife"
"500574","krupenik",,"meqevee"
"500575","kruper",,"maqauna"
"500576","krupinski",,"moqoroun"
"500577","krupka",,"afofao"
"500578","krupkaite",,"muqutoat"
"500579","krupnik",,"moqopet"
"500580","krupnikas",,"miqipio"
"500581","krupp",,"moqoh"
"500582","kruppize",,"ofufesan"
"500583","kruppized",,"moqohoet"
"500584","kruppizes",,"ofufesun"
"500585","kruppizing",,"moqohou"
"500586","krupps",,"moqoot"
"500587","krupsis",,"afofoet"
"500588","krupskaya",,"ifafaven"
"500589","krupskayas",,"ifafavon"
"500590","krupski",,"ufefee"
"500591","kruptadia",,"efifurot"
"500592","krupuk",,"ifafin"
"500593","krus",,"muqoo"
"500594","krusac",,"maqiat"
"500595","krusche",,"ifacain"
"500596","kruse",,"miqeve"
"500597","krusec",,"miqeon"
"500598","krusenstern",,"moqavobaat"
"500599","krusensterns",,"moqavobae"
"500600","krushka",,"ufecaun"
"500601","kruskal",,"ofuceia"
"500602","kruskals",,"ofucerat"
"500603","kruszewski",,"eficazen"
"500604","krutaite",,"miqonie"
"500605","krutch",,"muqio"
"500606","krutchs",,"muqiset"
"500607","krute",,"ofuqe"
"500608","kruter",,"miqoi"
"500609","krutovite",,"ofuqagun"
"500610","krutrs",,"muqioa"
"500611","krutsinger",,"efiqison"
"500612","krutt",,"miqow"
"500613","krutz",,"maqum"
"500614","kruzel",,"miqiia"
"500615","krvw",,"efud"
"500616","kryal",,"efomeo"
"500617","kryger",,"ofilena"
"500618","krygier",,"ofilui"
"500619","krylbo",,"miguan"
"500620","krylon",,"mageua"
"500621","krylons",,"magefot"
"500622","krylov",,"megoona"
"500623","krym",,"magou"
"500624","krymchak",,"afevoron"
"500625","krymotherapy",,"megifosaen"
"500626","kryms",,"magoqa"
"500627","krynky",,"afezao"
"500628","krynytzk",,"efozubin"
"500629","kryo",,"mugie"
"500630","kryokonite",,"megatoa"
"500631","kryolite",,"megaveun"
"500632","kryolites",,"megaveua"
"500633","kryolith",,"ofipose"
"500634","kryoliths",,"ofiposin"
"500635","kryometer",,"maguzoa"
"500636","kryometers",,"maguzoen"
"500637","kryoscope",,"efopitot"
"500638","kryoscopy",,"ufapetu"
"500639","krypses",,"ofifuet"
"500640","krypsis",,"ifufaa"
"500641","krypterophanera",,"afefizicet"
"500642","krypterophaneron",,"muguwewoun"
"500643","krypterophanerons",,"muguwewou"
"500644","kryptic",,"migiwun"
"500645","krypticism",,"megewea"
"500646","kryptide",,"efofusu"
"500647","kryptocyanine",,"mogowivain"
"500648","kryptogenin",,"magaweruun"
"500649","kryptol",,"ifufeaa"
"500650","kryptomere",,"efofuho"
"500651","krypton",,"ofifai"
"500652","kryptonate",,"mogowii"
"500653","kryptonated",,"efofuhaten"
"500654","kryptonating",,"efofuhate"
"500655","kryptonation",,"ofifahetet"
"500656","kryptonide",,"megewoin"
"500657","kryptonite",,"megewoot"
"500658","kryptonited",,"afefihuve"
"500659","kryptoniting",,"afefihuvet"
"500660","kryptons",,"ofifahat"
"500661","kryptopyrrole",,"muguwacoen"
"500662","kryptoracemic",,"ifufehete"
"500663","kryptoxanthin",,"ifufehota"
"500664","krys",,"mogat"
"500665","krysia",,"migean"
"500666","kryska",,"mogain"
"500667","krysta",,"oficoi"
"500668","krystal",,"meguwi"
"500669","krystala",,"mogawao"
"500670","krystall",,"ufacore"
"500671","krystalle",,"ifuceren"
"500672","krystals",,"meguwuat"
"500673","krystin",,"mugowon"
"500674","krystina",,"magiwaa"
"500675","krystle",,"mugowen"
"500676","krystsina",,"magiwaen"
"500677","krystyna",,"mogawio"
"500678","krytocracy",,"mogefoeta"
"500679","krytron",,"efoqou"
"500680","krytrons",,"efoqohot"
"500681","kryvyi",,"ofiben"
"500682","kryvyy",,"ufabet"
"500683","kryzhanovan",,"efoloracon"
"500684","kryzhanovskite",,"afelerucet"
"500685","krzeminski",,"makazaan"
"500686","krzy",,"ifaki"
"500687","krzyszto",,"efikinu"
"500688","krzysztof",,"mikoqaot"
"500689","krzywda",,"mokegu"
"500690","krzywicki",,"afokesan"
"500691","krzyzaniak",,"ifakoron"
"500692","krzyzanowski",,"ofukereco"
"500693","krzyzewski",,"mekamiu"
"500694","ksaf",,"milono"
"500695","ksalmanack",,"ahiterat"
"500696","ksamadnj",,"molinoat"
"500697","ksang",,"maloma"
"500698","ksar",,"molinu"
"500699","ksarnold",,"ihejaho"
"500700","ksars",,"moliqt"
"500701","ksas",,"ahics"
"500702","kseb",,"masera"
"500703","ksec",,"iharu"
"500704","ksed",,"musote"
"500705","ksenia",,"misaina"
"500706","kser",,"masere"
"500707","ksfischb",,"migaqoon"
"500708","ksfosots",,"uhepehin"
"500709","ksfrtpgj",,"mugawao"
"500710","ksgd",,"meku"
"500711","kshanti",,"mulupu"
"500712","kshatri",,"molowat"
"500713","kshatriya",,"malawiat"
"500714","kshatriyahood",,"muluwoteun"
"500715","kshatriyahoods",,"muluwoteu"
"500716","kshatriyas",,"malawie"
"500717","kshetra",,"melawu"
"500718","kshetri",,"maluwon"
"500719","kshv",,"ihob"
"500720","ksiazek",,"mememu"
"500721","ksing",,"mumem"
"500722","ksis",,"uhucna"
"500723","ksivatsh",,"mamanaan"
"500724","ksla",,"masat"
"500725","ksli",,"musete"
"500726","ksloc",,"mesusa"
"500727","ksluksls",,"uhowiwin"
"500728","kslv",,"ehub"
"500729","ksne",,"moveni"
"500730","ksnibarg",,"mevirio"
"500731","ksonajsj",,"mazonaat"
"500732","ksop",,"muzini"
"500733","ksstopak",,"ohoqajat"
"500734","kste",,"muciu"
"500735","kstj",,"ihura"
"500736","ksum",,"ehivo"
"500737","ksury",,"moqil"
"500738","ksuvxa",,"ahobin"
"500739","kswenstr",,"mabupuon"
"500740","ktacs",,"moliqs"
"500741","ktaikim",,"mulatet"
"500742","ktaka",,"molann"
"500743","ktas",,"molita"
"500744","kten",,"ajozu"
"500745","ktenasite",,"mosinaa"
"500746","ktenology",,"misufuin"
"500747","ktens",,"ajozoa"
"500748","ktetic",,"ojuqo"
"500749","ktetor",,"mosuuna"
"500750","ktetory",,"musefot"
"500751","kthanksbye",,"ijomavon"
"500752","kthibh",,"ajunen"
"500753","kthira",,"miluio"
"500754","kthiras",,"milucat"
"500755","kthnxbai",,"milukaun"
"500756","kthnxbi",,"molikot"
"500757","kthnxbye",,"milukaan"
"500758","ktho",,"ejape"
"500759","kthx",,"mulan"
"500760","kthxbai",,"ijoguot"
"500761","kthxbye",,"ijoguu"
"500762","ktistic",,"ijicea"
"500763","ktitor",,"mimai"
"500764","ktiv",,"ojoba"
"500765","ktolive",,"muziro"
"500766","ktulu",,"ajotu"
"500767","ktunaxa",,"moqine"
"500768","kuai",,"ucont"
"500769","kuaichi",,"milisot"
"500770","kuaiji",,"moloete"
"500771","kuajok",,"miluu"
"500772","kuaka",,"ucosu"
"500773","kuala",,"molant"
"500774","kualalam",,"ecutezin"
"500775","kualalum",,"ucotuze"
"500776","kualapuu",,"icetija"
"500777","kualapuus",,"icetijen"
"500778","kuan",,"malata"
"500779","kuancheng",,"milisuen"
"500780","kuandian",,"militaot"
"500781","kuang",,"meleme"
"500782","kuangchou",,"ucozutot"
"500783","kuangchous",,"ucozuto"
"500784","kuangchow",,"iceziton"
"500785","kuangshan",,"malamoan"
"500786","kuangsi",,"melemu"
"500787","kuangtong",,"melemuen"
"500788","kuangtung",,"milimeon"
"500789","kuanhsi",,"ocazian"
"500790","kuann",,"ucoze"
"500791","kuans",,"malaqi"
"500792","kuanshan",,"muluqaun"
"500793","kuantan",,"miliwu"
"500794","kuantans",,"miliwiota"
"500795","kuantien",,"melewiu"
"500796","kuanua",,"malaue"
"500797","kuanyama",,"mololoet"
"500798","kuar",,"milonu"
"500799","kuars",,"miloqu"
"500800","kuas",,"ucocne"
"500801","kuba",,"mimeno"
"500802","kubaba",,"ecamon"
"500803","kubachi",,"acumoo"
"500804","kubachis",,"acumoret"
"500805","kubacki",,"momasen"
"500806","kubal",,"icomia"
"500807","kubala",,"ucimet"
"500808","kuban",,"ocemui"
"500809","kubaneh",,"mamipota"
"500810","kubang",,"icomue"
"500811","kubango",,"acumoena"
"500812","kubangos",,"acumonon"
"500813","kubanka",,"ocemuet"
"500814","kubankas",,"ocemuvi"
"500815","kubanskaya",,"acumowi"
"500816","kubas",,"mimeqo"
"500817","kubasa",,"mumooe"
"500818","kubat",,"ucimoe"
"500819","kubb",,"ucin"
"500820","kubba",,"acunae"
"500821","kubbeh",,"momeot"
"500822","kubber",,"momeini"
"500823","kubberdaur",,"momevion"
"500824","kubbock",,"acunia"
"500825","kube",,"memiti"
"500826","kubelaek",,"acutaro"
"500827","kubelaeks",,"acutaret"
"500828","kubelik",,"acutaen"
"500829","kubeliks",,"acutason"
"500830","kubell",,"mimaun"
"500831","kubelwagen",,"memivoot"
"500832","kubenhavn",,"memipoin"
"500833","kubenhavns",,"memipoaa"
"500834","kubera",,"ucitena"
"500835","kuberas",,"ucitaon"
"500836","kubernetes",,"icotufo"
"500837","kubes",,"memiqo"
"500838","kubetz",,"momuina"
"500839","kubi",,"momot"
"500840","kubiak",,"momooa"
"500841","kubiatow",,"ucinubun"
"500842","kubica",,"mimiate"
"500843","kubicek",,"mamasot"
"500844","kubick",,"memean"
"500845","kubicki",,"memese"
"500846","kubie",,"memeva"
"500847","kubihineri",,"ecanosi"
"500848","kubik",,"memeti"
"500849","kubinage",,"ocenuran"
"500850","kubing",,"ocenona"
"500851","kubinski",,"acunowan"
"500852","kubis",,"momoqe"
"500853","kubisagari",,"ocenurin"
"500854","kubishime",,"ecaniren"
"500855","kubitron",,"iconeqen"
"500856","kubitz",,"mimiun"
"500857","kubizuka",,"ucinidun"
"500858","kubla",,"icoti"
"500859","kublai",,"icotuo"
"500860","kublais",,"icotiot"
"500861","kubly",,"ucito"
"500862","kubo",,"mumane"
"500863","kubong",,"ucipan"
"500864","kubota",,"ecapan"
"500865","kubotai",,"ecapue"
"500866","kubotan",,"momiwen"
"500867","kubowitzki",,"momiguu"
"500868","kubra",,"acujai"
"500869","kubrat",,"mimoat"
"500870","kubrick",,"icojaot"
"500871","kubrickesque",,"ecajitofon"
"500872","kubrickian",,"mamuroat"
"500873","kubrickologist",,"ecajitoco"
"500874","kubrickology",,"momeruzoen"
"500875","kubricks",,"icojato"
"500876","kubu",,"memito"
"500877","kubuklion",,"mimation"
"500878","kubutz",,"momuot"
"500879","kubyshev",,"momiqiet"
"500880","kucas",,"ucumee"
"500881","kuccha",,"miniat"
"500882","kucera",,"monuina"
"500883","kucerne",,"ucutaon"
"500884","kuch",,"monen"
"500885","kucha",,"minona"
"500886","kuchaman",,"ecemepin"
"500887","kuchaptuvela",,"manunudeun"
"500888","kuchar",,"acamota"
"500889","kucharski",,"ucumuqot"
"500890","kuchary",,"ocomoet"
"500891","kuchay",,"manuua"
"500892","kuchazik",,"acamanon"
"500893","kuchcha",,"acamoo"
"500894","kuche",,"menav"
"500895","kuchean",,"ecemaun"
"500896","kucheans",,"ecemaru"
"500897","kucheela",,"ecemaze"
"500898","kuchela",,"ocomeet"
"500899","kuchen",,"acamote"
"500900","kuchens",,"acamuoa"
"500901","kucher",,"icimea"
"500902","kuchera",,"ucumiia"
"500903","kuchi",,"monera"
"500904","kuchila",,"icimaa"
"500905","kuching",,"ocomuat"
"500906","kuchinotsu",,"manuroun"
"500907","kuchinsk",,"acamofan"
"500908","kuchinski",,"acamofe"
"500909","kuchipudi",,"monereun"
"500910","kuchisabishii",,"muniresoun"
"500911","kuchler",,"manuva"
"500912","kuchnir",,"manupen"
"500913","kuchta",,"ucumoni"
"500914","kucia",,"ucunua"
"500915","kucian",,"manain"
"500916","kucifer",,"ucuniata"
"500917","kucik",,"oconea"
"500918","kucille",,"ucunuat"
"500919","kucinich",,"ecenisa"
"500920","kucinski",,"minipaen"
"500921","kucirek",,"manaca"
"500922","kucius",,"oconene"
"500923","kuck",,"ocosn"
"500924","kuckelman",,"ecesaza"
"500925","kuckelmann",,"monuvoe"
"500926","kucretia",,"icijobot"
"500927","kucretiu",,"ecejabu"
"500928","kuczynski",,"icilefet"
"500929","kuda",,"morai"
"500930","kudabandos",,"ucamare"
"500931","kudadhoo",,"merutoe"
"500932","kudafari",,"marilaen"
"500933","kudafarufasgandu",,"ecomaruka"
"500934","kudafarufinolhu",,"mireliwuon"
"500935","kudafenmaaenboodhoo",,"mariluhie"
"500936","kudafenrehaa",,"moralehau"
"500937","kudafinolhu",,"merulihean"
"500938","kudafolhudhoo",,"ucamihetun"
"500939","kudafunafaru",,"mirelohaat"
"500940","kudafushi",,"mireloet"
"500941","kudagiri",,"acemasi"
"500942","kudahithi",,"ucamasa"
"500943","kudahuraa",,"muroniat"
"500944","kudahuvadhoo",,"marinukoe"
"500945","kudakaaddoo",,"meruteseot"
"500946","kudakinbidhoo",,"miretahein"
"500947","kudakurathu",,"ocimedatin"
"500948","kudalafari",,"ecomeren"
"500949","kudalhaimendhoo",,"ocimoruvun"
"500950","kudalhosgiri",,"ecomeredu"
"500951","kudalur",,"marivot"
"500952","kudamaabulhali",,"marizasia"
"500953","kudamaahera",,"mireziseen"
"500954","kudamahigulhi",,"ocimiravat"
"500955","kudamatsu",,"ecomorin"
"500956","kudamohoraa",,"morazasou"
"500957","kudamungnafushi",,"morazehue"
"500958","kudamuraidhoo",,"ecomodutun"
"500959","kudan",,"ecomia"
"500960","kudarah",,"murocon"
"500961","kudarat",,"mirecun"
"500962","kudarikilu",,"murocea"
"500963","kudat",,"icumea"
"500964","kudathilabolhufushi",,"mirewutaa"
"500965","kudathulhaadhoo",,"meruwogiin"
"500966","kudausfushi",,"morabuniot"
"500967","kudaveshi",,"mariduet"
"500968","kudela",,"ecotia"
"500969","kudelka",,"acetaaa"
"500970","kuder",,"ocitii"
"500971","kudhe",,"ocime"
"500972","kudhebeeraahuttaa",,"morevipiet"
"500973","kudhehaadhuaa",,"murivaseo"
"500974","kudhehera",,"icumoro"
"500975","kudhehulhehdhoo",,"ucamirafot"
"500976","kudhemaadhoo",,"ecomapiti"
"500977","kudhemathaidhoo",,"ecomapiga"
"500978","kudherataa",,"acemuqon"
"500979","kudirkos",,"ucanavu"
"500980","kudize",,"icunun"
"500981","kudized",,"meremi"
"500982","kudizes",,"icunou"
"500983","kudizing",,"meremiot"
"500984","kudla",,"ocitoi"
"500985","kudlik",,"acetoe"
"500986","kudliks",,"acetoet"
"500987","kudlow",,"ecotate"
"500988","kudmali",,"acevaena"
"500989","kudna",,"ecoze"
"500990","kudo",,"mirun"
"500991","kudoed",,"icupat"
"500992","kudoing",,"icupao"
"500993","kudologist",,"muravoo"
"500994","kudology",,"icupihen"
"500995","kudos",,"miruqe"
"500996","kudosed",,"icupaea"
"500997","kudoses",,"moriqo"
"500998","kudosing",,"icupaset"
"500999","kudriavite",,"ecojiro"
"501000","kudrna",,"maruu"
"501001","kudrow",,"icujea"
"501002","kudrun",,"mirouna"
"501003","kudruns",,"mirobu"
"501004","kudu",,"marot"
"501005","kudur",,"ociwie"
"501006","kuduro",,"ucawon"
"501007","kudurru",,"marocot"
"501008","kuduru",,"ecowana"
"501009","kudus",,"maroq"
"501010","kudva",,"ociboa"
"501011","kudwig",,"maruot"
"501012","kudyapi",,"ocikoet"
"501013","kudzo",,"ecolue"
"501014","kudzu",,"iculoi"
"501015","kudzued",,"marobe"
"501016","kudzus",,"iculun"
"501017","kue",,"ocui"
"501018","kuebbing",,"masuroen"
"501019","kueber",,"ocunot"
"501020","kuebler",,"musivet"
"501021","kuecc",,"ocuru"
"501022","kuecker",,"musutet"
"501023","kueh",,"mesato"
"501024","kuehl",,"ecimet"
"501025","kuehler",,"musivi"
"501026","kuehn",,"acomoa"
"501027","kuehne",,"ucemone"
"501028","kuehnel",,"mesapun"
"501029","kuehneola",,"musipie"
"501030","kuehneolas",,"musipiin"
"501031","kuehneosaur",,"masupujuat"
"501032","kuehneosaurid",,"ecimizedat"
"501033","kuehneosaurus",,"musipijiet"
"501034","kuehneotheriid",,"acomozaget"
"501035","kuehner",,"misopua"
"501036","kuehnert",,"ucemezun"
"501037","kuehnhoefer",,"mesapojoon"
"501038","kuehniella",,"ocumusin"
"501039","kuehs",,"mesaqn"
"501040","kuei",,"ocunt"
"501041","kueichih",,"icanaret"
"501042","kueichou",,"mososii"
"501043","kueichow",,"mesesou"
"501044","kueijen",,"icaneota"
"501045","kueiyang",,"mosoloi"
"501046","kueker",,"museena"
"501047","kuen",,"misiri"
"501048","kuenlun",,"misivin"
"501049","kuenluns",,"misivoaa"
"501050","kuennen",,"mosopen"
"501051","kuenssberg",,"musuqeu"
"501052","kuenzi",,"ecizat"
"501053","kuenzig",,"ocuzei"
"501054","kues",,"ocucne"
"501055","kuester",,"ecicuat"
"501056","kuether",,"masenot"
"501057","kuey",,"uceke"
"501058","kufa",,"mugoo"
"501059","kufas",,"mugoq"
"501060","kufeng",,"ocutoni"
"501061","kuff",,"ecikn"
"501062","kuffel",,"mogueta"
"501063","kuffieh",,"mugerea"
"501064","kuffiyeh",,"megirua"
"501065","kufi",,"migie"
"501066","kufic",,"migis"
"501067","kufis",,"migiq"
"501068","kufiya",,"megeat"
"501069","kufiyah",,"icaneo"
"501070","kufiyahs",,"icaneret"
"501071","kufiyeh",,"ecinuina"
"501072","kufiyehs",,"ecinuza"
"501073","kufiyya",,"migilin"
"501074","kufor",,"ocupi"
"501075","kufow",,"migug"
"501076","kufr",,"acojo"
"501077","kufra",,"ecijea"
"501078","kufrah",,"magua"
"501079","kufs",,"migiu"
"501080","kufstein",,"muguwie"
"501081","kuft",,"uceqs"
"501082","kufta",,"acoqa"
"501083","kufthans",,"icaquret"
"501084","kuftwaff",,"eciqoro"
"501085","kufungisisa",,"icawanodin"
"501086","kugaaruk",,"mikenua"
"501087","kuge",,"icetno"
"501088","kugel",,"makove"
"501089","kugelberg",,"mekivoot"
"501090","kugelblitz",,"makoveat"
"501091","kugelfest",,"makovui"
"501092","kugelhof",,"mukevain"
"501093","kugelhopf",,"ocatorot"
"501094","kugelhupf",,"ucoturo"
"501095","kugelis",,"makoven"
"501096","kugelkase",,"mukevie"
"501097","kugelmass",,"mukevau"
"501098","kugels",,"makoot"
"501099","kugler",,"ocateti"
"501100","kugy",,"ecukn"
"501101","kuhane",,"ecamata"
"501102","kuhar",,"acumee"
"501103","kuhcnero",,"melepau"
"501104","kuhhandel",,"milonaen"
"501105","kuhi",,"moloa"
"501106","kuhio",,"muluf"
"501107","kuhistona",,"moloqae"
"501108","kuhl",,"ocets"
"501109","kuhlenschmidt",,"ecatafazu"
"501110","kuhler",,"maliota"
"501111","kuhlers",,"malivo"
"501112","kuhli",,"ocetue"
"501113","kuhliid",,"maliret"
"501114","kuhlman",,"molazi"
"501115","kuhlmann",,"ecatoro"
"501116","kuhls",,"ocetui"
"501117","kuhmo",,"molef"
"501118","kuhn",,"ecazu"
"501119","kuhnau",,"ecazun"
"501120","kuhnaus",,"ecazeu"
"501121","kuhne",,"acuzu"
"501122","kuhnert",,"acuzuen"
"501123","kuhnia",,"ocezon"
"501124","kuhnian",,"miliraa"
"501125","kuhnias",,"ocezuan"
"501126","kuhns",,"ecazie"
"501127","kuhnt",,"muluw"
"501128","kuhr",,"ucijo"
"501129","kuhrang",,"moleni"
"501130","kuhub",,"icowu"
"501131","kuia",,"ucumni"
"501132","kuias",,"ucumei"
"501133","kuiavia",,"momadet"
"501134","kuibyshev",,"momeluan"
"501135","kuibyshevs",,"momeluun"
"501136","kuichua",,"momonet"
"501137","kuies",,"ocotuu"
"501138","kuih",,"momet"
"501139","kuiken",,"momuena"
"501140","kuikuro",,"momubi"
"501141","kuin",,"mumun"
"501142","kuiper",,"ucufi"
"501143","kuiperoid",,"mumevau"
"501144","kuiperoidal",,"acafuqavu"
"501145","kuipers",,"ucufiat"
"501146","kuipersat",,"mimavuo"
"501147","kuirdak",,"icijeot"
"501148","kuis",,"icicna"
"501149","kuisagaru",,"mumunuu"
"501150","kuiti",,"memora"
"501151","kuitsh",,"iciqot"
"501152","kuitun",,"ucuqana"
"501153","kuiu",,"ocown"
"501154","kujala",,"icumun"
"501155","kujalleq",,"munovuun"
"501156","kujang",,"ocimona"
"501157","kujavia",,"icumiota"
"501158","kujawa",,"menuia"
"501159","kujawah",,"icumuota"
"501160","kujawia",,"menugun"
"501161","kujawiak",,"manigoet"
"501162","kujawski",,"munogee"
"501163","kuji",,"menea"
"501164","kujichagulia",,"monosisuet"
"501165","kukang",,"mariae"
"501166","kukarkin",,"acomevan"
"501167","kukatja",,"icameota"
"501168","kukenaam",,"morupoon"
"501169","kukenaams",,"morupoan"
"501170","kukeng",,"miraui"
"501171","kukeri",,"maroot"
"501172","kukersite",,"acotewi"
"501173","kukharenkoite",,"acomaqejen"
"501174","kukhari",,"ucemuea"
"501175","kukhta",,"icamine"
"501176","kuki",,"ocuns"
"501177","kukicha",,"moroson"
"501178","kukies",,"ecinun"
"501179","kukis",,"ocunua"
"501180","kukish",,"mereea"
"501181","kukisvumite",,"ecinigohan"
"501182","kukkamak",,"acosapi"
"501183","kukla",,"marini"
"501184","kuklinski",,"ocutufa"
"501185","kuklux",,"ocutet"
"501186","kukoamine",,"mirunuet"
"501187","kukol",,"merova"
"501188","kukoline",,"ucepusin"
"501189","kukong",,"meroea"
"501190","kukowski",,"ecipowo"
"501191","kukrail",,"ocujoan"
"501192","kukri",,"merar"
"501193","kukris",,"merauna"
"501194","kuksi",,"ocucua"
"501195","kuksite",,"mururan"
"501196","kuksu",,"ecicaa"
"501197","kuksus",,"ecicuna"
"501198","kuku",,"eciwu"
"501199","kukucan",,"mirasu"
"501200","kukui",,"eciwia"
"501201","kukujiao",,"morusuata"
"501202","kukuk",,"acowu"
"501203","kukuku",,"ucewan"
"501204","kukukuku",,"ocuwedun"
"501205","kukulc",,"miraee"
"501206","kukulcan",,"icawito"
"501207","kukulcans",,"icawitet"
"501208","kukulhudhoo",,"icawirupu"
"501209","kukulhudhuffaru",,"marovegaat"
"501210","kukulkan",,"ocuwovun"
"501211","kukumakranka",,"icawurubu"
"501212","kukupa",,"moruoa"
"501213","kukurai",,"merice"
"501214","kukuri",,"maroae"
"501215","kukuruku",,"morucean"
"501216","kukurukus",,"moruceun"
"501217","kukuruz",,"ocuwion"
"501218","kukuruzari",,"morucee"
"501219","kukus",,"eciwie"
"501220","kula",,"mesuna"
"501221","kulaal",,"ocamena"
"501222","kulachandra",,"mesusosao"
"501223","kulack",,"masiine"
"501224","kulaga",,"miseeo"
"501225","kulah",,"icemue"
"501226","kulahs",,"icemini"
"501227","kulai",,"mesur"
"501228","kulaite",,"ecumiea"
"501229","kulak",,"masita"
"501230","kulaki",,"masiao"
"501231","kulakism",,"misetaen"
"501232","kulakize",,"ocamesan"
"501233","kulaks",,"masiot"
"501234","kulaman",,"ucomaat"
"501235","kulambu",,"acimeo"
"501236","kulan",,"acimoe"
"501237","kulanapan",,"ecumira"
"501238","kulanapans",,"ecumiren"
"501239","kulang",,"ecumeo"
"501240","kulango",,"icemaoe"
"501241","kulangsoo",,"acimonun"
"501242","kulangsu",,"acimoni"
"501243","kulanite",,"mosapuia"
"501244","kulans",,"acimat"
"501245","kulap",,"ucomit"
"501246","kulas",,"mesuqe"
"501247","kulasihan",,"masiqoana"
"501248","kulawo",,"mesuana"
"501249","kulbasa",,"uconuia"
"501250","kulbaski",,"ocanowat"
"501251","kulceratops",,"aciruqogun"
"501252","kulcha",,"icerue"
"501253","kulchitsky",,"meseniet"
"501254","kulcs",,"masaq"
"501255","kulcsar",,"icerain"
"501256","kulda",,"ocasoa"
"501257","kulderka",,"musavaana"
"501258","kuldiga",,"icesaaa"
"501259","kuldip",,"mesoata"
"501260","kuldja",,"maseini"
"501261","kuleana",,"acitaa"
"501262","kuleba",,"ocatao"
"501263","kulebyaka",,"ucotamun"
"501264","kulen",,"icetai"
"501265","kulesa",,"masoue"
"501266","kuleshov",,"masoqeet"
"501267","kulesza",,"icetaua"
"501268","kuletuk",,"iceteot"
"501269","kulewicz",,"acitesen"
"501270","kulfan",,"masoai"
"501271","kulfi",,"icekaa"
"501272","kulfis",,"icekae"
"501273","kulfiwala",,"masoreana"
"501274","kulhad",,"mesaana"
"501275","kulhanek",,"mosenuan"
"501276","kulhar",,"moseene"
"501277","kulhlaup",,"ocamorun"
"501278","kulhudhuffushi",,"mesabusoen"
"501279","kulhy",,"ucomo"
"501280","kuli",,"masas"
"501281","kuliak",,"masaaa"
"501282","kulich",,"ocanon"
"501283","kulick",,"musuie"
"501284","kulig",,"mesem"
"501285","kulik",,"musut"
"501286","kulikov",,"ecunaota"
"501287","kulikovs",,"ecunaho"
"501288","kulikow",,"musutun"
"501289","kulikowski",,"misiteun"
"501290","kulili",,"acineta"
"501291","kulimit",,"uconaua"
"501292","kuling",,"acinete"
"501293","kulinic",,"uconee"
"501294","kulinkovich",,"uconevulan"
"501295","kulinski",,"icenawi"
"501296","kulintang",,"icenaban"
"501297","kulis",,"masaqa"
"501298","kulit",,"ecunui"
"501299","kuliviu",,"uconuea"
"501300","kulka",,"masonne"
"501301","kulkarni",,"misanuen"
"501302","kulkeite",,"icesoso"
"501303","kulkulc",,"icesoa"
"501304","kulkurnee",,"musebae"
"501305","kulkurni",,"mesiboa"
"501306","kull",,"acitt"
"501307","kulla",,"ecuteo"
"501308","kullaite",,"misenaa"
"501309","kullani",,"mosanie"
"501310","kullanis",,"mosanuata"
"501311","kullas",,"ecutune"
"501312","kullback",,"musoruat"
"501313","kullbacks",,"musoruea"
"501314","kullen",,"masiota"
"501315","kullerudite",,"masivegaat"
"501316","kullervo",,"acituqon"
"501317","kullervos",,"acituqan"
"501318","kullman",,"masizen"
"501319","kullmann",,"ucotarin"
"501320","kullu",,"ucotia"
"501321","kullum",,"ocatone"
"501322","kulm",,"misos"
"501323","kulman",,"icevina"
"501324","kulmann",,"musinat"
"501325","kulmbach",,"masuraen"
"501326","kulmet",,"icevu"
"501327","kulms",,"misoqe"
"501328","kuln",,"ucozi"
"501329","kulning",,"meserota"
"501330","kulns",,"ucozee"
"501331","kulnura",,"misibin"
"501332","kulob",,"ucopa"
"501333","kulolo",,"ucopat"
"501334","kulonate",,"musapuat"
"501335","kulonic",,"ecupiin"
"501336","kulow",,"maseg"
"501337","kulp",,"icefi"
"501338","kulpa",,"ucofu"
"501339","kulperger",,"icefoqet"
"501340","kulpmont",,"acifehan"
"501341","kulpmonts",,"acifehun"
"501342","kulpsville",,"mesiqeet"
"501343","kulpsvilles",,"mesiqetii"
"501344","kuls",,"masane"
"501345","kulseth",,"musuvan"
"501346","kulsrud",,"musuci"
"501347","kultarr",,"iceqiot"
"501348","kulthi",,"maseoa"
"501349","kulthumm",,"masenuia"
"501350","kulthumms",,"masenuat"
"501351","kultur",,"musaoni"
"501352","kultura",,"maseba"
"501353","kulturkampf",,"masebezoin"
"501354","kulturkampfs",,"masebezoa"
"501355","kulturkreis",,"ucoqiqabet"
"501356","kulturkreise",,"iceqoqube"
"501357","kulturkreises",,"iceqoqubin"
"501358","kulturkreiss",,"ucoqiqabi"
"501359","kulturs",,"musaban"
"501360","kulturtr",,"musabaun"
"501361","kulturwort",,"musabaot"
"501362","kultuurikatel",,"masebuwua"
"501363","kulubayev",,"masorao"
"501364","kulun",,"icewae"
"501365","kulung",,"ucowat"
"501366","kulwicki",,"moseruat"
"501367","kulwin",,"ocadon"
"501368","kulykiv",,"ecukain"
"501369","kulzer",,"mesiia"
"501370","kuma",,"ocemne"
"501371","kumada",,"metuon"
"501372","kumadori",,"ucimohe"
"501373","kumagai",,"ucimuun"
"501374","kumagawa",,"icomira"
"501375","kumagaya",,"ocemori"
"501376","kumail",,"mutoi"
"501377","kumakawa",,"ecamaru"
"501378","kumakura",,"matituen"
"501379","kumalarang",,"mativaat"
"501380","kumamoto",,"motazaan"
"501381","kuman",,"mitepe"
"501382","kumandin",,"matipieta"
"501383","kumandy",,"ecamiun"
"501384","kumano",,"matiota"
"501385","kumanovo",,"ocemuhat"
"501386","kumans",,"mitee"
"501387","kumaon",,"matiote"
"501388","kumaoni",,"matifen"
"501389","kumar",,"metuce"
"501390","kumara",,"motaa"
"501391","kumarahou",,"acumeran"
"501392","kumarahous",,"acumerun"
"501393","kumarajiva",,"metuceo"
"501394","kumaras",,"motacen"
"501395","kumarbhag",,"mutocau"
"501396","kumares",,"maticot"
"501397","kumari",,"metuat"
"501398","kumaris",,"metucea"
"501399","kumarkhali",,"maticue"
"501400","kumaru",,"matiin"
"501401","kumasawa",,"ocemuron"
"501402","kumascope",,"miteqaa"
"501403","kumasi",,"ocemeta"
"501404","kumassi",,"ocemuia"
"501405","kumat",,"matiwa"
"501406","kumatakenin",,"mutowuzao"
"501407","kumatani",,"acumiron"
"501408","kumayama",,"ucimorat"
"501409","kumayri",,"mitelin"
"501410","kumazawa",,"motamoen"
"501411","kumazemi",,"mutomiat"
"501412","kumbakonam",,"acunavun"
"501413","kumbalanga",,"matunaan"
"501414","kumbaloi",,"iconizen"
"501415","kumbaya",,"mutineta"
"501416","kumbayah",,"ecanemu"
"501417","kumberbund",,"metavoin"
"501418","kumbet",,"acunin"
"501419","kumbh",,"ocenio"
"501420","kumbha",,"iconua"
"501421","kumbhakarna",,"oceniritot"
"501422","kumbhanda",,"ecanorot"
"501423","kumbhar",,"motenet"
"501424","kumbi",,"matur"
"501425","kumbuk",,"mitoea"
"501426","kumbum",,"moteo"
"501427","kumbungu",,"iconofen"
"501428","kumdamsei",,"motinian"
"501429","kumdang",,"acusaen"
"501430","kumdo",,"metofe"
"501431","kumera",,"matoua"
"501432","kumeras",,"matocot"
"501433","kumetz",,"ecatan"
"501434","kumey",,"ocetao"
"501435","kumeyaay",,"ecaturun"
"501436","kumgang",,"matinet"
"501437","kumhali",,"ecameot"
"501438","kumhar",,"icomin"
"501439","kumi",,"ecant"
"501440","kumielsk",,"meteveot"
"501441","kumiho",,"motoon"
"501442","kumiko",,"oceniu"
"501443","kumikumi",,"ocenedu"
"501444","kumin",,"motope"
"501445","kumina",,"mitiu"
"501446","kumingan",,"iconanon"
"501447","kuminost",,"acunohan"
"501448","kumis",,"ecanio"
"501449","kumishi",,"mataqon"
"501450","kumiss",,"ecanei"
"501451","kumisses",,"acunowon"
"501452","kumisz",,"meteat"
"501453","kumite",,"mitie"
"501454","kumites",,"mitiwin"
"501455","kumiyama",,"iconero"
"501456","kumjoinus",,"uciroso"
"501457","kumkum",,"ocesona"
"501458","kumkuma",,"icosoa"
"501459","kumler",,"ucitio"
"501460","kumm",,"ucive"
"501461","kummel",,"matuot"
"501462","kummels",,"matuvo"
"501463","kummelweck",,"metavea"
"501464","kummer",,"moteoa"
"501465","kummerbund",,"acuvuqan"
"501466","kummerbunds",,"acuvuqikun"
"501467","kummerian",,"oceveqe"
"501468","kummers",,"motevet"
"501469","kummi",,"ucivea"
"501470","kumminost",,"icovafan"
"501471","kumni",,"motora"
"501472","kumnis",,"motoet"
"501473","kumon",,"mutapa"
"501474","kump",,"metio"
"501475","kumpang",,"ocefoan"
"501476","kumpf",,"ucifi"
"501477","kumpit",,"ocefon"
"501478","kumpur",,"ocefet"
"501479","kumquat",,"matiba"
"501480","kumquatini",,"ucihiren"
"501481","kumquats",,"matibaen"
"501482","kumrah",,"icojin"
"501483","kumrovec",,"ecajugu"
"501484","kums",,"ecacna"
"501485","kumsa",,"oceco"
"501486","kumshaw",,"mutunan"
"501487","kumst",,"mutuw"
"501488","kumtag",,"metoato"
"501489","kumtd",,"acuqi"
"501490","kumtich",,"ecaqiin"
"501491","kumud",,"mitat"
"501492","kumuk",,"uciwi"
"501493","kumuls",,"motuen"
"501494","kumundhoo",,"matopian"
"501495","kumuram",,"mitacin"
"501496","kumush",,"muteia"
"501497","kumux",,"metik"
"501498","kumyk",,"oceke"
"501499","kumyks",,"oceketa"
"501500","kumys",,"icokaa"
"501501","kumyses",,"ocekuet"
"501502","kumyshka",,"motiqian"
"501503","kuna",,"mavine"
"501504","kunaaveshi",,"muvonuina"
"501505","kunafa",,"ucumiu"
"501506","kunafeh",,"mevule"
"501507","kunahandhoo",,"mivenihiat"
"501508","kunai",,"mavira"
"501509","kunak",,"muvota"
"501510","kunal",,"acamai"
"501511","kunama",,"muvoeta"
"501512","kunamas",,"muvozi"
"501513","kunang",,"acamou"
"501514","kunar",,"ocomi"
"501515","kunas",,"maviqi"
"501516","kunashir",,"mevuqoot"
"501517","kunashiri",,"mevuqoen"
"501518","kunat",,"ecemua"
"501519","kunath",,"maviota"
"501520","kunaziri",,"movamuan"
"501521","kunbee",,"ucunena"
"501522","kunbi",,"ecenia"
"501523","kunbis",,"ecenuna"
"501524","kunburudhoo",,"movebigoin"
"501525","kunc",,"muvuna"
"501526","kunce",,"mivivi"
"501527","kund",,"acase"
"501528","kunda",,"ecesei"
"501529","kundabung",,"ucususu"
"501530","kundal",,"mivuune"
"501531","kundalini",,"ocosozu"
"501532","kundalinic",,"ocosozin"
"501533","kundalinis",,"ocosozot"
"501534","kundan",,"moviaa"
"501535","kundanma",,"mevonie"
"501536","kundberg",,"ecesozu"
"501537","kundela",,"movivo"
"501538","kundera",,"muvavet"
"501539","kunderas",,"muvavai"
"501540","kunderian",,"icisoqen"
"501541","kundert",,"ucusii"
"501542","kundibakh",,"ecesiso"
"501543","kundiman",,"mavereet"
"501544","kundle",,"mevoie"
"501545","kundoku",,"acasien"
"501546","kundong",,"muvafat"
"501547","kundquis",,"acasadon"
"501548","kundrav",,"acasea"
"501549","kundru",,"mivuuni"
"501550","kundry",,"mevoii"
"501551","kundrys",,"mevocat"
"501552","kundt",,"mivuw"
"501553","kundts",,"mivuuno"
"501554","kundu",,"ucusie"
"501555","kundudo",,"muvabon"
"501556","kundumy",,"ucusian"
"501557","kunduz",,"muvaena"
"501558","kune",,"mivani"
"501559","kunefe",,"acatot"
"501560","kunekune",,"ucutidun"
"501561","kunen",,"ocotun"
"501562","kunene",,"ecetan"
"501563","kunert",,"mivaun"
"501564","kunerth",,"acateen"
"501565","kunes",,"mivaqi"
"501566","kuneste",,"icitau"
"501567","kunestes",,"icitabot"
"501568","kuney",,"mavole"
"501569","kunfunadhoo",,"movubusoa"
"501570","kung",,"mavini"
"501571","kunga",,"mevuna"
"501572","kungala",,"ocoloi"
"501573","kungan",,"acalo"
"501574","kungchia",,"icilaret"
"501575","kungfu",,"ocolia"
"501576","kunghur",,"mavinet"
"501577","kungla",,"eceleo"
"501578","kungliao",,"icilison"
"501579","kungnae",,"uculeat"
"501580","kungs",,"maviqo"
"501581","kungsholmen",,"ocolurofet"
"501582","kungur",,"ecelen"
"501583","kungurian",,"mivebuon"
"501584","kungurs",,"ecelain"
"501585","kungwe",,"movao"
"501586","kungwi",,"mivein"
"501587","kuni",,"muvuni"
"501588","kunia",,"mavani"
"501589","kuniaki",,"muvununa"
"501590","kunian",,"ucunane"
"501591","kunias",,"mavaot"
"501592","kunigami",,"muvumuin"
"501593","kuniggretz",,"icininat"
"501594","kuniggretzs",,"icininefe"
"501595","kunigsberg",,"mevemiet"
"501596","kunigsbergs",,"mevemitoi"
"501597","kunigshftte",,"mavamoseot"
"501598","kunigshfttes",,"mavamoseo"
"501599","kunigund",,"mevemaot"
"501600","kunihiko",,"oconisin"
"501601","kunihiro",,"movonue"
"501602","kunik",,"mivit"
"501603","kuniko",,"mavaoa"
"501604","kunikov",,"acanuon"
"501605","kunimedu",,"ecenozin"
"501606","kunimitsu",,"oconisina"
"501607","kunin",,"icinao"
"501608","kuning",,"ucununi"
"501609","kuningaspallo",,"mavapasuet"
"501610","kuninushi",,"mevepaet"
"501611","kunis",,"muvuqi"
"501612","kunitachi",,"mavawaan"
"501613","kunitz",,"mavaota"
"501614","kunitzian",,"acaninat"
"501615","kuniyo",,"miviu"
"501616","kuniyoshi",,"acanihe"
"501617","kuniyoshis",,"acanihin"
"501618","kunj",,"acara"
"501619","kunjal",,"mivuua"
"501620","kunjen",,"maveote"
"501621","kunjin",,"mevoee"
"501622","kunjoos",,"ucuroe"
"501623","kunju",,"ucuria"
"501624","kunk",,"mivanu"
"501625","kunkar",,"ecesun"
"501626","kunkars",,"eceseu"
"501627","kunkel",,"ocoset"
"501628","kunkle",,"ocoseta"
"501629","kunkler",,"mevive"
"501630","kunkletown",,"ucusuzo"
"501631","kunkletowns",,"ucusuzucet"
"501632","kunkur",,"ucusan"
"501633","kunkurs",,"ucusiun"
"501634","kunlun",,"muvoi"
"501635","kunluns",,"muvobat"
"501636","kunming",,"ocovuun"
"501637","kunmingosaurus",,"moveruroat"
"501638","kunmings",,"ocovufu"
"501639","kunmiut",,"ocovuan"
"501640","kunmiuts",,"ocovudun"
"501641","kunnamalei",,"muvunaot"
"501642","kunoichi",,"icipaton"
"501643","kunokephalos",,"ucupizatan"
"501644","kunowsky",,"mavegoet"
"501645","kunowskys",,"mavegoi"
"501646","kunqu",,"muvob"
"501647","kuns",,"muvuno"
"501648","kunsan",,"ucucia"
"501649","kunselman",,"mivivien"
"501650","kunshan",,"mivinot"
"501651","kunshi",,"ececu"
"501652","kunsman",,"ococii"
"501653","kunst",,"acacia"
"501654","kunstgewerbe",,"ococanimin"
"501655","kunsthalle",,"mevewoen"
"501656","kunstkammer",,"muvuwisoo"
"501657","kunstler",,"icicezo"
"501658","kunstlied",,"ococazun"
"501659","kunstlieder",,"mavawateat"
"501660","kunstlieders",,"mavawatee"
"501661","kunstweg",,"iciceko"
"501662","kunthipuzha",,"ucuqasakon"
"501663","kunti",,"acaqoa"
"501664","kuntsevo",,"mivuqoot"
"501665","kuntsevos",,"mivuqoo"
"501666","kuntz",,"mavem"
"501667","kuntzman",,"iciqopo"
"501668","kununurra",,"iciwadet"
"501669","kunurari",,"mavocaet"
"501670","kunwari",,"acadaen"
"501671","kunya",,"movino"
"501672","kunyit",,"ocoket"
"501673","kunz",,"ocoln"
"501674","kunza",,"icili"
"501675","kunze",,"ecela"
"501676","kunzea",,"ocolae"
"501677","kunzite",,"muveri"
"501678","kunzites",,"muveroat"
"501679","kunzler",,"acalao"
"501680","kunzman",,"movuzet"
"501681","kunzru",,"mavoin"
"501682","kuochuan",,"icurudo"
"501683","kuofeng",,"ucakie"
"501684","kuok",,"ucasn"
"501685","kuoliang",,"icutaron"
"501686","kuomboka",,"muziroun"
"501687","kuomintang",,"mizoraat"
"501688","kuomintangs",,"mizoradae"
"501689","kuon",,"mezene"
"501690","kuopio",,"mozueta"
"501691","kuortane",,"mezawee"
"501692","kuoyu",,"ecoka"
"501693","kupang",,"ucemani"
"501694","kupbens",,"mapuvot"
"501695","kupcikite",,"ocuruve"
"501696","kupe",,"mopuo"
"501697","kuper",,"ucetaa"
"501698","kuperberg",,"acoteson"
"501699","kuperman",,"mupecaat"
"501700","kupfer",,"mupeona"
"501701","kupfernickel",,"mipavuhoe"
"501702","kupferschiefer",,"ecikaqazin"
"501703","kupferschiefers",,"ecikaqaza"
"501704","kupffer",,"ocukean"
"501705","kupfferite",,"mupelia"
"501706","kuphar",,"mapuot"
"501707","kupi",,"mipio"
"501708","kupiansk",,"ocunofun"
"501709","kupiec",,"mopoa"
"501710","kupka",,"mipane"
"501711","kupletskite",,"ucetibipen"
"501712","kupo",,"mapeu"
"501713","kuppe",,"acofu"
"501714","kupper",,"mupeet"
"501715","kupreanof",,"ecijaro"
"501716","kuprili",,"moperan"
"501717","kuprin",,"mepaun"
"501718","kuprins",,"meparu"
"501719","kupukupu",,"ocuwedat"
"501720","kupuna",,"ocuwen"
"501721","kupwara",,"acodaa"
"501722","kupyanka",,"acokafet"
"501723","kupyansk",,"ucekufe"
"501724","kuqa",,"acimno"
"501725","kura",,"mihena"
"501726","kurabie",,"ucimai"
"501727","kurabiye",,"ecamose"
"501728","kurabiyesi",,"ecamoso"
"501729","kurachee",,"icomarin"
"501730","kuradhigandu",,"mehutotii"
"501731","kurae",,"mohave"
"501732","kuraish",,"acumoet"
"501733","kuraishite",,"moharuu"
"501734","kurajong",,"miheseen"
"501735","kurakhove",,"mohatiat"
"501736","kurakkan",,"ecamavot"
"501737","kurakkans",,"ecamavo"
"501738","kural",,"icomie"
"501739","kuramaadhoo",,"mohazosou"
"501740","kuramathi",,"mohazoun"
"501741","kuramite",,"ecamosin"
"501742","kuramoto",,"ecamohot"
"501743","kuranakhite",,"ecamiroti"
"501744","kuranchee",,"muhopeat"
"501745","kuranda",,"mehupan"
"501746","kurandhuvaru",,"acumoviku"
"501747","kuranganayani",,"icomanajin"
"501748","kuranishi",,"mehupien"
"501749","kuranko",,"icomaa"
"501750","kurankos",,"icomaven"
"501751","kuraridin",,"ocemise"
"501752","kuras",,"miheqi"
"501753","kurash",,"acumai"
"501754","kurashiki",,"ucimero"
"501755","kuratowski",,"icomehan"
"501756","kuratowskis",,"icomehedun"
"501757","kuray",,"mahili"
"501758","kurayoshi",,"ucimohot"
"501759","kurban",,"mehaia"
"501760","kurbanov",,"iconifa"
"501761","kurbash",,"muhini"
"501762","kurbashed",,"ucinuwun"
"501763","kurbashes",,"mihonaa"
"501764","kurbashing",,"ucinuwen"
"501765","kurbat",,"mihoata"
"501766","kurbee",,"ocenota"
"501767","kurbwatt",,"oceniron"
"501768","kurbyko",,"ocenaon"
"501769","kurchato",,"mahanaen"
"501770","kurchatov",,"acureri"
"501771","kurchatovite",,"mohonodoot"
"501772","kurchatovium",,"ocerirocen"
"501773","kurchatoviums",,"ocerirocon"
"501774","kurchee",,"ocerien"
"501775","kurchees",,"ocerizon"
"501776","kurchenk",,"mihinoaa"
"501777","kurchi",,"uciran"
"501778","kurchicine",,"muhuneot"
"501779","kurchies",,"icoruso"
"501780","kurchine",,"muhuneun"
"501781","kurchis",,"uciraun"
"501782","kurd",,"icose"
"501783","kurdaitcha",,"acusasan"
"501784","kurdaitchas",,"acusasazun"
"501785","kurdestan",,"acusuwet"
"501786","kurdification",,"mihurotoot"
"501787","kurdified",,"icosamet"
"501788","kurdifies",,"mohireun"
"501789","kurdify",,"mahero"
"501790","kurdifying",,"acusomin"
"501791","kurdish",,"mohiron"
"501792","kurdishes",,"mehoriot"
"501793","kurdishness",,"acusowiju"
"501794","kurdishs",,"mohiruan"
"501795","kurdistan",,"ecasiwa"
"501796","kurdistani",,"ecasiwet"
"501797","kurdistans",,"ecasiwen"
"501798","kurdo",,"acusi"
"501799","kurdophobia",,"muhafisuo"
"501800","kurdophobic",,"mihufosian"
"501801","kurdophone",,"muhafiot"
"501802","kurds",,"icosaa"
"501803","kurdyuk",,"icosein"
"501804","kure",,"mehini"
"501805","kuredhifushi",,"mohutitiet"
"501806","kuredhigandu",,"muhetateen"
"501807","kuredhirehaa",,"mihatutean"
"501808","kuredhivaru",,"mahotetoat"
"501809","kureef",,"icotea"
"501810","kurehdhoo",,"ocetive"
"501811","kureikeymaahuttaa",,"icotavuret"
"501812","kureishian",,"mahoroun"
"501813","kurek",,"mahoti"
"501814","kurendhoo",,"ucitevin"
"501815","kurepa",,"acutin"
"501816","kuresa",,"mohuote"
"501817","kuressaare",,"ucitewe"
"501818","kuretake",,"ecature"
"501819","kurf",,"acuke"
"501820","kurfess",,"ucikiat"
"501821","kurfiirstenhumpen",,"ocekusaden"
"501822","kurfuffle",,"mihaboi"
"501823","kurfuffled",,"ucikimen"
"501824","kurfuffles",,"mihaboat"
"501825","kurfuffling",,"ucikimafe"
"501826","kurg",,"mihene"
"501827","kurgan",,"icolina"
"501828","kurgans",,"icolia"
"501829","kurgansky",,"ucilufot"
"501830","kurgantaite",,"ocelofotot"
"501831","kurgs",,"miheqo"
"501832","kurhaus",,"ucimuat"
"501833","kurhauss",,"ucimude"
"501834","kuri",,"mohot"
"501835","kuria",,"mihino"
"501836","kuriakose",,"mihinoen"
"501837","kurian",,"oceneti"
"501838","kuric",,"mohos"
"501839","kurie",,"meheva"
"501840","kurigram",,"ucinuqin"
"501841","kurihara",,"mahanaet"
"501842","kurikata",,"ucinire"
"501843","kurikka",,"mehetu"
"501844","kuril",,"ocenoe"
"501845","kurile",,"ecanuna"
"501846","kuriles",,"ecaneu"
"501847","kurilian",,"muhuveu"
"501848","kurilians",,"muhuveot"
"501849","kurils",,"ocenone"
"501850","kurimoto",,"acunehan"
"501851","kurinbi",,"mahapen"
"501852","kuring",,"ocenit"
"501853","kuriologic",,"ocenazo"
"501854","kuris",,"mohoqe"
"501855","kuriyama",,"muhuluat"
"501856","kuriyan",,"ucinoat"
"501857","kurk",,"mehino"
"501858","kurkar",,"ucisie"
"501859","kurkov",,"icosin"
"501860","kurkowski",,"mahofeat"
"501861","kurku",,"mahobe"
"501862","kurkul",,"acusoi"
"501863","kurkus",,"mahoot"
"501864","kurla",,"icotia"
"501865","kurland",,"acutao"
"501866","kurlandic",,"acutafi"
"501867","kurlansky",,"mahinoi"
"501868","kurlantzick",,"muhonedao"
"501869","kurma",,"mehani"
"501870","kurmali",,"ecavein"
"501871","kurman",,"acuva"
"501872","kurmanji",,"mihonaena"
"501873","kurmas",,"mehaan"
"501874","kurmburra",,"icovuden"
"501875","kurmi",,"mahure"
"501876","kurmis",,"mahuaa"
"501877","kurmond",,"muhifan"
"501878","kurn",,"ecazn"
"501879","kurnai",,"ocezet"
"501880","kurnakovite",,"acuzavalu"
"501881","kurnay",,"ucizone"
"501882","kurnell",,"ocezei"
"501883","kurnitz",,"ocezui"
"501884","kurnool",,"mohofia"
"501885","kurns",,"ecazio"
"501886","kurnum",,"icozin"
"501887","kuro",,"muhanu"
"501888","kurobane",,"mohiroet"
"501889","kuroboshi",,"mohirae"
"501890","kuroda",,"ecapana"
"501891","kuroi",,"muhare"
"501892","kurokawa",,"mihutiota"
"501893","kuroki",,"mihuina"
"501894","kurokis",,"mihuta"
"501895","kurola",,"acupa"
"501896","kuromaku",,"mehozein"
"501897","kuromanin",,"mihuzion"
"501898","kuromatsuol",,"mohizodeot"
"501899","kuromido",,"acupesi"
"501900","kuromitsu",,"ocepisu"
"501901","kuropatkin",,"ucipiren"
"501902","kuropatkins",,"ucipirupon"
"501903","kurort",,"muhaone"
"501904","kurortish",,"ecapobet"
"501905","kurosawa",,"muhaquan"
"501906","kurosawas",,"muhaquun"
"501907","kurose",,"mihuune"
"501908","kuroshigiri",,"mehoqotie"
"501909","kuroshii",,"ecapiren"
"501910","kuroshio",,"icoparon"
"501911","kuroshioes",,"ocepurot"
"501912","kuroshios",,"icoparan"
"501913","kurosio",,"mehoqu"
"501914","kurosiwo",,"muhaqee"
"501915","kurosol",,"ecapiin"
"501916","kurow",,"mohig"
"501917","kurowicka",,"mohiguat"
"501918","kurowski",,"mehogiot"
"501919","kurp",,"acufa"
"501920","kurper",,"mihaun"
"501921","kurpian",,"mohuron"
"501922","kurpie",,"ucifia"
"501923","kurr",,"ucijn"
"501924","kurraba",,"mahunin"
"501925","kurraca",,"ecajeat"
"501926","kurrajong",,"acujatun"
"501927","kurrajongs",,"acujatu"
"501928","kurrama",,"ucijuan"
"501929","kurrat",,"mihoun"
"501930","kurrats",,"mihonu"
"501931","kurre",,"icojo"
"501932","kurrel",,"mahuina"
"501933","kurreln",,"ucijiat"
"501934","kurrent",,"acujuo"
"501935","kurres",,"icoje"
"501936","kurri",,"ucijee"
"501937","kurrichane",,"ocejutu"
"501938","kurrupuwu",,"muhibie"
"501939","kurs",,"mohona"
"501940","kursaal",,"ucicuan"
"501941","kursaals",,"ucicurun"
"501942","kursch",,"ucici"
"501943","kursh",,"ucica"
"501944","kursi",,"mohor"
"501945","kursk",,"meheta"
"501946","kurson",,"icocin"
"501947","kurt",,"icoqna"
"501948","kurta",,"ucique"
"501949","kurtas",,"uciqon"
"501950","kurten",,"mihuuni"
"501951","kurtenbach",,"mahevoon"
"501952","kurtens",,"mihuvu"
"501953","kurth",,"mohini"
"501954","kurthwood",,"acuqekan"
"501955","kurthwoods",,"acuqekun"
"501956","kurti",,"icoqaa"
"501957","kurtid",,"mehoano"
"501958","kurting",,"maheret"
"501959","kurtis",,"icoqin"
"501960","kurtiss",,"icoqaaa"
"501961","kurtistown",,"acuqowe"
"501962","kurtistowns",,"acuqowacin"
"501963","kurtoed",,"mohifo"
"501964","kurtofsky",,"mehofao"
"501965","kurtoses",,"uciqowun"
"501966","kurtosis",,"acuqiwi"
"501967","kurtosises",,"uciqowa"
"501968","kurtotic",,"mihufea"
"501969","kurtoxin",,"acuqili"
"501970","kurts",,"icoqae"
"501971","kurtwood",,"mihugeot"
"501972","kurtz",,"mihumi"
"501973","kurtzian",,"icoqoso"
"501974","kurtzig",,"muhamat"
"501975","kurtzman",,"ecaqapin"
"501976","kuru",,"mehinu"
"501977","kuruba",,"uciwet"
"501978","kurubas",,"uciwai"
"501979","kuruc",,"mehise"
"501980","kuruces",,"mahosin"
"501981","kurudu",,"ecawan"
"501982","kurukh",,"ocewone"
"501983","kurukhs",,"ocewean"
"501984","kurukshetra",,"ocewewafot"
"501985","kurukull",,"mehitaot"
"501986","kurultai",,"mahoviet"
"501987","kuruma",,"mahoin"
"501988","kurumaya",,"mihaziin"
"501989","kurumba",,"ocewiet"
"501990","kurumbar",,"mehizoe"
"501991","kurumbas",,"ocewisi"
"501992","kurume",,"mihauna"
"501993","kurumoi",,"mehizu"
"501994","kurumsakite",,"uciwawepen"
"501995","kurunegala",,"muhepiin"
"501996","kurung",,"ecawee"
"501997","kurunjang",,"uciweta"
"501998","kurus",,"mehiqo"
"501999","kurush",,"icowin"
"502000","kuruss",,"mehiana"
"502001","kurusu",,"mahoina"
"502002","kurusus",,"mahoqa"
"502003","kurutz",,"mohua"
"502004","kuruvilla",,"uciwusot"
"502005","kurux",,"acuwoa"
"502006","kuruxes",,"uciwei"
"502007","kurva",,"icobi"
"502008","kurvey",,"icobun"
"502009","kurveyed",,"mahiviin"
"502010","kurveying",,"mahivii"
"502011","kurveyor",,"muhovoan"
"502012","kurveyors",,"muhovoun"
"502013","kurveys",,"icobou"
"502014","kuryk",,"mihute"
"502015","kurylo",,"ecakun"
"502016","kurys",,"muhaqu"
"502017","kurz",,"aculn"
"502018","kurzawa",,"aculaot"
"502019","kurzel",,"mehiia"
"502020","kurzeme",,"ecalaat"
"502021","kurzemes",,"ecalape"
"502022","kurzii",,"aculoa"
"502023","kurzman",,"mahoza"
"502024","kurzweil",,"muhegiat"
"502025","kurzweilian",,"ucilazifen"
"502026","kusa",,"ucumno"
"502027","kusaal",,"mojaa"
"502028","kusachiite",,"icimari"
"502029","kusaie",,"icimei"
"502030","kusaka",,"ucumono"
"502031","kusam",,"ocomia"
"502032","kusan",,"majipe"
"502033","kusans",,"majiin"
"502034","kusarchaiskii",,"acametitet"
"502035","kusarigama",,"mujoceot"
"502036","kusarigamajutsu",,"mejuciriot"
"502037","kusch",,"mojona"
"502038","kuschel",,"eceroe"
"502039","kuschs",,"mojooa"
"502040","kuscus",,"ocoro"
"502041","kusek",,"ecetae"
"502042","kusenedm",,"ecetize"
"502043","kush",,"mojen"
"502044","kusha",,"mijon"
"502045","kushagra",,"ocomonat"
"502046","kushaiah",,"ecemesa"
"502047","kushalgarh",,"ecemezi"
"502048","kushan",,"ocomet"
"502049","kushana",,"icimiot"
"502050","kushanian",,"mujinein"
"502051","kushanic",,"ocomofat"
"502052","kushano",,"ucumuuna"
"502053","kushanshah",,"ucumufen"
"502054","kushari",,"acamaet"
"502055","kushih",,"ucumune"
"502056","kushikatsu",,"ocomuvot"
"502057","kushimoto",,"acamope"
"502058","kushinagar",,"mijoraan"
"502059","kushiro",,"ecemiot"
"502060","kushite",,"ocomui"
"502061","kushitic",,"icimabet"
"502062","kushitism",,"ecemibon"
"502063","kushiyaki",,"mujiroot"
"502064","kushner",,"mujipan"
"502065","kushnir",,"majupet"
"502066","kushoon",,"acamion"
"502067","kushshu",,"icimao"
"502068","kushshus",,"icimaret"
"502069","kushtaka",,"ucumorea"
"502070","kushti",,"icimoti"
"502071","kushtia",,"ucumoun"
"502072","kushwind",,"mojeguan"
"502073","kusiak",,"icinino"
"502074","kusimanse",,"mojozoat"
"502075","kusimansel",,"oconirin"
"502076","kusin",,"mujupi"
"502077","kusinagara",,"acanorun"
"502078","kuska",,"icisia"
"502079","kuske",,"ecesa"
"502080","kuskite",,"mujeran"
"502081","kusko",,"ucusoe"
"502082","kuskokwim",,"ucusovo"
"502083","kuskokwims",,"ucusovet"
"502084","kuskos",,"ucusana"
"502085","kuskus",,"ecesuna"
"502086","kuskwogmiut",,"mijageree"
"502087","kuskwogmiuts",,"mijagerein"
"502088","kusoge",,"acapaa"
"502089","kusokln",,"acapuon"
"502090","kuspuk",,"mejiat"
"502091","kussell",,"ucuciat"
"502092","kussier",,"mejerun"
"502093","kusskuss",,"ececadot"
"502094","kussmaul",,"mijizia"
"502095","kusso",,"acacie"
"502096","kussos",,"acaca"
"502097","kustaanh",,"mejoneu"
"502098","kustanai",,"ocoqofan"
"502099","kustanair",,"mejoniot"
"502100","kustanais",,"ocoqofun"
"502101","kustanay",,"ucuqufat"
"502102","kustenau",,"ucuqifat"
"502103","kustenaus",,"ucuqife"
"502104","kustenhaubitze",,"acaqufita"
"502105","kuster",,"ocoqoe"
"502106","kustermann",,"eceqaqen"
"502107","kusti",,"mejora"
"502108","kusu",,"ocowt"
"502109","kusudama",,"majotaa"
"502110","kusuite",,"mujeri"
"502111","kusulaka",,"majovaen"
"502112","kusum",,"acawe"
"502113","kusumba",,"majozot"
"502114","kusumbha",,"ocowisan"
"502115","kusumoto",,"mojuzaan"
"502116","kusunda",,"acawoaa"
"502117","kusunol",,"acawoet"
"502118","kuta",,"mocan"
"502119","kutais",,"mocaoa"
"502120","kutaisi",,"mocaron"
"502121","kutaiss",,"mocaret"
"502122","kutaissi",,"mocaruan"
"502123","kutani",,"ecomun"
"502124","kutas",,"mocaqa"
"502125","kutasho",,"ecomiu"
"502126","kutauss",,"mecubat"
"502127","kutch",,"icurui"
"502128","kutcha",,"ucaron"
"502129","kutcher",,"mecenat"
"502130","kutcherry",,"acerezon"
"502131","kutches",,"ocirieta"
"502132","kutchi",,"icurine"
"502133","kutchin",,"mucunat"
"502134","kutchins",,"mucunee"
"502135","kutchinta",,"ecoroso"
"502136","kutenai",,"acetoo"
"502137","kutenais",,"acetoret"
"502138","kutenay",,"ocituen"
"502139","kutenays",,"ocituron"
"502140","kutger",,"icului"
"502141","kuth",,"icumn"
"502142","kuther",,"mecaana"
"502143","kutheran",,"ecomaqin"
"502144","kuti",,"meceo"
"502145","kutia",,"mocona"
"502146","kutina",,"econuni"
"502147","kutis",,"meceqa"
"502148","kutjera",,"mecovat"
"502149","kutjevo",,"maceva"
"502150","kutki",,"macor"
"502151","kutlas",,"ocitene"
"502152","kutnahorite",,"mecenojuon"
"502153","kutner",,"miciun"
"502154","kutniti",,"micira"
"502155","kutno",,"ociza"
"502156","kutnohorite",,"mocofijaa"
"502157","kutorginid",,"icupunun"
"502158","kutsavi",,"ocicoon"
"502159","kutsch",,"icucu"
"502160","kutsinta",,"mucureun"
"502161","kutsurub",,"macabeo"
"502162","kutta",,"icuqi"
"502163","kuttab",,"mociote"
"502164","kuttanad",,"ecoqefe"
"502165","kuttar",,"mociaa"
"502166","kuttaur",,"meconat"
"502167","kuttawa",,"ociqoen"
"502168","kuttawas",,"ociqokon"
"502169","kuttenberg",,"micuvaen"
"502170","kutthung",,"aceqedan"
"502171","kuttner",,"ucaqeane"
"502172","kutu",,"macone"
"502173","kutub",,"ociwii"
"502174","kutubu",,"ecowane"
"502175","kutulamare",,"micavien"
"502176","kutulu",,"ucawia"
"502177","kutum",,"micaz"
"502178","kuturmi",,"aceweet"
"502179","kutus",,"macoqo"
"502180","kutuzov",,"mocumen"
"502181","kutuzovs",,"mocumaon"
"502182","kutwal",,"acedot"
"502183","kutya",,"mucana"
"502184","kutz",,"ucali"
"502185","kutzenco",,"meciviun"
"502186","kutzer",,"mocuot"
"502187","kutzneride",,"micapoo"
"502188","kutztown",,"ecoluhin"
"502189","kutztowns",,"ecoluha"
"502190","kuudere",,"acosuin"
"502191","kuujjuaq",,"ocuradat"
"502192","kuuk",,"ecisn"
"502193","kuuma",,"ecive"
"502194","kuurdak",,"ocujaet"
"502195","kuusi",,"ocucue"
"502196","kuvasz",,"ucomet"
"502197","kuvaszes",,"icemanin"
"502198","kuvaszok",,"acimonet"
"502199","kuvaszs",,"ucomeia"
"502200","kuvera",,"ocatau"
"502201","kuveras",,"ocatien"
"502202","kuvi",,"mawai"
"502203","kuvies",,"muwueta"
"502204","kuvis",,"mawaqe"
"502205","kuwait",,"mabiin"
"502206","kuwaiti",,"mabiro"
"502207","kuwaitiness",,"icomabojat"
"502208","kuwaitis",,"mabiriet"
"502209","kuwaitisation",,"mabirituo"
"502210","kuwaitise",,"muboroe"
"502211","kuwaitised",,"acumoban"
"502212","kuwaitises",,"muboroin"
"502213","kuwaitising",,"acumobuda"
"502214","kuwaitization",,"icomabosot"
"502215","kuwaitize",,"ocemubat"
"502216","kuwaitized",,"mabirion"
"502217","kuwaitizes",,"ocemube"
"502218","kuwaitizing",,"mabiritein"
"502219","kuwaits",,"mabira"
"502220","kuwana",,"muboena"
"502221","kuwanon",,"ucimeat"
"502222","kuwanwisiwma",,"mibeputoun"
"502223","kuwayt",,"mobaot"
"502224","kuwazuru",,"ocemedon"
"502225","kuwohi",,"mobiet"
"502226","kuxembou",,"ucutasat"
"502227","kuya",,"ecomna"
"502228","kuyavia",,"mugodon"
"502229","kuyavian",,"icumisa"
"502230","kuybyshev",,"mugileat"
"502231","kuye",,"ucatne"
"502232","kuyiyesva",,"muguliat"
"502233","kuykendall",,"icusofon"
"502234","kuylak",,"mogaoa"
"502235","kuyonon",,"ucapeun"
"502236","kuyp",,"magon"
"502237","kuyper",,"ecofan"
"502238","kuyps",,"magoqe"
"502239","kuyrdak",,"acejia"
"502240","kuytun",,"ecoqat"
"502241","kuyuan",,"megiie"
"502242","kuyunon",,"ecowiua"
"502243","kuyvaya",,"meguni"
"502244","kuza",,"mukoo"
"502245","kuzari",,"ecimat"
"502246","kuzbas",,"ecinia"
"502247","kuzbass",,"ecineat"
"502248","kuzcreb",,"mikicat"
"502249","kuzelbash",,"ucetuse"
"502250","kuzelite",,"mukevean"
"502251","kuzhal",,"mikoe"
"502252","kuzhambu",,"mokenion"
"502253","kuzma",,"mokena"
"502254","kuzmenkoite",,"mokevuzoin"
"502255","kuzmic",,"mekaana"
"502256","kuzmik",,"makua"
"502257","kuzmin",,"acovoa"
"502258","kuzmina",,"eciviu"
"502259","kuzminite",,"mokeruun"
"502260","kuznecov",,"makavoaa"
"502261","kuznets",,"mukuvon"
"502262","kuznetsk",,"mikiveot"
"502263","kuznetski",,"mikiveen"
"502264","kuznetsks",,"mikiveo"
"502265","kuznetso",,"mekevue"
"502266","kuznetsoff",,"mukuvoa"
"502267","kuznetsov",,"ecizabot"
"502268","kuznetsovite",,"mikivebian"
"502269","kuznetsovsk",,"acozubuce"
"502270","kuznetss",,"mukuvoan"
"502271","kuznia",,"icazu"
"502272","kuzniar",,"mokoret"
"502273","kuznicki",,"ecizita"
"502274","kuzon",,"ucepea"
"502275","kuzu",,"mokun"
"502276","kuzumochi",,"ucewahot"
"502277","kuzus",,"mokuq"
"502278","kuzushiji",,"mokuqiu"
"502279","kuzzilbash",,"makoraan"
"502280","kvaett",,"meloee"
"502281","kvah",,"uqoma"
"502282","kvahs",,"uqome"
"502283","kval",,"oqata"
"502284","kvals",,"oqatue"
"502285","kvamme",,"mileae"
"502286","kvanefjeldite",,"melavuvein"
"502287","kvar",,"uqojo"
"502288","kvarken",,"mulotu"
"502289","kvarner",,"equjiun"
"502290","kvars",,"uqojea"
"502291","kvas",,"milota"
"502292","kvases",,"moleona"
"502293","kvass",,"miloqn"
"502294","kvasses",,"moleqan"
"502295","kvasyliv",,"moleleu"
"502296","kvcd",,"oqoso"
"502297","kvdt",,"meret"
"502298","kvdtp",,"iquqo"
"502299","kveik",,"masut"
"502300","kveim",,"musiz"
"502301","kvell",,"misava"
"502302","kvelled",,"oqutoen"
"502303","kvelling",,"oqutose"
"502304","kvells",,"misaoa"
"502305","kvemo",,"mesufi"
"502306","kven",,"uqezu"
"502307","kvenland",,"masuvuan"
"502308","kverhage",,"misenoon"
"502309","kvernvik",,"oqujugat"
"502310","kvetch",,"meseua"
"502311","kvetched",,"aqoqora"
"502312","kvetcher",,"eqiqire"
"502313","kvetchers",,"eqiqirin"
"502314","kvetches",,"masasai"
"502315","kvetchier",,"eqiqirot"
"502316","kvetchiest",,"aqoqoran"
"502317","kvetchily",,"oququrun"
"502318","kvetchiness",,"iqaqarojan"
"502319","kvetchinesses",,"oququrejo"
"502320","kvetching",,"aqoqorat"
"502321","kvetchs",,"mesesota"
"502322","kvetchy",,"misiso"
"502323","kvets",,"eqiqia"
"502324","kvetuse",,"uqeqion"
"502325","kvevri",,"masoete"
"502326","kvinesdal",,"iqizowen"
"502327","kvint",,"mumiwa"
"502328","kvinter",,"uquzoat"
"502329","kvirikashvili",,"mamirisiu"
"502330","kviring",,"memuron"
"502331","kvistabe",,"momeweun"
"502332","kvitch",,"momoata"
"502333","kvitched",,"eqeqiru"
"502334","kvitches",,"memeseen"
"502335","kvitching",,"eqeqiron"
"502336","kvitel",,"mumueu"
"502337","kvitl",,"mamava"
"502338","kvittel",,"uquqoat"
"502339","kvlt",,"masata"
"502340","kvochak",,"aqereen"
"502341","kvutza",,"miqiot"
"502342","kvutzah",,"uqeqian"
"502343","kvwgjn",,"mibaeta"
"502344","kvwgph",,"mibaete"
"502345","kwaai",,"uwome"
"502346","kwaak",,"iwemoa"
"502347","kwaart",,"uwomet"
"502348","kwabena",,"ewunaan"
"502349","kwacha",,"maliat"
"502350","kwachas",,"maline"
"502351","kwacoco",,"owaraen"
"502352","kwadza",,"awise"
"502353","kwae",,"owat"
"502354","kwagga",,"ewulun"
"502355","kwagiulth",,"moliruat"
"502356","kwagu",,"iwelo"
"502357","kwahss",,"muleoa"
"502358","kwai",,"iwena"
"502359","kwaies",,"owano"
"502360","kwaiken",,"mulotet"
"502361","kwailo",,"muloena"
"502362","kwais",,"iwenaa"
"502363","kwaito",,"maliee"
"502364","kwaitos",,"maliwina"
"502365","kwaj",,"milote"
"502366","kwajalein",,"mulinoat"
"502367","kwajaleins",,"mulinoe"
"502368","kwak",,"owas"
"502369","kwakiutl",,"uwosedu"
"502370","kwakiutls",,"uwosedot"
"502371","kwaku",,"ewusa"
"502372","kwakwa",,"ewusan"
"502373","kwakwakawakw",,"owasiritot"
"502374","kwakwala",,"meleguan"
"502375","kwala",,"miluna"
"502376","kwalhioqua",,"awitese"
"502377","kwalliso",,"owatosun"
"502378","kwame",,"awivu"
"502379","kwamera",,"moluvin"
"502380","kwames",,"awivin"
"502381","kwamme",,"iweve"
"502382","kwan",,"meluta"
"502383","kwandebele",,"ewuzuzu"
"502384","kwando",,"owazo"
"502385","kwang",,"molama"
"502386","kwanga",,"milean"
"502387","kwangchi",,"owazotun"
"502388","kwangchow",,"owazote"
"502389","kwangchowan",,"melumesuo"
"502390","kwangchows",,"owazotin"
"502391","kwangchu",,"ewuzetot"
"502392","kwangju",,"awizaet"
"502393","kwangjus",,"awizati"
"502394","kwanglu",,"uwozuun"
"502395","kwangmyong",,"owazopa"
"502396","kwango",,"muloene"
"502397","kwangoside",,"owazohu"
"502398","kwangsi",,"molamen"
"502399","kwangsoo",,"melumee"
"502400","kwangtung",,"mulomae"
"502401","kwanjula",,"muloseia"
"502402","kwanna",,"uwozon"
"502403","kwannon",,"milepe"
"502404","kwannons",,"milepuin"
"502405","kwans",,"meluqu"
"502406","kwantien",,"molawoen"
"502407","kwantlen",,"awizizet"
"502408","kwantrell",,"molaweon"
"502409","kwantung",,"milewaina"
"502410","kwantungs",,"milewaa"
"502411","kwanyama",,"mileleun"
"502412","kwanza",,"iwezun"
"502413","kwanzaa",,"uwozion"
"502414","kwanzaas",,"uwoziran"
"502415","kwanzas",,"iwezou"
"502416","kwapa",,"meleno"
"502417","kwapas",,"meleen"
"502418","kwapong",,"awifiet"
"502419","kwaptiwa",,"iwefesa"
"502420","kwara",,"malono"
"502421","kwaras",,"maloat"
"502422","kware",,"milava"
"502423","kwart",,"iwejee"
"502424","kwarta",,"uwojet"
"502425","kwarteng",,"meliwiat"
"502426","kwarterka",,"milawau"
"502427","kwartje",,"moluwot"
"502428","kwartjes",,"moluwio"
"502429","kwas",,"iwecu"
"502430","kwashiokor",,"owacisa"
"502431","kwashior",,"ewucosa"
"502432","kwashiorkor",,"milenijuan"
"502433","kwashiorkored",,"ewucosebe"
"502434","kwashiorkoric",,"milenijuu"
"502435","kwashiorkors",,"milenijuun"
"502436","kwasi",,"iwecaa"
"502437","kwasnik",,"malipot"
"502438","kwasny",,"mileia"
"502439","kwaso",,"awici"
"502440","kwassa",,"uwocet"
"502441","kwati",,"milore"
"502442","kwatuma",,"melabon"
"502443","kwaussie",,"ewuwiwu"
"502444","kwavi",,"molir"
"502445","kwawar",,"milaon"
"502446","kwawkewlth",,"melitiin"
"502447","kway",,"awik"
"502448","kwaza",,"melenu"
"502449","kwaznku",,"awiloo"
"502450","kwazoku",,"malafu"
"502451","kwazuku",,"molobot"
"502452","kwazulu",,"ewulaun"
"502453","kwazulus",,"ewulazu"
"502454","kwedini",,"iwasaot"
"502455","kwee",,"awot"
"502456","kweek",,"uweti"
"502457","kweeks",,"uwetet"
"502458","kween",,"misipa"
"502459","kweh",,"mosusa"
"502460","kwei",,"ewin"
"502461","kweichow",,"mosaseen"
"502462","kweihwating",,"musonisoa"
"502463","kweihwatings",,"musonisoen"
"502464","kweilin",,"owunoan"
"502465","kweiping",,"ewinaso"
"502466","kweisui",,"awonoen"
"502467","kweiyang",,"miseleu"
"502468","kwekwe",,"owusa"
"502469","kwela",,"mesoni"
"502470","kwelae",,"masean"
"502471","kwelas",,"mesoene"
"502472","kweng",,"masime"
"502473","kwenged",,"iwaziu"
"502474","kweni",,"musor"
"502475","kwentoh",,"mesuwan"
"502476","kwere",,"mesivi"
"502477","kwerekwere",,"ewijavin"
"502478","kwerps",,"iwaje"
"502479","kwethers",,"mesanian"
"502480","kwethluk",,"misonein"
"502481","kwethluks",,"misonea"
"502482","kwey",,"iwake"
"502483","kwhr",,"iwoja"
"502484","kwiakah",,"mumaton"
"502485","kwiat",,"mimuw"
"502486","kwiatek",,"memowi"
"502487","kwiatkowski",,"memowijoet"
"502488","kwic",,"owor"
"502489","kwiecien",,"mimisie"
"502490","kwiecinski",,"mimisiet"
"502491","kwietniewo",,"owotafu"
"502492","kwigillingok",,"mameripoet"
"502493","kwigillingoks",,"mameripoi"
"502494","kwik",,"ewes"
"502495","kwikmed",,"mimizun"
"502496","kwikstat",,"ewesibot"
"502497","kwikwetlem",,"iwisuzi"
"502498","kwil",,"memono"
"502499","kwila",,"momini"
"502500","kwinana",,"uwuzuat"
"502501","kwintra",,"memuwana"
"502502","kwips",,"mumuqi"
"502503","kwisatz",,"uwucuan"
"502504","kwise",,"eweca"
"502505","kwitcherbitchin",,"mamusupeen"
"502506","kwoc",,"uwar"
"502507","kwock",,"iwuro"
"502508","kwok",,"iwusi"
"502509","kwokchoi",,"mezesau"
"502510","kwokkin",,"mazato"
"502511","kwokmung",,"muzuzeun"
"502512","kwoksang",,"miziqeot"
"502513","kwolu",,"mozib"
"502514","kwoma",,"iwuvi"
"502515","kwon",,"mozana"
"502516","kwong",,"mizem"
"502517","kwongan",,"ewozein"
"502518","kwongkan",,"awezavan"
"502519","kworthy",,"mozuwo"
"502520","kwot",,"muzino"
"502521","kwukyel",,"maqalu"
"502522","kwun",,"muqou"
"502523","kwyjibo",,"eworiu"
"502524","kxoe",,"muzinu"
"502525","kyaa",,"idemo"
"502526","kyabajo",,"adinaa"
"502527","kyabakura",,"ideniva"
"502528","kyabram",,"odanien"
"502529","kyabuka",,"mulubin"
"502530","kyack",,"edura"
"502531","kyacks",,"eduran"
"502532","kyah",,"malate"
"502533","kyahn",,"adimo"
"502534","kyai",,"odan"
"502535","kyaingtong",,"milupuen"
"502536","kyak",,"edusa"
"502537","kyakhta",,"odasion"
"502538","kyaks",,"edusi"
"502539","kyalite",,"udotean"
"502540","kyamancha",,"adivafon"
"502541","kyamba",,"mulue"
"502542","kyamuni",,"mulubo"
"502543","kyan",,"moliti"
"502544","kyang",,"miluma"
"502545","kyangs",,"miluone"
"502546","kyangw",,"meloo"
"502547","kyanisation",,"molirasiat"
"502548","kyanisations",,"molirasie"
"502549","kyanise",,"melorena"
"502550","kyanised",,"idezawot"
"502551","kyanises",,"meloruon"
"502552","kyanising",,"idezawan"
"502553","kyanite",,"idezain"
"502554","kyanites",,"idezaba"
"502555","kyanitic",,"udozebe"
"502556","kyanization",,"eduzinigi"
"502557","kyanizations",,"eduzinigat"
"502558","kyanize",,"adizoa"
"502559","kyanized",,"molirou"
"502560","kyanizes",,"adizonen"
"502561","kyanizing",,"moliroon"
"502562","kyanna",,"ideze"
"502563","kyano",,"mulafa"
"502564","kyanol",,"adiza"
"502565","kyanophilous",,"idezejevot"
"502566","kyanophyll",,"malefaet"
"502567","kyanoxalite",,"odazalufin"
"502568","kyar",,"malati"
"502569","kyaraben",,"milinaon"
"502570","kyarn",,"adijo"
"502571","kyarnt",,"moloun"
"502572","kyarran",,"mulucot"
"502573","kyars",,"malaqo"
"502574","kyasanur",,"adicafen"
"502575","kyat",,"muleno"
"502576","kyathoi",,"udoqaun"
"502577","kyathos",,"udoqaat"
"502578","kyathoss",,"udoqahe"
"502579","kyats",,"muleqe"
"502580","kyaung",,"molae"
"502581","kyavar",,"odaba"
"502582","kyaw",,"adid"
"502583","kyawthuite",,"malawoa"
"502584","kybartai",,"memacaet"
"502585","kybele",,"idotat"
"502586","kybeles",,"idotie"
"502587","kybernetes",,"edatofin"
"502588","kybeyan",,"edatuan"
"502589","kybo",,"memitu"
"502590","kybos",,"memiqn"
"502591","kybosh",,"udipia"
"502592","kyboshed",,"mamoqoun"
"502593","kyboshes",,"idopara"
"502594","kyboshing",,"mamoqoen"
"502595","kybp",,"idof"
"502596","kyburz",,"mamione"
"502597","kyburzs",,"mamican"
"502598","kydell",,"murouo"
"502599","kydia",,"muran"
"502600","kydonia",,"edopie"
"502601","kydonian",,"meripui"
"502602","kyds",,"mirut"
"502603","kydst",,"adecie"
"502604","kyeamba",,"misozen"
"502605","kyebosh",,"idanein"
"502606","kyeemagh",,"mosaziote"
"502607","kyehong",,"edimuin"
"502608","kyekyu",,"adosin"
"502609","kyen",,"maseri"
"502610","kyeong",,"misaone"
"502611","kyeongso",,"masopein"
"502612","kyer",,"misiru"
"502613","kyes",,"adocs"
"502614","kyffh",,"mogana"
"502615","kyger",,"mukoca"
"502616","kyhaskin",,"udimevin"
"502617","kyinkyinga",,"uduzimet"
"502618","kyiv",,"momes"
"502619","kyivan",,"idibu"
"502620","kyivian",,"idibaa"
"502621","kyivite",,"idibaot"
"502622","kyivs",,"momeqn"
"502623","kyivskyi",,"mimoqie"
"502624","kyjiv",,"udanu"
"502625","kyjivan",,"manede"
"502626","kyke",,"udetu"
"502627","kykeon",,"meruo"
"502628","kyker",,"moraca"
"502629","kykes",,"udetea"
"502630","kyklades",,"idativot"
"502631","kyklopes",,"editujot"
"502632","kyklopess",,"editujo"
"502633","kyklops",,"odutaan"
"502634","kyklopss",,"odutajun"
"502635","kyklos",,"miroi"
"502636","kyknos",,"moriua"
"502637","kykotsmovi",,"adopiwu"
"502638","kyla",,"misona"
"502639","kylah",,"edumo"
"502640","kylan",,"idemaa"
"502641","kylander",,"odamuvon"
"502642","kylara",,"odamoa"
"502643","kyle",,"mesune"
"502644","kyleakin",,"edutevot"
"502645","kylee",,"masiv"
"502646","kyleigh",,"aditoon"
"502647","kylen",,"eduti"
"502648","kyler",,"udotaa"
"502649","kylertow",,"mesucaon"
"502650","kylertown",,"edutoba"
"502651","kylertowns",,"edutoben"
"502652","kyles",,"mesuqi"
"502653","kyley",,"misela"
"502654","kylian",,"idenin"
"502655","kylices",,"mesosen"
"502656","kylie",,"mesova"
"502657","kylies",,"mesooa"
"502658","kylikec",,"masetun"
"502659","kylikes",,"masetea"
"502660","kylila",,"udonan"
"502661","kylin",,"odanua"
"502662","kylins",,"odanon"
"502663","kylite",,"idenu"
"502664","kylix",,"odanue"
"502665","kyllo",,"aditia"
"502666","kyllonen",,"udotofu"
"502667","kylloses",,"udotowe"
"502668","kyllosis",,"aditiwan"
"502669","kylo",,"museti"
"502670","kyloe",,"misave"
"502671","kyloes",,"misaet"
"502672","kylomycin",,"udopamot"
"502673","kylon",,"udopea"
"502674","kylonian",,"masopiot"
"502675","kylstra",,"misuwi"
"502676","kylux",,"eduwi"
"502677","kylym",,"mosuze"
"502678","kylynn",,"museot"
"502679","kyman",,"matupe"
"502680","kymani",,"matuata"
"502681","kymatic",,"motewu"
"502682","kymatics",,"motewaot"
"502683","kymation",,"udimosu"
"502684","kymatism",,"matuwiin"
"502685","kymatology",,"adumihe"
"502686","kymbalon",,"metenoi"
"502687","kymber",,"udinet"
"502688","kyme",,"idott"
"502689","kymenlaakso",,"odetuzutot"
"502690","kymnel",,"udizi"
"502691","kymo",,"edap"
"502692","kymogram",,"mutemeon"
"502693","kymograms",,"mutemean"
"502694","kymograph",,"mitamaot"
"502695","kymographic",,"mitamasaet"
"502696","kymographically",,"mitamasain"
"502697","kymographies",,"motumusuu"
"502698","kymographion",,"adupaqoqet"
"502699","kymographs",,"mitamao"
"502700","kymography",,"matomoet"
"502701","kymophobia",,"muteheun"
"502702","kymoscope",,"metiquan"
"502703","kymoscopic",,"motuqaona"
"502704","kymotrichous",,"matowotaat"
"502705","kymoxin",,"edapiin"
"502706","kymri",,"motore"
"502707","kymric",,"motoea"
"502708","kymry",,"mutul"
"502709","kymys",,"edaki"
"502710","kymyz",,"matoma"
"502711","kynan",,"odomua"
"502712","kynanthropy",,"idimabebun"
"502713","kynar",,"adame"
"502714","kynars",,"adamot"
"502715","kynaston",,"mevaqai"
"502716","kynchbur",,"udurasun"
"502717","kynd",,"idise"
"502718","kyndall",,"edesee"
"502719","kynde",,"odosea"
"502720","kynded",,"muveuno"
"502721","kyndes",,"odosa"
"502722","kynding",,"muveren"
"502723","kynds",,"idisaa"
"502724","kyne",,"mavino"
"502725","kyneton",,"muvowa"
"502726","kynewulf",,"movagoa"
"502727","kyng",,"moveno"
"502728","kynge",,"mevav"
"502729","kynlee",,"adatin"
"502730","kynn",,"edeza"
"502731","kynnumboon",,"adazupe"
"502732","kynocephalus",,"adapozetin"
"502733","kynodesme",,"edepuzin"
"502734","kynohtna",,"udupabu"
"502735","kynological",,"muveviruin"
"502736","kynologische",,"muvevirua"
"502737","kynology",,"udupuhin"
"502738","kynophobia",,"edeparon"
"502739","kynthia",,"movunot"
"502740","kynthos",,"mivanat"
"502741","kynuramine",,"mevucoe"
"502742","kynurenate",,"uduwazu"
"502743","kynurenic",,"movacoo"
"502744","kynurenin",,"odowize"
"502745","kynureninase",,"odowizeva"
"502746","kynurenine",,"edewozen"
"502747","kynurin",,"mivecat"
"502748","kynurine",,"movacaa"
"502749","kyodai",,"mezia"
"502750","kyofusho",,"edokawo"
"502751","kyoga",,"adela"
"502752","kyogas",,"adelaa"
"502753","kyogen",,"mizoona"
"502754","kyogens",,"mizovan"
"502755","kyogle",,"muziota"
"502756","kyohwaso",,"mozogia"
"502757","kyoko",,"udaso"
"502758","kyoku",,"edosa"
"502759","kyokushin",,"udasiwo"
"502760","kyomun",,"mazaata"
"502761","kyon",,"mizuna"
"502762","kyong",,"muzam"
"502763","kyonggi",,"mazemot"
"502764","kyongsong",,"odizowot"
"502765","kyongsongs",,"odizowo"
"502766","kyongwon",,"udazukin"
"502767","kyons",,"mizuqe"
"502768","kyoo",,"adepe"
"502769","kyoodle",,"odipaet"
"502770","kyoodled",,"muzetaa"
"502771","kyoodles",,"odipazi"
"502772","kyoodling",,"muzetaat"
"502773","kyoon",,"mazopa"
"502774","kyosai",,"udaci"
"502775","kyoti",,"mazor"
"502776","kyoto",,"mozuf"
"502777","kyotoes",,"mezifen"
"502778","kyotorphin",,"mozufuat"
"502779","kyotos",,"mozuea"
"502780","kyoufu",,"maziata"
"502781","kyoung",,"mizei"
"502782","kyowa",,"odido"
"502783","kyparissia",,"adomesun"
"502784","kypchak",,"idaruot"
"502785","kype",,"mupon"
"502786","kyped",,"editua"
"502787","kypelton",,"udetube"
"502788","kypes",,"mupoqa"
"502789","kyphectomy",,"mepevuun"
"502790","kypholordosis",,"mapafejuu"
"502791","kypholordotic",,"odumazobi"
"502792","kyphometer",,"edimupen"
"502793","kyphophobia",,"mipifisueta"
"502794","kyphoplasty",,"mapafapion"
"502795","kyphorrhinos",,"edimuqutin"
"502796","kyphos",,"adomoa"
"502797","kyphoscoliosis",,"mapafivea"
"502798","kyphoscoliosiss",,"mapafiveen"
"502799","kyphoscoliotic",,"odumawecun"
"502800","kyphosed",,"mepefuon"
"502801","kyphoses",,"udemowe"
"502802","kyphosi",,"adomion"
"502803","kyphosid",,"mopofao"
"502804","kyphosidae",,"mopofaet"
"502805","kyphosidaes",,"mopofatii"
"502806","kyphosis",,"adomiwan"
"502807","kyphosus",,"udemowu"
"502808","kyphosuses",,"idamewi"
"502809","kyphosusses",,"idamewudat"
"502810","kyphotic",,"mopofeoa"
"502811","kyphotone",,"idamebon"
"502812","kyping",,"edinu"
"502813","kypria",,"udeji"
"502814","kyprianou",,"maparea"
"502815","kyprianous",,"mapareen"
"502816","kypuche",,"ediwiun"
"502817","kyra",,"mahune"
"502818","kyradnob",,"odemafon"
"502819","kyran",,"adumoa"
"502820","kyras",,"mahuqu"
"502821","kyrbasia",,"udinuwat"
"502822","kyree",,"mohavi"
"502823","kyren",,"idotae"
"502824","kyrenaean",,"muhopao"
"502825","kyrene",,"odeta"
"502826","kyrenean",,"mihepii"
"502827","kyrenia",,"uditean"
"502828","kyrenian",,"muhopoen"
"502829","kyrg",,"mahuni"
"502830","kyrghiz",,"mohenaa"
"502831","kyrghyz",,"muhino"
"502832","kyrghyzstan",,"moheneroan"
"502833","kyrgystan",,"mahuliot"
"502834","kyrgystans",,"mahulio"
"502835","kyrgyz",,"edalat"
"502836","kyrgyzes",,"adulinen"
"502837","kyrgyzian",,"moheloen"
"502838","kyrgyzization",,"mahulatoun"
"502839","kyrgyzize",,"muhiluet"
"502840","kyrgyzo",,"idoleot"
"502841","kyrgyzophone",,"mehalejio"
"502842","kyrgyzstan",,"udilonot"
"502843","kyrgyzstani",,"udilonigen"
"502844","kyrgyzstanis",,"udilonigon"
"502845","kyrgyzstans",,"udilonigo"
"502846","kyria",,"mahena"
"502847","kyriako",,"mehonon"
"502848","kyriakos",,"mehonean"
"502849","kyrial",,"edanun"
"502850","kyriale",,"adunao"
"502851","kyriales",,"adunazet"
"502852","kyriarchal",,"idoniqi"
"502853","kyriarchally",,"mehonivaa"
"502854","kyriarchic",,"mehonie"
"502855","kyriarchically",,"mehonivaon"
"502856","kyriarchy",,"mihunae"
"502857","kyrie",,"mihuvi"
"502858","kyrielle",,"muhavaen"
"502859","kyrielles",,"muhavaon"
"502860","kyries",,"mihueta"
"502861","kyrine",,"idonu"
"502862","kyriocentric",,"adunitejin"
"502863","kyriocentrically",,"adunitejan"
"502864","kyriolexy",,"mihufue"
"502865","kyriologic",,"adunizin"
"502866","kyriological",,"mohifijain"
"502867","kyriologically",,"adunizasan"
"502868","kyriology",,"odenazin"
"502869","kyriopascha",,"mahefasaet"
"502870","kyrios",,"mehoeni"
"502871","kyrk",,"miheni"
"502872","kyrka",,"muhonn"
"502873","kyrkas",,"muhoin"
"502874","kyrkmaster",,"mehuzoun"
"502875","kyrle",,"uditi"
"502876","kyropoulos",,"muhehiun"
"502877","kyrsten",,"mahewat"
"502878","kyrstin",,"mehowona"
"502879","kyrstyn",,"mihuwi"
"502880","kyrtorrhachic",,"edaququte"
"502881","kyrylo",,"udiki"
"502882","kysar",,"majuce"
"502883","kyschty",,"idiruin"
"502884","kyschtymite",,"mojinenei"
"502885","kyser",,"mijeci"
"502886","kyslivka",,"iditagen"
"502887","kyson",,"mijape"
"502888","kysse",,"adacu"
"502889","kysu",,"adaw"
"502890","kytaihorod",,"edomiret"
"502891","kytay",,"mecal"
"502892","kyte",,"mocat"
"502893","kytes",,"mocaqe"
"502894","kyth",,"edomn"
"502895","kythe",,"ademu"
"502896","kythed",,"mocoat"
"502897","kythee",,"udameta"
"502898","kythera",,"mucuvot"
"502899","kytherian",,"udamiqin"
"502900","kythes",,"ademota"
"502901","kything",,"mocoroa"
"502902","kythira",,"macare"
"502903","kythiras",,"macaroin"
"502904","kythnos",,"micipat"
"502905","kytle",,"idutoa"
"502906","kytoon",,"odipet"
"502907","kytoons",,"odipai"
"502908","kytoplasma",,"macoheo"
"502909","kytril",,"mocou"
"502910","kyudo",,"muqef"
"502911","kyujitai",,"adorobi"
"502912","kyung",,"meqom"
"502913","kyungchu",,"idaziten"
"502914","kyungyoo",,"moqimeo"
"502915","kyuquot",,"muqiba"
"502916","kyurin",,"idajina"
"502917","kyurinish",,"meqeruu"
"502918","kyurinishs",,"meqeruot"
"502919","kyurins",,"idajaa"
"502920","kyus",,"adocna"
"502921","kyusakamoto",,"maqenasuet"
"502922","kyushu",,"moqie"
"502923","kyushus",,"moqinin"
"502924","kyustendil",,"udecozot"
"502925","kyusung",,"maqebe"
"502926","kyvalley",,"mewavoet"
"502927","kywe",,"idots"
"502928","kyyiv",,"mugad"
"502929","kyyivan",,"adenao"
"502930","kyzar",,"udema"
"502931","kyzer",,"odutie"
"502932","kyzikos",,"mekoton"
"502933","kyzyl",,"idakia"
"502934","kyzylbash",,"adokason"
"502935","kyzylkumite",,"makovaguet"
"502936","kyzylorda",,"edikehin"
"502937","kyzyls",,"idakea"
"502938","kzbgzwbk",,"egalaku"
"502939","kzgbdrs",,"oganaet"
"502940","kzrs",,"egaca"
"502941","kzyl",,"egotn"
,,,
"Language",,,
"Meaning is Universal. Language is Merely the surface.",,,
"? hzvidib dn pidqzmnvg gvibpvbz dn hzmzgt ocz npmavxz",,,
"? Erozeun ih Utuboqu. Navobuo ih Uretuna ih Ucakeata.",,,
,,,
"Same meaning. Three layers. Zero noise.",,,
"marsji.com",,,
