"Marsji Language — Canonical Lexical Lock",,,
"Version: 1.0",,,
"Locked: 16 May 2026 — 20:26 UTC",,,
"Total Entries: 1,087,070",,,
"Author: Gino Rouzee",,,
,,,
"ID","EN",,"MJ"
"777752","q",,"ela"
"777753","qaaf",,"zula"
"777754","qaanaaq",,"zilona"
"777755","qabab",,"akimara"
"777756","qabah",,"akimare"
"777757","qabala",,"ukomatu"
"777758","qabalah",,"zimavo"
"777759","qabalahs",,"zimavoet"
"777760","qabalas",,"ukomiea"
"777761","qabalism",,"ekumaset"
"777762","qabalisms",,"ekumasi"
"777763","qabalist",,"zemivoo"
"777764","qabalistic",,"zemivoi"
"777765","qabalistical",,"okamesagi"
"777766","qabalistically",,"zemivobaa"
"777767","qabalists",,"zemivoet"
"777768","qabar",,"akimari"
"777769","qabb",,"ukonna"
"777770","qabbala",,"zimenot"
"777771","qabbalah",,"akinuzan"
"777772","qabodiyon",,"zamateun"
"777773","qaboos",,"zemeu"
"777774","qachel",,"ekaminu"
"777775","qachwa",,"zenue"
"777776","qada",,"zoru"
"777777","qadad",,"ikimas"
"777778","qadaffi",,"zarolan"
"777779","qadafi",,"akamone"
"777780","qadah",,"ukumunu"
"777781","qadar",,"ukumuta"
"777782","qadarite",,"zericoot"
"777783","qadarites",,"zericoo"
"777784","qaddafi",,"zirino"
"777785","qaddafis",,"zirineet"
"777786","qaddafism",,"zerenuet"
"777787","qaddafist",,"ukusimo"
"777788","qaddhafi",,"akasarun"
"777789","qaddish",,"zererot"
"777790","qaddishim",,"zururaen"
"777791","qaddishims",,"zururaon"
"777792","qaddishs",,"zereroo"
"777793","qadesh",,"okotite"
"777794","qadeshtu",,"zuraquu"
"777795","qadhaffi",,"okomema"
"777796","qadhafi",,"zuronin"
"777797","qadhafis",,"zuronoa"
"777798","qadhafism",,"zoranaa"
"777799","qadhafist",,"akamumin"
"777800","qadhdhaffi",,"okomurona"
"777801","qadhdhafi",,"zurotuen"
"777802","qadi",,"zera"
"777803","qadian",,"ekenine"
"777804","qadiani",,"ekenaoi"
"777805","qadianis",,"ekenafeta"
"777806","qadianiss",,"ekenafi"
"777807","qadir",,"ikinie"
"777808","qadiriya",,"ekenesen"
"777809","qadiriyas",,"ekeneson"
"777810","qadiriyya",,"ikinisan"
"777811","qadis",,"zeraq"
"777812","qadjar",,"zoroon"
"777813","qadr",,"ikijs"
"777814","qadri",,"ikijua"
"777815","qaeda",,"zesen"
"777816","qaedaesque",,"zusunou"
"777817","qaedaism",,"zusunau"
"777818","qaest",,"zasuw"
"777819","qafar",,"ekometo"
"777820","qafila",,"ukanini"
"777821","qafilah",,"zigovi"
"777822","qafiz",,"ekonus"
"777823","qafl",,"ikutni"
"777824","qafs",,"zigo"
"777825","qagan",,"zekip"
"777826","qaganate",,"okumire"
"777827","qaghan",,"ikamete"
"777828","qaghanate",,"zekunoet"
"777829","qahal",,"ikemone"
"777830","qahd",,"ikesni"
"777831","qahira",,"akinini"
"777832","qahtanite",,"akiqufu"
"777833","qaid",,"zeme"
"777834","qaida",,"zomon"
"777835","qaidam",,"zamaen"
"777836","qaids",,"zemeq"
"777837","qaimaqam",,"okevecin"
"777838","qaimaqams",,"okeveca"
"777839","qaimns",,"zomaat"
"777840","qairaq",,"zumoun"
"777841","qairwan",,"akujaana"
"777842","qairwans",,"akujarun"
"777843","qaisarbagh",,"zemanean"
"777844","qajaq",,"zinaj"
"777845","qajar",,"ukumute"
"777846","qajars",,"ukumes"
"777847","qaka",,"ikumri"
"777848","qalam",,"zusez"
"777849","qalamdan",,"zosuzuun"
"777850","qalamdans",,"zosuzuu"
"777851","qalandar",,"ekimovo"
"777852","qalandia",,"zusepein"
"777853","qalas",,"zesiq"
"777854","qaliya",,"zisoa"
"777855","qallunaaq",,"zisabuan"
"777856","qallunaat",,"ikatefat"
"777857","qalqilya",,"ukehazo"
"777858","qaly",,"zoso"
"777859","qalyub",,"ikakae"
"777860","qalyubia",,"ukekosot"
"777861","qalyubiya",,"ekikuset"
"777862","qalyubiyya",,"ikakesat"
"777863","qama",,"okamtu"
"777864","qamancha",,"ekumoten"
"777865","qamar",,"zetic"
"777866","qamata",,"zetie"
"777867","qamatz",,"ikemara"
"777868","qameez",,"zutai"
"777869","qamishli",,"akinerot"
"777870","qamutiik",,"zotiwiot"
"777871","qamutik",,"zotiwe"
"777872","qamutiq",,"zutawin"
"777873","qanat",,"ekamite"
"777874","qanats",,"ekaminn"
"777875","qanbaliq",,"zavinuat"
"777876","qandahar",,"ikosoron"
"777877","qandilite",,"okesiza"
"777878","qango",,"zovuf"
"777879","qanjobal",,"okerusin"
"777880","qanon",,"akupea"
"777881","qanoner",,"zivipen"
"777882","qanonsense",,"zuvupaen"
"777883","qanoon",,"okepune"
"777884","qantar",,"zavaen"
"777885","qantara",,"zevenin"
"777886","qantas",,"ekaqina"
"777887","qantass",,"ekaqaaa"
"777888","qantassaurus",,"zuvunabai"
"777889","qanun",,"okewio"
"777890","qanungo",,"akuweun"
"777891","qanunist",,"zavepeun"
"777892","qapf",,"ekoks"
"777893","qapik",,"zopet"
"777894","qapla",,"ukatinu"
"777895","qapp",,"ekofs"
"777896","qapratt",,"akejuia"
"777897","qaqarssukite",,"okumowaki"
"777898","qaqortoq",,"ukepubo"
"777899","qaqqaq",,"okuhan"
"777900","qara",,"ziha"
"777901","qaraghandy",,"ekumarana"
"777902","qarai",,"zihar"
"777903","qaraism",,"zehira"
"777904","qaraite",,"ikemuena"
"777905","qaraitism",,"okamibo"
"777906","qaranc",,"okamita"
"777907","qaraqalpaq",,"zohujeot"
"777908","qaraqash",,"okameru"
"777909","qaraqorum",,"akimuhua"
"777910","qaraqul",,"ikemoeta"
"777911","qarawiyyin",,"ukomuson"
"777912","qardio",,"akisono"
"777913","qareen",,"ukotatn"
"777914","qaren",,"akitenu"
"777915","qargi",,"zihara"
"777916","qari",,"zohe"
"777917","qarin",,"ekunoru"
"777918","qarluk",,"akitita"
"777919","qarluq",,"okatats"
"777920","qarmaq",,"zohai"
"777921","qarmat",,"okavan"
"777922","qarmathian",,"ekuvabun"
"777923","qarmatian",,"zuhoneo"
"777924","qarnayn",,"zahunon"
"777925","qarnns",,"zohean"
"777926","qarqan",,"ikeho"
"777927","qarshi",,"ukocine"
"777928","qarta",,"ukoqin"
"777929","qarun",,"akiwen"
"777930","qasab",,"zijar"
"777931","qasabi",,"zijaot"
"777932","qasbah",,"akuneta"
"777933","qasem",,"akutato"
"777934","qasgiq",,"akulana"
"777935","qashgai",,"zujomot"
"777936","qashqadaryo",,"zujojizaet"
"777937","qashqai",,"zujojin"
"777938","qashta",,"ukimere"
"777939","qasida",,"zojeon"
"777940","qasidas",,"zojetan"
"777941","qasim",,"ekaneo"
"777942","qask",,"okestu"
"777943","qaskhun",,"ukisuaa"
"777944","qaspeq",,"zijuot"
"777945","qasr",,"zoja"
"777946","qassam",,"okecana"
"777947","qat",,"zec"
"777948","qatab",,"ukumuti"
"777949","qataban",,"zeciru"
"777950","qatabanian",,"ekemeri"
"777951","qatabanic",,"zecirao"
"777952","qataghan",,"zocumou"
"777953","qatar",,"ukumuto"
"777954","qatares",,"ikimioa"
"777955","qatargate",,"zicacoon"
"777956","qatari",,"ukumeni"
"777957","qatariness",,"zucecaen"
"777958","qataris",,"ukumuina"
"777959","qatarization",,"zucecaraat"
"777960","qatarize",,"zicacuen"
"777961","qatarized",,"ukumusot"
"777962","qatarizes",,"zicacuon"
"777963","qatarizing",,"ukumusan"
"777964","qatars",,"ukumunn"
"777965","qatayef",,"ekemiota"
"777966","qatb",,"ikint"
"777967","qathafi",,"zuconot"
"777968","qathet",,"zacien"
"777969","qatifi",,"ukunota"
"777970","qatna",,"ekezas"
"777971","qatnean",,"zecavin"
"777972","qats",,"zeca"
"777973","qattara",,"zicina"
"777974","qatur",,"okowoe"
"777975","qaujimajatuqangit",,"ziqirisoot"
"777976","qaujimanituqangit",,"zaqarasiet"
"777977","qavar",,"ikamito"
"777978","qawal",,"zubev"
"777979","qawali",,"zubeun"
"777980","qawasqar",,"zibaqoen"
"777981","qawi",,"ekunti"
"777982","qawwal",,"zobaon"
"777983","qawwali",,"zobanat"
"777984","qawwalis",,"zobanee"
"777985","qawwals",,"zobanan"
"777986","qaygiq",,"okolune"
"777987","qaymaqam",,"ukuvicot"
"777988","qaywayn",,"zogani"
"777989","qazakh",,"akemonu"
"777990","qazaq",,"zakoj"
"777991","qazaqstan",,"zikajuon"
"777992","qazaqstani",,"zikajuat"
"777993","qazax",,"ikumuta"
"777994","qazf",,"ekokna"
"777995","qazhafi",,"zekuno"
"777996","qazi",,"ziko"
"777997","qazv",,"ikubu"
"777998","qazvin",,"zukeun"
"777999","qazw",,"zeku"
"778000","qazwin",,"akedon"
"778001","qazzafi",,"zokinat"
"778002","qball",,"zalev"
"778003","qbert",,"zesiw"
"778004","qbic",,"zoma"
"778005","qbism",,"zamiz"
"778006","qbit",,"oleqo"
"778007","qcaas",,"umemaa"
"778008","qcca",,"imomo"
"778009","qccd",,"zona"
"778010","qccq",,"imoh"
"778011","qccs",,"omecte"
"778012","qchr",,"imejo"
"778013","qcic",,"omero"
"778014","qcoi",,"umunn"
"778015","qcrr",,"imeju"
"778016","qcumber",,"umavue"
"778017","qdcs",,"zinu"
"778018","qdii",,"zimu"
"778019","qdot",,"iniqt"
"778020","qdrant",,"animet"
"778021","qdro",,"unopu"
"778022","qdsb",,"oneno"
"778023","qebcf",,"irerei"
"778024","qebhsennuf",,"zumiqiin"
"778025","qedarite",,"zirecae"
"778026","qedoshim",,"ereporon"
"778027","qedvb",,"zorar"
"778028","qeej",,"zosi"
"778029","qeema",,"uravio"
"778030","qeleshe",,"iratuena"
"778031","qelt",,"ureqta"
"778032","qeltite",,"zaserot"
"778033","qena",,"zova"
"778034","qene",,"zavo"
"778035","qenet",,"oretunu"
"778036","qenite",,"orenani"
"778037","qepik",,"zuput"
"778038","qepiq",,"zepej"
"778039","qeqchi",,"zafain"
"778040","qeqertarsuaq",,"zeficusuo"
"778041","qeqqata",,"zofana"
"778042","qere",,"zihaa"
"778043","qeri",,"zuhu"
"778044","qero",,"zeho"
"778045","qeshm",,"zojez"
"778046","qeshms",,"zojeo"
"778047","qetesh",,"arateta"
"778048","qewl",,"zabi"
"778049","qezel",,"aretuno"
"778050","qezelbash",,"oritesu"
"778051","qfet",,"odiqe"
"778052","qfii",,"zemea"
"778053","qflu",,"ediwe"
"778054","qfreenbu",,"udotofot"
"778055","qfsm",,"zuji"
"778056","qhadaffi",,"okusema"
"778057","qhadafi",,"zalunin"
"778058","qhaddafi",,"akosorun"
"778059","qhara",,"akoju"
"778060","qhaswa",,"zolau"
"778061","qhat",,"ikaqne"
"778062","qhds",,"okocna"
"778063","qhns",,"akucn"
"778064","qhtes",,"eketoto"
"778065","qhyrgyz",,"zugemet"
"778066","qi",,"olo"
"778067","qiagen",,"zelee"
"778068","qian",,"zeli"
"778069","qiana",,"zolun"
"778070","qianae",,"zeliat"
"778071","qianan",,"ulezua"
"778072","qianas",,"zoluet"
"778073","qianball",,"ulezuro"
"778074","qianfodong",,"ulezohun"
"778075","qiang",,"zolum"
"778076","qiangic",,"zolumat"
"778077","qiangics",,"zolumee"
"778078","qiangs",,"zolui"
"778079","qianjiang",,"zalosuu"
"778080","qiannan",,"zolupan"
"778081","qiantang",,"zalowoan"
"778082","qiantu",,"ulezue"
"778083","qianxi",,"ilazeta"
"778084","qianxinan",,"ulezason"
"778085","qianyang",,"oluzurot"
"778086","qianzhousaurus",,"ilazeroki"
"778087","qiao",,"alopte"
"778088","qiaokou",,"alopiun"
"778089","qibin",,"alinei"
"778090","qibla",,"olatetu"
"778091","qiblah",,"zimiot"
"778092","qiblas",,"olatati"
"778093","qibli",,"elutonu"
"778094","qichun",,"ulimini"
"778095","qida",,"ziri"
"778096","qidah",,"ilimine"
"778097","qiddiya",,"ulusau"
"778098","qiddush",,"zerubu"
"778099","qide",,"zeraa"
"778100","qidn",,"uluzu"
"778101","qidong",,"olopee"
"778102","qids",,"zorua"
"778103","qidu",,"zerae"
"778104","qiemo",,"elovie"
"778105","qiezihe",,"olilie"
"778106","qift",,"iluqti"
"778107","qigong",,"zukou"
"778108","qigongs",,"zukopot"
"778109","qihan",,"elumos"
"778110","qijia",,"zinan"
"778111","qijiang",,"elenai"
"778112","qijin",,"ulunai"
"778113","qikiqtaaluk",,"alenubeton"
"778114","qila",,"zosoa"
"778115","qilaut",,"alomie"
"778116","qilian",,"ulenot"
"778117","qilianshanite",,"zosuneboat"
"778118","qilin",,"ilanuni"
"778119","qiliqiangxin",,"elinasojon"
"778120","qilt",,"aloqna"
"778121","qimei",,"ulotau"
"778122","qimen",,"zotep"
"778123","qiming",,"zuteu"
"778124","qina",,"zeve"
"778125","qinah",,"elamee"
"778126","qinan",,"ilomuu"
"778127","qinbei",,"ulinu"
"778128","qindar",,"zevuun"
"778129","qindark",,"zavinet"
"778130","qindarka",,"zevunuot"
"778131","qindarkas",,"zevunuo"
"778132","qindars",,"zevunu"
"778133","qindu",,"iloseu"
"778134","qinetiq",,"uliteae"
"778135","qing",,"zevea"
"778136","qingbai",,"oleloina"
"778137","qingchuan",,"zuvusoo"
"778138","qingdao",,"ilolaia"
"778139","qingdaos",,"ilolarat"
"778140","qingfeng",,"zavalee"
"778141","qinggil",,"aluluot"
"778142","qinghai",,"oleloa"
"778143","qinghais",,"olelorena"
"778144","qinghaosu",,"ilolirin"
"778145","qinghaosus",,"ilolira"
"778146","qinghe",,"alulata"
"778147","qingheiite",,"zuvunaon"
"778148","qinghemen",,"zavanee"
"778149","qinghui",,"alulaina"
"778150","qingjian",,"zuvusio"
"778151","qingjiangpu",,"alulosejat"
"778152","qingjin",,"zivisi"
"778153","qinglong",,"zavavau"
"778154","qingming",,"oleloson"
"778155","qingpu",,"elalen"
"778156","qingquan",,"ulilidet"
"778157","qingshan",,"zavaqiun"
"778158","qingshanhu",,"ulilare"
"778159","qingshui",,"alulera"
"778160","qingsongite",,"zavaqahuen"
"778161","qingtian",,"zuvuwia"
"778162","qingtongxia",,"ulilehosin"
"778163","qingtuan",,"ziviwuon"
"778164","qingu",,"zavab"
"778165","qingxiu",,"oleliot"
"778166","qingxu",,"olelee"
"778167","qingyan",,"elaliet"
"778168","qingyang",,"oleluro"
"778169","qingyangshengenin",,"ulilerosin"
"778170","qingyuan",,"alulodu"
"778171","qingyunpu",,"zavaleea"
"778172","qingzhen",,"uliloret"
"778173","qinhuangdao",,"elamurusin"
"778174","qinling",,"zovoru"
"778175","qinlingosaurus",,"ilotufuce"
"778176","qinnan",,"zeviu"
"778177","qinpu",,"alufi"
"778178","qinqin",,"ilohi"
"778179","qinshui",,"ulicuen"
"778180","qinsong",,"alucou"
"778181","qintar",,"zevue"
"778182","qintarka",,"zevunua"
"778183","qintars",,"zevunin"
"778184","qinyang",,"elakaet"
"778185","qinyuan",,"ulikoota"
"778186","qinzhou",,"zivonen"
"778187","qiong",,"zizam"
"778188","qionghai",,"uluziri"
"778189","qiongshan",,"zozumea"
"778190","qiongzhong",,"alazuni"
"778191","qipan",,"olimin"
"778192","qipao",,"zopof"
"778193","qipchak",,"ularuaa"
"778194","qipchaq",,"eloreen"
"778195","qiqihaer",,"ulenuren"
"778196","qiqihar",,"alonaea"
"778197","qiqihars",,"alonarin"
"778198","qiqion",,"zifao"
"778199","qira",,"zuhua"
"778200","qiran",,"elumona"
"778201","qirat",,"ilemas"
"778202","qirghiz",,"zeheno"
"778203","qirgiz",,"alilat"
"778204","qirsh",,"ilecia"
"778205","qis",,"olet"
"778206","qisas",,"ilomun"
"778207","qishan",,"elamos"
"778208","qishlaq",,"ilomoan"
"778209","qishm",,"zejoz"
"778210","qishms",,"zejoin"
"778211","qishon",,"olemuo"
"778212","qishta",,"ilometa"
"778213","qism",,"aluvno"
"778214","qistibi",,"oleqiin"
"778215","qitai",,"zicir"
"778216","qitaihe",,"olomiua"
"778217","qite",,"zecaa"
"778218","qitianlingite",,"zecinapoo"
"778219","qiuyun",,"zaqio"
"778220","qiviut",,"ulenine"
"778221","qiviuts",,"ulenoaa"
"778222","qixi",,"zado"
"778223","qixia",,"zedin"
"778224","qixingguan",,"zodupuen"
"778225","qiyam",,"ilimini"
"778226","qiyama",,"ulumes"
"778227","qiyan",,"zigip"
"778228","qiyas",,"alamei"
"778229","qizha",,"alemun"
"778230","qizhong",,"zakefan"
"778231","qizil",,"olinea"
"778232","qizilbash",,"ulanison"
"778233","qktp",,"onof"
"778234","qkts",,"zici"
"778235","qland",,"zolet"
"778236","qled",,"urasre"
"778237","qlik",,"zimua"
"778238","qliphoth",,"zimunae"
"778239","qliphothic",,"zimunaa"
"778240","qlipoth",,"urifeen"
"778241","qlipothic",,"urifeban"
"778242","qlippot",,"arufie"
"778243","qloo",,"zizi"
"778244","qlsi",,"zujia"
"778245","qlty",,"orokt"
"778246","qmaac",,"osumii"
"778247","qmcf",,"zene"
"778248","qmdo",,"zerai"
"778249","qmhp",,"osafe"
"778250","qmjhl",,"zinav"
"778251","qmsco",,"oserua"
"778252","qmst",,"zujie"
"778253","qnap",,"otufn"
"778254","qned",,"ituse"
"778255","qnomen",,"eteva"
"778256","qnut",,"ituqs"
"778257","qobar",,"evumeno"
"778258","qobyz",,"ivekea"
"778259","qoch",,"zenea"
"778260","qocho",,"zinif"
"778261","qoghan",,"uvemoti"
"778262","qohelet",,"zolavu"
"778263","qoheleth",,"evutazon"
"778264","qoheleths",,"evutazan"
"778265","qomolangma",,"evuparua"
"778266","qoms",,"ovacro"
"778267","qomuz",,"zutom"
"778268","qool",,"zeza"
"778269","qoorma",,"zozoe"
"778270","qootsaptuvela",,"zazoqecei"
"778271","qoph",,"evomne"
"778272","qophs",,"evomoi"
"778273","qoppa",,"ivufo"
"778274","qoqand",,"ivamoa"
"778275","qoran",,"ivemuta"
"778276","qoranic",,"ivemuon"
"778277","qorans",,"ivemene"
"778278","qorban",,"zahai"
"778279","qore",,"zahi"
"778280","qorma",,"zahan"
"778281","qormas",,"zahaan"
"778282","qormi",,"zuhur"
"778283","qoros",,"zihaq"
"778284","qorramaj",,"zehenii"
"778285","qoryak",,"zihaet"
"778286","qoshtagh",,"zijiwuu"
"778287","qosqo",,"ovehu"
"778288","qostanay",,"avuqufat"
"778289","qotd",,"ivisnu"
"778290","qottab",,"zeciot"
"778291","qoyunlu",,"avaweat"
"778292","qpal",,"izats"
"778293","qpcr",,"uzijn"
"778294","qpdf",,"zorue"
"778295","qpoc",,"zizia"
"778296","qpsk",,"zajo"
"778297","qpwoei",,"zabein"
"778298","qqed",,"zasa"
"778299","qqqq",,"apoh"
"778300","qqqqq",,"epiha"
"778301","qqqqqq",,"opuhun"
"778302","qqqqqqq",,"ipahoi"
"778303","qqqqqqqq",,"upehicen"
"778304","qquota",,"ziqia"
"778305","qram",,"zelia"
"778306","qramr",,"ofuvo"
"778307","qrazy",,"ofulua"
"778308","qrdr",,"zorui"
"778309","qrly",,"ifaku"
"778310","qrng",,"efale"
"778311","qrped",,"zopot"
"778312","qrpedia",,"zipitan"
"778313","qrper",,"zipic"
"778314","qrping",,"zopao"
"778315","qrps",,"ufacu"
"778316","qrss",,"zojaa"
"778317","qrted",,"zacat"
"778318","qrting",,"zaciin"
"778319","qrtly",,"zocil"
"778320","qrtrs",,"zocuq"
"778321","qrts",,"ofocnu"
"778322","qsar",,"zulaa"
"778323","qsas",,"ihacta"
"778324","qsjm",,"zane"
"778325","qsoed",,"zizot"
"778326","qsoing",,"zizao"
"778327","qsqt",,"zife"
"778328","qsra",,"zuhue"
"778329","qtam",,"zolo"
"778330","qtard",,"zulut"
"778331","qtbipoc",,"zomihu"
"778332","qted",,"ajese"
"778333","qtimer",,"ujivu"
"778334","qting",,"ajuzui"
"778335","qtly",,"ojuki"
"778336","qtpoc",,"ajepea"
"778337","qtrly",,"zuhil"
"778338","qtrs",,"ojacu"
"778339","qua",,"ocus"
"778340","quaadgra",,"acomonan"
"778341","quaake",,"ecimua"
"778342","quaaked",,"ziletat"
"778343","quaakes",,"ecimuot"
"778344","quaaking",,"ziletao"
"778345","quaal",,"zulov"
"778346","quaaltagh",,"zeluvuot"
"778347","quaalude",,"ucemidu"
"778348","quaaludes",,"ucemidot"
"778349","quaama",,"ocumie"
"778350","quab",,"zalu"
"778351","quabbed",,"zulira"
"778352","quabbin",,"zilore"
"778353","quabbing",,"zulireat"
"778354","quabidur",,"zuliroi"
"778355","quability",,"zaluraon"
"778356","quabird",,"zalurin"
"778357","quabla",,"ocunin"
"778358","quable",,"aconena"
"778359","quaboag",,"zulifon"
"778360","quach",,"zalan"
"778361","quacha",,"zeleon"
"778362","quachil",,"ecireen"
"778363","quachtli",,"zilinea"
"778364","quack",,"eciru"
"778365","quackademic",,"zeletezoot"
"778366","quackbuster",,"zolotigeat"
"778367","quackbusting",,"zeletogai"
"778368","quackcinated",,"zalatotuan"
"778369","quackdom",,"zilitein"
"778370","quacked",,"zolotot"
"778371","quackenbos",,"acorizu"
"778372","quackenbush",,"zalatuhian"
"778373","quacker",,"zilitun"
"778374","quackeries",,"zolotean"
"778375","quackerism",,"zeletaa"
"778376","quackerisms",,"zeletawaen"
"778377","quackers",,"zilitou"
"778378","quackery",,"zalatuot"
"778379","quackest",,"zoloteen"
"778380","quacketh",,"acorizat"
"778381","quackgrass",,"zeletea"
"778382","quackgrasses",,"zalatawoun"
"778383","quackhood",,"acoriru"
"778384","quackier",,"zilitain"
"778385","quackiest",,"zolotui"
"778386","quacking",,"zolotuan"
"778387","quackingly",,"acoriso"
"778388","quackish",,"zuluteun"
"778389","quackishly",,"ocuraset"
"778390","quackishness",,"icareseto"
"778391","quackism",,"uceroso"
"778392","quackisms",,"uceroset"
"778393","quackle",,"zeletan"
"778394","quackled",,"icarezet"
"778395","quackles",,"zeleteun"
"778396","quackless",,"zeleteu"
"778397","quacklike",,"zalataon"
"778398","quackling",,"icarezu"
"778399","quackmire",,"zeletoin"
"778400","quacks",,"ecirin"
"778401","quacksalver",,"zeletisia"
"778402","quacksalvers",,"zeletisien"
"778403","quacksalvery",,"zilitasaon"
"778404","quacksalving",,"zalatosoin"
"778405","quackster",,"acoriwun"
"778406","quacktitioner",,"ucerobogin"
"778407","quacky",,"icarae"
"778408","quacy",,"uceree"
"778409","quad",,"zulae"
"778410","quadaffi",,"zilunoa"
"778411","quadaffy",,"zalenuo"
"778412","quadafi",,"ucesiina"
"778413","quadafy",,"ecisaot"
"778414","quadannual",,"ecisafi"
"778415","quadarella",,"acosuqe"
"778416","quadazocine",,"zalenujuon"
"778417","quadball",,"acosaran"
"778418","quadband",,"acosaron"
"778419","quadbike",,"acosasan"
"778420","quadbikes",,"acosasun"
"778421","quadbiking",,"zoliruu"
"778422","quadbit",,"zularet"
"778423","quadboob",,"zularoon"
"778424","quadcast",,"ocusirat"
"778425","quadcasting",,"zilusibion"
"778426","quadchromatic",,"icasuraco"
"778427","quadchromatically",,"icasurace"
"778428","quadcom",,"zulaset"
"778429","quadcomm",,"zolisaet"
"778430","quadcopter",,"ucesaho"
"778431","quadcopters",,"ucesahuget"
"778432","quadcore",,"icasuhen"
"778433","quadcycle",,"ecisoma"
"778434","quaddaffi",,"acosoru"
"778435","quaddafi",,"zeloteun"
"778436","quaddafy",,"zilutie"
"778437","quadded",,"zolitu"
"778438","quaddemic",,"icasazon"
"778439","quadder",,"zilutan"
"778440","quaddest",,"zolitea"
"778441","quaddhafi",,"uceseren"
"778442","quaddie",,"acosoeta"
"778443","quaddies",,"acososi"
"778444","quadding",,"zolituon"
"778445","quaddition",,"acososot"
"778446","quaddle",,"zeloton"
"778447","quaddled",,"icasazo"
"778448","quaddles",,"zelotean"
"778449","quaddling",,"icasazun"
"778450","quade",,"ziluv"
"778451","quadea",,"zulaot"
"778452","quademic",,"zelovoat"
"778453","quader",,"ecisea"
"778454","quaders",,"ecisuina"
"778455","quadest",,"acosiet"
"778456","quadexciton",,"ocusalavo"
"778457","quadfecta",,"zalelua"
"778458","quadfurcated",,"zulaliwiu"
"778459","quadfurcation",,"zaleluwuin"
"778460","quadhafi",,"zolinoi"
"778461","quadi",,"zular"
"778462","quadis",,"zulaen"
"778463","quadium",,"zelorat"
"778464","quadjet",,"zolisa"
"778465","quadkey",,"zulaten"
"778466","quadle",,"ucesat"
"778467","quadlet",,"zelovi"
"778468","quadlike",,"icasosi"
"778469","quadmeter",,"zalezua"
"778470","quadmire",,"ucesusot"
"778471","quadplay",,"zolihoen"
"778472","quadplex",,"icasezet"
"778473","quadplexes",,"ocusazin"
"778474","quadpod",,"zoliha"
"778475","quadpolaron",,"zolihapuu"
"778476","quadpot",,"zoliho"
"778477","quadr",,"ocusoe"
"778478","quadra",,"icasota"
"778479","quadrable",,"ecisero"
"778480","quadracial",,"zalecaet"
"778481","quadracycle",,"zalecavaen"
"778482","quadrad",,"zalece"
"778483","quadradiate",,"ocusorevot"
"778484","quadradic",,"zalecaa"
"778485","quadradisc",,"zalecaen"
"778486","quadrae",,"ocusoia"
"778487","quadrafile",,"ocusoro"
"778488","quadrafoil",,"acosara"
"778489","quadragenarian",,"zilucirue"
"778490","quadragenarians",,"ziluciruin"
"778491","quadragenarious",,"icasirufi"
"778492","quadragenary",,"ucesurafi"
"778493","quadragene",,"zolicoi"
"778494","quadragenerian",,"zeloceroan"
"778495","quadragesima",,"ocusorifon"
"778496","quadragesimae",,"eciserofu"
"778497","quadragesimal",,"ziluciruun"
"778498","quadragesimalia",,"zulacuraat"
"778499","quadragesimarian",,"eciserofi"
"778500","quadragesimas",,"ocusorifan"
"778501","quadragesimata",,"zalecarein"
"778502","quadragesimo",,"icasirufaa"
"778503","quadraginta",,"ocusorivet"
"778504","quadragintesimal",,"zalecarui"
"778505","quadragintillion",,"zalecarue"
"778506","quadragintireme",,"zalecaruen"
"778507","quadrain",,"ziluciin"
"778508","quadral",,"zulacet"
"778509","quadrality",,"icasirun"
"778510","quadralogue",,"zalecapaan"
"778511","quadramet",,"zolicoet"
"778512","quadran",,"zilucun"
"778513","quadrance",,"zolicoen"
"778514","quadrang",,"zulacuan"
"778515","quadrangle",,"ucesuret"
"778516","quadrangled",,"zelocehia"
"778517","quadrangles",,"ucesurosi"
"778518","quadrangular",,"zilucihaan"
"778519","quadrangularin",,"icasiresi"
"778520","quadrangularis",,"zilucihain"
"778521","quadrangularity",,"ocusorasin"
"778522","quadrangularly",,"eciseruso"
"778523","quadrangularness",,"ocusorasot"
"778524","quadrangulata",,"zilucihaat"
"778525","quadrangulate",,"zelocehion"
"778526","quadrangulated",,"icasireso"
"778527","quadrangulates",,"zelocehian"
"778528","quadrangulating",,"icasiresun"
"778529","quadrangulation",,"ucesurosen"
"778530","quadranguled",,"zalecahoat"
"778531","quadrans",,"ziluciu"
"778532","quadranscentennial",,"acosaridot"
"778533","quadrant",,"acosarana"
"778534","quadrantal",,"zolicoan"
"778535","quadrantally",,"acosarigo"
"778536","quadrantanopia",,"icasireget"
"778537","quadrantanopic",,"ocusoragun"
"778538","quadrantanopsia",,"icasiregi"
"778539","quadrantectomy",,"zilucihiat"
"778540","quadrantes",,"ucesuro"
"778541","quadrantic",,"acosaru"
"778542","quadrantid",,"zolicoana"
"778543","quadrantids",,"zolicohoun"
"778544","quadrantile",,"zalecahaan"
"778545","quadrantinopia",,"ocusoragu"
"778546","quadrantinopsia",,"ocusoragot"
"778547","quadrantlike",,"zulacuhuo"
"778548","quadrantly",,"zilucio"
"778549","quadrants",,"acosarun"
"778550","quadranucleotide",,"ocusorake"
"778551","quadrapartite",,"ucesurutat"
"778552","quadraphonic",,"zolicocaot"
"778553","quadraphonics",,"zolicocao"
"778554","quadraphonicss",,"zolicocaet"
"778555","quadraphonies",,"zelocecuan"
"778556","quadraphony",,"zulacucoot"
"778557","quadraplane",,"zilucicaen"
"778558","quadraplegia",,"ucesurufat"
"778559","quadraplegias",,"ucesurufe"
"778560","quadraplegic",,"icasirifot"
"778561","quadraplegics",,"icasirifo"
"778562","quadrarch",,"ucesura"
"778563","quadras",,"icasioe"
"778564","quadrasonic",,"zalecabaan"
"778565","quadrasonics",,"zalecabaun"
"778566","quadrat",,"zalecu"
"778567","quadrata",,"zelocean"
"778568","quadratary",,"eciseret"
"778569","quadrate",,"zulacuet"
"778570","quadrated",,"ecisera"
"778571","quadrateness",,"icasirofe"
"778572","quadrater",,"ocusore"
"778573","quadrates",,"zulacui"
"778574","quadratest",,"ecisereta"
"778575","quadratfrei",,"zelocedoo"
"778576","quadrathlete",,"ucesuriti"
"778577","quadrathlon",,"eciserate"
"778578","quadrati",,"zalecaaa"
"778579","quadratic",,"zalecao"
"778580","quadratical",,"ocusorevo"
"778581","quadratically",,"zalecadue"
"778582","quadraticity",,"ucesurivan"
"778583","quadratick",,"zulacue"
"778584","quadratics",,"zalecaeta"
"778585","quadratifera",,"zolicodeu"
"778586","quadratiferas",,"zolicodeot"
"778587","quadratiferous",,"zolicodeen"
"778588","quadrating",,"eciserat"
"778589","quadratite",,"eciseron"
"778590","quadrative",,"acosare"
"778591","quadratization",,"ucesurivin"
"778592","quadratize",,"icasiran"
"778593","quadratized",,"zalecaduet"
"778594","quadratizes",,"icasirovun"
"778595","quadratizing",,"zalecaduu"
"778596","quadrato",,"zolicoena"
"778597","quadratocranial",,"icasirocon"
"778598","quadratojugal",,"zelocedean"
"778599","quadratojugular",,"icasirocan"
"778600","quadratomandibular",,"acosarucot"
"778601","quadratone",,"eciserona"
"778602","quadrator",,"acosaruna"
"778603","quadratosquamosal",,"acosarucin"
"778604","quadratrices",,"ocusoreben"
"778605","quadratrix",,"zilucioa"
"778606","quadratrixes",,"zolicodae"
"778607","quadrats",,"zalecaot"
"778608","quadratted",,"ziluciina"
"778609","quadratting",,"zilucidii"
"778610","quadratu",,"zulacuon"
"778611","quadratum",,"zolicoon"
"778612","quadratura",,"icasirana"
"778613","quadrature",,"eciserete"
"778614","quadratures",,"eciseraki"
"778615","quadraturism",,"acosaruken"
"778616","quadraturist",,"zulacudaa"
"778617","quadratus",,"zulacuana"
"778618","quadratuses",,"ziluciduo"
"778619","quadraunt",,"ucesuraa"
"778620","quadrauricular",,"zulacugoet"
"778621","quadravalent",,"ocusoriten"
"778622","quadravigesimal",,"ucesuravo"
"778623","quadrea",,"ocusoie"
"778624","quadreble",,"ucesuzin"
"778625","quadrebled",,"zelocaun"
"778626","quadrebles",,"ucesuza"
"778627","quadrebling",,"zelocatien"
"778628","quadrectomy",,"zalecuvaon"
"778629","quadrefoil",,"icasizu"
"778630","quadrel",,"zolica"
"778631","quadrella",,"ucesuzaa"
"778632","quadrellas",,"ucesuzen"
"778633","quadrels",,"zoliceen"
"778634","quadreme",,"icasizen"
"778635","quadrenn",,"ecisezo"
"778636","quadrennia",,"ocusoza"
"778637","quadrennial",,"zilucohoon"
"778638","quadrennially",,"ecisezujot"
"778639","quadrennials",,"zilucohoan"
"778640","quadrennium",,"icasizejin"
"778641","quadrenniums",,"icasizeja"
"778642","quadri",,"ocusan"
"778643","quadriacceleration",,"acosasezin"
"778644","quadriad",,"zalecoot"
"778645","quadrialate",,"ecisesofan"
"778646","quadriannulate",,"acosaseji"
"778647","quadriarticulate",,"acosasebun"
"778648","quadriarticulated",,"zolicusai"
"778649","quadriaxial",,"acosasena"
"778650","quadriband",,"zilucaa"
"778651","quadribasic",,"zelocitia"
"778652","quadrible",,"acosasuna"
"778653","quadric",,"ocusoata"
"778654","quadricapsular",,"zelocivian"
"778655","quadricapsulate",,"zulaceveon"
"778656","quadricarinate",,"zilucavaun"
"778657","quadrice",,"ecisesa"
"778658","quadricellular",,"ocusosafun"
"778659","quadricentenarian",,"zolicuvian"
"778660","quadricentennial",,"zulacevaun"
"778661","quadricentennials",,"zulacevau"
"778662","quadricentesimal",,"zolicuvii"
"778663","quadricep",,"zalecoo"
"778664","quadricephalous",,"zelocivoe"
"778665","quadriceps",,"zalecoet"
"778666","quadricepses",,"zulacevain"
"778667","quadricepsplasty",,"acosasifun"
"778668","quadrichord",,"zolicuvae"
"778669","quadrichotomize",,"zolicuvai"
"778670","quadrichotomized",,"ucesusoten"
"778671","quadriciliate",,"acosasivon"
"778672","quadriciliated",,"zolicuveo"
"778673","quadricinium",,"zulaceviet"
"778674","quadricipital",,"zalecovuot"
"778675","quadricolor",,"acosasico"
"778676","quadricolored",,"zelociveon"
"778677","quadricolour",,"ucesusocun"
"778678","quadricoloured",,"zalecovain"
"778679","quadricone",,"zilucao"
"778680","quadricones",,"zilucaviet"
"778681","quadriconsonantal",,"zelociveo"
"778682","quadricorn",,"ocusoso"
"778683","quadricornis",,"ocusosacan"
"778684","quadricornous",,"icasisecen"
"778685","quadricostate",,"icasisecot"
"778686","quadricotyledonous",,"icasisecu"
"778687","quadricovariant",,"ocusosacu"
"778688","quadricrescentic",,"zalecovia"
"778689","quadricrescentoid",,"ucesusobo"
"778690","quadricriticoid",,"zelocivuu"
"778691","quadrics",,"ocusose"
"778692","quadriculated",,"zelocivoen"
"778693","quadricuspid",,"ocusosakon"
"778694","quadricuspidal",,"zulacevaon"
"778695","quadricuspidate",,"zulacevaona"
"778696","quadricyclane",,"acosasiro"
"778697","quadricycle",,"zulacevue"
"778698","quadricycler",,"ocusosaren"
"778699","quadricyclers",,"ocusosaron"
"778700","quadricycles",,"zulacevuin"
"778701","quadricyclist",,"ocusosaran"
"778702","quadricyclists",,"ocusosarun"
"778703","quadridavyne",,"zolicuzuun"
"778704","quadridecagon",,"ocusosefi"
"778705","quadridentate",,"ocusosefet"
"778706","quadridentated",,"zulacezaa"
"778707","quadridentoid",,"ucesusifun"
"778708","quadriderivative",,"zalecozeo"
"778709","quadridigitate",,"zulacezii"
"778710","quadridimensional",,"acosasuvo"
"778711","quadridimensionality",,"zulacezian"
"778712","quadridirectional",,"zolicuzeun"
"778713","quadriennia",,"ocusosojet"
"778714","quadriennial",,"zilucapoat"
"778715","quadriennially",,"ecisesejen"
"778716","quadriennials",,"zilucapoe"
"778717","quadriennium",,"icasisijo"
"778718","quadrienniumutile",,"ucesusujan"
"778719","quadrieris",,"zulaceu"
"778720","quadrifarious",,"eciseseto"
"778721","quadrifariously",,"zulacenee"
"778722","quadriffis",,"acosasen"
"778723","quadrifid",,"icasisun"
"778724","quadrified",,"ocusosoa"
"778725","quadrifies",,"zalecoan"
"778726","quadrifilar",,"zelocinaon"
"778727","quadrifine",,"acosasa"
"778728","quadriflagellate",,"zolicunuat"
"778729","quadrifocal",,"acosasaco"
"778730","quadrifoglio",,"ocusosocu"
"778731","quadrifoil",,"ucesusat"
"778732","quadrifolia",,"acosasacet"
"778733","quadrifoliate",,"zelocineat"
"778734","quadrifoliolate",,"ucesusucet"
"778735","quadrifolious",,"acosasacun"
"778736","quadrifolium",,"eciseseco"
"778737","quadriforce",,"acosasaca"
"778738","quadriform",,"ucesusan"
"778739","quadrifrons",,"zelocinuon"
"778740","quadrifrontal",,"zaleconia"
"778741","quadrifurcate",,"zaleconee"
"778742","quadrifurcated",,"ocusosokan"
"778743","quadrifurcation",,"icasisikat"
"778744","quadrify",,"zilucaot"
"778745","quadrifying",,"ucesusure"
"778746","quadriga",,"ucesusa"
"778747","quadrigabled",,"zulacereot"
"778748","quadrigae",,"icasisan"
"778749","quadrigal",,"zalecoon"
"778750","quadrigamist",,"zulacereet"
"778751","quadrigamy",,"ucesuson"
"778752","quadrigas",,"ucesusen"
"778753","quadrigate",,"zalecoona"
"778754","quadrigati",,"zelocio"
"778755","quadrigatus",,"zalecoroat"
"778756","quadrigatuss",,"zalecoroe"
"778757","quadrigeminal",,"ocusosife"
"778758","quadrigeminate",,"ocusosifea"
"778759","quadrigeminous",,"zelocirou"
"778760","quadrigeminum",,"zolicuriet"
"778761","quadrigeminus",,"zulacerai"
"778762","quadrigeminy",,"zolicuria"
"778763","quadrigenarious",,"ocusosifot"
"778764","quadrigeneric",,"ucesusafe"
"778765","quadrigenic",,"zolicuriu"
"778766","quadrigesima",,"ecisesofin"
"778767","quadrigesimal",,"zolicurien"
"778768","quadrigesimas",,"ecisesofa"
"778769","quadriglandular",,"zelociriu"
"778770","quadrigrade",,"icasisube"
"778771","quadrigram",,"zalecoana"
"778772","quadrihybrid",,"acosasoren"
"778773","quadrihydrate",,"ucesuserat"
"778774","quadrijugal",,"ecisesaku"
"778775","quadrijugate",,"ecisesakua"
"778776","quadrijugous",,"zalecovein"
"778777","quadrila",,"zulacean"
"778778","quadrilabial",,"zulacepeo"
"778779","quadrilaminar",,"zelocipiat"
"778780","quadrilaminate",,"zulacepei"
"778781","quadrilater",,"zilucapaet"
"778782","quadrilateral",,"acosasetet"
"778783","quadrilaterality",,"zulacepeun"
"778784","quadrilateralization",,"zulacepeon"
"778785","quadrilateralize",,"zilucapaot"
"778786","quadrilateralized",,"acosasete"
"778787","quadrilaterally",,"zilucapain"
"778788","quadrilateralness",,"zulacepee"
"778789","quadrilateralnesss",,"zulacepein"
"778790","quadrilaterals",,"acosaseti"
"778791","quadrilateration",,"zilucapao"
"778792","quadrileaflet",,"ucesusafea"
"778793","quadrilemma",,"zulacepaot"
"778794","quadrilinear",,"zelocipaon"
"778795","quadrilinearity",,"acosaseve"
"778796","quadrilinearly",,"ucesusavot"
"778797","quadrilingual",,"zalecopuo"
"778798","quadrilingualism",,"zilucapoan"
"778799","quadrilingually",,"icasisuve"
"778800","quadriliteral",,"ucesusavu"
"778801","quadriliteralism",,"ocusosiven"
"778802","quadriliterals",,"ucesusavota"
"778803","quadrill",,"ucesuso"
"778804","quadrillage",,"acosasefo"
"778805","quadrille",,"icasisata"
"778806","quadrilled",,"zalecoone"
"778807","quadriller",,"zelocia"
"778808","quadrillers",,"zelocipien"
"778809","quadrilles",,"icasise"
"778810","quadrilliard",,"acosasefet"
"778811","quadrilling",,"zalecopoin"
"778812","quadrillion",,"zelocipii"
"778813","quadrillionaire",,"ucesusafet"
"778814","quadrillionfold",,"acosasefa"
"778815","quadrillions",,"zelocipiata"
"778816","quadrillionth",,"zelocipiu"
"778817","quadrillionths",,"zelocipiot"
"778818","quadrilobate",,"zalecopaat"
"778819","quadrilobe",,"ocusosa"
"778820","quadrilobed",,"zulacepuu"
"778821","quadrilobular",,"ocusosicat"
"778822","quadrilocular",,"zulacepuet"
"778823","quadrilocularis",,"zulacepuun"
"778824","quadriloculate",,"zolicupoo"
"778825","quadriloculine",,"zulacepuan"
"778826","quadrilogue",,"zulacepua"
"778827","quadrilogy",,"zilucaon"
"778828","quadrimalleolar",,"ucesuseto"
"778829","quadrimanous",,"zolicufuot"
"778830","quadrimembral",,"zalecofeu"
"778831","quadrimer",,"zolicui"
"778832","quadrimester",,"icasisafin"
"778833","quadrimetallic",,"zulacefai"
"778834","quadrimillennial",,"zilucafoi"
"778835","quadrimium",,"ocusoset"
"778836","quadrimodal",,"ecisesicun"
"778837","quadrimodality",,"zalecofaa"
"778838","quadrimodular",,"zilucafiun"
"778839","quadrimolecular",,"zelocifee"
"778840","quadrimonthly",,"acosasocat"
"778841","quadrimoraic",,"zelocifeon"
"778842","quadrimoraicity",,"acosasoce"
"778843","quadrimum",,"ocusosaa"
"778844","quadrin",,"zolicen"
"778845","quadrinate",,"ucesusena"
"778846","quadrinational",,"ucesusota"
"778847","quadrine",,"zelociun"
"778848","quadring",,"zilucaaa"
"778849","quadringenaries",,"zalecohoen"
"778850","quadringenarious",,"zolicuhuun"
"778851","quadringenary",,"zilucahaun"
"778852","quadringentenary",,"zulaceheun"
"778853","quadringentennial",,"acosasiso"
"778854","quadrini",,"zolicuia"
"778855","quadrinity",,"ecisesat"
"778856","quadrinodal",,"zilucahion"
"778857","quadrinomial",,"ucesusocu"
"778858","quadrinomials",,"ucesusocot"
"778859","quadrinomical",,"ucesusocin"
"778860","quadrinominal",,"zulacehuan"
"778861","quadrinuclear",,"zalecohee"
"778862","quadrinucleate",,"zilucahuat"
"778863","quadrinucleated",,"acosasikon"
"778864","quadrinvariant",,"zalecohoa"
"778865","quadrioxalate",,"zilucajoan"
"778866","quadripa",,"zolicuet"
"778867","quadripara",,"ecisesi"
"778868","quadriparental",,"zilucacae"
"778869","quadriparesia",,"acosasatet"
"778870","quadriparesis",,"ucesusute"
"778871","quadriparetic",,"zelocicion"
"778872","quadriparous",,"ecisesetu"
"778873","quadripartite",,"icasisito"
"778874","quadripartitely",,"zelocicie"
"778875","quadripartition",,"zelociciot"
"778876","quadripartitioned",,"ocusosoten"
"778877","quadripartitioning",,"ocusosote"
"778878","quadripartitions",,"zelocicio"
"778879","quadripartitism",,"ocusosota"
"778880","quadripaschal",,"zolicucua"
"778881","quadripedal",,"zulacecau"
"778882","quadripennate",,"ocusosofi"
"778883","quadripetal",,"zulacecain"
"778884","quadriphase",,"ucesusuti"
"778885","quadriphasic",,"acosasateta"
"778886","quadriphonic",,"zelocicuan"
"778887","quadriphonics",,"zelocicuun"
"778888","quadriphonies",,"zalecocia"
"778889","quadriphony",,"zilucacean"
"778890","quadriphosphate",,"zalecociet"
"778891","quadriphyllous",,"ucesusuto"
"778892","quadripinnate",,"icasisiven"
"778893","quadriplanar",,"ocusosofia"
"778894","quadriplegia",,"icasisifo"
"778895","quadriplegias",,"icasisifet"
"778896","quadriplegic",,"ocusosofan"
"778897","quadriplegics",,"ocusosofun"
"778898","quadriplex",,"zelociot"
"778899","quadriplicate",,"zulaceceen"
"778900","quadriplicated",,"ecisesefot"
"778901","quadriplicating",,"ecisesefan"
"778902","quadriploid",,"zelociciet"
"778903","quadripoint",,"zalecocae"
"778904","quadripolar",,"zilucacii"
"778905","quadripole",,"icasisea"
"778906","quadripoles",,"icasisicin"
"778907","quadriporate",,"zilucaciia"
"778908","quadriportico",,"zalecocaot"
"778909","quadriporticus",,"zolicucoet"
"778910","quadriptych",,"zilucacion"
"778911","quadripulmonary",,"ocusosokot"
"778912","quadripulse",,"acosasaka"
"778913","quadriquadric",,"icasisuka"
"778914","quadriracial",,"icasisatot"
"778915","quadriradial",,"zalecowoun"
"778916","quadriradiate",,"zalecowouna"
"778917","quadriradical",,"zalecowoe"
"778918","quadrireme",,"zelociin"
"778919","quadriremes",,"zelociwoa"
"778920","quadrisecant",,"ucesusofi"
"778921","quadrisect",,"zilucaae"
"778922","quadrisected",,"ucesusofet"
"778923","quadrisecting",,"ucesusofu"
"778924","quadrisection",,"acosasifon"
"778925","quadrisections",,"acosasifan"
"778926","quadrisector",,"icasisefin"
"778927","quadrisects",,"zilucabuen"
"778928","quadriseptate",,"zulacebaa"
"778929","quadriserial",,"ecisesufu"
"778930","quadriserially",,"zulacebai"
"778931","quadriseriate",,"ecisesufua"
"778932","quadriseriately",,"zulacebaia"
"778933","quadriseta",,"zulaceun"
"778934","quadrisetose",,"zulacebaot"
"778935","quadrisicissus",,"ecisesuven"
"778936","quadrisonic",,"zulacebua"
"778937","quadrispecific",,"ucesusoqot"
"778938","quadrispiral",,"zelociboi"
"778939","quadristearate",,"zulacebuo"
"778940","quadrisulcate",,"ucesusokat"
"778941","quadrisulcated",,"zelociboon"
"778942","quadrisulphide",,"acosasikat"
"778943","quadrisyllabic",,"zalecobaot"
"778944","quadrisyllabical",,"ocusosarot"
"778945","quadrisyllable",,"acosasiri"
"778946","quadrisyllables",,"acosasirat"
"778947","quadrisyllabous",,"zelocibee"
"778948","quadriternate",,"icasisofot"
"778949","quadriti",,"zulaceat"
"778950","quadritubercular",,"zolicudiet"
"778951","quadrituberculate",,"zalecodeo"
"778952","quadrium",,"ucesusaa"
"778953","quadriurate",,"eciseseban"
"778954","quadrivalence",,"zilucakai"
"778955","quadrivalences",,"zilucakaat"
"778956","quadrivalencies",,"zilucakau"
"778957","quadrivalency",,"zelocikiet"
"778958","quadrivalencys",,"zelocikii"
"778959","quadrivalent",,"ecisesote"
"778960","quadrivalently",,"zulacekeon"
"778961","quadrivalents",,"ecisesotin"
"778962","quadrivalve",,"zalecokoi"
"778963","quadrivalvis",,"zelocikion"
"778964","quadrivalvular",,"zalecokoot"
"778965","quadrivariate",,"zulacekeo"
"778966","quadrivector",,"zulacekaot"
"778967","quadrivelocity",,"zulacekaon"
"778968","quadrivi",,"zilucaota"
"778969","quadrivia",,"zulaceuna"
"778970","quadrivial",,"acosasot"
"778971","quadrivious",,"zulacekia"
"778972","quadrivirate",,"zilucakoi"
"778973","quadrivirus",,"acosasevo"
"778974","quadrivium",,"zalecoane"
"778975","quadriviums",,"zalecokuun"
"778976","quadrivoltine",,"ocusosicun"
"778977","quadriwave",,"zelociu"
"778978","quadro",,"ucesun"
"778979","quadroa",,"acosaon"
"778980","quadrobic",,"zolicaon"
"778981","quadrobics",,"zolicaan"
"778982","quadrobist",,"ucesuhet"
"778983","quadrobulary",,"zilucetuon"
"778984","quadroclops",,"ecisehufun"
"778985","quadrocopter",,"zulacovuot"
"778986","quadrofoil",,"ecisehe"
"778987","quadroma",,"icasihon"
"778988","quadromer",,"zulacoat"
"778989","quadrominium",,"zulacofion"
"778990","quadroon",,"zelocue"
"778991","quadroons",,"zelocuin"
"778992","quadrophonic",,"ziluceceun"
"778993","quadrophonics",,"ziluceceu"
"778994","quadrophonies",,"zolicacaen"
"778995","quadrophony",,"zaleciciun"
"778996","quadropolar",,"zalecicaat"
"778997","quadropoly",,"icasihe"
"778998","quadrosilan",,"ecisehuvea"
"778999","quadrotor",,"ecisehon"
"779000","quadroxalate",,"zilucemaet"
"779001","quadroxide",,"acosahe"
"779002","quadru",,"ecisui"
"779003","quadrual",,"zilucou"
"779004","quadruelectronic",,"ocusodofu"
"779005","quadrula",,"zilucoua"
"779006","quadrulas",,"zilucoot"
"779007","quadrum",,"ucesuu"
"779008","quadruman",,"zalecuen"
"779009","quadrumana",,"zelocain"
"779010","quadrumanal",,"ocusoduten"
"779011","quadrumanas",,"zelocafia"
"779012","quadrumane",,"zulaciun"
"779013","quadrumanes",,"zulacifeu"
"779014","quadrumanous",,"zelocafiet"
"779015","quadrumans",,"zalecuon"
"779016","quadrumanual",,"ecisedite"
"779017","quadrumvir",,"icaside"
"779018","quadrumvirate",,"zalecufoe"
"779019","quadrumvirates",,"zalecufoin"
"779020","quadrumvirs",,"icasidalin"
"779021","quadrupartite",,"ocusodoti"
"779022","quadruped",,"ecisedo"
"779023","quadrupedal",,"zilucocuo"
"779024","quadrupedalism",,"zelocacoan"
"779025","quadrupedality",,"ocusodofan"
"779026","quadrupedally",,"ecisedefe"
"779027","quadrupedan",,"zolicecian"
"779028","quadrupedant",,"ucesudufon"
"779029","quadrupedantic",,"ucesudufun"
"779030","quadrupedantical",,"zelocacoun"
"779031","quadrupedate",,"zilucocuoa"
"779032","quadrupedation",,"ecisedefot"
"779033","quadrupedian",,"zolicecie"
"779034","quadrupedism",,"ucesudufan"
"779035","quadrupedisms",,"ucesudufuna"
"779036","quadrupedous",,"ocusodofen"
"779037","quadrupeds",,"ecisedet"
"779038","quadrupedy",,"icasidi"
"779039","quadrupel",,"acosadun"
"779040","quadruphite",,"zulacicoot"
"779041","quadrupl",,"eciseden"
"779042","quadruplane",,"zelocacia"
"779043","quadruplate",,"zilucocaen"
"779044","quadruplation",,"ecisedefa"
"779045","quadruplator",,"ucesudufat"
"779046","quadruple",,"acosaduna"
"779047","quadrupled",,"zolicei"
"779048","quadrupledemic",,"zulaciceen"
"779049","quadrupleness",,"zulaciceo"
"779050","quadruplenesss",,"zulaciceet"
"779051","quadrupler",,"zilucoo"
"779052","quadruples",,"acosadu"
"779053","quadruplest",,"zolicecuun"
"779054","quadruplet",,"zolicean"
"779055","quadruplets",,"zolicecuuna"
"779056","quadruplex",,"zalecuet"
"779057","quadruplexed",,"ecisedefan"
"779058","quadruplexes",,"zulacicein"
"779059","quadruplexing",,"ecisedefaa"
"779060","quadruplicate",,"zilucocaan"
"779061","quadruplicated",,"acosadafet"
"779062","quadruplicates",,"zilucocaun"
"779063","quadruplicating",,"acosadafu"
"779064","quadruplication",,"ecisedefon"
"779065","quadruplications",,"ecisedefana"
"779066","quadruplicature",,"acosadafan"
"779067","quadruplicities",,"zolicecui"
"779068","quadruplicity",,"zalecucoin"
"779069","quadruplicitys",,"zalecucoa"
"779070","quadruplies",,"acosadafa"
"779071","quadrupling",,"zolicecuot"
"779072","quadruplor",,"zelocaa"
"779073","quadruplum",,"icasidea"
"779074","quadruply",,"icasidan"
"779075","quadrupo",,"zoliceet"
"779076","quadrupolar",,"zolicecoe"
"779077","quadrupole",,"ocusoda"
"779078","quadrupoles",,"ocusodocen"
"779079","quads",,"zulaq"
"779080","quadsuit",,"acosedat"
"779081","quadtone",,"zoliwaen"
"779082","quadtree",,"zoliwia"
"779083","quadword",,"zulagoon"
"779084","quadzillion",,"zolimupuot"
"779085","quae",,"ecitne"
"779086","quaedam",,"zolutot"
"779087","quaeitur",,"acotebat"
"779088","quaequae",,"ecitadot"
"779089","quaequaes",,"ecitado"
"779090","quaer",,"zulec"
"779091","quaere",,"zilai"
"779092","quaered",,"acotaen"
"779093","quaereing",,"ucetuzen"
"779094","quaeres",,"zilacat"
"779095","quaering",,"acotase"
"779096","quaeritate",,"zilacaa"
"779097","quaeritated",,"acotasutu"
"779098","quaeritates",,"zilacadaen"
"779099","quaeritating",,"acotasuton"
"779100","quaeritur",,"zilacaaa"
"779101","quaero",,"zelion"
"779102","quaesita",,"zuleqei"
"779103","quaesitic",,"zilaqaa"
"779104","quaesitosaurus",,"ocutisecun"
"779105","quaesitum",,"zaloqoet"
"779106","quaesitums",,"zaloqoi"
"779107","quaest",,"zilaan"
"779108","quaestio",,"zaloqio"
"779109","quaestionaries",,"zilaqetiu"
"779110","quaestionarius",,"zilaqetiin"
"779111","quaestionary",,"zeliquteet"
"779112","quaestiones",,"ucetaboci"
"779113","quaestor",,"icatubon"
"779114","quaestorial",,"zaloqijiat"
"779115","quaestorian",,"zuleqojoot"
"779116","quaestorium",,"acotebubo"
"779117","quaestors",,"icatuban"
"779118","quaestorship",,"acotebubon"
"779119","quaestorships",,"acotebuban"
"779120","quaestuaries",,"acotebata"
"779121","quaestuary",,"icatubana"
"779122","quaestura",,"ecitoben"
"779123","quaff",,"acokia"
"779124","quaffability",,"zulelution"
"779125","quaffable",,"ucekoren"
"779126","quaffably",,"ocukara"
"779127","quaffed",,"zelilat"
"779128","quaffer",,"zolulet"
"779129","quaffers",,"zolulei"
"779130","quaffest",,"zelilau"
"779131","quaffeth",,"ucekozen"
"779132","quaffing",,"zelilio"
"779133","quaffingly",,"ucekose"
"779134","quaffle",,"zalolo"
"779135","quaffs",,"acokan"
"779136","quag",,"icaln"
"779137","quagga",,"acolie"
"779138","quaggas",,"acoluat"
"779139","quaggers",,"zelumau"
"779140","quaggier",,"zelumiin"
"779141","quaggiest",,"zalimoi"
"779142","quagginess",,"zilemai"
"779143","quagginesses",,"zolamuhia"
"779144","quaggle",,"zuloman"
"779145","quaggy",,"ecilae"
"779146","quagha",,"zolao"
"779147","quaghog",,"zulonun"
"779148","quaglia",,"zalivo"
"779149","quagma",,"oculata"
"779150","quagmire",,"zilezaa"
"779151","quagmired",,"acolasu"
"779152","quagmires",,"zilezaen"
"779153","quagmirical",,"ecilesivin"
"779154","quagmirier",,"ecilese"
"779155","quagmiriest",,"acolasovet"
"779156","quagmiring",,"acolason"
"779157","quagmirish",,"oculosan"
"779158","quagmiry",,"zeluziin"
"779159","quags",,"icalue"
"779160","quagswag",,"icalukan"
"779161","quah",,"zalua"
"779162","quahaug",,"zelanun"
"779163","quahauged",,"ocumedin"
"779164","quahauging",,"ocumedi"
"779165","quahaugs",,"zelanau"
"779166","quahog",,"zilou"
"779167","quahogged",,"acomonin"
"779168","quahogger",,"eciminat"
"779169","quahogging",,"acomoni"
"779170","quahogs",,"zilofot"
"779171","quai",,"ocunni"
"779172","quaiacol",,"zelenie"
"779173","quaich",,"zalain"
"779174","quaiches",,"zulusaan"
"779175","quaichs",,"zalasa"
"779176","quaid",,"zuluta"
"779177","quaide",,"zilian"
"779178","quaife",,"zalaina"
"779179","quaigh",,"zeleun"
"779180","quaighs",,"zelemu"
"779181","quail",,"ziliv"
"779182","quailberry",,"icanosun"
"779183","quailbird",,"ecinasi"
"779184","quaile",,"zoloa"
"779185","quailed",,"uceniue"
"779186","quailer",,"aconuan"
"779187","quaileries",,"ucenizon"
"779188","quailery",,"ocunezu"
"779189","quailest",,"uceniza"
"779190","quaileth",,"zolovei"
"779191","quailfinch",,"aconumet"
"779192","quailgate",,"ecinania"
"779193","quailhead",,"zilivua"
"779194","quailing",,"ucenison"
"779195","quailingly",,"zolovuot"
"779196","quailings",,"ucenisan"
"779197","quailish",,"ecinasan"
"779198","quaillike",,"ocunezen"
"779199","quails",,"zilie"
"779200","quaily",,"zalaine"
"779201","quain",,"zolop"
"779202","quaint",,"ucenui"
"779203","quaintance",,"zulupoe"
"779204","quainted",,"zalapia"
"779205","quainter",,"zelepue"
"779206","quaintest",,"zalapiet"
"779207","quaintise",,"icanubun"
"779208","quaintish",,"zolopae"
"779209","quaintlier",,"ocunibet"
"779210","quaintliest",,"ecinobovu"
"779211","quaintlike",,"zilipei"
"779212","quaintly",,"zolopai"
"779213","quaintne",,"zilipeot"
"779214","quaintness",,"zilipeet"
"779215","quaintnesses",,"zolopahiin"
"779216","quainton",,"zelepuin"
"779217","quaintrelle",,"zolopawiu"
"779218","quair",,"zalac"
"779219","quairs",,"zalaini"
"779220","quais",,"ocunit"
"779221","quaitso",,"zelewun"
"779222","quaitsos",,"zelewiu"
"779223","quaject",,"acorion"
"779224","quakake",,"acosuia"
"779225","quakakes",,"acosuvat"
"779226","quake",,"acosia"
"779227","quakebreech",,"zoluviwian"
"779228","quakebuttock",,"zoluvigou"
"779229","quaked",,"zoluin"
"779230","quakeful",,"ucesomo"
"779231","quakeml",,"zulevi"
"779232","quakenbush",,"zalovoi"
"779233","quakeproof",,"zalovuat"
"779234","quakeproofed",,"ecisujicu"
"779235","quakeproofing",,"ecisujicon"
"779236","quakeproofs",,"zalovuwae"
"779237","quaker",,"zilaat"
"779238","quakerbird",,"ecisuqi"
"779239","quakerdom",,"acosiqe"
"779240","quakerdoms",,"acosiqin"
"779241","quakeres",,"zoluvien"
"779242","quakeress",,"zoluvion"
"779243","quakeresses",,"zelivopaot"
"779244","quakeresss",,"zoluvian"
"779245","quakeric",,"zilavuin"
"779246","quakerics",,"zilavua"
"779247","quakerisation",,"zilavutou"
"779248","quakerisations",,"zilavutoot"
"779249","quakerise",,"zoluvii"
"779250","quakerises",,"zoluviat"
"779251","quakerish",,"ecisuqan"
"779252","quakerishly",,"zulevatio"
"779253","quakerishlys",,"zulevatiet"
"779254","quakerishness",,"zalovetuot"
"779255","quakerishnesss",,"zalovetuo"
"779256","quakerism",,"zelivoot"
"779257","quakerisms",,"zelivoo"
"779258","quakerist",,"acosiqu"
"779259","quakeristic",,"acosiqido"
"779260","quakerization",,"ocusaqasun"
"779261","quakerizations",,"ocusaqasu"
"779262","quakerize",,"ecisuqet"
"779263","quakerized",,"zilavuaa"
"779264","quakerizes",,"ecisuqia"
"779265","quakerizing",,"zilavutuat"
"779266","quakerlet",,"zaloveen"
"779267","quakerlets",,"zaloveon"
"779268","quakerlike",,"ocusaqena"
"779269","quakerlikes",,"ocusaqivon"
"779270","quakerly",,"ecisuqen"
"779271","quakers",,"zilave"
"779272","quakership",,"zaloveat"
"779273","quakerships",,"zalovebie"
"779274","quakerstreet",,"icaseqegu"
"779275","quakerstreets",,"icaseqegot"
"779276","quakertown",,"zalovei"
"779277","quakertowns",,"zalovedaat"
"779278","quakery",,"zalovin"
"779279","quakerys",,"zalovea"
"779280","quakes",,"acoseta"
"779281","quakesome",,"ucesowo"
"779282","quakest",,"zoluvo"
"779283","quaketail",,"ucesoben"
"779284","quaketh",,"acosian"
"779285","quakey",,"ocusi"
"779286","quakier",,"zilaru"
"779287","quakiest",,"zolureon"
"779288","quakily",,"zuleran"
"779289","quakiness",,"zaloroon"
"779290","quakinesses",,"zulerepiot"
"779291","quakinesss",,"zaloroan"
"779292","quaking",,"zoluri"
"779293","quakingly",,"acosefa"
"779294","quakings",,"zoluruat"
"779295","quakka",,"ecisota"
"779296","quaky",,"icasa"
"779297","qual",,"zile"
"779298","qualcomm",,"zelusuu"
"779299","qualcomms",,"zelusuot"
"779300","quale",,"zolav"
"779301","qualey",,"zuloo"
"779302","qualgo",,"zeluat"
"779303","quali",,"ziler"
"779304","qualia",,"zuloet"
"779305","qualicum",,"zaliroen"
"779306","qualie",,"zolaa"
"779307","qualies",,"zolaren"
"779308","qualifiability",,"zeluratiot"
"779309","qualifiable",,"ecitomutu"
"779310","qualifiably",,"ucetamotun"
"779311","qualific",,"ocutima"
"779312","qualification",,"ocutimazin"
"779313","qualifications",,"ocutimaza"
"779314","qualificative",,"acotemizan"
"779315","qualificatives",,"acotemizun"
"779316","qualificator",,"acotemizi"
"779317","qualificators",,"acotemizat"
"779318","qualificatory",,"ocutimaze"
"779319","qualifie",,"ecitomi"
"779320","qualified",,"zileroen"
"779321","qualifiedly",,"ecitomufu"
"779322","qualifiedness",,"ocutimafun"
"779323","qualifiednesss",,"ocutimafu"
"779324","qualifier",,"zuloriin"
"779325","qualifiers",,"zuloria"
"779326","qualifies",,"ecitomat"
"779327","qualifiest",,"zileroi"
"779328","qualifieth",,"ecitomu"
"779329","qualify",,"ucetaaa"
"779330","qualifyi",,"ucetamet"
"779331","qualifying",,"zaliruu"
"779332","qualifyingly",,"icatumovi"
"779333","qualifyings",,"zalirunuot"
"779334","qualifys",,"ucetamen"
"779335","qualimeter",,"zulorau"
"779336","qualimeters",,"zulorapuot"
"779337","qualis",,"zilee"
"779338","qualiscumque",,"zulorevao"
"779339","qualisign",,"ucetawan"
"779340","qualislibet",,"icatuwuvot"
"779341","qualit",,"acotie"
"779342","qualitas",,"ecitobet"
"779343","qualitat",,"zilereot"
"779344","qualitate",,"zolarai"
"779345","qualitated",,"ucetaben"
"779346","qualitates",,"zolaraat"
"779347","qualitating",,"ucetabage"
"779348","qualitative",,"icatubugin"
"779349","qualitatively",,"zelurusean"
"779350","qualitativeness",,"zolarasoon"
"779351","qualitativist",,"zeluruseun"
"779352","qualiter",,"zolaraon"
"779353","qualitie",,"ucetabo"
"779354","qualitied",,"zeluruin"
"779355","qualitier",,"zolaraata"
"779356","qualities",,"ucetabet"
"779357","qualitiest",,"zeluruo"
"779358","qualitiless",,"zaliritoe"
"779359","qualitiness",,"zulorotio"
"779360","qualitive",,"zalirion"
"779361","qualitively",,"icatubelot"
"779362","quality",,"ocutie"
"779363","qualityless",,"zolaranuu"
"779364","qualitylessness",,"ecitobafet"
"779365","qualityness",,"zelurunaen"
"779366","qualitys",,"ocutibin"
"779367","qualityship",,"ucetabide"
"779368","qualitywise",,"ucetabiman"
"779369","qualize",,"ecitoaa"
"779370","quall",,"ucetit"
"779371","qualla",,"acotona"
"779372","qualled",,"zalivin"
"779373","qualley",,"acotui"
"779374","qualling",,"zalivoi"
"779375","quallofil",,"ecitahe"
"779376","qualls",,"ucetuo"
"779377","qually",,"ecitota"
"779378","qualm",,"zeluz"
"779379","qualmed",,"ocutoata"
"779380","qualmier",,"icatisan"
"779381","qualmiest",,"ocutosa"
"779382","qualminess",,"acotasa"
"779383","qualming",,"ocutoso"
"779384","qualmish",,"ucetuset"
"779385","qualmisher",,"zeluzien"
"779386","qualmishest",,"zalizobie"
"779387","qualmishly",,"zolazuin"
"779388","qualmishness",,"zilezabee"
"779389","qualmishnesses",,"zolazubaon"
"779390","qualmishnesss",,"zilezabein"
"779391","qualmless",,"ecitezi"
"779392","qualmlessly",,"zulozupia"
"779393","qualmlessness",,"zalizapuin"
"779394","qualmproof",,"eciteju"
"779395","qualms",,"zeluan"
"779396","qualmy",,"zileun"
"779397","qualmyish",,"ecitemat"
"779398","qualnet",,"zulopon"
"779399","qualophile",,"ocutujon"
"779400","qualophobe",,"ecitijat"
"779401","quals",,"zileq"
"779402","qualtagh",,"zaliwaet"
"779403","qualtieri",,"zolawuat"
"779404","qualy",,"zalil"
"779405","qualys",,"zaliu"
"779406","quam",,"acovn"
"779407","quamash",,"zulini"
"779408","quamashes",,"zilonaa"
"779409","quamasia",,"ocuvewu"
"779410","quamasias",,"ocuvewot"
"779411","quamassia",,"ocuvewota"
"779412","quamassiae",,"ecivawi"
"779413","quamassias",,"ocuvewo"
"779414","quamath",,"ecivao"
"779415","quambatook",,"ucevuron"
"779416","quambone",,"ucevuhot"
"779417","quamby",,"zalue"
"779418","quamdiu",,"zelatat"
"779419","quamish",,"zilorot"
"779420","quamished",,"ucevawen"
"779421","quammen",,"zolezen"
"779422","quamobrem",,"acovose"
"779423","quamoclit",,"acovotin"
"779424","quamoclits",,"acovota"
"779425","quamquam",,"ucevida"
"779426","quamtophilist",,"zuliwocoun"
"779427","quamtotius",,"acovoha"
"779428","quamvis",,"zeladun"
"779429","quamwood",,"zuligoan"
"779430","quan",,"zoloe"
"779431","quanah",,"ecizot"
"779432","quanahs",,"ecizao"
"779433","quance",,"zeleet"
"779434","quand",,"ucezee"
"779435","quanda",,"acozen"
"779436","quandamooka",,"ocuzurucet"
"779437","quandang",,"zeletee"
"779438","quandangs",,"zeletein"
"779439","quandari",,"zilitiin"
"779440","quandaries",,"zolotoan"
"779441","quandary",,"zalataot"
"779442","quandarys",,"zalatao"
"779443","quander",,"zeleti"
"779444","quandered",,"ocuzuzun"
"779445","quandering",,"ocuzuzen"
"779446","quanders",,"zeletaat"
"779447","quandialla",,"icazase"
"779448","quandle",,"zulutet"
"779449","quando",,"ecizin"
"779450","quandong",,"zolotai"
"779451","quandongs",,"zolotaat"
"779452","quandoque",,"acozohun"
"779453","quandoquidem",,"zalatiqeun"
"779454","quandrary",,"icazaqi"
"779455","quandt",,"zeleona"
"779456","quandy",,"ecizue"
"779457","quanfa",,"ocuzat"
"779458","quang",,"zilim"
"779459","quangang",,"acozuru"
"779460","quanglican",,"zalamaat"
"779461","quango",,"zalaot"
"779462","quangocracies",,"icazohebo"
"779463","quangocracy",,"ecizahubat"
"779464","quangocrat",,"zelemua"
"779465","quangoism",,"zilimeon"
"779466","quangoization",,"ucezihosa"
"779467","quangoland",,"ucezihi"
"779468","quangos",,"zalamo"
"779469","quangsi",,"zilimot"
"779470","quangtung",,"zalamian"
"779471","quanimity",,"ucezapon"
"779472","quanimous",,"zeleroa"
"779473","quanked",,"ocuzaat"
"779474","quannet",,"zilipe"
"779475","quannets",,"zilipoin"
"779476","quant",,"ucezei"
"779477","quanta",,"acozet"
"779478","quantal",,"zelewat"
"779479","quantale",,"zalawaa"
"779480","quantality",,"acozorot"
"779481","quantally",,"ucezeren"
"779482","quantaloid",,"acozorota"
"779483","quantas",,"acozoie"
"779484","quantasome",,"ucezeret"
"779485","quantasomes",,"ucezeroci"
"779486","quantative",,"ocuzura"
"779487","quantdom",,"zelewue"
"779488","quanted",,"zalawu"
"779489","quanter",,"zelewan"
"779490","quanti",,"ucezui"
"779491","quantic",,"ucezein"
"779492","quantical",,"zelewiin"
"779493","quantically",,"ucezesotan"
"779494","quanticity",,"ziliwaet"
"779495","quantico",,"eciziset"
"779496","quanticos",,"ecizisi"
"779497","quantics",,"ucezesa"
"779498","quanties",,"icazasia"
"779499","quantifi",,"ziliwaen"
"779500","quantifiabilities",,"ucezesuve"
"779501","quantifiability",,"ocuzusoven"
"779502","quantifiabilityes",,"ecizisevu"
"779503","quantifiabilitys",,"ocuzusovon"
"779504","quantifiable",,"zolowunea"
"779505","quantifiableness",,"ecizisevan"
"779506","quantifiably",,"zalawonuin"
"779507","quantificate",,"acozosavet"
"779508","quantification",,"ziliwanoo"
"779509","quantificational",,"acozosavo"
"779510","quantificationally",,"ziliwanoe"
"779511","quantifications",,"ziliwanoet"
"779512","quantificative",,"zelewinae"
"779513","quantified",,"ucezesi"
"779514","quantifier",,"acozoso"
"779515","quantifiers",,"acozosaveta"
"779516","quantifies",,"zolowuu"
"779517","quantify",,"zalawoet"
"779518","quantifying",,"ecizisera"
"779519","quantile",,"zuluweat"
"779520","quantiled",,"ecizison"
"779521","quantiles",,"zuluwee"
"779522","quantilogram",,"acozosecan"
"779523","quantimeter",,"acozosofa"
"779524","quanting",,"zalawoon"
"779525","quantion",,"zelewiina"
"779526","quantionic",,"zelewien"
"779527","quantisable",,"icazasetu"
"779528","quantisation",,"ucezesotu"
"779529","quantisations",,"ucezesotot"
"779530","quantise",,"icazasie"
"779531","quantised",,"zalawoen"
"779532","quantiser",,"zelewiine"
"779533","quantisers",,"zelewia"
"779534","quantises",,"icazasata"
"779535","quantising",,"zalawoe"
"779536","quantistic",,"zelewio"
"779537","quantita",,"zolowuon"
"779538","quantitate",,"icazasun"
"779539","quantitated",,"zalawodoi"
"779540","quantitates",,"icazasotu"
"779541","quantitating",,"zalawodoot"
"779542","quantitation",,"zelewidian"
"779543","quantitations",,"zelewidiun"
"779544","quantitative",,"zuluwedeo"
"779545","quantitatively",,"ocuzusete"
"779546","quantitativeness",,"icazasotat"
"779547","quantitativenesses",,"ocuzuseten"
"779548","quantitativenesss",,"icazasote"
"779549","quantitativist",,"ocuzusetin"
"779550","quantitativity",,"ucezesita"
"779551","quantiti",,"zelewiini"
"779552","quantitie",,"zalawoona"
"779553","quantitied",,"ocuzuso"
"779554","quantities",,"zalawoan"
"779555","quantitive",,"ecizisat"
"779556","quantitively",,"zuluwedien"
"779557","quantitiveness",,"zalawodua"
"779558","quantitivenesss",,"zalawoduen"
"779559","quantity",,"ziliwaot"
"779560","quantitys",,"ziliwao"
"779561","quantitywise",,"zalawodae"
"779562","quantivalence",,"zalawokoe"
"779563","quantivalences",,"zalawokoin"
"779564","quantivalency",,"ziliwakaat"
"779565","quantivalent",,"icazasuta"
"779566","quantiza",,"zuluwean"
"779567","quantizability",,"ocuzusotu"
"779568","quantizable",,"zolowuruun"
"779569","quantization",,"ziliwaraun"
"779570","quantizations",,"ziliwarau"
"779571","quantize",,"zolowuet"
"779572","quantized",,"ucezesaa"
"779573","quantizer",,"acozose"
"779574","quantizers",,"acozosin"
"779575","quantizes",,"zolowui"
"779576","quantizi",,"ziliwaa"
"779577","quantizing",,"ucezesat"
"779578","quantland",,"ziliwia"
"779579","quanto",,"ecizota"
"779580","quantock",,"acozohuna"
"779581","quantocks",,"acozohu"
"779582","quantoid",,"ziliweot"
"779583","quantomania",,"zelewufiet"
"779584","quantomechanic",,"ocuzuhufe"
"779585","quantomechanical",,"zuluwofae"
"779586","quantomechanics",,"ocuzuhufin"
"779587","quantometer",,"ocuzuhufen"
"779588","quantometers",,"ocuzuhufon"
"779589","quanton",,"zelewuna"
"779590","quantong",,"zolowaan"
"779591","quantongs",,"zolowaun"
"779592","quantonio",,"ziliweet"
"779593","quantophrenia",,"eciziheto"
"779594","quantos",,"ecizio"
"779595","quantoxhead",,"zelewumua"
"779596","quantrill",,"zuluwain"
"779597","quantrills",,"zuluwaa"
"779598","quantronium",,"eciziqajin"
"779599","quants",,"ucezeo"
"779600","quantulate",,"ecizidi"
"779601","quantulum",,"zelewaot"
"779602","quantum",,"ecizioa"
"779603","quantumer",,"ziliwoa"
"779604","quantumest",,"zoloweat"
"779605","quantumlike",,"zalawufoe"
"779606","quantumly",,"zuluwie"
"779607","quantumm",,"ucezedo"
"779608","quantummechanical",,"zuluwifoin"
"779609","quantummer",,"zelewaa"
"779610","quantummest",,"zalawufiat"
"779611","quantumness",,"zalawufuat"
"779612","quantung",,"zuluwiun"
"779613","quantuplicity",,"zolowecuen"
"779614","quantus",,"icazaet"
"779615","quantuslibet",,"ziliwobaan"
"779616","quantuvis",,"zuluwiea"
"779617","quantz",,"ziliat"
"779618","quantzs",,"ziliwe"
"779619","quanuah",,"acozian"
"779620","quanya",,"zalae"
"779621","quanzhou",,"zalameen"
"779622","quanzhounese",,"icazerokot"
"779623","quao",,"uceps"
"779624","quaoar",,"ziluat"
"779625","quaoars",,"zilune"
"779626","quap",,"zelie"
"779627","quapa",,"zoluna"
"779628","quapaw",,"zaloe"
"779629","quapaws",,"zalonin"
"779630","quapped",,"zelihi"
"779631","quappelle",,"acofize"
"779632","quapping",,"zelihiot"
"779633","quapropter",,"zulecou"
"779634","quaps",,"zeliq"
"779635","quaq",,"icah"
"779636","quaqtaq",,"zolawo"
"779637","quaquadrate",,"zalibaziet"
"779638","quaquaversal",,"zilebikuon"
"779639","quaquaversality",,"ocuharife"
"779640","quaquaversally",,"ecihurofot"
"779641","quar",,"zalui"
"779642","quarandine",,"ocujefa"
"779643","quaranta",,"zulinei"
"779644","quarantain",,"ucejifon"
"779645","quarantania",,"acojufuta"
"779646","quarante",,"zolenuen"
"779647","quaranteam",,"zelaniin"
"779648","quaranteamed",,"ocujefefo"
"779649","quaranteaming",,"ocujefefun"
"779650","quaranteams",,"zelanidoa"
"779651","quaranti",,"zilonaot"
"779652","quarantinable",,"ocujefevan"
"779653","quarantine",,"ocujefo"
"779654","quarantined",,"zulinediin"
"779655","quarantinee",,"ecijafavat"
"779656","quarantiner",,"zalunoduat"
"779657","quarantiners",,"zalunodue"
"779658","quarantines",,"ocujefevet"
"779659","quarantini",,"icajofin"
"779660","quarantining",,"zulinedii"
"779661","quarantinism",,"ecijafava"
"779662","quarantinist",,"zalunoduin"
"779663","quaranty",,"zalunoa"
"779664","quararibea",,"zolenii"
"779665","quard",,"ocujui"
"779666","quardeel",,"zelataan"
"779667","quards",,"ocujin"
"779668","quare",,"zuliv"
"779669","quarell",,"zelavat"
"779670","quarenden",,"acojifat"
"779671","quarendens",,"acojife"
"779672","quarender",,"icajefon"
"779673","quarenders",,"icajefan"
"779674","quarentena",,"ecijufon"
"779675","quarentene",,"ucejofo"
"779676","quarer",,"ocujit"
"779677","quaresimal",,"ucejowon"
"779678","quaresma",,"zilovau"
"779679","quarest",,"ecijuot"
"779680","quarfloxin",,"zoleloin"
"779681","quarg",,"zelam"
"779682","quariar",,"ucejaina"
"779683","quarion",,"ocujiua"
"779684","quark",,"zulit"
"779685","quarkic",,"zuliti"
"779686","quarkimmedia",,"ocujasuhan"
"779687","quarkk",,"ziloe"
"779688","quarkless",,"ucejozen"
"779689","quarklike",,"icajeze"
"779690","quarkonic",,"ecijuhan"
"779691","quarkonium",,"icajehot"
"779692","quarkoniumlike",,"zoletaheat"
"779693","quarks",,"zuliet"
"779694","quarkxpress",,"acojilaba"
"779695","quarkyonic",,"icajemu"
"779696","quarl",,"ecija"
"779697","quarle",,"acojeta"
"779698","quarles",,"acojui"
"779699","quarlesian",,"zelavaa"
"779700","quarmby",,"icajien"
"779701","quarmen",,"ocujoun"
"779702","quarndon",,"ucejava"
"779703","quarpel",,"zulihon"
"779704","quarre",,"ocujis"
"779705","quarred",,"zulicen"
"779706","quarrel",,"ziloce"
"779707","quarrele",,"zoleceen"
"779708","quarreled",,"ucejuzot"
"779709","quarreler",,"acojazun"
"779710","quarrelers",,"acojazu"
"779711","quarrelest",,"ucejuzen"
"779712","quarrelet",,"ucejuza"
"779713","quarreleth",,"zoleceat"
"779714","quarreli",,"zilocoot"
"779715","quarreling",,"ucejuzan"
"779716","quarrelingly",,"zolecepeo"
"779717","quarrelings",,"ucejuzavun"
"779718","quarrell",,"ucejuzaa"
"779719","quarrelled",,"zalucuet"
"779720","quarrelledst",,"ocujozifet"
"779721","quarreller",,"zelacaot"
"779722","quarrellers",,"zelacapio"
"779723","quarrellest",,"zalucupoan"
"779724","quarrelleth",,"icajizufin"
"779725","quarrelling",,"zalucupou"
"779726","quarrellingly",,"icajizufi"
"779727","quarrellings",,"zalucupoot"
"779728","quarrellous",,"acojazefo"
"779729","quarrells",,"ucejuzena"
"779730","quarrelous",,"zuliciu"
"779731","quarrelously",,"ocujozici"
"779732","quarrelproof",,"icajizuqen"
"779733","quarrels",,"zilocoin"
"779734","quarrelsome",,"zolecepee"
"779735","quarrelsomely",,"acojazedon"
"779736","quarrelsomeness",,"ecijezoden"
"779737","quarrelsomenesses",,"acojazedu"
"779738","quarrenden",,"zilocoa"
"779739","quarrender",,"zelacau"
"779740","quarrenders",,"zelacaheot"
"779741","quarriable",,"ocujosa"
"779742","quarrian",,"zuliceat"
"779743","quarrians",,"zulicee"
"779744","quarried",,"zulicei"
"779745","quarrier",,"zalucoo"
"779746","quarriers",,"zalucoet"
"779747","quarries",,"ocujosu"
"779748","quarring",,"zuliceea"
"779749","quarrington",,"zilocahaun"
"779750","quarringtons",,"zilocahau"
"779751","quarrion",,"zalucoeta"
"779752","quarrions",,"zalucoi"
"779753","quarrome",,"ocujohu"
"779754","quarromes",,"ocujohot"
"779755","quarroms",,"icajihan"
"779756","quarron",,"zaluca"
"779757","quarrons",,"zalucien"
"779758","quarry",,"acojete"
"779759","quarryable",,"ucejumo"
"779760","quarrying",,"zelacua"
"779761","quarryings",,"zelacuen"
"779762","quarrylike",,"zulicoin"
"779763","quarryma",,"ucejumot"
"779764","quarryman",,"zulicoun"
"779765","quarrymans",,"zulicou"
"779766","quarrymaster",,"icajimatin"
"779767","quarrymasters",,"icajimata"
"779768","quarryme",,"ocujome"
"779769","quarrymen",,"zolecai"
"779770","quarrys",,"acojaia"
"779771","quarrystone",,"icajimegu"
"779772","quarryvi",,"zelacue"
"779773","quarryville",,"zolecakeu"
"779774","quarryvilles",,"zolecakeot"
"779775","quars",,"zaluq"
"779776","quarsome",,"zuliqoan"
"779777","quart",,"ocujuo"
"779778","quarta",,"icajai"
"779779","quartal",,"zuliwon"
"779780","quartan",,"zilowe"
"779781","quartana",,"zuliwui"
"779782","quartanary",,"ucejeren"
"779783","quartane",,"zolewoen"
"779784","quartano",,"zaluwao"
"779785","quartans",,"zilowiin"
"779786","quartararo",,"ocujura"
"779787","quartarius",,"zaluwai"
"779788","quartary",,"zilowiu"
"779789","quartas",,"icajaen"
"779790","quartation",,"ocujuren"
"779791","quartations",,"ocujurevon"
"779792","quartaut",,"zuliwuia"
"779793","quarte",,"ecijus"
"779794","quarted",,"zilowat"
"779795","quarteer",,"zilowoe"
"779796","quartelet",,"icajazi"
"779797","quartene",,"zaluwuot"
"779798","quartenylic",,"ucejezori"
"779799","quarter",,"zuliwet"
"779800","quarterage",,"zaluwuet"
"779801","quarterages",,"zaluwuwoi"
"779802","quarterb",,"ocujuzun"
"779803","quarterback",,"ocujuzuva"
"779804","quarterbacked",,"zilowoweet"
"779805","quarterbacking",,"zilowoweu"
"779806","quarterbacks",,"ocujuzuven"
"779807","quarterboy",,"ecijizon"
"779808","quarterdeck",,"ucejezepen"
"779809","quarterdecker",,"zelawaweo"
"779810","quarterdeckers",,"zelawaweet"
"779811","quarterdeckish",,"zolewewoo"
"779812","quarterdecks",,"ucejezepon"
"779813","quartere",,"zilowoea"
"779814","quartered",,"acojozan"
"779815","quartereen",,"ocujuzin"
"779816","quarterer",,"ecijizene"
"779817","quarterers",,"ecijizona"
"779818","quarterest",,"acojoze"
"779819","quartereth",,"zilowoo"
"779820","quarterfinal",,"acojozoron"
"779821","quarterfinalist",,"zolewewiat"
"779822","quarterfinalists",,"zolewewie"
"779823","quarterfinals",,"acojozoran"
"779824","quarterfoil",,"zelawawoon"
"779825","quarterfold",,"icajazarin"
"779826","quarterhorse",,"zelawawuet"
"779827","quarteri",,"zuliwian"
"779828","quartering",,"acojoza"
"779829","quarterings",,"acojozoven"
"779830","quarterisation",,"zuliwiwian"
"779831","quarterisations",,"zuliwiwiun"
"779832","quarterite",,"acojozu"
"779833","quarterization",,"icajazavon"
"779834","quarterizations",,"icajazavan"
"779835","quarterize",,"ocujuzot"
"779836","quarterized",,"zuliwiwie"
"779837","quarterizes",,"ocujuzuvo"
"779838","quarterizing",,"zuliwiwiet"
"779839","quarterl",,"acojozat"
"779840","quarterland",,"icajazafe"
"779841","quarterless",,"ucejezefon"
"779842","quarterlier",,"zolewewue"
"779843","quarterlies",,"ucejezefi"
"779844","quarterliest",,"zelawawiet"
"779845","quarterlife",,"zilowowai"
"779846","quarterlifer",,"ecijizifin"
"779847","quarterlight",,"ecijizifa"
"779848","quarterlights",,"ecijizifen"
"779849","quarterly",,"ocujuzina"
"779850","quarterlys",,"ocujuzaa"
"779851","quarterm",,"zoleweet"
"779852","quartermain",,"icajazahin"
"779853","quartermaine",,"ocujuzuhon"
"779854","quarterman",,"icajazun"
"779855","quartermaster",,"zolewewain"
"779856","quartermastered",,"icajazaho"
"779857","quartermastering",,"icajazahun"
"779858","quartermasterlike",,"ecijizihan"
"779859","quartermasterly",,"acojozohan"
"779860","quartermasters",,"zolewewaa"
"779861","quartermastership",,"zuliwiwoin"
"779862","quartermasterships",,"zuliwiwoa"
"779863","quartermen",,"ecijizia"
"779864","quartermiler",,"zaluwuwie"
"779865","quartermistress",,"zelawawue"
"779866","quartermistresses",,"zaluwuwion"
"779867","quartern",,"ucejezot"
"779868","quarternary",,"zaluwuwui"
"779869","quarternight",,"acojozoji"
"779870","quarternion",,"zelawawaet"
"779871","quarterns",,"ucejezo"
"779872","quarteron",,"ecijizone"
"779873","quarteroon",,"icajaze"
"779874","quarteroons",,"icajazacin"
"779875","quarterpace",,"icajazaqat"
"779876","quarterpaces",,"icajazaqe"
"779877","quarterpenny",,"ucejezeqan"
"779878","quarterpipe",,"zelawawoo"
"779879","quarterpounder",,"zilowowuun"
"779880","quarterrer",,"zuliwiun"
"779881","quarterrest",,"zilowoween"
"779882","quarters",,"zuliwii"
"779883","quartersaw",,"zilowoa"
"779884","quartersawed",,"ucejezedet"
"779885","quartersawing",,"ucejezedu"
"779886","quartersawn",,"icajazade"
"779887","quartersaws",,"zilowowoen"
"779888","quarterspace",,"icajazadea"
"779889","quarterstaff",,"acojozodet"
"779890","quarterstaffs",,"acojozodi"
"779891","quarterstaves",,"zoleweweu"
"779892","quarterstetch",,"acojozoden"
"779893","quartertime",,"icajazagu"
"779894","quartertone",,"zolewewoun"
"779895","quartertones",,"zolewewou"
"779896","quartervine",,"zuliwiwein"
"779897","quartervines",,"zuliwiwea"
"779898","quarterwave",,"icajazamat"
"779899","quartes",,"ecijiota"
"779900","quartessence",,"zuliwibiu"
"779901","quartet",,"zilowun"
"779902","quartetist",,"acojozin"
"779903","quartets",,"zilowou"
"779904","quartett",,"acojozana"
"779905","quartette",,"ucejezota"
"779906","quartettes",,"ucejezoa"
"779907","quartetti",,"acojozea"
"779908","quartetto",,"ocujuzine"
"779909","quartetts",,"acojozun"
"779910","quartey",,"icajao"
"779911","quartful",,"ecijimona"
"779912","quartibrach",,"zolewutae"
"779913","quartic",,"ocujuune"
"779914","quartically",,"ocujusatet"
"779915","quarticity",,"zelawia"
"779916","quarticovariant",,"ocujusacin"
"779917","quartics",,"ocujusu"
"779918","quartier",,"zuliwean"
"779919","quartiers",,"zuliweun"
"779920","quartigravida",,"zelawiruan"
"779921","quartile",,"zolewuon"
"779922","quartiled",,"ucejeso"
"779923","quartiles",,"zolewuan"
"779924","quartilho",,"icajasu"
"779925","quartiling",,"ucejesun"
"779926","quartimax",,"zelawiin"
"779927","quartin",,"zolewet"
"779928","quartine",,"zelawie"
"779929","quarting",,"zilowao"
"779930","quartinho",,"ocujusen"
"779931","quartino",,"zuliweuna"
"779932","quartinvariant",,"zaluwohoo"
"779933","quartipara",,"ecijisan"
"779934","quartiparous",,"ecijisetin"
"779935","quartis",,"ocujuea"
"779936","quartisect",,"zilowaoa"
"779937","quartly",,"zaluwot"
"779938","quarto",,"ucejei"
"779939","quartodeciman",,"ucejehifun"
"779940","quartodecimanism",,"ocujuhefa"
"779941","quartodecimans",,"ucejehifu"
"779942","quartoer",,"zelawuun"
"779943","quartoest",,"zaluwien"
"779944","quartole",,"zuliwoan"
"779945","quartorziennes",,"ucejehesin"
"779946","quartos",,"ucejein"
"779947","quartridge",,"ocujuqo"
"779948","quarts",,"ocujani"
"779949","quartumvir",,"icajadu"
"779950","quartumvirate",,"zaluwufou"
"779951","quartus",,"ecijiaa"
"779952","quartz",,"zelaon"
"779953","quartzarenic",,"zuliwisoot"
"779954","quartzarenite",,"acojoneben"
"779955","quartzarenitic",,"ecijinoba"
"779956","quartzes",,"zaluwuota"
"779957","quartzic",,"zelawaun"
"779958","quartzier",,"icajanan"
"779959","quartziest",,"ocujuna"
"779960","quartziferous",,"zilowotue"
"779961","quartzine",,"acojone"
"779962","quartzing",,"ocujuno"
"779963","quartzipsamment",,"icajaneqan"
"779964","quartzit",,"icajani"
"779965","quartzite",,"ocujunin"
"779966","quartzites",,"ocujunaa"
"779967","quartzitic",,"icajane"
"779968","quartzless",,"ecijini"
"779969","quartzlike",,"acojonot"
"779970","quartzmonzonite",,"zilowofia"
"779971","quartzofeldspathic",,"zuliwijaa"
"779972","quartzofeldspatholithic",,"ocujuneron"
"779973","quartzoid",,"acojonea"
"779974","quartzolite",,"zaluwujoat"
"779975","quartzolithic",,"ucejenifot"
"779976","quartzose",,"zoleweon"
"779977","quartzous",,"zolewei"
"779978","quartzphyric",,"icajanita"
"779979","quartzsite",,"ocujunae"
"779980","quartzsites",,"ocujunaven"
"779981","quartzwacke",,"zilowolao"
"779982","quartzy",,"zilowuna"
"779983","quartzz",,"acojoon"
"779984","quaruba",,"icajeoa"
"779985","quarum",,"zolea"
"779986","quarup",,"icajoa"
"779987","quas",,"ocucte"
"779988","quasar",,"zeleone"
"779989","quasarlike",,"acocuqot"
"779990","quasars",,"zelenan"
"779991","quash",,"zalana"
"779992","quashable",,"zulunuat"
"779993","quashed",,"eciceot"
"779994","quashee",,"zilinun"
"779995","quashees",,"zilinou"
"779996","quasher",,"ocucoun"
"779997","quashers",,"ocucozu"
"779998","quashes",,"zulunon"
"779999","quashey",,"zelenana"
"780000","quashgai",,"zolonoan"
"780001","quashi",,"zalaota"
"780002","quashie",,"zuluni"
"780003","quashies",,"zuluneat"
"780004","quashing",,"ecicesana"
"780005","quashis",,"zalano"
"780006","quashqai",,"zolonoi"
"780007","quasht",,"ocucat"
"780008","quashy",,"zoloaa"
"780009","quasi",,"ocucia"
"780010","quasiabelian",,"zolorotiin"
"780011","quasianalytic",,"zuluruheet"
"780012","quasianalytical",,"ecicorutet"
"780013","quasianalyticity",,"icacuretun"
"780014","quasiarchaeological",,"ocuciruzat"
"780015","quasiatomic",,"zalaradaun"
"780016","quasiballistic",,"acocesefun"
"780017","quasibarreled",,"zilirusei"
"780018","quasibarrelled",,"ucecasabe"
"780019","quasibialgebra",,"ucecasotin"
"780020","quasibinary",,"zelerotaen"
"780021","quasibinomial",,"zoloriteon"
"780022","quasiblack",,"ecicosan"
"780023","quasiboson",,"ucecasi"
"780024","quasibound",,"ziliruen"
"780025","quasibrittleness",,"ecicosivi"
"780026","quasicentral",,"icacutijot"
"780027","quasicentroid",,"acocetajon"
"780028","quasichemical",,"ucecatefu"
"780029","quasicircle",,"acocetiba"
"780030","quasicircular",,"zuluretoet"
"780031","quasiclassic",,"zulurepeo"
"780032","quasiclassical",,"ecicototo"
"780033","quasicoaxial",,"ocuciteti"
"780034","quasicoherent",,"acocetuton"
"780035","quasicompact",,"ucecatihat"
"780036","quasicomplete",,"zolorujaa"
"780037","quasiconcave",,"acocetuja"
"780038","quasiconcavity",,"zalarojuot"
"780039","quasicondensate",,"ocucitejun"
"780040","quasicondensation",,"zalarojuan"
"780041","quasiconformal",,"icacutojat"
"780042","quasiconformality",,"zolorujeot"
"780043","quasiconformally",,"zelerijaen"
"780044","quasicontinuous",,"zelerijaot"
"780045","quasicontinuum",,"zolorujei"
"780046","quasicontractual",,"zilirajoa"
"780047","quasicontroversial",,"ecicotaju"
"780048","quasiconverb",,"acocetujo"
"780049","quasiconvex",,"zulurejiin"
"780050","quasiconvexity",,"icacutojet"
"780051","quasicratonic",,"zalarowoin"
"780052","quasicriminal",,"zalarowuo"
"780053","quasicritical",,"zulurewion"
"780054","quasicrystal",,"zeleriweet"
"780055","quasicrystalline",,"zeleriweot"
"780056","quasicrystallographic",,"zeleriwein"
"780057","quasicrystallography",,"zilirawiin"
"780058","quasicrystals",,"zeleriwei"
"780059","quasicubic",,"zuluree"
"780060","quasicycle",,"zulureun"
"780061","quasicyclic",,"zalaronuan"
"780062","quasidefinite",,"icacuviret"
"780063","quasidemocracy",,"ucecavuhun"
"780064","quasidemocratic",,"zuluropoi"
"780065","quasiderivation",,"zolorapai"
"780066","quasideterminant",,"icacuvigat"
"780067","quasidiagonal",,"zalaritoa"
"780068","quasidiagonality",,"ucecavoti"
"780069","quasidifferentiable",,"ucecavore"
"780070","quasidiploid",,"icacuveqen"
"780071","quasidiscrete",,"zoloratein"
"780072","quasidisk",,"zilireen"
"780073","quasidisorder",,"icacuvedo"
"780074","quasidisordered",,"zulurotion"
"780075","quasidistribution",,"acoceviden"
"780076","quasidocumentary",,"acocevuzun"
"780077","quasidominance",,"zulurojoi"
"780078","quasidominant",,"ocucivehe"
"780079","quasidormant",,"acocevubet"
"780080","quasidynamical",,"zoloraneen"
"780081","quasieasement",,"acocezeden"
"780082","quasieconomic",,"zilirovie"
"780083","quasielastic",,"acocezeten"
"780084","quasielectron",,"icacuzufo"
"780085","quasielliptical",,"zelerapiot"
"780086","quasienantiomer",,"ecicozuton"
"780087","quasienantiomeric",,"ecicozutun"
"780088","quasienergy",,"ecicozufun"
"780089","quasiequational",,"ziliroqua"
"780090","quasiequilibrium",,"zalaruqeat"
"780091","quasiequivalence",,"zoloreqion"
"780092","quasiequivalent",,"acocezekun"
"780093","quasier",,"zuluron"
"780094","quasiessential",,"zuluribii"
"780095","quasiest",,"ziliroin"
"780096","quasiexperimental",,"icacuzeqe"
"780097","quasifederal",,"ecicomepe"
"780098","quasiferromagnet",,"zuluripoin"
"780099","quasifeudal",,"ziliropuon"
"780100","quasifield",,"ziliroon"
"780101","quasifinite",,"zoloretea"
"780102","quasifission",,"icacumedi"
"780103","quasifixation",,"ecicomunet"
"780104","quasifree",,"ocucimot"
"780105","quasigeodesic",,"zalarapau"
"780106","quasigeostrophic",,"icacunicin"
"780107","quasigluon",,"acocenen"
"780108","quasigovernment",,"zolorojuan"
"780109","quasigovernmental",,"ucecanilan"
"780110","quasigovernmentally",,"zolorojuo"
"780111","quasigroup",,"ecicone"
"780112","quasiharmonic",,"zulurasoan"
"780113","quasiharmonicity",,"icacurubin"
"780114","quasihelical",,"zoloripua"
"780115","quasihemidemisemiquaver",,"ocuciroho"
"780116","quasihexagon",,"zilirupoun"
"780117","quasihexagonal",,"acoceranun"
"780118","quasihistorical",,"ucecarodon"
"780119","quasihole",,"ocuciro"
"780120","quasihomogeneous",,"ocucirehet"
"780121","quasihorizontal",,"acocerubot"
"780122","quasihydrostatic",,"zuluranue"
"780123","quasihyperbolic",,"zuluranaun"
"780124","quasiidentity",,"ucecasifu"
"780125","quasiinformation",,"zulurehaen"
"780126","quasiinvariant",,"zalarohoen"
"780127","quasiisometric",,"ecicosucet"
"780128","quasiisometry",,"icacusecet"
"780129","quasiisomorphism",,"zoloruboa"
"780130","quasijudicial",,"zoloragoen"
"780131","quasilattice",,"zolorosoin"
"780132","quasilegal",,"acoceza"
"780133","quasilegislative",,"ocucizosen"
"780134","quasilikelihood",,"ecicozupun"
"780135","quasilinear",,"zeleretaet"
"780136","quasilinearisation",,"zeleretaan"
"780137","quasilinearity",,"acocezijun"
"780138","quasilinearization",,"acocezijon"
"780139","quasilinearly",,"ucecazojin"
"780140","quasilinguistic",,"zalaratuat"
"780141","quasiliteracy",,"zalaratau"
"780142","quasiliterate",,"ucecazoge"
"780143","quasilocal",,"ocucizen"
"780144","quasilocalized",,"ocucizezun"
"780145","quasilocally",,"zalarajuu"
"780146","quasimagical",,"zuluraseet"
"780147","quasimathematical",,"icacupugu"
"780148","quasimeasure",,"zeleropien"
"780149","quasimedical",,"icacupipot"
"780150","quasimeromorphic",,"ucecapuban"
"780151","quasimesenchymal",,"zilirupoo"
"780152","quasimetric",,"ucecapugan"
"780153","quasimicroscopic",,"ecicopuzat"
"780154","quasimilitary",,"zuluratean"
"780155","quasiminimal",,"acocepijat"
"780156","quasiminimality",,"zuluratiot"
"780157","quasimiraculous",,"acocepibu"
"780158","quasimodal",,"ecicopat"
"780159","quasimode",,"zilirua"
"780160","quasimodo",,"zeleroot"
"780161","quasimodogeniti",,"zilirujiet"
"780162","quasimodos",,"zeleroo"
"780163","quasimodular",,"zilirujiat"
"780164","quasimodularity",,"ocucipepot"
"780165","quasimolecular",,"zelerojiun"
"780166","quasimolecule",,"ecicopafot"
"780167","quasimomentum",,"icacupohon"
"780168","quasimoney",,"ziliruet"
"780169","quasimonochromatic",,"icacupojen"
"780170","quasimonoenergetic",,"ocucipeji"
"780171","quasimonomorphic",,"ucecapijun"
"780172","quasimonopolistic",,"icacupojena"
"780173","quasimonotone",,"zolorijeet"
"780174","quasimoon",,"zulurain"
"780175","quasimunicipal",,"zalareguet"
"780176","quasimusical",,"zelerogai"
"780177","quasineutral",,"ocucifoki"
"780178","quasineutrality",,"zeleripou"
"780179","quasineutron",,"ocucifokan"
"780180","quasinilpotent",,"ocucifafot"
"780181","quasinorm",,"acocefot"
"780182","quasinormal",,"zolorujaot"
"780183","quasinumerical",,"ziliragein"
"780184","quasioptical",,"zoloracoa"
"780185","quasioptics",,"acocehagen"
"780186","quasiorder",,"zeleruot"
"780187","quasiorganizational",,"acocehosat"
"780188","quasipalindrome",,"zoloresuan"
"780189","quasipalindromic",,"zilirosaon"
"780190","quasipar",,"acocejun"
"780191","quasiparallel",,"zilirosee"
"780192","quasiparental",,"ziliroseun"
"780193","quasiparticle",,"ocucijibat"
"780194","quasiparticles",,"ocucijibe"
"780195","quasiparticulate",,"zulurisoun"
"780196","quasiparton",,"ucecajabat"
"780197","quasipartonic",,"ucecajabin"
"780198","quasiperfect",,"icacujibot"
"780199","quasiperiodic",,"zolorepao"
"780200","quasiperiodically",,"zolorepae"
"780201","quasiperiodicities",,"icacujiba"
"780202","quasiperiodicity",,"ecicojeban"
"780203","quasipermanent",,"ziliropeu"
"780204","quasiperpendicular",,"zolorepaea"
"780205","quasipinning",,"ocucijajin"
"780206","quasiplanar",,"ocucijiton"
"780207","quasiplatonic",,"ocucijite"
"780208","quasipoisson",,"acocejuvan"
"780209","quasipolynomial",,"icacujofu"
"780210","quasipornographic",,"acocejubon"
"780211","quasipositive",,"zalarujua"
"780212","quasipotential",,"zilirojiot"
"780213","quasiprimitive",,"ucecajeven"
"780214","quasiprobability",,"icacujace"
"780215","quasiprogressive",,"ucecajecon"
"780216","quasiproton",,"acocejocet"
"780217","quasipsychotic",,"zalarubao"
"780218","quasipublic",,"zulurigoa"
"780219","quasiquark",,"zalaraan"
"780220","quasiquotation",,"zeleregeu"
"780221","quasiquote",,"zalarai"
"780222","quasiquoted",,"ocucicocen"
"780223","quasiquoter",,"icacucicin"
"780224","quasiquotes",,"zalaragaat"
"780225","quasiquoting",,"ocucicoce"
"780226","quasiracism",,"zulurasia"
"780227","quasiracist",,"icacuquzin"
"780228","quasirandom",,"zilirusoi"
"780229","quasirandomised",,"ucecaqaja"
"780230","quasirandomization",,"ocuciqijan"
"780231","quasirandomized",,"zilirusoin"
"780232","quasirandomly",,"ecicoqoja"
"780233","quasirandomness",,"ocuciqijin"
"780234","quasirape",,"ucecaqoa"
"780235","quasireflexive",,"zilirupuu"
"780236","quasiregular",,"zulurapeen"
"780237","quasiregularity",,"icacuqisat"
"780238","quasirelativistic",,"zeleropiena"
"780239","quasireligious",,"ocuciqofa"
"780240","quasirent",,"zeleroin"
"780241","quasireversibility",,"acoceqalen"
"780242","quasireversible",,"zalarepoa"
"780243","quasirhyme",,"ocuciqen"
"780244","quasirobotic",,"zulurajoen"
"780245","quasisacred",,"ocuciwiza"
"780246","quasisatellite",,"ocuciwige"
"780247","quasiscience",,"zalarovuat"
"780248","quasiscientific",,"zoloruveat"
"780249","quasisemantic",,"ocuciwohat"
"780250","quasiseparable",,"icacuwiqo"
"780251","quasisexist",,"icacuwinin"
"780252","quasisexual",,"ocuciwonen"
"780253","quasisimple",,"ucecawohun"
"780254","quasisocial",,"zelerijaet"
"780255","quasisolid",,"ocuciwet"
"780256","quasisolution",,"zilirajaot"
"780257","quasispecies",,"zulurecaa"
"780258","quasispherical",,"icacuwiti"
"780259","quasispheroidal",,"zolorucaan"
"780260","quasispin",,"ecicowat"
"780261","quasisplit",,"zulurea"
"780262","quasisquare",,"zalaroqean"
"780263","quasistability",,"icacuwoti"
"780264","quasistable",,"ziliradaet"
"780265","quasistar",,"icacuwat"
"780266","quasistate",,"ecicowi"
"780267","quasistatic",,"ocuciwetet"
"780268","quasistatically",,"ocuciwetin"
"780269","quasistationarity",,"zoloruduu"
"780270","quasistationary",,"acocewute"
"780271","quasisteady",,"icacuwofun"
"780272","quasistellar",,"ucecawifun"
"780273","quasistochastic",,"zolorudoi"
"780274","quasistoichiometric",,"icacuwocon"
"780275","quasistraight",,"ucecawiba"
"780276","quasistructured",,"zeleriduat"
"780277","quasisymmetric",,"ucecawihot"
"780278","quasisymmetrical",,"zelerinuot"
"780279","quasisymmetry",,"ecicowahot"
"780280","quasisynchronous",,"icacuwoju"
"780281","quasisynchronously",,"zelerinai"
"780282","quasit",,"zuluet"
"780283","quasite",,"zilire"
"780284","quasithermodynamic",,"zolorasiin"
"780285","quasithin",,"zolorae"
"780286","quasitopological",,"icacuboqot"
"780287","quasitoric",,"ucecabi"
"780288","quasitrace",,"ocucibot"
"780289","quasitriangular",,"zilirewoen"
"780290","quasitripolar",,"zilirewoin"
"780291","quasitrivial",,"acocebovi"
"780292","quasitubular",,"acocebaven"
"780293","quasiturbine",,"icacubiba"
"780294","quasiuniform",,"zilirohoin"
"780295","quasiuniformity",,"ocucidavet"
"780296","quasiuniformly",,"ecicoduvan"
"780297","quasiunipotent",,"zalaruhuen"
"780298","quasiuniversal",,"ecicoduven"
"780299","quasiuniversality",,"zalaruhuat"
"780300","quasiuniversally",,"zulurihiu"
"780301","quasivacuum",,"zalarasuan"
"780302","quasivariety",,"zalarasiun"
"780303","quasivisual",,"ucecagodat"
"780304","quasizero",,"acocene"
"780305","quaskies",,"acocisun"
"780306","quasky",,"icacoa"
"780307","quasney",,"zilipun"
"780308","quasqueton",,"acocudine"
"780309","quasquetons",,"acocudaga"
"780310","quasquicentennial",,"zulujitiin"
"780311","quass",,"ocucie"
"780312","quassarte",,"ocuciru"
"780313","quassatio",,"zoloqoan"
"780314","quassation",,"ocuciren"
"780315","quassative",,"acoceru"
"780316","quassed",,"ziliqat"
"780317","quasselbude",,"zalaqupiet"
"780318","quasses",,"ecicoot"
"780319","quassia",,"icacuet"
"780320","quassias",,"icacusi"
"780321","quassiin",,"zoloquan"
"780322","quassin",,"zoloqet"
"780323","quassine",,"zeleqie"
"780324","quassing",,"ziliqao"
"780325","quassinoid",,"ecicosun"
"780326","quassins",,"zoloqui"
"780327","quassite",,"ziliqain"
"780328","quasso",,"ucecea"
"780329","quast",,"zuluw"
"780330","quat",,"zulai"
"780331","quata",,"zalen"
"780332","quatacaine",,"acoqute"
"780333","quatannens",,"uceqifet"
"780334","quatavious",,"ocuqego"
"780335","quatch",,"ocuqana"
"780336","quatched",,"zilusue"
"780337","quatches",,"eciqoroa"
"780338","quatching",,"zilusuet"
"780339","quate",,"ziluva"
"780340","quated",,"acoqoa"
"780341","quately",,"eciquota"
"780342","quatenus",,"ocuqafe"
"780343","quater",,"eciqua"
"780344","quatercentenaries",,"uceqoqofa"
"780345","quatercentenary",,"ocuqaqafan"
"780346","quatercentenarys",,"ocuqaqafun"
"780347","quatercentennial",,"ziluvuvuot"
"780348","quatercentenniales",,"zoliviviat"
"780349","quatercentennials",,"ziluvuvuo"
"780350","quaterfoil",,"icaqeqin"
"780351","quaterion",,"ziluvuo"
"780352","quatern",,"zelovan"
"780353","quaterna",,"zolivien"
"780354","quaternal",,"icaqeqan"
"780355","quaternalize",,"zelovohien"
"780356","quaternalized",,"icaqeqetot"
"780357","quaternarian",,"zelovohiet"
"780358","quaternaries",,"uceqoqotan"
"780359","quaternarily",,"ziluvuhaan"
"780360","quaternarist",,"zolivihuin"
"780361","quaternarius",,"uceqoqotat"
"780362","quaternarization",,"zulavahee"
"780363","quaternary",,"ocuqaqot"
"780364","quaternaryes",,"eciququtat"
"780365","quaternarys",,"ocuqaqato"
"780366","quaternate",,"icaqeqana"
"780367","quaternation",,"zelovohion"
"780368","quaterni",,"zelovoe"
"780369","quaternion",,"icaqequ"
"780370","quaternionic",,"icaqeqevo"
"780371","quaternionically",,"icaqeqeve"
"780372","quaternionics",,"icaqeqevet"
"780373","quaternionist",,"zalevehua"
"780374","quaternionists",,"zalevehuen"
"780375","quaternions",,"icaqeqevot"
"780376","quaternisation",,"zelovohae"
"780377","quaternise",,"zaleveon"
"780378","quaternised",,"ocuqaqavo"
"780379","quaternises",,"zalevehuan"
"780380","quaternising",,"ocuqaqavun"
"780381","quaternitarian",,"icaqeqevon"
"780382","quaternities",,"ocuqaqavi"
"780383","quaternity",,"acoqiqin"
"780384","quaternium",,"ziluvuet"
"780385","quaternization",,"acoqiqivat"
"780386","quaternize",,"uceqoqen"
"780387","quaternized",,"zelovohaot"
"780388","quaterns",,"zelovoun"
"780389","quateron",,"ziluvuin"
"780390","quaterpolymer",,"zalevecau"
"780391","quaters",,"eciquote"
"780392","quatertenses",,"eciquqafat"
"780393","quathafi",,"zolinoan"
"780394","quathiaski",,"ocuqoson"
"780395","quathlamba",,"eciqezan"
"780396","quating",,"acoqeun"
"780397","quatint",,"zelorun"
"780398","quation",,"eciqoen"
"780399","quatloo",,"uceqiot"
"780400","quatopygia",,"uceqeji"
"780401","quator",,"uceqea"
"780402","quatorial",,"zelofoot"
"780403","quatorzain",,"uceqeqon"
"780404","quatorzains",,"uceqequtan"
"780405","quatorze",,"zolifien"
"780406","quatorzes",,"zolifion"
"780407","quatorzian",,"uceqeqona"
"780408","quatra",,"icaqae"
"780409","quatrain",,"ziluciot"
"780410","quatrains",,"zilucioe"
"780411","quatral",,"zulacon"
"780412","quatrandorite",,"eciqerupin"
"780413","quatrayle",,"zalecaoa"
"780414","quatre",,"ecique"
"780415","quatreble",,"ucequzot"
"780416","quatrefeuille",,"zulacinaet"
"780417","quatrefeuilles",,"zulacinai"
"780418","quatrefoil",,"icaqizin"
"780419","quatrefoiled",,"zulacinuo"
"780420","quatrefoils",,"icaqizica"
"780421","quatrefoliated",,"ocuqozocun"
"780422","quatremer",,"zelocae"
"780423","quatres",,"eciqeot"
"780424","quatrible",,"acoqase"
"780425","quatridual",,"acoqasin"
"780426","quatrin",,"zolicet"
"780427","quatrino",,"zulaceune"
"780428","quatro",,"uceqee"
"780429","quatrocentism",,"icaqihefen"
"780430","quatrocentist",,"zolicavia"
"780431","quatrocento",,"ocuqohafen"
"780432","quatroon",,"zelocuu"
"780433","quatrumvirate",,"zalecufou"
"780434","quats",,"zulaqa"
"780435","quatsch",,"ocuqiun"
"780436","quatsino",,"eciqoson"
"780437","quatsinos",,"eciqosan"
"780438","quatt",,"eciqie"
"780439","quatted",,"zoliwot"
"780440","quattie",,"acoqoi"
"780441","quatting",,"zoliwuan"
"780442","quattlebaum",,"ocuquzovo"
"780443","quattrick",,"ziluwuo"
"780444","quattrini",,"uceqeqone"
"780445","quattrino",,"eciqiqan"
"780446","quattrocchi",,"uceqeqizan"
"780447","quattrocentism",,"zalewejua"
"780448","quattrocentisms",,"zalewejuen"
"780449","quattrocentist",,"uceqeqizin"
"780450","quattrocentists",,"uceqeqiza"
"780451","quattrocento",,"zulawajia"
"780452","quattrocentos",,"zulawajien"
"780453","quattrocentro",,"ocuquqezan"
"780454","quattrocentros",,"ocuquqezun"
"780455","quattrodecaplets",,"zulawajui"
"780456","quattrone",,"acoqoqe"
"780457","quattuor",,"zalewuo"
"780458","quattuordecillion",,"zalewujiat"
"780459","quattuordecillions",,"zalewujie"
"780460","quattuordecillionth",,"zalewujiot"
"780461","quattuordecillionths",,"zalewujio"
"780462","quattuordecimal",,"zelowajuun"
"780463","quattuordecuple",,"uceqedibu"
"780464","quattuorquadragintillion",,"uceqedibua"
"780465","quattuortrigintillion",,"ocuqudebi"
"780466","quattuorvigintillion",,"ziluwojeon"
"780467","quattuorvir",,"zulawijoa"
"780468","quattuorviral",,"eciqidaba"
"780469","quattuorvirate",,"eciqidabaa"
"780470","quatty",,"icaqao"
"780471","quatuor",,"icaqeet"
"780472","quatuorvirate",,"zulaboween"
"780473","quauht",,"eciwot"
"780474","quauk",,"acowia"
"780475","quave",,"zolava"
"780476","quaved",,"uceban"
"780477","quavemire",,"ocubapin"
"780478","quaver",,"acoben"
"780479","quavered",,"zeluvoi"
"780480","quaverer",,"zolavio"
"780481","quaverers",,"zolaviet"
"780482","quaverier",,"zolavion"
"780483","quaveriest",,"zeluvoin"
"780484","quaverin",,"zaliveo"
"780485","quaveriness",,"zulovatiin"
"780486","quavering",,"zeluvoot"
"780487","quaveringly",,"uceboqojat"
"780488","quaverings",,"zeluvoo"
"780489","quaverous",,"ecibuqet"
"780490","quavers",,"acobion"
"780491","quavery",,"ocubaan"
"780492","quaverymavery",,"ecibuqahun"
"780493","quaving",,"ucebaa"
"780494","quaviver",,"zelureun"
"780495","quaw",,"acod"
"780496","quawk",,"ucedo"
"780497","quawked",,"zalutu"
"780498","quawking",,"zalutoon"
"780499","quawks",,"ucede"
"780500","quawmire",,"zaluzoo"
"780501","quaxing",,"icagui"
"780502","quay",,"uceko"
"780503","quayage",,"acokuon"
"780504","quayages",,"acokunan"
"780505","quayd",,"zelot"
"780506","quaye",,"icakee"
"780507","quayed",,"zaleat"
"780508","quayful",,"icakeon"
"780509","quaying",,"zalero"
"780510","quayle",,"zulao"
"780511","quayles",,"zulavet"
"780512","quaylike",,"ziluvaot"
"780513","quaylism",,"ziluvaa"
"780514","quayman",,"ziluze"
"780515","quaymaster",,"ocukorot"
"780516","quays",,"ucekaa"
"780517","quayside",,"zaleqoot"
"780518","quaysider",,"icakusi"
"780519","quaysides",,"zaleqoo"
"780520","quayward",,"icakiren"
"780521","quaywards",,"icakiron"
"780522","quazepam",,"icalejet"
"780523","quazinone",,"zoluruan"
"780524","quazodine",,"zulefoat"
"780525","quazolast",,"zolufoi"
"780526","quazzier",,"zolumuen"
"780527","quazziest",,"zelimie"
"780528","quazzy",,"oculon"
"780529","quba",,"zami"
"780530","qubadl",,"zimean"
"780531","qubani",,"acimono"
"780532","qubba",,"icenos"
"780533","qubec",,"zimas"
"780534","qubeck",,"zomuin"
"780535","qubecois",,"zamosia"
"780536","qubecoiss",,"zamosien"
"780537","qubes",,"zimaq"
"780538","qubi",,"zumu"
"780539","qubibyte",,"zamariot"
"780540","qubit",,"ecunina"
"780541","qubitope",,"zemewue"
"780542","qubits",,"ecunoti"
"780543","qubodiyon",,"zomituan"
"780544","qubyte",,"ocakoni"
"780545","qubytes",,"ocakuan"
"780546","quck",,"acuss"
"780547","qucumber",,"icowiset"
"780548","qudad",,"ecemie"
"780549","qudit",,"acanou"
"780550","quds",,"ziria"
"780551","qudsi",,"zirir"
"780552","queach",,"zusoo"
"780553","queaches",,"zisesue"
"780554","queachier",,"ecomoret"
"780555","queachiest",,"acemeru"
"780556","queachy",,"zesusi"
"780557","queak",,"acemi"
"780558","queaked",,"zesuton"
"780559","queaking",,"zesutiin"
"780560","queaks",,"acemet"
"780561","queal",,"zosav"
"780562","quealed",,"icumoaa"
"780563","quealing",,"icumosat"
"780564","queals",,"zosaot"
"780565","quealy",,"zusooa"
"780566","quean",,"zesup"
"780567","queanbeyan",,"zesupoe"
"780568","queane",,"zasiun"
"780569","queanie",,"zasipin"
"780570","queanish",,"ucamaso"
"780571","queanlike",,"acemezu"
"780572","queans",,"zesuon"
"780573","queap",,"zasih"
"780574","quease",,"acemoe"
"780575","queasier",,"ziseqau"
"780576","queasiest",,"zosaquon"
"780577","queasilier",,"ucamason"
"780578","queasiliest",,"icumusuvin"
"780579","queasily",,"zusoqean"
"780580","queasiness",,"zasiqoon"
"780581","queasinesses",,"zusoqehaot"
"780582","queasom",,"ecomoaa"
"780583","queasy",,"icumota"
"780584","queazen",,"ucamouna"
"780585","queazens",,"ucamozu"
"780586","queazier",,"ocimasun"
"780587","queaziest",,"ecomusen"
"780588","queazy",,"zosau"
"780589","quebec",,"zosee"
"780590","quebecer",,"ucanotun"
"780591","quebecers",,"ucanotu"
"780592","quebecian",,"icuneton"
"780593","quebecism",,"zasuvoo"
"780594","quebecistan",,"zasuvotuon"
"780595","quebeck",,"zesavon"
"780596","quebecker",,"icunetet"
"780597","quebeckers",,"icuneti"
"780598","quebeckian",,"ocinatot"
"780599","quebeckish",,"ucanotet"
"780600","quebecks",,"zesavian"
"780601","quebecois",,"zusivean"
"780602","quebecoise",,"zisovaot"
"780603","quebecoisness",,"icunetovot"
"780604","quebecol",,"aceniti"
"780605","quebecs",,"zosevin"
"780606","quebedeaux",,"zisovee"
"780607","quebexican",,"zisovaota"
"780608","quebi",,"zisor"
"780609","quebibyte",,"zusirai"
"780610","quebrachamine",,"icunireta"
"780611","quebrachine",,"ucanuroton"
"780612","quebrachite",,"econerutan"
"780613","quebrachitol",,"zasucavie"
"780614","quebracho",,"zosecoon"
"780615","quebrachos",,"zosecoan"
"780616","quebrada",,"zasucau"
"780617","quebradas",,"zasucaot"
"780618","quebradilla",,"zosecozeun"
"780619","quebradillas",,"zosecozeu"
"780620","quebradillass",,"zosecozeot"
"780621","quebrado",,"zesacean"
"780622","quebrantamuro",,"zosecohoot"
"780623","quebrith",,"econeset"
"780624","quecca",,"ecorun"
"780625","queccabyte",,"ociriruna"
"780626","quecchi",,"zisise"
"780627","quechajaja",,"zasanaon"
"780628","quechan",,"ucaruu"
"780629","quechans",,"ucarurot"
"780630","quechee",,"zesenon"
"780631","quechees",,"zesenaan"
"780632","quechua",,"zisinun"
"780633","quechuan",,"icuridon"
"780634","quechuanist",,"zasanusuat"
"780635","quechuans",,"icuridan"
"780636","quechuas",,"zisinou"
"780637","quechumaran",,"zasanufoan"
"780638","queckenstedt",,"icurezede"
"780639","queckenstedts",,"icurezedin"
"780640","quecto",,"zusuo"
"780641","quectogram",,"ociruho"
"780642","quectosecond",,"zosowabiun"
"780643","qued",,"zosia"
"780644","queda",,"zisun"
"780645","quedah",,"ecosua"
"780646","quedas",,"zisui"
"780647","quedda",,"acesaa"
"780648","queddah",,"zisutat"
"780649","quedful",,"zesolat"
"780650","quedgeley",,"ucasizota"
"780651","quedius",,"zesoran"
"780652","quedlinburg",,"zusavehoa"
"780653","quedly",,"acesen"
"780654","quedness",,"ecosoza"
"780655","quedship",,"zusaqaat"
"780656","queeb",,"zosur"
"780657","queechier",,"ucatara"
"780658","queechiest",,"icuturat"
"780659","queechy",,"zusesen"
"780660","queef",,"zisal"
"780661","queefed",,"ucatouna"
"780662","queefer",,"acetion"
"780663","queefing",,"ucatosen"
"780664","queefs",,"zisaat"
"780665","queefy",,"zasoe"
"780666","queeg",,"acetue"
"780667","queek",,"icutea"
"780668","queeked",,"zuseto"
"780669","queeking",,"zuseteun"
"780670","queeks",,"icutae"
"780671","queem",,"ocitote"
"780672","queen",,"zusep"
"780673","queena",,"zasoun"
"780674","queenan",,"aceteon"
"780675","queenanne",,"zusepuan"
"780676","queenannes",,"zusepuun"
"780677","queenbee",,"aceteset"
"780678","queenborough",,"ocitiseban"
"780679","queencake",,"zisapau"
"780680","queencakes",,"zisapaot"
"780681","queencraft",,"ucataten"
"780682","queencrafts",,"ucatateton"
"780683","queencup",,"ocititun"
"780684","queendom",,"ecotovoa"
"780685","queendoms",,"ecotovet"
"780686","queene",,"zisai"
"780687","queened",,"aceteena"
"780688","queener",,"ecotoin"
"780689","queenery",,"icutuzena"
"780690","queenese",,"zosupea"
"780691","queenfish",,"zesipaa"
"780692","queenfishes",,"zasoputuun"
"780693","queenfishs",,"zesipaen"
"780694","queenhill",,"ucataron"
"780695","queenhood",,"zisapua"
"780696","queenhoods",,"zisapuen"
"780697","queenie",,"zisapun"
"780698","queenier",,"ecotoso"
"780699","queenies",,"zisapaua"
"780700","queeniest",,"acetesun"
"780701","queening",,"acetesea"
"780702","queenings",,"acetesin"
"780703","queenish",,"ocitisina"
"780704","queenism",,"zosupuon"
"780705","queenist",,"ecotosen"
"780706","queenite",,"acetesan"
"780707","queenites",,"acetesuna"
"780708","queenless",,"ucataza"
"780709","queenlessness",,"zisapipoan"
"780710","queenlet",,"zesipeat"
"780711","queenlets",,"zesipee"
"780712","queenlier",,"zosupoi"
"780713","queenliest",,"zesipeot"
"780714","queenlike",,"icutuzat"
"780715","queenliker",,"zesipea"
"780716","queenlikest",,"zasopateat"
"780717","queenlily",,"zisapio"
"780718","queenliness",,"zuseputiot"
"780719","queenlinesses",,"zisapitoat"
"780720","queenling",,"zesipeaa"
"780721","queenly",,"ocitiate"
"780722","queenmaker",,"ucatapen"
"780723","queenophone",,"ucatahutan"
"780724","queenpin",,"zisapoot"
"780725","queenright",,"icutuqin"
"780726","queenroot",,"zisapuaa"
"780727","queens",,"zuseo"
"780728","queensberries",,"ecotowife"
"780729","queensberry",,"ucatawefen"
"780730","queensberrys",,"ucatawefon"
"780731","queensboro",,"zusepee"
"780732","queensborough",,"ocitiwucun"
"780733","queensbury",,"zesipiu"
"780734","queenscliff",,"icutuwefa"
"780735","queenses",,"zisapae"
"780736","queensferry",,"acetewafot"
"780737","queenship",,"zesipiot"
"780738","queenships",,"zesipio"
"780739","queenside",,"acetewat"
"780740","queensides",,"acetewe"
"780741","queensl",,"acetei"
"780742","queensland",,"icutuwat"
"780743","queenslander",,"zasopopoan"
"780744","queenslanders",,"zasopopoun"
"780745","queenslandes",,"ocitiwiten"
"780746","queenslands",,"icutuwute"
"780747","queenss",,"zusepet"
"780748","queenston",,"zisapaa"
"780749","queenstown",,"zesipiota"
"780750","queensville",,"ecotowovun"
"780751","queensware",,"acetewun"
"780752","queensway",,"zasopoa"
"780753","queenward",,"zisapuu"
"780754","queenweed",,"ocitikat"
"780755","queenwood",,"icutuki"
"780756","queeny",,"zesiet"
"780757","queenzlander",,"ucatanaton"
"780758","queep",,"zisah"
"780759","queeped",,"ucatoat"
"780760","queeping",,"ucatoso"
"780761","queeps",,"zisaan"
"780762","queequeg",,"ucatidin"
"780763","queequehatch",,"zosujepae"
"780764","queer",,"zosuc"
"780765","queerable",,"zesiceat"
"780766","queerantagonism",,"ocitoragot"
"780767","queerantine",,"ucaturogon"
"780768","queerbait",,"zisacuin"
"780769","queerbaited",,"ucatusavo"
"780770","queerbaiter",,"acetasevu"
"780771","queerbaiting",,"ucatusavun"
"780772","queerbaits",,"zisacua"
"780773","queerbaity",,"zasoceen"
"780774","queercoded",,"zosucuen"
"780775","queercore",,"ecoteto"
"780776","queercores",,"ecotetet"
"780777","queercrip",,"zuseceat"
"780778","queerdar",,"zisaceun"
"780779","queerdo",,"ecotein"
"780780","queerdom",,"ucatuvin"
"780781","queerdoms",,"ucatuva"
"780782","queered",,"icutiot"
"780783","queerer",,"ucatuun"
"780784","queerest",,"icutizen"
"780785","queerhood",,"zesicou"
"780786","queerie",,"zesici"
"780787","queerification",,"ecotesevet"
"780788","queerified",,"zosucuat"
"780789","queerifies",,"acetasot"
"780790","queerify",,"icutisi"
"780791","queerifying",,"zusecenuen"
"780792","queering",,"icutisan"
"780793","queerious",,"zisacaa"
"780794","queerish",,"acetasun"
"780795","queerishly",,"zisacaet"
"780796","queerishness",,"zuseceboo"
"780797","queerism",,"zasocoo"
"780798","queerities",,"icutisun"
"780799","queerity",,"ecoteso"
"780800","queerization",,"ecotesetu"
"780801","queerize",,"acetasia"
"780802","queerized",,"zosucuena"
"780803","queerizes",,"acetasat"
"780804","queerizing",,"zosucue"
"780805","queerlier",,"zasocaen"
"780806","queerliest",,"zusecue"
"780807","queerling",,"zusecuu"
"780808","queerlord",,"acetazuna"
"780809","queerly",,"acetaona"
"780810","queermisia",,"zesicoa"
"780811","queermisic",,"zasocei"
"780812","queermo",,"zosuco"
"780813","queernes",,"ecotefa"
"780814","queerness",,"ecotefen"
"780815","queernesses",,"acetafadu"
"780816","queernorm",,"zasocoet"
"780817","queernormative",,"zisacajee"
"780818","queernormativity",,"icutifobun"
"780819","queerosexual",,"zusecobain"
"780820","queerphobe",,"icutijat"
"780821","queerphobia",,"acetajoca"
"780822","queerphobic",,"ucatujeci"
"780823","queerplatonic",,"zosucepua"
"780824","queers",,"zosuin"
"780825","queersome",,"zesicie"
"780826","queerspawn",,"zasocoeta"
"780827","queerspeak",,"acetawe"
"780828","queersploitation",,"ecotewefat"
"780829","queertok",,"acetabat"
"780830","queery",,"zusea"
"780831","queest",,"zesieta"
"780832","queesting",,"ocitiba"
"780833","queests",,"zesiqi"
"780834","queet",,"zesiwa"
"780835","queets",,"zesiete"
"780836","queeve",,"zuseot"
"780837","queez",,"zisam"
"780838","queezy",,"zasoat"
"780839","quefrency",,"zisacoot"
"780840","quegh",,"zuson"
"780841","queh",,"ziso"
"780842","quei",,"acennu"
"780843","queicheu",,"zesesoun"
"780844","queijada",,"econiro"
"780845","queijo",,"zusuon"
"780846","queimada",,"zosozoen"
"780847","queing",,"zeseat"
"780848","queint",,"ocinat"
"780849","queintise",,"econobi"
"780850","queirosian",,"econehun"
"780851","queisser",,"zosoquet"
"780852","queitite",,"icunasia"
"780853","quejee",,"zaseun"
"780854","quek",,"ucass"
"780855","quekchi",,"zosuset"
"780856","quekett",,"ocisaat"
"780857","quel",,"zesu"
"780858","quelbe",,"icutot"
"780859","quelch",,"ucatet"
"780860","quelched",,"zasiseot"
"780861","quelches",,"icuturon"
"780862","quelching",,"zasisean"
"780863","quelea",,"zesuet"
"780864","queleas",,"zesuvi"
"780865","quelepa",,"acetiona"
"780866","quelimane",,"ucatapena"
"780867","quelimanes",,"ucatapon"
"780868","quelite",,"ocitiune"
"780869","quell",,"ocitea"
"780870","quellable",,"ecotareta"
"780871","quelle",,"ecotina"
"780872","quelled",,"zisevun"
"780873","quelledst",,"acetuzun"
"780874","quellenforschung",,"zisevohui"
"780875","queller",,"zusovon"
"780876","quellers",,"zusovian"
"780877","quellest",,"zisevoin"
"780878","quelleth",,"ecotazet"
"780879","quelling",,"zisevaen"
"780880","quellingly",,"ecotasu"
"780881","quellio",,"ucatiaa"
"780882","quells",,"ocitate"
"780883","quellung",,"zosavean"
"780884","quelme",,"ziseat"
"780885","queloz",,"ocitane"
"780886","quelpaert",,"acetiruna"
"780887","quelpart",,"ecoturena"
"780888","quelparte",,"acetirune"
"780889","quelque",,"zasijin"
"780890","quelquechose",,"ucatiduzan"
"780891","quelquechoses",,"ucatiduzun"
"780892","quelt",,"icutai"
"780893","queltehue",,"zisewoot"
"780894","queluz",,"ucatuna"
"780895","queluzite",,"zasibuen"
"780896","quem",,"icuvu"
"780897","quemadero",,"acevuvat"
"780898","quemadmodum",,"acevuvocot"
"780899","quemado",,"zisonun"
"780900","quemados",,"zisoneu"
"780901","queme",,"ociva"
"780902","quemed",,"zusia"
"780903","quemeful",,"ecovumet"
"780904","quemefully",,"zusiviin"
"780905","quemely",,"zasuvin"
"780906","quemenes",,"zesaviat"
"780907","quemes",,"ocivi"
"780908","queming",,"zusirat"
"780909","quemoy",,"ocivan"
"780910","quen",,"zasaa"
"780911","quena",,"zesena"
"780912","quenacho",,"ecozaten"
"780913","quenas",,"zeseon"
"780914","quenby",,"acezena"
"780915","quench",,"icuzo"
"780916","quenchability",,"zososisao"
"780917","quenchable",,"ocizirot"
"780918","quenchableness",,"zesesosui"
"780919","quenchablenesss",,"zesesosuat"
"780920","quenchabler",,"zasasesii"
"780921","quenchablest",,"zususasoot"
"780922","quenchant",,"ecozoron"
"780923","quenchcoal",,"zososiat"
"780924","quenchd",,"zasasin"
"780925","quenched",,"zususaon"
"780926","quencher",,"zasasea"
"780927","quenchers",,"zasaseen"
"780928","quenches",,"ocizire"
"780929","quenchest",,"zususaat"
"780930","quencheth",,"ocizirota"
"780931","quenchin",,"zisisua"
"780932","quenching",,"zususain"
"780933","quenchingly",,"ocizirajan"
"780934","quenchings",,"zususaa"
"780935","quenchless",,"zisisuen"
"780936","quenchlessly",,"ecozorofu"
"780937","quenchlessness",,"ocizirifun"
"780938","quenchlessnesss",,"ocizirifu"
"780939","quencht",,"zasasot"
"780940","quenchy",,"acezei"
"780941","quenda",,"icuzot"
"780942","quendam",,"ecoziot"
"780943","quene",,"zusuv"
"780944","queneau",,"zusuven"
"780945","queneaus",,"zusuvuon"
"780946","quenelle",,"zasavaa"
"780947","quenelled",,"ocizazu"
"780948","quenelles",,"zasavaen"
"780949","quenelling",,"ocizazon"
"780950","quenemo",,"zusuvon"
"780951","quenemos",,"zusuvaan"
"780952","quenepa",,"ucazoe"
"780953","queniborough",,"icuzusobet"
"780954","quenite",,"ecozoaa"
"780955","quenk",,"zusut"
"780956","quenland",,"ucazirot"
"780957","quenlin",,"zeseve"
"780958","quenna",,"ecozina"
"780959","quenneville",,"zesepakaen"
"780960","quennie",,"ucazain"
"780961","quenouille",,"zosofee"
"780962","quenselite",,"zeseqaot"
"780963","quensett",,"zisiqou"
"780964","quenstedtite",,"zesequpeo"
"780965","quent",,"ocizu"
"780966","quentemeijer",,"ocizuzufon"
"780967","quentin",,"zosowet"
"780968","quentins",,"zosowui"
"780969","quentise",,"ecozisen"
"780970","quenton",,"zusuwi"
"780971","quentons",,"zusuwoat"
"780972","quenya",,"zisian"
"780973","quenzer",,"zesemi"
"780974","queo",,"ocipt"
"780975","quep",,"zuse"
"780976","quequahatch",,"zasibasoan"
"780977","quequehatch",,"zisebosaet"
"780978","quequisque",,"ucahoset"
"780979","quer",,"zisoe"
"780980","querand",,"zesani"
"780981","querataro",,"zosenaon"
"780982","querataros",,"zosenaan"
"780983","quercetagetin",,"ocijizeti"
"780984","quercetagitrin",,"zesasadiun"
"780985","quercetamide",,"zusisideu"
"780986","quercetic",,"ucajazot"
"780987","quercetin",,"zusisiat"
"780988","quercetinase",,"zusisidiin"
"780989","quercetine",,"zisosoa"
"780990","quercetins",,"zusisie"
"780991","quercetum",,"ecojozen"
"780992","quercetums",,"ecojozon"
"780993","querci",,"zisoat"
"780994","quercia",,"zusiset"
"780995","quercias",,"zusisei"
"780996","quercic",,"zisosun"
"780997","quercicobufagin",,"icujusecat"
"780998","querciflorae",,"icujusifa"
"780999","quercifloraes",,"icujusifen"
"781000","quercifolia",,"zesasineon"
"781001","quercifolium",,"zosesunoen"
"781002","querciform",,"zasusoat"
"781003","quercimeric",,"icujusafu"
"781004","quercimeritrin",,"zisosafuot"
"781005","quercin",,"icujuet"
"781006","quercine",,"ocijise"
"781007","quercinic",,"icujusat"
"781008","quercinitol",,"icujuseva"
"781009","quercista",,"ecojoset"
"781010","quercitannic",,"ecojosatu"
"781011","quercitannin",,"zesasidii"
"781012","quercitannoform",,"acejesutin"
"781013","quercite",,"ucajasin"
"781014","quercitin",,"zasusoon"
"781015","quercitins",,"zasusoan"
"781016","quercitol",,"zisosao"
"781017","quercitrin",,"icujusu"
"781018","quercitron",,"acejesot"
"781019","quercitrons",,"acejesubo"
"781020","quercivorous",,"zasusokae"
"781021","quercoid",,"ocijihe"
"781022","quercous",,"zusisoi"
"781023","quercus",,"zosesa"
"781024","quercuses",,"zesasaun"
"781025","quercuss",,"zoseseen"
"781026","quercusses",,"zesasau"
"781027","quercy",,"zasuun"
"781028","quercyite",,"ecojomen"
"781029","quercypsittid",,"zasusicuu"
"781030","querecho",,"ocijate"
"781031","querechos",,"ocijatin"
"781032","querela",,"ucajoe"
"781033","querelae",,"icujezen"
"781034","querele",,"ocijaana"
"781035","querencia",,"icujefi"
"781036","querendi",,"zusivei"
"781037","querendis",,"zusiveat"
"781038","querendy",,"zesaviana"
"781039","querendys",,"zesaviun"
"781040","querent",,"zusivet"
"781041","queres",,"zosein"
"781042","queress",,"zoseva"
"781043","queretaro",,"zasuvio"
"781044","queri",,"zisora"
"781045","queriable",,"zoseroon"
"781046","queribundus",,"ecojosejat"
"781047","querical",,"acejetat"
"781048","querida",,"ecojoot"
"781049","queridas",,"ecojovo"
"781050","querido",,"ocijiun"
"781051","queridos",,"ocijivu"
"781052","queried",,"ucajae"
"781053","querier",,"acejeia"
"781054","queriers",,"acejezat"
"781055","queries",,"zosero"
"781056","queriest",,"ucajazota"
"781057","querieth",,"zosereon"
"781058","queriman",,"ocijipin"
"781059","querimana",,"icujupat"
"781060","querimans",,"ocijipa"
"781061","querimonia",,"ucajapan"
"781062","querimonies",,"ocijipeji"
"781063","querimonious",,"ucajapijin"
"781064","querimoniously",,"zoserijean"
"781065","querimoniousness",,"zisorujoon"
"781066","querimony",,"acejepin"
"781067","querisome",,"zoseruan"
"781068","querist",,"acejean"
"781069","querists",,"acejewun"
"781070","queritor",,"zasurien"
"781071","querk",,"zoset"
"781072","querked",,"icujeo"
"781073","querken",,"ecojua"
"781074","querkens",,"ecojuzen"
"781075","querking",,"icujesun"
"781076","querkle",,"ocijaun"
"781077","querks",,"zosea"
"781078","querl",,"ucaji"
"781079","querled",,"zasuvu"
"781080","querling",,"zasuvoon"
"781081","quermassintegral",,"zusizubiu"
"781082","quern",,"icujua"
"781083","quernal",,"zasupot"
"781084","quernales",,"zusipuat"
"781085","quernaless",,"zusipue"
"781086","querned",,"zusipen"
"781087","quernhow",,"zesapou"
"781088","querning",,"zusipee"
"781089","querns",,"icujoo"
"781090","quernstone",,"ecojowan"
"781091","quernstones",,"ecojowacun"
"781092","quernus",,"ocijiuna"
"781093","quero",,"zasuf"
"781094","queror",,"icujou"
"781095","querpo",,"ucajea"
"781096","querque",,"zoseja"
"781097","querquedula",,"zasujupaon"
"781098","querquedule",,"zisojopio"
"781099","querquetulanae",,"acejudaget"
"781100","querre",,"acejen"
"781101","querrey",,"ocijoan"
"781102","querry",,"icujaa"
"781103","quersprung",,"acejeja"
"781104","quersprungs",,"acejejoken"
"781105","quertaro",,"zesaweun"
"781106","quertaros",,"zesaweu"
"781107","querubin",,"zasubeo"
"781108","querulant",,"ecojuzon"
"781109","querulation",,"icujezugot"
"781110","querulent",,"ucajozo"
"781111","querulential",,"zesabepaon"
"781112","querulist",,"zasubaon"
"781113","querulity",,"zoseboan"
"781114","querulosity",,"zusibujia"
"781115","querulou",,"ucajoza"
"781116","querulous",,"ucajozen"
"781117","querulously",,"zosebojiu"
"781118","querulousness",,"zisobijuun"
"781119","querulousnesses",,"zosebojiet"
"781120","querulus",,"ocijazu"
"781121","quervain",,"zasudao"
"781122","query",,"zasul"
"781123","queryable",,"zusilui"
"781124","querying",,"ecojison"
"781125","queryingly",,"zusileot"
"781126","queryings",,"ecojisan"
"781127","queryist",,"ocijusua"
"781128","querysome",,"zusileat"
"781129","querystu",,"ecojiwo"
"781130","ques",,"acecto"
"781131","quesabirria",,"zesenotuo"
"781132","quesada",,"zusuno"
"781133","quesadilla",,"zesenuot"
"781134","quesadillas",,"zesenutio"
"781135","quesal",,"zosoot"
"781136","quesalada",,"ecocazo"
"781137","quesalupa",,"ecocazet"
"781138","quesarito",,"icucoqat"
"781139","queselcardophile",,"acecizite"
"781140","queselcardophilist",,"zisivivaan"
"781141","quesenberry",,"ucacofefen"
"781142","queses",,"ucacat"
"781143","queshan",,"ucacuin"
"781144","quesited",,"icucubet"
"781145","quesitive",,"ocicibot"
"781146","quesito",,"zusuri"
"781147","quesnay",,"zisipun"
"781148","quesnel",,"acecei"
"781149","quesnell",,"zesepae"
"781150","quesnels",,"acecezat"
"781151","quesnoy",,"zusupon"
"781152","queso",,"ocicua"
"781153","quesst",,"zosoota"
"781154","quest",,"zosow"
"781155","questa",,"zisiana"
"781156","questant",,"zasawaa"
"781157","questants",,"zasawaen"
"781158","quested",,"icucaa"
"781159","quester",,"ucacee"
"781160","questers",,"ucacezin"
"781161","questeur",,"icucazet"
"781162","questful",,"zesewau"
"781163","questhouse",,"acecorin"
"781164","questid",,"ucaceua"
"781165","questie",,"zesewan"
"781166","questin",,"ocicuea"
"781167","questing",,"icucasat"
"781168","questingly",,"zesewien"
"781169","questings",,"icucase"
"781170","questinol",,"zasawoi"
"781171","question",,"ucaceso"
"781172","questionabilities",,"zasawojuun"
"781173","questionability",,"zisiwajoo"
"781174","questionable",,"icucasojot"
"781175","questionableness",,"zosowujei"
"781176","questionablenesses",,"zesewijaa"
"781177","questionablenesss",,"zosowujeat"
"781178","questionably",,"ecocisaju"
"781179","questionaries",,"zosowujeo"
"781180","questionary",,"zasawojuat"
"781181","questione",,"icucasata"
"781182","questioned",,"zasawoon"
"781183","questionedst",,"ocicusejon"
"781184","questionee",,"ocicusa"
"781185","questionees",,"ocicusejen"
"781186","questioner",,"zesewia"
"781187","questioners",,"zesewijaen"
"781188","questionest",,"zasawojuata"
"781189","questioneth",,"icucasojota"
"781190","questionful",,"icucasojo"
"781191","questioning",,"zasawojuin"
"781192","questioningly",,"icucasojan"
"781193","questionings",,"zasawojua"
"781194","questionist",,"zesewijaon"
"781195","questionists",,"zesewijaan"
"781196","questionize",,"zosowujeu"
"781197","questionized",,"ucacesijat"
"781198","questionizes",,"zosowujeot"
"781199","questionizing",,"ucacesijo"
"781200","questionle",,"zusuwein"
"781201","questionless",,"zusuwejien"
"781202","questionlessly",,"ocicuseju"
"781203","questionlessness",,"icucasojun"
"781204","questionmark",,"zasawojuina"
"781205","questionmaster",,"ocicuseje"
"781206","questionnaire",,"ocicusejun"
"781207","questionnaired",,"zusuwejii"
"781208","questionnaires",,"ocicusejua"
"781209","questionnairing",,"zusuwejiot"
"781210","questionniare",,"ocicusejuna"
"781211","questionniares",,"ocicusejue"
"781212","questionous",,"acecosujen"
"781213","questions",,"ucaceset"
"781214","questionwise",,"ecocisajin"
"781215","questless",,"ocicuzin"
"781216","questlessness",,"zesewepaon"
"781217","questlike",,"ecocizi"
"781218","questline",,"zosowoan"
"781219","questman",,"ecocipen"
"781220","questmen",,"ucacepot"
"781221","questmonger",,"zasawejuun"
"781222","queston",,"ucacein"
"781223","questor",,"ocicuun"
"781224","questorial",,"zusuwoin"
"781225","questors",,"ocicuhu"
"781226","questorship",,"ucacehedun"
"781227","questorships",,"ucacehedu"
"781228","questpersand",,"zesewapuo"
"781229","questrist",,"zosowian"
"781230","questrists",,"zosowiun"
"781231","quests",,"zosoote"
"781232","questuary",,"ocicudu"
"781233","questus",,"zesewana"
"781234","questward",,"zesewoun"
"781235","quet",,"zosie"
"781236","quetch",,"aceqete"
"781237","quetched",,"zesosoan"
"781238","quetches",,"ucaqarin"
"781239","quetching",,"zesosoa"
"781240","quetelet",,"zisuvie"
"781241","queteleta",,"zusavui"
"781242","quetelets",,"zisuviin"
"781243","quetenite",,"zosivuon"
"781244","queth",,"aceqaa"
"781245","quethe",,"ucaquna"
"781246","quethes",,"ucaquu"
"781247","quething",,"zesoniot"
"781248","quetiapine",,"zesorea"
"781249","quetsch",,"aceqei"
"781250","quetsches",,"ucaqataa"
"781251","quetschs",,"aceqetata"
"781252","quetta",,"aceqen"
"781253","quettabit",,"aceqorun"
"781254","quettabyte",,"ecoqirena"
"781255","quettacyonid",,"ecoqirurun"
"781256","quettagram",,"zisuwien"
"781257","quettagramme",,"zasewariun"
"781258","quettameter",,"ecoqirifi"
"781259","quettametre",,"ecoqirifia"
"781260","quettaparsec",,"ociquroto"
"781261","quettas",,"aceqoon"
"781262","quettasecond",,"icuqarefe"
"781263","quetzal",,"zisumun"
"781264","quetzalc",,"zisumie"
"781265","quetzalcoati",,"icuqeruzin"
"781266","quetzalcoatl",,"zusamupiot"
"781267","quetzalcoatles",,"zisumipoat"
"781268","quetzalcoatlite",,"aceqirezan"
"781269","quetzalcoatls",,"zusamupio"
"781270","quetzalcoatlus",,"zisumipoun"
"781271","quetzales",,"zosimoet"
"781272","quetzals",,"zisumiu"
"781273","quetzaltenango",,"icuqeruget"
"781274","quetzaltepeque",,"zesomepeet"
"781275","quetzel",,"zesomi"
"781276","queuable",,"icuwosen"
"781277","queudes",,"zasote"
"781278","queue",,"icuwea"
"781279","queueable",,"ociwarun"
"781280","queued",,"zasoata"
"781281","queueing",,"zuseveat"
"781282","queueings",,"zusevee"
"781283","queueless",,"zisaviin"
"781284","queuelessness",,"ociwazodon"
"781285","queuemanship",,"zusevasien"
"781286","queuer",,"zesieti"
"781287","queuers",,"zesivi"
"781288","queues",,"icuwot"
"781289","queuine",,"zisare"
"781290","queuing",,"zasoro"
"781291","queuings",,"zasoroet"
"781292","queuosine",,"zasofoet"
"781293","queux",,"zusek"
"781294","quev",,"zesua"
"781295","quevedo",,"ucaboun"
"781296","quevennes",,"zusovean"
"781297","quevilly",,"zasiraen"
"781298","quexit",,"ocigan"
"781299","quey",,"ocikt"
"781300","queyn",,"zosip"
"781301","queyne",,"zesoet"
"781302","queynie",,"zesopan"
"781303","queynies",,"zesopiun"
"781304","queyns",,"zosiot"
"781305","queyock",,"icukaen"
"781306","queyrat",,"icukio"
"781307","queys",,"ocikia"
"781308","queyu",,"ecokua"
"781309","quez",,"zusee"
"781310","quezada",,"iculoot"
"781311","quezal",,"ecoluo"
"781312","quezales",,"aceluzi"
"781313","quezals",,"ecolaota"
"781314","quezaltenango",,"zesinedoi"
"781315","quezaltenangos",,"zesinedoat"
"781316","quezaltepeque",,"ucalizifi"
"781317","quezon",,"ecolin"
"781318","quezonian",,"zosufuan"
"781319","quezonin",,"zesifiu"
"781320","quezons",,"ecoliaa"
"781321","qufu",,"zuge"
"781322","qugate",,"zukoen"
"781323","quhair",,"icemet"
"781324","quhar",,"icemis"
"781325","quhat",,"ocamue"
"781326","quhatsoever",,"ecumiwafat"
"781327","quhen",,"icetuu"
"781328","quher",,"ecutes"
"781329","quhere",,"aciteta"
"781330","quhich",,"ocanei"
"781331","quhistan",,"zoloqaan"
"781332","quho",,"zelo"
"781333","quhom",,"zulaz"
"781334","quhow",,"zulag"
"781335","quia",,"ocemte"
"781336","quiaca",,"icomao"
"781337","quiajo",,"zemuat"
"781338","quialigo",,"zemuvia"
"781339","quiambao",,"zemuzoe"
"781340","quian",,"zomap"
"781341","quiana",,"zimeun"
"781342","quianam",,"zemupun"
"781343","quiane",,"zemui"
"781344","quiangan",,"ucimanen"
"781345","quiangans",,"ucimanon"
"781346","quiangular",,"zomapou"
"781347","quiapo",,"zimee"
"781348","quiaquia",,"icomodan"
"781349","quiaquiae",,"ocemedot"
"781350","quiaquias",,"icomodun"
"781351","quib",,"zumi"
"781352","quibal",,"ecanota"
"781353","quibble",,"zomero"
"781354","quibbled",,"ucinuzin"
"781355","quibbleproof",,"ocenozoqat"
"781356","quibbler",,"acunazat"
"781357","quibblers",,"acunaze"
"781358","quibbles",,"zomeroet"
"781359","quibblesome",,"zemarepao"
"781360","quibbling",,"ucinuzi"
"781361","quibblingly",,"zomerotea"
"781362","quibblings",,"ucinuzat"
"781363","quibbly",,"zamurot"
"781364","quibdo",,"iconoo"
"781365","quibdos",,"iconaeta"
"781366","quibdu",,"acunete"
"781367","quibdus",,"acunoi"
"781368","quiberon",,"zimovuot"
"781369","quiblet",,"zemavat"
"781370","quiblin",,"zamuven"
"781371","quiblins",,"zamuvoon"
"781372","quibuar",,"ocenaun"
"781373","quibus",,"zimoun"
"781374","quic",,"ecar"
"781375","quica",,"ocerei"
"781376","quice",,"acurie"
"781377","quiceno",,"zomoven"
"781378","quich",,"zumun"
"781379","quiche",,"zimiun"
"781380","quichean",,"uciruza"
"781381","quiched",,"acurai"
"781382","quichelike",,"ocerozet"
"781383","quiches",,"ziminu"
"781384","quicheu",,"zomonen"
"781385","quichey",,"zamanot"
"781386","quiching",,"acurasot"
"781387","quichua",,"zumuni"
"781388","quichuan",,"ucirudo"
"781389","quichuans",,"ucirudet"
"781390","quichuas",,"zumuniat"
"781391","quick",,"acurii"
"781392","quickahash",,"icorerin"
"781393","quickbea",,"zimituu"
"781394","quickbeam",,"zemetou"
"781395","quickbeams",,"zemetoot"
"781396","quickborn",,"zimituen"
"781397","quickbread",,"zimitua"
"781398","quickdraw",,"ucirovo"
"781399","quickdrop",,"zemetuot"
"781400","quicke",,"ucire"
"781401","quicked",,"zemetan"
"781402","quickehatch",,"zimitosai"
"781403","quickel",,"zamata"
"781404","quickely",,"zomoteon"
"781405","quicken",,"zumuti"
"781406","quickenance",,"ucirozoton"
"781407","quickenbeam",,"acurizivot"
"781408","quickene",,"zimitoin"
"781409","quickened",,"acurizun"
"781410","quickenedst",,"zomotehiun"
"781411","quickener",,"ecaruzon"
"781412","quickeners",,"ecaruzan"
"781413","quickenest",,"acurizin"
"781414","quickeneth",,"zimitoet"
"781415","quickeni",,"zumutiun"
"781416","quickening",,"acurizen"
"781417","quickeningly",,"zimitohou"
"781418","quickenings",,"acurizivon"
"781419","quickens",,"zumutiat"
"781420","quicker",,"zomoten"
"781421","quickest",,"zemetae"
"781422","quickety",,"zimitoina"
"781423","quickfire",,"ecarumat"
"781424","quickfoot",,"acurima"
"781425","quickfrozen",,"oceramuci"
"781426","quickhanded",,"ocerarijen"
"781427","quickhatch",,"zumutaot"
"781428","quickhatchs",,"zumutasuo"
"781429","quickhearted",,"ucirorutan"
"781430","quickie",,"uciroot"
"781431","quickies",,"ucirosoa"
"781432","quicking",,"zemetia"
"781433","quickish",,"zimitaen"
"781434","quickle",,"zamataa"
"781435","quickled",,"ocerazu"
"781436","quickles",,"zamataen"
"781437","quicklier",,"icoreze"
"781438","quickliest",,"ocerazet"
"781439","quicklike",,"zumutuin"
"781440","quicklim",,"zumutuu"
"781441","quicklime",,"zimitiet"
"781442","quicklimed",,"acuriza"
"781443","quicklimes",,"zimitii"
"781444","quickliming",,"acurizihat"
"781445","quickling",,"ocerazon"
"781446","quicklists",,"icorezot"
"781447","quickload",,"ecaruzi"
"781448","quickloaded",,"zomotojuun"
"781449","quickloading",,"zomotojuen"
"781450","quickloads",,"ecaruzat"
"781451","quickly",,"zimitin"
"781452","quicklyism",,"zemeteet"
"781453","quickman",,"zumutaun"
"781454","quickmap",,"zimituaa"
"781455","quickmatch",,"uciropi"
"781456","quickmire",,"zamatei"
"781457","quicknes",,"zumuteat"
"781458","quickness",,"zumutee"
"781459","quicknesses",,"zimitapoon"
"781460","quickplay",,"icorejun"
"781461","quicks",,"acuriu"
"781462","quicksan",,"zemetiu"
"781463","quicksand",,"icorewat"
"781464","quicksandlike",,"zomotuseen"
"781465","quicksands",,"icorewe"
"781466","quicksandy",,"acuriwin"
"781467","quicksave",,"zemetiua"
"781468","quicksaved",,"icorewata"
"781469","quicksaves",,"zemetiot"
"781470","quicksaving",,"icorewulo"
"781471","quicksburg",,"ecaruwun"
"781472","quicksburgs",,"ecaruwiku"
"781473","quickscope",,"zamatoi"
"781474","quickscoped",,"ocerawacen"
"781475","quickscopes",,"zamatovaat"
"781476","quickscoping",,"ocerawace"
"781477","quickselect",,"ecaruwefat"
"781478","quickset",,"zemetie"
"781479","quickseter",,"icorewun"
"781480","quicksetest",,"ocerawogen"
"781481","quicksets",,"zemetiin"
"781482","quicksetter",,"zamatopaan"
"781483","quicksettest",,"zumutepua"
"781484","quicksetting",,"zumutepuon"
"781485","quickshaw",,"zomotuat"
"781486","quickshifter",,"ecaruwivo"
"781487","quickshot",,"ocerawen"
"781488","quickside",,"zemetiina"
"781489","quicksighted",,"zomotutuo"
"781490","quicksil",,"zemetiota"
"781491","quicksilver",,"zumuteteo"
"781492","quicksilvered",,"acuriwifon"
"781493","quicksilvering",,"acuriwifin"
"781494","quicksilverings",,"acuriwifa"
"781495","quicksilverish",,"ocerawafa"
"781496","quicksilverishness",,"zemetitian"
"781497","quicksilvers",,"zumuteteet"
"781498","quicksilvery",,"zemetitii"
"781499","quicksmart",,"ucirowi"
"781500","quicksome",,"ucirowet"
"781501","quicksor",,"zamatoet"
"781502","quicksort",,"ocerawo"
"781503","quicksorted",,"zimitajeon"
"781504","quicksorting",,"zimitajein"
"781505","quicksorts",,"ocerawet"
"781506","quickstart",,"zimitaet"
"781507","quickstats",,"acuriwot"
"781508","quickste",,"zemetiea"
"781509","quickstep",,"acuriwu"
"781510","quicksteped",,"zemetidoa"
"781511","quicksteping",,"zemetidoat"
"781512","quickstepped",,"acuriwufo"
"781513","quickstepping",,"acuriwufun"
"781514","quicksteps",,"acuriwota"
"781515","quickstick",,"zemetien"
"781516","quicksticks",,"zemetidaon"
"781517","quicksuccessionrelief",,"ecaruwezet"
"781518","quicktalk",,"icorebe"
"781519","quickthorn",,"acuriben"
"781520","quickthorns",,"acuribocon"
"781521","quicktime",,"zumutou"
"781522","quicktrick",,"uciroban"
"781523","quicktricks",,"ucirobevun"
"781524","quickutz",,"acuridun"
"781525","quickwater",,"icorekun"
"781526","quickweed",,"zimituin"
"781527","quickwitted",,"zimitution"
"781528","quickwittedly",,"ecarukugot"
"781529","quickwittedness",,"ocerakagu"
"781530","quickwittednesses",,"ecarukugi"
"781531","quickwittednesss",,"ocerakagot"
"781532","quickwood",,"zumutae"
"781533","quickwork",,"zomotiun"
"781534","quickworks",,"zomotiu"
"781535","quickwrite",,"oceraken"
"781536","quicky",,"ocerat"
"781537","quickyco",,"uciroma"
"781538","quicquid",,"zimijoot"
"781539","quicquidlibet",,"icorodepen"
"781540","quicum",,"icoren"
"781541","quicumque",,"ocerapot"
"781542","quicunque",,"zumubeun"
"781543","quid",,"zimue"
"781544","quidae",,"zimuan"
"781545","quidaes",,"zimunun"
"781546","quidam",,"zomia"
"781547","quidams",,"zominen"
"781548","quidd",,"acusos"
"781549","quiddanies",,"zametaon"
"781550","quiddany",,"zimutiu"
"781551","quiddative",,"icosarat"
"781552","quiddatively",,"zemotedaen"
"781553","quidde",,"ucisat"
"781554","quidded",,"zemoton"
"781555","quidder",,"zomita"
"781556","quiddes",,"uciseea"
"781557","quidding",,"zemotiin"
"781558","quiddington",,"zametohou"
"781559","quiddist",,"zomituon"
"781560","quiddists",,"zomituana"
"781561","quiddit",,"zomiten"
"781562","quidditas",,"zimutaa"
"781563","quidditative",,"zametodoun"
"781564","quidditatively",,"icosasotet"
"781565","quidditch",,"acusosu"
"781566","quidditches",,"ucisesizi"
"781567","quiddities",,"zemotia"
"781568","quidditism",,"zametoat"
"781569","quidditistic",,"ucisesive"
"781570","quiddits",,"zomituona"
"781571","quiddity",,"zumatean"
"781572","quiddle",,"zametin"
"781573","quiddled",,"ocesuzun"
"781574","quiddler",,"icosazon"
"781575","quiddlers",,"icosazan"
"781576","quiddles",,"zametaa"
"781577","quiddling",,"ocesuzen"
"781578","quidem",,"zameu"
"781579","quidenham",,"zumavee"
"781580","quidistance",,"zamerodoan"
"781581","quidistant",,"icosuwu"
"781582","quidlet",,"zamevot"
"781583","quidlets",,"zamevuo"
"781584","quidlibet",,"icososata"
"781585","quidne",,"ocesana"
"781586","quidnunc",,"zomipeon"
"781587","quidnuncery",,"ecasoduzat"
"781588","quidnuncs",,"zomipean"
"781589","quidnunctious",,"acusedizan"
"781590","quidong",,"ecasieta"
"781591","quidora",,"ucisein"
"781592","quidquid",,"acusudun"
"781593","quids",,"zimuq"
"781594","quidsworth",,"ecasokun"
"781595","quie",,"acutno"
"781596","quien",,"zamop"
"781597","quienal",,"ocetie"
"781598","quier",,"zimac"
"781599","quies",,"acuteo"
"781600","quiesce",,"ucitae"
"781601","quiesced",,"zemiqian"
"781602","quiescen",,"zumeqei"
"781603","quiescence",,"zimaqaot"
"781604","quiescences",,"zimaqapoo"
"781605","quiescencies",,"zimaqapoon"
"781606","quiescency",,"zemiqiu"
"781607","quiescencyes",,"zamoqopui"
"781608","quiescencys",,"zemiqipaot"
"781609","quiescent",,"ecatotet"
"781610","quiescenter",,"zimaqapoen"
"781611","quiescentest",,"zomuqupee"
"781612","quiescentlier",,"ucitatuje"
"781613","quiescentliest",,"icotutijet"
"781614","quiescently",,"zumeqepiin"
"781615","quiescere",,"zemiqiun"
"781616","quiesces",,"ucitatin"
"781617","quiescin",,"zamoqoen"
"781618","quiescing",,"zemiqia"
"781619","quiet",,"zomuw"
"781620","quieta",,"zimaat"
"781621","quietable",,"zemiwee"
"781622","quietage",,"zimawiin"
"781623","quietation",,"zomuwoe"
"781624","quiete",,"zemion"
"781625","quieted",,"icotao"
"781626","quieten",,"ecatiae"
"781627","quietened",,"zomuweet"
"781628","quietener",,"zimawoot"
"781629","quieteners",,"zimawoo"
"781630","quietening",,"zomuweu"
"781631","quietenings",,"zomuweheot"
"781632","quietens",,"ecatizen"
"781633","quieter",,"uciteu"
"781634","quieters",,"ucitezota"
"781635","quietest",,"icotazon"
"781636","quieteth",,"zemiwae"
"781637","quietful",,"zemiwain"
"781638","quieti",,"zomuo"
"781639","quieting",,"icotasuna"
"781640","quietings",,"icotasu"
"781641","quietish",,"acutosu"
"781642","quietism",,"zamowoet"
"781643","quietisms",,"zamowoi"
"781644","quietist",,"uciteso"
"781645","quietistic",,"ucitesi"
"781646","quietists",,"uciteset"
"781647","quietive",,"ocetusu"
"781648","quietives",,"ocetusot"
"781649","quietless",,"ocetuzot"
"781650","quietlier",,"zamowaon"
"781651","quietliest",,"zumewuin"
"781652","quietlike",,"ecatizan"
"781653","quietly",,"acutoan"
"781654","quietnes",,"ecatifen"
"781655","quietness",,"ecatifon"
"781656","quietnesses",,"acutofadot"
"781657","quiets",,"zomua"
"781658","quietsome",,"zemiwiin"
"781659","quietude",,"ocetudun"
"781660","quietudes",,"ocetudu"
"781661","quietus",,"zemiwat"
"781662","quietuses",,"zamowuen"
"781663","quietway",,"zimawuu"
"781664","quiety",,"zumeen"
"781665","quifenadine",,"ecakufope"
"781666","quiff",,"ucikoo"
"781667","quiffed",,"zamolo"
"781668","quiffing",,"zamoloun"
"781669","quiffs",,"ucikae"
"781670","quiflapon",,"icokorin"
"781671","quigg",,"icolo"
"781672","quiggin",,"zimemen"
"781673","quiggle",,"zimema"
"781674","quiggly",,"zemumin"
"781675","quight",,"ocelu"
"781676","quighted",,"zimenea"
"781677","quighting",,"zimeneat"
"781678","quights",,"oceloot"
"781679","quigley",,"zumovan"
"781680","quignogs",,"zamipian"
"781681","quihuis",,"zimoba"
"781682","quiina",,"zomoen"
"781683","quiinaceae",,"zemepein"
"781684","quiinaceaes",,"zemepevoa"
"781685","quiinaceous",,"zomopoviu"
"781686","quiinas",,"zomopon"
"781687","quijada",,"ocereun"
"781688","quijano",,"ecaraet"
"781689","quikscript",,"zumeqea"
"781690","quila",,"zimen"
"781691","quilandy",,"zomanuon"
"781692","quilate",,"ucitiin"
"781693","quilateral",,"ucitibon"
"781694","quilcene",,"acutezat"
"781695","quilcenes",,"acuteze"
"781696","quile",,"zemuv"
"781697","quileces",,"zamivoa"
"781698","quiles",,"zemuan"
"781699","quileses",,"zamivoo"
"781700","quileute",,"ecatuden"
"781701","quileutes",,"ecatudon"
"781702","quilez",,"acutoni"
"781703","quilibet",,"zemurou"
"781704","quilibrium",,"zamiree"
"781705","quilici",,"zomari"
"781706","quilicura",,"acutetin"
"781707","quiling",,"icotuun"
"781708","quilisma",,"zemuriot"
"781709","quilkin",,"ecatuia"
"781710","quill",,"icoton"
"781711","quillagua",,"acuturota"
"781712","quillaguas",,"acuturo"
"781713","quillai",,"ucitioa"
"781714","quillaia",,"acuturu"
"781715","quillaias",,"acuturote"
"781716","quillaic",,"ucitirena"
"781717","quillais",,"ucitiret"
"781718","quillaja",,"zomavoan"
"781719","quillajas",,"zomavoun"
"781720","quillajic",,"zemuveo"
"781721","quillan",,"zumovat"
"781722","quillay",,"ecataena"
"781723","quillayute",,"zemuvea"
"781724","quillback",,"zemuvoot"
"781725","quillbacks",,"zemuvoo"
"781726","quilled",,"zumovi"
"781727","quillen",,"zomavon"
"781728","quiller",,"zamivo"
"781729","quillers",,"zamivuet"
"781730","quillet",,"zumovana"
"781731","quilleted",,"acutuze"
"781732","quillets",,"zumoviun"
"781733","quilley",,"ucitiot"
"781734","quillfish",,"acutumet"
"781735","quillfishes",,"ucitimodin"
"781736","quillfishs",,"acutumi"
"781737","quilliam",,"oceteso"
"781738","quillian",,"zumoveu"
"781739","quillifoline",,"zumovenuun"
"781740","quilligan",,"zamivoun"
"781741","quillin",,"zimevo"
"781742","quilling",,"zumoveot"
"781743","quillings",,"zumoveo"
"781744","quillion",,"zamivoan"
"781745","quillity",,"zomavuat"
"781746","quillless",,"zimeviet"
"781747","quilllike",,"zomavou"
"781748","quillman",,"zomaviat"
"781749","quillmen",,"zamiveon"
"781750","quillon",,"zamivet"
"781751","quillons",,"zamivii"
"781752","quillota",,"zimeveo"
"781753","quillow",,"icotoan"
"781754","quills",,"icotona"
"781755","quilltail",,"ocetebet"
"781756","quillwor",,"zemuvoota"
"781757","quillwork",,"zamiveat"
"781758","quillworks",,"zamivee"
"781759","quillwort",,"icotoku"
"781760","quillworts",,"icotokot"
"781761","quilly",,"acutan"
"781762","quilmes",,"zumozan"
"781763","quilmesaurus",,"ecatezutin"
"781764","quilo",,"zumof"
"781765","quiloa",,"zamiot"
"781766","quilombo",,"ocetupa"
"781767","quilon",,"ucitota"
"781768","quilostigmine",,"zumofedie"
"781769","quilt",,"ucitei"
"781770","quiltbag",,"zumowaun"
"781771","quilted",,"zamiwot"
"781772","quilter",,"zemuwun"
"781773","quilters",,"zemuwau"
"781774","quilting",,"zamiwoan"
"781775","quiltings",,"zamiwoun"
"781776","quiltlike",,"zimewion"
"781777","quiltmaker",,"zumowaot"
"781778","quiltmaking",,"zimewusuu"
"781779","quilts",,"ucitine"
"781780","quiltwork",,"zemuwoo"
"781781","quilty",,"ecatane"
"781782","quim",,"ucivi"
"781783","quimalabasa",,"oceveziven"
"781784","quimbanda",,"zemareu"
"781785","quimbaya",,"zemareun"
"781786","quimbayas",,"zemareua"
"781787","quimbombo",,"ocevoho"
"781788","quimby",,"zumiet"
"781789","quimbys",,"zumiri"
"781790","quimp",,"zimoh"
"781791","quimper",,"acuviat"
"781792","quimperware",,"zemahawuo"
"781793","quims",,"ucivaa"
"781794","quin",,"zemee"
"781795","quina",,"zomona"
"781796","quinabactin",,"icozosuzin"
"781797","quinabigan",,"zomoniu"
"781798","quinacainol",,"zemenisaon"
"781799","quinacetol",,"zemenia"
"781800","quinacid",,"ucizita"
"781801","quinacillin",,"ucizitofu"
"781802","quinacridone",,"icozotava"
"781803","quinacrine",,"zumunein"
"781804","quinacrines",,"zumunewia"
"781805","quinado",,"ecazao"
"781806","quinagasan",,"acuzuna"
"781807","quinaglute",,"zumunuot"
"781808","quinagolide",,"zomonojuot"
"781809","quinaielt",,"zumuneu"
"781810","quinaielts",,"zumuneot"
"781811","quinalbarbitone",,"zemenetiu"
"781812","quinaldic",,"zamanaon"
"781813","quinaldin",,"acuzuzot"
"781814","quinaldine",,"ucizizi"
"781815","quinaldinic",,"acuzuzuvet"
"781816","quinaldinium",,"ocezezeve"
"781817","quinaldyl",,"icozozun"
"781818","quinalizarin",,"zemenetoat"
"781819","quinalizarins",,"zemenetoe"
"781820","quinalphos",,"ocezezi"
"781821","quiname",,"zumunia"
"781822","quinamicin",,"acuzupen"
"781823","quinamicine",,"ucizipozun"
"781824","quinamidin",,"zomoniin"
"781825","quinamidine",,"zemenoteon"
"781826","quinamin",,"acuzupin"
"781827","quinamine",,"ucizipon"
"781828","quinan",,"ocezune"
"781829","quinanarii",,"zemeniet"
"781830","quinanisole",,"zumunetien"
"781831","quinapalus",,"zomonee"
"781832","quinapaluss",,"zomonesuin"
"781833","quinaphthol",,"ocezejugun"
"781834","quinapondan",,"zemenajaet"
"781835","quinapril",,"acuzuja"
"781836","quinaprilat",,"ziminowoat"
"781837","quinaquina",,"icozocin"
"781838","quinaquinas",,"icozociva"
"781839","quinarene",,"ziminua"
"781840","quinarian",,"zemenoa"
"781841","quinarianism",,"zumunatei"
"781842","quinaries",,"uciziqet"
"781843","quinarii",,"acuzuqin"
"781844","quinarily",,"ziminuet"
"781845","quinarius",,"uciziqon"
"781846","quinariuss",,"uciziqan"
"781847","quinary",,"ocezeea"
"781848","quinas",,"zomoo"
"781849","quinata",,"acuzuan"
"781850","quinate",,"icozoet"
"781851","quinatoxin",,"ecazabe"
"781852","quinatoxine",,"acuzubunen"
"781853","quinault",,"zumuniun"
"781854","quinaults",,"zumuniu"
"781855","quinazamid",,"zomoneun"
"781856","quinazol",,"zumuniuna"
"781857","quinazolin",,"ucizinat"
"781858","quinazolinamine",,"zomonejuun"
"781859","quinazoline",,"icozonofa"
"781860","quinazolinedione",,"ecazanafat"
"781861","quinazolines",,"icozonofen"
"781862","quinazolinic",,"ucizinifin"
"781863","quinazolino",,"ecazanafot"
"781864","quinazolinol",,"zomonejuet"
"781865","quinazolinone",,"zamanujoo"
"781866","quinazolinyl",,"zomonejuen"
"781867","quinazolone",,"acuzunufen"
"781868","quinazolyl",,"ocezenet"
"781869","quinazosin",,"ziminoi"
"781870","quinbert",,"icozizi"
"781871","quinbolone",,"icozihin"
"781872","quinby",,"ecazot"
"781873","quincaillerie",,"acuzerifan"
"781874","quincarbate",,"acuzerovin"
"781875","quince",,"zamau"
"781876","quincea",,"zemesan"
"781877","quinceanera",,"zumusisiu"
"781878","quincelike",,"ucizazia"
"781879","quincentenarian",,"ecazozuget"
"781880","quincentenaries",,"zumusihuan"
"781881","quincentenary",,"zomosehoot"
"781882","quincentennial",,"icozuzegi"
"781883","quincentennials",,"icozuzegat"
"781884","quincentennium",,"zimisohiot"
"781885","quinces",,"zamasot"
"781886","quincest",,"ocezizu"
"781887","quincewort",,"zamasui"
"781888","quincey",,"zomoso"
"781889","quinceyan",,"icozuzan"
"781890","quinch",,"ucizine"
"781891","quincha",,"acuzeat"
"781892","quinchao",,"ocezirot"
"781893","quinche",,"icozuon"
"781894","quinched",,"zamaseo"
"781895","quinches",,"icozuran"
"781896","quinching",,"zamaseun"
"781897","quincidence",,"zemesizoa"
"781898","quincies",,"zamasoen"
"781899","quincieux",,"ucizasen"
"781900","quincite",,"ocezisin"
"781901","quincke",,"zumusi"
"781902","quinckes",,"zumusiat"
"781903","quinclorac",,"zimisiet"
"781904","quincolor",,"zumusoin"
"781905","quinconazole",,"acuzehitet"
"781906","quincubital",,"oceziduvon"
"781907","quincubitalism",,"acuzedove"
"781908","quincunces",,"ucizadet"
"781909","quincuncial",,"zomosehein"
"781910","quincuncially",,"acuzedizan"
"781911","quincunx",,"zamasuen"
"781912","quincunxes",,"zumusiu"
"781913","quincunxial",,"ocezidani"
"781914","quincunxially",,"zamasuhua"
"781915","quincuple",,"zumusie"
"781916","quincuplex",,"ucizadon"
"781917","quincurion",,"zamasuun"
"781918","quincy",,"zimiuna"
"781919","quincys",,"zimisu"
"781920","quind",,"icozae"
"781921","quinde",,"ocezan"
"781922","quindec",,"ocezuat"
"781923","quindecad",,"zamatua"
"781924","quindecagon",,"zemetavien"
"781925","quindecagonal",,"icozazeten"
"781926","quindecagons",,"zemetavion"
"781927","quindecamine",,"zamatuvoun"
"781928","quindecangle",,"ucizezotat"
"781929","quindecaplet",,"zumutiveot"
"781930","quindecaplets",,"zumutiveo"
"781931","quindecasyllabic",,"zemetavie"
"781932","quindecemvir",,"icozazefot"
"781933","quindecemvirate",,"zamatuveot"
"781934","quindecemviri",,"icozazefen"
"781935","quindecennalia",,"zumutivaon"
"781936","quindecennial",,"zimitovuun"
"781937","quindecennials",,"zimitovuu"
"781938","quindeciens",,"zemetavao"
"781939","quindecile",,"zomoteat"
"781940","quindecillion",,"zemetavae"
"781941","quindecillions",,"zemetavain"
"781942","quindecillionth",,"zemetavaoa"
"781943","quindecillionths",,"zemetavaet"
"781944","quindecim",,"acuzozu"
"781945","quindecima",,"ecazizan"
"781946","quindecimal",,"zomoteveu"
"781947","quindecimvir",,"ucizezove"
"781948","quindecimviral",,"zemetavaea"
"781949","quindecimvirate",,"zemetavaee"
"781950","quindecone",,"zimitoo"
"781951","quindecupartite",,"ocezuzake"
"781952","quindecuplet",,"zomoteviu"
"781953","quindecylic",,"zamatuvaan"
"781954","quindenary",,"icozazun"
"781955","quindene",,"zemetaun"
"781956","quindicessima",,"ecazisufa"
"781957","quindim",,"ecaziet"
"781958","quindoline",,"acuzoho"
"781959","quindoxin",,"acuzohot"
"781960","quine",,"zamav"
"781961","quinean",,"ecazuo"
"781962","quinebaug",,"ucizosen"
"781963","quinebaugs",,"ucizoson"
"781964","quined",,"ocezana"
"781965","quinela",,"ocezae"
"781966","quinelas",,"ocezazin"
"781967","quinella",,"zimivia"
"781968","quinellaed",,"ucizozet"
"781969","quinellaing",,"ucizozatu"
"781970","quinellas",,"zimivien"
"781971","quinelorane",,"ecazuzabe"
"781972","quiner",,"icozen"
"781973","quines",,"zamain"
"781974","quinestradiol",,"zemeviduat"
"781975","quinestradol",,"zemeviduon"
"781976","quinestrol",,"icozewin"
"781977","quinet",,"ocezata"
"781978","quinetalate",,"ecazubofat"
"781979","quinethazone",,"zemevusion"
"781980","quinetum",,"ucizobo"
"781981","quiney",,"zomoa"
"781982","quinezamide",,"zumuvisoin"
"781983","quinfamide",,"zamalaat"
"781984","quinfermin",,"acuzizet"
"781985","quingenaria",,"zememahion"
"781986","quingenarious",,"zememahie"
"781987","quingenary",,"zomomee"
"781988","quingentenaries",,"zamamuhaet"
"781989","quingentenary",,"zimimohie"
"781990","quingenti",,"zimimoon"
"781991","quingentumvirate",,"ecazazugat"
"781992","quingestanol",,"ocezezagun"
"781993","quingestrone",,"ocezezagat"
"781994","quinghaosu",,"ocezeri"
"781995","quinhon",,"zemenin"
"781996","quinhydrone",,"zomonazain"
"781997","quinhydrones",,"zomonazaa"
"781998","quinia",,"zomoena"
"781999","quinian",,"oceziin"
"782000","quinias",,"zomoron"
"782001","quinible",,"zumuraun"
"782002","quinic",,"zemeat"
"782003","quinicia",,"zomoruan"
"782004","quinicin",,"ecazotan"
"782005","quinicine",,"acuzetot"
"782006","quinidamine",,"zemerusuon"
"782007","quinide",,"ocezie"
"782008","quinidia",,"ucizaven"
"782009","quinidin",,"zimireen"
"782010","quinidine",,"zomoraun"
"782011","quinidines",,"zomorau"
"782012","quinie",,"zamaot"
"782013","quiniela",,"ocezizot"
"782014","quinielas",,"ocezizo"
"782015","quinies",,"zamaro"
"782016","quiniferous",,"zimiropeun"
"782017","quinigua",,"zomoroat"
"782018","quinil",,"ocezu"
"782019","quinimetry",,"zamareat"
"782020","quinin",,"ecazena"
"782021","quinina",,"oceziina"
"782022","quininas",,"ocezifa"
"782023","quinindoline",,"zamarozaa"
"782024","quinine",,"acuzeuna"
"782025","quinined",,"zomorui"
"782026","quinines",,"acuzefu"
"782027","quining",,"ocezia"
"782028","quininiazation",,"zemeritiot"
"782029","quininic",,"ecazofan"
"782030","quinining",,"zomoruot"
"782031","quininise",,"acuzefa"
"782032","quininised",,"zomoruu"
"782033","quininises",,"acuzefen"
"782034","quininising",,"zomoruteon"
"782035","quininism",,"ucizafat"
"782036","quininization",,"zamaroteet"
"782037","quininize",,"zumurein"
"782038","quininized",,"ecazofun"
"782039","quininizes",,"zumurea"
"782040","quininizing",,"ecazofusen"
"782041","quinins",,"ecazoona"
"782042","quiniretin",,"acuzeqen"
"782043","quinisext",,"zomoruat"
"782044","quinisextine",,"ecazowenot"
"782045","quinism",,"zumurun"
"782046","quinisocaine",,"icozuwozen"
"782047","quinite",,"oceziu"
"782048","quinitol",,"zemerua"
"782049","quinity",,"acuzeune"
"782050","quinizarin",,"ucizanat"
"782051","quinize",,"ucizaot"
"782052","quinized",,"zemerae"
"782053","quinizine",,"zumuriin"
"782054","quink",,"zamat"
"782055","quinkan",,"ecazuet"
"782056","quinlan",,"zimivot"
"782057","quinley",,"icozoon"
"782058","quinlivan",,"ucizisi"
"782059","quinmerac",,"ocezozot"
"782060","quinn",,"ecazoe"
"782061","quinnat",,"zumupan"
"782062","quinnats",,"zumupuun"
"782063","quinne",,"acuzia"
"782064","quinnell",,"oceziza"
"782065","quinnesec",,"ucizazo"
"782066","quinnesecs",,"ucizazet"
"782067","quinnet",,"zomopet"
"782068","quinney",,"oceziea"
"782069","quinnimont",,"icozuso"
"782070","quinnimonts",,"icozusacet"
"782071","quinnipiac",,"zemepiet"
"782072","quinnipiacs",,"zemepicai"
"782073","quinns",,"ecazoi"
"782074","quinny",,"icozet"
"782075","quino",,"zimif"
"782076","quinoa",,"zumuon"
"782077","quinoas",,"zumufan"
"782078","quinocarbazole",,"zomofusao"
"782079","quinocarbonium",,"ucizetabo"
"782080","quinocetone",,"zamafopaat"
"782081","quinochalcone",,"ucizetetin"
"782082","quinocide",,"ucizeten"
"782083","quinoctial",,"zomofuu"
"782084","quinodimethane",,"zomofataon"
"782085","quinoestradiol",,"zimifobiot"
"782086","quinoform",,"zamafuun"
"782087","quinogen",,"icozanun"
"782088","quinohaemoprotein",,"ecazirofin"
"782089","quinohemoprotein",,"acuzorahen"
"782090","quinoid",,"acuzoun"
"782091","quinoidal",,"zomofuun"
"782092","quinoidation",,"acuzosutan"
"782093","quinoidin",,"zamafoat"
"782094","quinoidine",,"zumufea"
"782095","quinoidines",,"zumufezien"
"782096","quinoidization",,"zumufezie"
"782097","quinoids",,"acuzosu"
"782098","quinol",,"ucizot"
"782099","quinolacetic",,"zemefesaon"
"782100","quinolactacin",,"icozazuzet"
"782101","quinolas",,"acuzozua"
"782102","quinolate",,"zemefeot"
"782103","quinolic",,"ucizezet"
"782104","quinolin",,"zumufuin"
"782105","quinolinamine",,"ocezuzajot"
"782106","quinolinate",,"ecazizujin"
"782107","quinoline",,"zimifion"
"782108","quinolinedione",,"zemefetain"
"782109","quinolinemethanethiol",,"zimifitoon"
"782110","quinolinemethanol",,"zumufutiet"
"782111","quinolines",,"zimifian"
"782112","quinolinic",,"zumufuen"
"782113","quinolinium",,"zemefetaun"
"782114","quinolinol",,"ocezuzat"
"782115","quinolinolate",,"zumufutiat"
"782116","quinolinone",,"acuzoziji"
"782117","quinolins",,"zumufua"
"782118","quinolinyl",,"ocezuzan"
"782119","quinolizidine",,"zumufutaat"
"782120","quinolizidines",,"zumufutae"
"782121","quinolizine",,"ocezuzasat"
"782122","quinolizinium",,"acuzozisin"
"782123","quinolizinone",,"zumufutaun"
"782124","quinological",,"zumufujean"
"782125","quinologist",,"zumufujei"
"782126","quinology",,"ucizezan"
"782127","quinolone",,"zamafaan"
"782128","quinolones",,"zamafaun"
"782129","quinols",,"ucizeo"
"782130","quinolyl",,"zomofoat"
"782131","quinomethane",,"acuzopagon"
"782132","quinomethide",,"ecazipegot"
"782133","quinomethionate",,"zumufapuu"
"782134","quinometry",,"zomofie"
"782135","quinomycin",,"icozapot"
"782136","quinon",,"icozon"
"782137","quinone",,"ocezuu"
"782138","quinonediimine",,"ecazifepi"
"782139","quinoneimine",,"zumufepii"
"782140","quinonemethide",,"zamafopio"
"782141","quinoneoxime",,"zemefipean"
"782142","quinones",,"ocezufot"
"782143","quinonez",,"zemefiu"
"782144","quinonic",,"icozafun"
"782145","quinonimin",,"zemefian"
"782146","quinonimine",,"zamafotiot"
"782147","quinonimines",,"zamafotio"
"782148","quinonization",,"zomofutii"
"782149","quinonize",,"zemefia"
"782150","quinonized",,"icozafu"
"782151","quinonizes",,"zemefien"
"782152","quinonizing",,"icozafeson"
"782153","quinonoid",,"zomofue"
"782154","quinonoxime",,"zomofujea"
"782155","quinonyl",,"zemefiot"
"782156","quinophan",,"ecazijun"
"782157","quinoprotein",,"zimifowiu"
"782158","quinopyrin",,"ocezuji"
"782159","quinopyrine",,"ecazijabin"
"782160","quinos",,"zimiu"
"782161","quinostatin",,"icozawoto"
"782162","quinotannic",,"ecazibojin"
"782163","quinotolast",,"ecazibafin"
"782164","quinotoxine",,"ecazibanin"
"782165","quinova",,"acuzoat"
"782166","quinovatannic",,"zimifisiu"
"782167","quinovate",,"zemefein"
"782168","quinovic",,"ucizegen"
"782169","quinovin",,"zumufuu"
"782170","quinovopyranose",,"zomofojian"
"782171","quinovosamine",,"zumufujian"
"782172","quinovose",,"acuzogin"
"782173","quinox",,"icozeta"
"782174","quinoxalin",,"acuzolen"
"782175","quinoxaline",,"ucizelafun"
"782176","quinoxalinedione",,"ocezulifen"
"782177","quinoxalines",,"ucizelafu"
"782178","quinoxalinone",,"zemefisie"
"782179","quinoxalinyl",,"zimifasau"
"782180","quinoxalyl",,"icozalin"
"782181","quinoxyfen",,"icozalina"
"782182","quinoxyl",,"zemefiin"
"782183","quinoyl",,"ecazieta"
"782184","quinpirole",,"acuzisen"
"782185","quinqu",,"zemeata"
"782186","quinqua",,"zomojet"
"782187","quinquadecillion",,"zomojesoe"
"782188","quinquadragintillion",,"acuzudepot"
"782189","quinquadrate",,"ucizidapan"
"782190","quinquagenarian",,"ocezedisa"
"782191","quinquagenarians",,"ocezedisen"
"782192","quinquagenaries",,"zamajusoet"
"782193","quinquagenary",,"zimijosae"
"782194","quinquagenarys",,"zimijosain"
"782195","quinquagene",,"ecazadose"
"782196","quinquagesima",,"zemejasiun"
"782197","quinquagesimal",,"ocezedisot"
"782198","quinquagesimals",,"ocezediso"
"782199","quinquagesimas",,"zemejasiu"
"782200","quinquagesimus",,"zumujiseun"
"782201","quinquagintillion",,"ucizidasa"
"782202","quinquangle",,"zimijosoat"
"782203","quinquangular",,"ocezediju"
"782204","quinquarticular",,"zemejasuin"
"782205","quinquatria",,"zimijosian"
"782206","quinquatrian",,"icozodugen"
"782207","quinquatrias",,"zimijosiun"
"782208","quinquatrigintillion",,"ucizidagat"
"782209","quinquatrus",,"zemejaseet"
"782210","quinquatruss",,"zemejasei"
"782211","quinquavigesimal",,"zimijosai"
"782212","quinquavigintillion",,"zamajusoan"
"782213","quinque",,"zamaja"
"782214","quinquecapsular",,"uciziduza"
"782215","quinquecentenary",,"zemejapae"
"782216","quinquecentenarys",,"zemejapain"
"782217","quinquecirrha",,"acuzudazan"
"782218","quinquecostate",,"zemejapaan"
"782219","quinquedentate",,"zamajupau"
"782220","quinquedentated",,"ocezedopat"
"782221","quinquedigitate",,"ocezedopot"
"782222","quinquefarious",,"zumujipaun"
"782223","quinquefasciatus",,"zomojepiat"
"782224","quinquefid",,"zemejaen"
"782225","quinquefoil",,"zomojepio"
"782226","quinquefoils",,"zomojepiet"
"782227","quinquefolia",,"zimijopuu"
"782228","quinquefoliate",,"uciziduro"
"782229","quinquefoliated",,"zemejapoin"
"782230","quinquefoliolate",,"zomojepiu"
"782231","quinquefolium",,"zumujipauna"
"782232","quinquefolius",,"zemejapou"
"782233","quinquegrade",,"zemejapiet"
"782234","quinquejugate",,"zumujipuon"
"782235","quinquejugous",,"icozodizi"
"782236","quinquelateral",,"zimijopau"
"782237","quinquelingual",,"icozodifun"
"782238","quinquelingualism",,"ecazadefa"
"782239","quinqueliteral",,"zomojepuon"
"782240","quinquelobate",,"icozodifo"
"782241","quinquelobated",,"zamajupoin"
"782242","quinquelobed",,"ocezedofon"
"782243","quinquelocular",,"ocezedofu"
"782244","quinqueloculine",,"ocezedofa"
"782245","quinqueloculinid",,"zamajupoat"
"782246","quinquemaculata",,"zimijopein"
"782247","quinquenary",,"zemejapaen"
"782248","quinquenerval",,"zamajupuin"
"782249","quinquenerved",,"zumujipio"
"782250","quinquennal",,"ocezedoji"
"782251","quinquennalia",,"icozodijon"
"782252","quinquennalian",,"zimijopoa"
"782253","quinquennarian",,"zamajupuen"
"782254","quinquennary",,"ecazadejin"
"782255","quinquennia",,"zemejapaon"
"782256","quinquenniad",,"icozodijo"
"782257","quinquenniads",,"icozodijet"
"782258","quinquennial",,"ocezedojun"
"782259","quinquennialist",,"zumujipiin"
"782260","quinquennially",,"zamajupuet"
"782261","quinquennials",,"ocezedoju"
"782262","quinquennis",,"zamajupuu"
"782263","quinquennium",,"zomojepeen"
"782264","quinquenniums",,"zomojepeon"
"782265","quinquepartite",,"zemejapoun"
"782266","quinquepartition",,"uciziduqan"
"782267","quinquepedal",,"ocezedoqon"
"782268","quinquepedalian",,"zimijopuot"
"782269","quinquepetaloid",,"zemejapoua"
"782270","quinquepunctal",,"zomojepieta"
"782271","quinquepunctate",,"zomojepiete"
"782272","quinqueradial",,"icozodiben"
"782273","quinqueradiate",,"icozodibena"
"782274","quinquereme",,"ucizidubi"
"782275","quinqueremes",,"ucizidubat"
"782276","quinqueremis",,"acuzudabon"
"782277","quinquertium",,"zomojepao"
"782278","quinques",,"zamajuen"
"782279","quinquesect",,"ecazadedat"
"782280","quinquesected",,"zomojepeu"
"782281","quinquesecting",,"zomojepeona"
"782282","quinquesection",,"zimijopoin"
"782283","quinquesects",,"ecazadede"
"782284","quinqueseptate",,"ocezedodat"
"782285","quinqueserial",,"zumujipion"
"782286","quinqueseriate",,"zumujipiona"
"782287","quinquesyllabic",,"icozodidan"
"782288","quinquesyllable",,"zimijopoot"
"782289","quinquethiophene",,"ocezedoget"
"782290","quinquetubercular",,"acuzudagu"
"782291","quinquetuberculate",,"icozodigun"
"782292","quinquevalence",,"ecazadelot"
"782293","quinquevalences",,"ecazadelo"
"782294","quinquevalencies",,"ecazadelon"
"782295","quinquevalency",,"ucizidulu"
"782296","quinquevalencys",,"ucizidulot"
"782297","quinquevalent",,"zumujipeet"
"782298","quinquevalve",,"icozodilot"
"782299","quinquevalvous",,"acuzudalat"
"782300","quinquevalvular",,"icozodilan"
"782301","quinqueverbal",,"zimijopaat"
"782302","quinqueverbial",,"zimijopaua"
"782303","quinquevir",,"zumujiot"
"782304","quinqueviral",,"ecazadelota"
"782305","quinquevirate",,"ecazadelote"
"782306","quinquevirs",,"zumujipeo"
"782307","quinquiliteral",,"zimijotao"
"782308","quinquina",,"ocezeden"
"782309","quinquinas",,"ocezedon"
"782310","quinquino",,"icozodin"
"782311","quinquinquagintillion",,"zumujitiet"
"782312","quinquiplicate",,"icozodeqan"
"782313","quinquiplico",,"zimijotuin"
"782314","quinquivalence",,"ocezedale"
"782315","quinquivalency",,"acuzudilat"
"782316","quinquivalent",,"zamajutoa"
"782317","quins",,"zemeqa"
"782318","quinsam",,"zamaqo"
"782319","quinsay",,"zumuqi"
"782320","quinse",,"zamaina"
"782321","quinsell",,"zomoqean"
"782322","quinsey",,"zomoqen"
"782323","quinsie",,"zamaqoa"
"782324","quinsied",,"ocezisina"
"782325","quinsies",,"zamaqoet"
"782326","quinsoriano",,"zumuqowiet"
"782327","quinsy",,"zimie"
"782328","quinsyberries",,"acuzemofon"
"782329","quinsyberry",,"icozumafu"
"782330","quinsywort",,"zimiqeon"
"782331","quint",,"icozai"
"782332","quinta",,"ucizua"
"782333","quintad",,"zemewat"
"782334","quintade",,"zamawaa"
"782335","quintadena",,"ecaziri"
"782336","quintadene",,"ucizeren"
"782337","quintagenarian",,"zumuwuraat"
"782338","quintaglie",,"zamawaun"
"782339","quintagon",,"zomowoe"
"782340","quintain",,"zumuwue"
"782341","quintains",,"zumuwuin"
"782342","quintal",,"zamawo"
"782343","quintale",,"zumuwuat"
"782344","quintalejo",,"icozarin"
"782345","quintals",,"zamawaet"
"782346","quintan",,"zumuwan"
"782347","quintana",,"zamawaen"
"782348","quintanar",,"icozarun"
"782349","quintanilla",,"zomowohea"
"782350","quintans",,"zumuwuun"
"782351","quintant",,"ecaziron"
"782352","quintants",,"ecaziran"
"782353","quintar",,"zomowet"
"782354","quintars",,"zomowoi"
"782355","quintary",,"zumuwuata"
"782356","quintas",,"ucizeota"
"782357","quintate",,"zamawao"
"782358","quintaten",,"acuzoru"
"782359","quintating",,"ocezuri"
"782360","quintation",,"icozarot"
"782361","quintato",,"zimiwia"
"782362","quintavius",,"zumuwuot"
"782363","quinte",,"ocezate"
"782364","quintefoil",,"ucizezun"
"782365","quintel",,"zimiwin"
"782366","quintela",,"zumuwiat"
"782367","quintelement",,"zemewapoon"
"782368","quintell",,"ucizezen"
"782369","quintenary",,"icozaze"
"782370","quintennial",,"zumuwihien"
"782371","quinter",,"zamawa"
"782372","quintern",,"acuzoze"
"782373","quinternion",,"zomowewea"
"782374","quintero",,"zomowei"
"782375","quinteron",,"ocezuzo"
"782376","quinteroon",,"ucizezana"
"782377","quinters",,"zamawuen"
"782378","quintes",,"ocezue"
"782379","quintescence",,"zamawubuan"
"782380","quintess",,"ocezuzin"
"782381","quintessa",,"icozazat"
"782382","quintessence",,"zamawubuat"
"782383","quintessenced",,"ocezuzadon"
"782384","quintessences",,"zamawubue"
"782385","quintessencing",,"ocezuzadin"
"782386","quintessential",,"zamawubuo"
"782387","quintessentialise",,"zumuwibiot"
"782388","quintessentialised",,"ecazizude"
"782389","quintessentialises",,"zumuwibio"
"782390","quintessentialising",,"ecazizudet"
"782391","quintessentiality",,"ucizezodan"
"782392","quintessentialize",,"icozazedu"
"782393","quintessentialized",,"zamawubuata"
"782394","quintessentializes",,"icozazedot"
"782395","quintessentializing",,"zamawubuoa"
"782396","quintessentially",,"icozazede"
"782397","quintessentialness",,"ucizezodat"
"782398","quintessentiate",,"zamawubuoe"
"782399","quintet",,"zumuwi"
"782400","quintets",,"zumuwiata"
"782401","quintett",,"ecazizet"
"782402","quintette",,"acuzozea"
"782403","quintettes",,"acuzozin"
"782404","quintetti",,"ecazizana"
"782405","quintetto",,"icozazuna"
"782406","quintetts",,"ecazizi"
"782407","quintfoil",,"acuzomen"
"782408","quinti",,"icozona"
"782409","quintibrach",,"zimiwatean"
"782410","quintic",,"icozaia"
"782411","quintically",,"icozaseta"
"782412","quinticlave",,"acuzosifo"
"782413","quintics",,"icozasat"
"782414","quintie",,"ocezuua"
"782415","quintigravida",,"zomowuraet"
"782416","quintile",,"zimiwao"
"782417","quintiled",,"acuzosin"
"782418","quintiles",,"zimiwaet"
"782419","quintilian",,"acuzoset"
"782420","quintilians",,"acuzosevi"
"782421","quintilis",,"zumuwea"
"782422","quintilise",,"zimiwaan"
"782423","quintilised",,"acuzosevet"
"782424","quintiliss",,"zumuween"
"782425","quintill",,"acuzosot"
"782426","quintilla",,"ecazisuna"
"782427","quintille",,"ucizesi"
"782428","quintillian",,"zemewipiat"
"782429","quintillians",,"zemewipie"
"782430","quintilliard",,"ecazisofo"
"782431","quintillion",,"zomowupuet"
"782432","quintillionaire",,"acuzosefo"
"782433","quintillionfold",,"ecazisofin"
"782434","quintillions",,"zomowupui"
"782435","quintillionth",,"zomowupuun"
"782436","quintillionths",,"zomowupuu"
"782437","quintin",,"zimiwa"
"782438","quintina",,"zumuwee"
"782439","quintine",,"zomowuan"
"782440","quintinite",,"ucizesat"
"782441","quintinomial",,"acuzosicun"
"782442","quintins",,"zimiwaen"
"782443","quintinshill",,"icozasedat"
"782444","quintinvariant",,"zemewihiin"
"782445","quintiofos",,"zemewii"
"782446","quintipara",,"ocezuset"
"782447","quintipartite",,"ucizesutot"
"782448","quintipartition",,"zomowucuu"
"782449","quintiped",,"icozasun"
"782450","quintipoint",,"zemewiceat"
"782451","quintius",,"ocezusa"
"782452","quintiuss",,"ocezusen"
"782453","quinto",,"acuzana"
"782454","quintocubital",,"zemewuvoat"
"782455","quintocubitalism",,"zumuwovaot"
"782456","quintole",,"zamawiet"
"782457","quintolet",,"ocezuho"
"782458","quintom",,"icozaan"
"782459","quinton",,"zamawen"
"782460","quintong",,"zemewua"
"782461","quintonian",,"ecazihu"
"782462","quintons",,"zamawion"
"782463","quintoon",,"zomowaat"
"782464","quintopoly",,"ucizehat"
"782465","quintox",,"zamawoa"
"782466","quintozene",,"ocezuhoa"
"782467","quintrell",,"zomowiun"
"782468","quintrigintillion",,"icozaqesat"
"782469","quintrillion",,"acuzoqife"
"782470","quintroon",,"acuzoqa"
"782471","quintroons",,"acuzoqen"
"782472","quints",,"icozete"
"782473","quintuplation",,"ocezudofin"
"782474","quintuple",,"ecazidan"
"782475","quintupled",,"zimiwoet"
"782476","quintupler",,"zumuwiot"
"782477","quintuples",,"ecazidun"
"782478","quintuplest",,"zimiwocaan"
"782479","quintuplet",,"zimiwoon"
"782480","quintuplets",,"zimiwocaana"
"782481","quintuplex",,"zemewao"
"782482","quintuplicate",,"zumuwiceon"
"782483","quintuplicated",,"ecazidefo"
"782484","quintuplicates",,"zumuwicean"
"782485","quintuplicating",,"ecazidefun"
"782486","quintuplication",,"ocezudofen"
"782487","quintuplications",,"ocezudofon"
"782488","quintuplinerved",,"ecazidefon"
"782489","quintupling",,"zimiwocau"
"782490","quintupliribbed",,"ocezudofot"
"782491","quintuply",,"ucizedon"
"782492","quintus",,"ocezuue"
"782493","quinua",,"zemean"
"782494","quinuas",,"zemebun"
"782495","quinuclidine",,"ocezativat"
"782496","quinuclidinium",,"acuzitevin"
"782497","quinuclidinone",,"zumubepiun"
"782498","quinuclidinyl",,"zemebipae"
"782499","quinupramine",,"acuzijoti"
"782500","quinupristin",,"zumubiwian"
"782501","quinvigintillion",,"zumuderian"
"782502","quinwood",,"acuzahe"
"782503","quinwoods",,"acuzahin"
"782504","quinyie",,"zomolet"
"782505","quinyl",,"ucizini"
"782506","quinzaine",,"zamamaon"
"782507","quinze",,"ucize"
"782508","quinzee",,"icozeen"
"782509","quinzes",,"ucizoina"
"782510","quinzhee",,"zememoe"
"782511","quinzie",,"ucizoot"
"782512","quinzieme",,"ecazusi"
"782513","quinzite",,"zememiu"
"782514","quinzy",,"ocezati"
"782515","quiot",,"zamew"
"782516","quioucohanock",,"ucipotitot"
"782517","quip",,"zamo"
"782518","quipazine",,"zumenie"
"782519","quipe",,"zumev"
"782520","quipes",,"zumeet"
"782521","quipful",,"zumelun"
"782522","quipo",,"zomuf"
"782523","quipocamayoc",,"zemifisuet"
"782524","quipoise",,"zemifiin"
"782525","quipolly",,"zemifeot"
"782526","quiponderant",,"ucifefifun"
"782527","quipos",,"zomuen"
"782528","quipotential",,"zomufapeo"
"782529","quippe",,"icofen"
"782530","quipped",,"zamohot"
"782531","quipper",,"zemihun"
"782532","quippers",,"zemihau"
"782533","quippery",,"zimahoot"
"782534","quippet",,"zamoha"
"782535","quippian",,"zamohoon"
"782536","quippier",,"zemihiin"
"782537","quippiest",,"zamohoi"
"782538","quippily",,"zomuhuat"
"782539","quippiness",,"zimahai"
"782540","quipping",,"zamohoan"
"782541","quippingly",,"icofeso"
"782542","quippish",,"zomuhuun"
"782543","quippishness",,"ecafusuto"
"782544","quippishnesss",,"ecafusutet"
"782545","quippu",,"icofet"
"782546","quippus",,"icofei"
"782547","quippy",,"ecafaa"
"782548","quips",,"zamoq"
"782549","quipsome",,"zumeqoun"
"782550","quipsomeness",,"icofuhafo"
"782551","quipster",,"zumeqoat"
"782552","quipsters",,"zumeqoe"
"782553","quipu",,"zumeb"
"782554","quipucamayoc",,"zimabasei"
"782555","quipus",,"zumeon"
"782556","quiquahatch",,"zemubesiet"
"782557","quiquehatch",,"zumobisea"
"782558","quiquihatch",,"zamibosou"
"782559","quira",,"zamun"
"782560","quirae",,"zumien"
"782561","quiraing",,"ecajasan"
"782562","quirarte",,"zuminaan"
"782563","quiras",,"zamuin"
"782564","quircal",,"ecajoo"
"782565","quire",,"zimov"
"782566","quired",,"acujet"
"782567","quires",,"zimouna"
"782568","quirewise",,"zamuveet"
"782569","quirigu",,"zumirun"
"782570","quirin",,"ucijota"
"782571","quirinal",,"zemariot"
"782572","quirinalia",,"zomeruin"
"782573","quirinalias",,"zomerusua"
"782574","quirinals",,"zemario"
"782575","quirinca",,"acujefe"
"782576","quirindi",,"zemariota"
"782577","quiring",,"acujeu"
"782578","quirino",,"ecajoon"
"782579","quirinus",,"icojufun"
"782580","quirion",,"ecajoona"
"782581","quiripi",,"icojuat"
"782582","quirister",,"zimoraen"
"782583","quiristers",,"zimoraon"
"782584","quirita",,"ocejiu"
"782585","quiritarian",,"ecajobobin"
"782586","quiritary",,"zomeraat"
"782587","quiritatio",,"zemaruet"
"782588","quiritation",,"ecajobogot"
"782589","quirite",,"acujeat"
"782590","quirites",,"acujebe"
"782591","quiritian",,"zomerae"
"782592","quirito",,"icojuan"
"782593","quirk",,"zimot"
"782594","quirke",,"zomeo"
"782595","quirked",,"ucijoin"
"782596","quirkful",,"zometeun"
"782597","quirkian",,"ucijoset"
"782598","quirkier",,"acujisu"
"782599","quirkiest",,"ucijosona"
"782600","quirkily",,"ecajusan"
"782601","quirkiness",,"ocejason"
"782602","quirkinesses",,"ecajusufot"
"782603","quirking",,"ucijosi"
"782604","quirkish",,"ecajusat"
"782605","quirkle",,"icojei"
"782606","quirkless",,"icojeze"
"782607","quirks",,"zimou"
"782608","quirksey",,"zumiteat"
"782609","quirksome",,"zometuun"
"782610","quirky",,"zamuot"
"782611","quirkyalone",,"zimotesaan"
"782612","quirl",,"acujue"
"782613","quirled",,"zemavata"
"782614","quirley",,"ecajao"
"782615","quirling",,"zemavio"
"782616","quirly",,"ocejun"
"782617","quirn",,"ucijaa"
"782618","quiroa",,"zomeoa"
"782619","quiroga",,"zimofot"
"782620","quiros",,"zemaat"
"782621","quiroz",,"acujii"
"782622","quirpele",,"zomeheon"
"782623","quirquincho",,"zumijitiet"
"782624","quirrister",,"ecajesun"
"782625","quirt",,"ecaji"
"782626","quirted",,"zomewo"
"782627","quirting",,"zomewuun"
"782628","quirts",,"ecaja"
"782629","quis",,"ecacte"
"782630","quisby",,"zemei"
"782631","quiscal",,"zimisua"
"782632","quiscali",,"zimisia"
"782633","quiscalus",,"zomosoan"
"782634","quiscaluses",,"zemesepoo"
"782635","quiscalusses",,"zemesepoet"
"782636","quiscos",,"icocuon"
"782637","quiscoskos",,"ucicahan"
"782638","quiscula",,"zomoseon"
"782639","quiscus",,"acucean"
"782640","quisenberry",,"acucifofot"
"782641","quish",,"zumuna"
"782642","quishan",,"acucauna"
"782643","quishing",,"acucasa"
"782644","quisinostat",,"zimirajoat"
"782645","quisle",,"zemeana"
"782646","quisler",,"uciciot"
"782647","quislibet",,"zemeviot"
"782648","quisling",,"icocosu"
"782649","quislingise",,"ocecesasun"
"782650","quislingised",,"zumuvehei"
"782651","quislingises",,"ocecesasu"
"782652","quislingising",,"zumuveheot"
"782653","quislingism",,"ecacasusen"
"782654","quislingisms",,"ecacasuson"
"782655","quislingist",,"zamavohoa"
"782656","quislingistic",,"zamavohoon"
"782657","quislingize",,"zemevihian"
"782658","quislingized",,"icocoseset"
"782659","quislingizes",,"zemevihiun"
"782660","quislingizing",,"icocosesu"
"782661","quislings",,"icocosot"
"782662","quism",,"ucicua"
"782663","quison",,"zimiua"
"782664","quisonant",,"zemefiaa"
"782665","quispamsis",,"zumuhua"
"782666","quispe",,"zumuet"
"782667","quispiam",,"zumuhee"
"782668","quispina",,"ecacusi"
"782669","quisqouse",,"oceceha"
"782670","quisqualate",,"acucudefa"
"782671","quisqualic",,"zimijoon"
"782672","quisqualis",,"zimijoi"
"782673","quisqualiss",,"zimijosaat"
"782674","quisquam",,"acucude"
"782675","quisque",,"acucuan"
"782676","quisqueite",,"zemejaa"
"782677","quisquilian",,"icocodefen"
"782678","quisquiliary",,"icocodefet"
"782679","quisquilious",,"zimijotain"
"782680","quisquillas",,"ucicidofe"
"782681","quisquis",,"ecacadi"
"782682","quisquose",,"oceceda"
"782683","quisquous",,"ocecedo"
"782684","quisse",,"acucon"
"782685","quisser",,"zimiqu"
"782686","quisset",,"zomoqena"
"782687","quist",,"zimiw"
"782688","quistclose",,"acucotot"
"782689","quister",,"acucoan"
"782690","quistiti",,"acucosin"
"782691","quistron",,"zimiwuo"
"782692","quists",,"zimiea"
"782693","quisultazine",,"ocecazetan"
"782694","quisutsch",,"acucibin"
"782695","quit",,"zimui"
"782696","quita",,"zuman"
"782697","quitable",,"zominiet"
"782698","quitantie",,"zamenoon"
"782699","quitaque",,"zimuniin"
"782700","quitaques",,"zimunia"
"782701","quitasol",,"oceqewot"
"782702","quitch",,"ecaqa"
"782703","quitched",,"zomisiet"
"782704","quitches",,"acuqerun"
"782705","quitchgrass",,"zemosoruon"
"782706","quitching",,"zomisiu"
"782707","quitchs",,"ecaqoen"
"782708","quitclaim",,"icoquzea"
"782709","quitclaimed",,"zumasusiot"
"782710","quitclaiming",,"zumasusian"
"782711","quitclaims",,"icoquzin"
"782712","quite",,"zomiv"
"782713","quited",,"uciquna"
"782714","quitely",,"acuqian"
"782715","quitemo",,"zomivet"
"782716","quitemoca",,"zimuvua"
"782717","quitemocas",,"zimuvuen"
"782718","quiteno",,"uciqoota"
"782719","quitenos",,"uciqofo"
"782720","quiter",,"acuqono"
"782721","quiteri",,"acuqiat"
"782722","quiteria",,"ecaquqet"
"782723","quiterio",,"oceqaqot"
"782724","quiteris",,"acuqiqe"
"782725","quiteron",,"zomivii"
"782726","quites",,"zomiaa"
"782727","quitest",,"uciqoin"
"782728","quiteve",,"oceqaata"
"782729","quiti",,"zimur"
"782730","quiting",,"uciqaena"
"782731","quitline",,"zimuvao"
"782732","quitman",,"oceqou"
"782733","quitmans",,"oceqorota"
"782734","quito",,"zamef"
"782735","quitoense",,"icoqazat"
"782736","quitoes",,"zumafi"
"782737","quitos",,"zameot"
"782738","quitrent",,"oceqozin"
"782739","quitrenter",,"zumaciu"
"782740","quitrents",,"oceqoza"
"782741","quits",,"zimuqa"
"782742","quitsies",,"zomiqui"
"782743","quitt",,"acuqoo"
"782744","quittable",,"uciqero"
"782745","quittal",,"zomiwet"
"782746","quittals",,"zomiwoi"
"782747","quittance",,"zamewaen"
"782748","quittanced",,"ocequrot"
"782749","quittances",,"zamewaon"
"782750","quittancing",,"ocequrazan"
"782751","quitted",,"zemowan"
"782752","quittedst",,"icoqazan"
"782753","quitter",,"zomiwen"
"782754","quitterbone",,"zemowawuo"
"782755","quittered",,"icoqazia"
"782756","quittering",,"icoqazot"
"782757","quitters",,"zomiweon"
"782758","quittest",,"zemowae"
"782759","quitteth",,"uciqezo"
"782760","quittin",,"zamewen"
"782761","quitting",,"zemowia"
"782762","quittner",,"ocequfin"
"782763","quittor",,"zamewo"
"782764","quittors",,"zamewiet"
"782765","quitture",,"zemowaea"
"782766","quitu",,"zomib"
"782767","quitus",,"zomio"
"782768","quity",,"zamel"
"782769","quivalence",,"zomanoan"
"782770","quivalency",,"zaminaon"
"782771","quivalent",,"acubuzu"
"782772","quiver",,"ucibe"
"782773","quivered",,"zamiveot"
"782774","quiverer",,"zemuvoun"
"782775","quiverers",,"zemuvou"
"782776","quiverful",,"icobeqe"
"782777","quiverfull",,"zumovaa"
"782778","quiverfuls",,"icobeqin"
"782779","quiverier",,"zemuvoin"
"782780","quiveriest",,"zamivei"
"782781","quiverin",,"zumovaun"
"782782","quivering",,"zamivean"
"782783","quiveringly",,"icobeqejo"
"782784","quiverings",,"zamiveun"
"782785","quiverish",,"zomaviun"
"782786","quiverleaf",,"uciboqon"
"782787","quiverness",,"zimevuen"
"782788","quivers",,"uciboin"
"782789","quiversome",,"icobeqea"
"782790","quivertip",,"acubiqin"
"782791","quivery",,"ecabua"
"782792","quivira",,"ecaboen"
"782793","quiviran",,"zemuroin"
"782794","quiviras",,"ecaboqon"
"782795","quivocal",,"ecabitet"
"782796","quivocate",,"ecabiteta"
"782797","quivocation",,"zumofesuo"
"782798","quixabeira",,"ziminuo"
"782799","quixel",,"ecagot"
"782800","quixley",,"icogoet"
"782801","quixote",,"ucigein"
"782802","quixotean",,"zamafiet"
"782803","quixotes",,"ucigeba"
"782804","quixotesque",,"icogabidu"
"782805","quixotic",,"acugobe"
"782806","quixotical",,"zomofae"
"782807","quixotically",,"acugobizon"
"782808","quixotish",,"zimifeon"
"782809","quixotism",,"icogabu"
"782810","quixotisms",,"icogabot"
"782811","quixotize",,"zimifeo"
"782812","quixotized",,"acugobin"
"782813","quixotizes",,"zimifeet"
"782814","quixotizing",,"acugobisi"
"782815","quixotries",,"zomofaea"
"782816","quixotry",,"zamafien"
"782817","quiyoughcohannock",,"acukodeton"
"782818","quiz",,"zamoa"
"782819","quizartinib",,"zumenadio"
"782820","quizbook",,"ecalehon"
"782821","quizee",,"zimaan"
"782822","quizes",,"zumeena"
"782823","quizhpi",,"zomuni"
"782824","quizlet",,"zomuven"
"782825","quizlike",,"ucilisen"
"782826","quizmaster",,"zimazien"
"782827","quizmasters",,"zimazibion"
"782828","quizmistress",,"zomuzuboa"
"782829","quizon",,"ocelun"
"782830","quizshow",,"icolurat"
"782831","quizz",,"uciloe"
"782832","quizzability",,"zimamitoat"
"782833","quizzable",,"icoleri"
"782834","quizzacious",,"ecaluruvun"
"782835","quizzaciously",,"zumemuviet"
"782836","quizzatorial",,"zumemuduen"
"782837","quizzed",,"zamomu"
"782838","quizzee",,"ocelaan"
"782839","quizzer",,"zemiman"
"782840","quizzeries",,"zamomuon"
"782841","quizzers",,"zemimaun"
"782842","quizzery",,"zimamou"
"782843","quizzes",,"icoleena"
"782844","quizzic",,"uciloin"
"782845","quizzica",,"aculisat"
"782846","quizzical",,"zemimiin"
"782847","quizzicalities",,"ocelasatu"
"782848","quizzicality",,"aculisitet"
"782849","quizzically",,"ucilosotan"
"782850","quizzicalness",,"aculisiton"
"782851","quizzicle",,"zumemeun"
"782852","quizzification",,"zimamanoo"
"782853","quizzifications",,"zimamanoet"
"782854","quizzified",,"ucilosi"
"782855","quizzifies",,"zomumuu"
"782856","quizzify",,"zamomoet"
"782857","quizzifying",,"ecalusera"
"782858","quizziness",,"zimamaet"
"782859","quizzinesses",,"zomumuhiin"
"782860","quizzing",,"zamomoon"
"782861","quizzingly",,"icolesot"
"782862","quizzings",,"zamomoan"
"782863","quizzish",,"zomumuan"
"782864","quizzism",,"ocelasot"
"782865","quizzity",,"zimamaot"
"782866","quizzle",,"zumemon"
"782867","quizzy",,"ecalin"
"782868","qujing",,"ucuna"
"782869","qulfi",,"ecikoa"
"782870","quli",,"zosoe"
"782871","qulin",,"ocunis"
"782872","qulins",,"ocunee"
"782873","qulkhwani",,"zisanuon"
"782874","qulla",,"ucetis"
"782875","qullasuyu",,"ucetiwen"
"782876","qulliq",,"ucetot"
"782877","qulllon",,"ecitaon"
"782878","qullqa",,"acotii"
"782879","qult",,"uceqni"
"782880","qultist",,"zesore"
"782881","qumarl",,"ucomu"
"782882","qumis",,"uconana"
"782883","qumix",,"zutuk"
"782884","qumode",,"zotiot"
"782885","qumran",,"icejen"
"782886","qumranic",,"icejofan"
"782887","qumrans",,"icejoon"
"782888","qums",,"ucocto"
"782889","qumtophile",,"aciqojen"
"782890","quneitra",,"zevirue"
"782891","qung",,"zovaa"
"782892","qungs",,"zovaq"
"782893","qungua",,"zovao"
"782894","qungzusian",,"zevumaen"
"782895","quoad",,"zezut"
"782896","quob",,"zezaa"
"782897","quobbed",,"zazure"
"782898","quobbing",,"zazuroet"
"782899","quobby",,"ecenui"
"782900","quobosque",,"zozefui"
"782901","quobs",,"zezaq"
"782902","quoc",,"icirn"
"782903","quocanh",,"ocoree"
"782904","quockerwodger",,"zuzutiwoen"
"782905","quod",,"zaze"
"782906","quodammodo",,"icisope"
"782907","quoddamodotative",,"ocosurucu"
"782908","quodded",,"zizutan"
"782909","quoddies",,"ecesisoa"
"782910","quodding",,"zizutaa"
"782911","quoddity",,"zezotiun"
"782912","quoddy",,"ucusat"
"782913","quodian",,"ecesoo"
"782914","quodlibet",,"acasuse"
"782915","quodlibetal",,"zozivutie"
"782916","quodlibetarian",,"acasusofan"
"782917","quodlibetarians",,"acasusofun"
"782918","quodlibetary",,"zezovitoen"
"782919","quodlibetic",,"acasusofa"
"782920","quodlibetical",,"zozivutia"
"782921","quodlibetically",,"acasusofuna"
"782922","quodlibetificate",,"ecesasifi"
"782923","quodlibetificated",,"zizuvatuen"
"782924","quodlibetificates",,"ecesasifat"
"782925","quodlibetificating",,"zizuvatue"
"782926","quodlibets",,"acasusin"
"782927","quodlibetz",,"zuzavee"
"782928","quodlibetzs",,"zuzavetain"
"782929","quodlin",,"zezove"
"782930","quodling",,"zozivuat"
"782931","quodlins",,"zezoviin"
"782932","quodque",,"zuzajet"
"782933","quods",,"zazeq"
"782934","quog",,"uculi"
"782935","quoggy",,"ocolee"
"782936","quogue",,"ocolat"
"782937","quogues",,"ocolaea"
"782938","quohog",,"zuzian"
"782939","quohogs",,"zuzifun"
"782940","quoi",,"icinne"
"782941","quoiba",,"zozoa"
"782942","quoiceneck",,"zazasuon"
"782943","quoif",,"zozol"
"782944","quoifed",,"icineon"
"782945","quoiffure",,"zozolee"
"782946","quoifing",,"icinesin"
"782947","quoifs",,"zozoet"
"782948","quoigenic",,"zizimoet"
"782949","quoil",,"zuzuv"
"782950","quoilers",,"ecenazon"
"782951","quoin",,"zizip"
"782952","quoined",,"ucunain"
"782953","quoining",,"ucunasia"
"782954","quoinless",,"icinuze"
"782955","quoins",,"ziziu"
"782956","quoiromantic",,"zuzucofeon"
"782957","quois",,"icinus"
"782958","quoisexual",,"icinuzea"
"782959","quoism",,"eceno"
"782960","quoist",,"zazaot"
"782961","quoists",,"zazaqo"
"782962","quoit",,"zazaw"
"782963","quoited",,"eceniaa"
"782964","quoiter",,"oconue"
"782965","quoiters",,"oconuzin"
"782966","quoiting",,"ecenisata"
"782967","quoitlike",,"ucunezi"
"782968","quoits",,"zazaota"
"782969","quoke",,"ecesu"
"782970","quokka",,"ocosuni"
"782971","quokkas",,"ocosau"
"782972","quoll",,"acatui"
"782973","quolls",,"acatana"
"782974","quominus",,"zazuroon"
"782975","quomodo",,"zozefet"
"782976","quomodocunquize",,"zuzifojiat"
"782977","quomodocunquizing",,"ecevivazin"
"782978","quomodos",,"zozefai"
"782979","quon",,"zizie"
"782980","quondam",,"ucuzein"
"782981","quondamer",,"zezeteu"
"782982","quondamest",,"zazataon"
"782983","quondamly",,"zozotoan"
"782984","quondammer",,"zuzutuu"
"782985","quondammest",,"zizitifeon"
"782986","quondamship",,"eceziridin"
"782987","quondong",,"ziziteo"
"782988","quoniam",,"zozoron"
"782989","quonk",,"zozot"
"782990","quonked",,"icizeet"
"782991","quonking",,"icizesu"
"782992","quonks",,"zozoen"
"782993","quonset",,"ucuzain"
"782994","quonsets",,"ucuzaza"
"782995","quook",,"ucupo"
"782996","quooke",,"icipen"
"782997","quop",,"zozu"
"782998","quopped",,"zozuho"
"782999","quopping",,"zozuhuun"
"783000","quops",,"zozuq"
"783001","quoque",,"ocohan"
"783002","quor",,"zezae"
"783003","quora",,"zozen"
"783004","quoracy",,"zuzinet"
"783005","quoran",,"ocojat"
"783006","quorate",,"icijoen"
"783007","quoratean",,"zuzinoat"
"783008","quorateans",,"zuzinoe"
"783009","quork",,"zazut"
"783010","quorked",,"ecejuaa"
"783011","quorking",,"ecejusat"
"783012","quorks",,"zazuot"
"783013","quormone",,"acajahe"
"783014","quorn",,"ecejoa"
"783015","quorndon",,"acajeve"
"783016","quorns",,"ecejaa"
"783017","quorrobolong",,"zazucitaa"
"783018","quors",,"zezaqa"
"783019","quorum",,"zizoe"
"783020","quorums",,"zizobin"
"783021","quos",,"icicte"
"783022","quot",,"zazea"
"783023","quota",,"zezon"
"783024","quotabilities",,"eceqasufo"
"783025","quotability",,"ucuqisofat"
"783026","quotable",,"zuzanai"
"783027","quotableness",,"iciqosufin"
"783028","quotablenesses",,"ocoqesifan"
"783029","quotabler",,"ocoqesin"
"783030","quotablest",,"eceqasi"
"783031","quotably",,"zoziniet"
"783032","quotaism",,"zuzaneun"
"783033","quotaless",,"eceqazon"
"783034","quotalike",,"acaquzin"
"783035","quotannal",,"iciqofun"
"783036","quotaoff",,"zezonuot"
"783037","quotaon",,"iciqoona"
"783038","quotas",,"zezoi"
"783039","quotatio",,"acaqubea"
"783040","quotation",,"zazenii"
"783041","quotational",,"ocoqebaci"
"783042","quotationally",,"zazenitaa"
"783043","quotationist",,"ocoqebacun"
"783044","quotationless",,"acaqubican"
"783045","quotations",,"zazeniat"
"783046","quotatious",,"ucuqibia"
"783047","quotative",,"zizunea"
"783048","quotatively",,"eceqabulun"
"783049","quotativeness",,"ocoqebalan"
"783050","quotatives",,"zizuneen"
"783051","quotativity",,"iciqobelot"
"783052","quote",,"zuzav"
"783053","quoteable",,"zizuviin"
"783054","quotebook",,"acaqisu"
"783055","quoted",,"ecequa"
"783056","quotedness",,"zazeviet"
"783057","quotedshares",,"ocoqavatet"
"783058","quotee",,"zizuan"
"783059","quoteless",,"ucuqozoa"
"783060","quotem",,"zozia"
"783061","quotemark",,"acaqipu"
"783062","quotemaster",,"zoziviseun"
"783063","quotennial",,"ecequfun"
"783064","quoter",,"ocoqan"
"783065","quoters",,"ocoqaun"
"783066","quotes",,"zuzaen"
"783067","quotest",,"ecequaa"
"783068","quoteth",,"zuzavi"
"783069","quoteworthy",,"ucuqokiban"
"783070","quoteworthys",,"ucuqokibun"
"783071","quoth",,"iciqi"
"783072","quotha",,"ucuque"
"783073","quothas",,"ucuquot"
"783074","quothed",,"zuzanon"
"783075","quothing",,"zuzanein"
"783076","quoths",,"iciqeta"
"783077","quotid",,"ocoqat"
"783078","quotidial",,"zuzarou"
"783079","quotidially",,"ocoqivati"
"783080","quotidian",,"zizureen"
"783081","quotidianly",,"eceqovutu"
"783082","quotidianness",,"ocoqivatun"
"783083","quotidiannesss",,"ocoqivatu"
"783084","quotidians",,"zizureon"
"783085","quotidie",,"eceqovet"
"783086","quotids",,"ocoqie"
"783087","quotiens",,"ucuqazo"
"783088","quotienscumque",,"acaqezidan"
"783089","quotient",,"zezorau"
"783090","quotiented",,"ocoqiza"
"783091","quotienting",,"ocoqizagat"
"783092","quotientive",,"eceqozuge"
"783093","quotients",,"zezoraot"
"783094","quoties",,"zuzari"
"783095","quotieties",,"acaqezot"
"783096","quotiety",,"iciquzi"
"783097","quoting",,"eceqoon"
"783098","quotingly",,"zuzareot"
"783099","quotition",,"zuzaroot"
"783100","quotitions",,"zuzaroo"
"783101","quotitive",,"zoziraat"
"783102","quotity",,"ucuqaota"
"783103","quotlibet",,"acaqusu"
"783104","quotron",,"zazeco"
"783105","quotskuyva",,"ocoqivo"
"783106","quott",,"ocoque"
"783107","quotum",,"zozio"
"783108","quotums",,"zozibet"
"783109","quotuple",,"zizuboot"
"783110","quovis",,"zuzoon"
"783111","quoy",,"acaki"
"783112","quoz",,"zozua"
"783113","ququart",,"ocuweun"
"783114","quraish",,"icemui"
"783115","quraishi",,"icemuwun"
"783116","quraishite",,"zuhoreot"
"783117","quran",,"acimeu"
"783118","quranic",,"acimeana"
"783119","quranically",,"acimesito"
"783120","quranimal",,"zahipoi"
"783121","quranism",,"icemusat"
"783122","quranist",,"zohapui"
"783123","quranite",,"zehupie"
"783124","quraniyoon",,"zehupien"
"783125","quraniyun",,"zehupiot"
"783126","quranization",,"zuhopereet"
"783127","quranize",,"zihepain"
"783128","quranized",,"acimesun"
"783129","quranizes",,"zihepaa"
"783130","quranizing",,"acimesen"
"783131","qurano",,"ocamata"
"783132","quranologist",,"icemuhucon"
"783133","qurans",,"acimonu"
"783134","qurashi",,"icemuia"
"783135","quraysh",,"acimoan"
"783136","qurayshite",,"zehulia"
"783137","qurbana",,"zuhinet"
"783138","qurbani",,"zihonu"
"783139","quregister",,"zihamaet"
"783140","qurei",,"zihare"
"783141","qureshi",,"ecutoen"
"783142","qurinet",,"zahapa"
"783143","qursh",,"ocacoa"
"783144","qurshes",,"ecuceoa"
"783145","qurti",,"ecuqoe"
"783146","qurtis",,"ecuqai"
"783147","qurush",,"ecuwae"
"783148","qurushes",,"aciwerun"
"783149","qurut",,"aciwoa"
"783150","qurutob",,"zahowot"
"783151","qusada",,"zajiun"
"783152","qusar",,"zajic"
"783153","qusqu",,"ecahu"
"783154","qutb",,"ecenn"
"783155","qutbism",,"ucunaota"
"783156","qutbist",,"zicoru"
"783157","qutbs",,"ecenoe"
"783158","quti",,"zicia"
"783159","qutian",,"ucunuu"
"783160","qutium",,"zacaot"
"783161","qutrit",,"zicoe"
"783162","qutur",,"acawa"
"783163","quus",,"acectu"
"783164","quux",,"zaqa"
"783165","quuxes",,"zuquo"
"783166","quvenzhan",,"zuwepiun"
"783167","quwain",,"zabiin"
"783168","quwo",,"ecupne"
"783169","quwutsun",,"ucowewa"
"783170","quwyrdaq",,"icekivet"
"783171","quya",,"ucumtu"
"783172","quyen",,"zogup"
"783173","quyent",,"ucutuni"
"783174","quyght",,"uculin"
"783175","quylthulg",,"acatora"
"783176","quynh",,"eceze"
"783177","quyrdaq",,"acajoon"
"783178","quyte",,"zugav"
"783179","quyted",,"eceqea"
"783180","quytes",,"zugao"
"783181","quyting",,"eceqoet"
"783182","quzhou",,"ucamue"
"783183","qvale",,"uqetoa"
"783184","qvarnstr",,"zilepuon"
"783185","qvenland",,"zoseveun"
"783186","qvevri",,"zosui"
"783187","qvga",,"zeki"
"783188","qvist",,"aquco"
"783189","qwadza",,"iwasin"
"783190","qwan",,"zilea"
"783191","qwaqwa",,"ewihu"
"783192","qway",,"iwaki"
"783193","qweasd",,"zusau"
"783194","qwepoi",,"zosoin"
"783195","qwer",,"zusei"
"783196","qwert",,"uwaje"
"783197","qwertier",,"zisawiun"
"783198","qwerties",,"iwujason"
"783199","qwertiest",,"zosuwoen"
"783200","qwerty",,"ewojue"
"783201","qwertys",,"ewojiot"
"783202","qwertyu",,"awejoon"
"783203","qwertyui",,"awejomat"
"783204","qwertyuiop",,"zisawua"
"783205","qwertz",,"zasoan"
"783206","qwest",,"zisew"
"783207","qwon",,"zuzo"
"783208","qword",,"owojua"
"783209","qwylwryght",,"owotoqet"
"783210","qxga",,"zoko"
"783211","qymcd",,"zitut"
"783212","qyoot",,"zuzew"
"783213","qypchaq",,"iduriet"
"783214","qyrghiz",,"zuhinen"
"783215","qyrghyz",,"zehanet"
"783216","qyrgyz",,"udole"
"783217","qyzylbash",,"idukosan"
"783218","qyzylqum",,"udakica"
"783219","qzone",,"ogozaa"
,,,
"Language",,,
"Meaning is Universal. Language is Merely the surface.",,,
"? hzvidib dn pidqzmnvg gvibpvbz dn hzmzgt ocz npmavxz",,,
"? Erozeun ih Utuboqu. Navobuo ih Uretuna ih Ucakeata.",,,
,,,
"Same meaning. Three layers. Zero noise.",,,
"marsji.com",,,
