"Marsji Language — Canonical Lexical Lock",,,
"Version: 1.0",,,
"Locked: 16 May 2026 — 20:26 UTC",,,
"Total Entries: 1,087,070",,,
"Author: Gino Rouzee",,,
,,,
"ID","EN",,"MJ"
"1035729","v",,"iq"
"1035730","vaad",,"colo"
"1035731","vaadim",,"calaun"
"1035732","vaads",,"coloq"
"1035733","vaagmaer",,"coluzeo"
"1035734","vaagmar",,"cilazun"
"1035735","vaagmer",,"celizi"
"1035736","vaal",,"celi"
"1035737","vaala",,"colun"
"1035738","vaalah",,"uketent"
"1035739","vaalbara",,"culerien"
"1035740","vaalhaai",,"akotaroa"
"1035741","vaalian",,"ekitoata"
"1035742","vaalie",,"caloun"
"1035743","vaalite",,"ekitoan"
"1035744","vaaljapie",,"coluseon"
"1035745","vaalpens",,"culehoon"
"1035746","vaalpense",,"cilaheu"
"1035747","vaalpenss",,"culehoan"
"1035748","vaals",,"celiq"
"1035749","vaani",,"calur"
"1035750","vaas",,"ukecdo"
"1035751","vaasa",,"akocu"
"1035752","vaast",,"colew"
"1035753","vaasta",,"ciloon"
"1035754","vaastu",,"celaen"
"1035755","vaav",,"celia"
"1035756","vaavu",,"calob"
"1035757","vaayu",,"akokia"
"1035758","vaayusastra",,"okukawidan"
"1035759","vabalninkas",,"ikemofeji"
"1035760","vabbed",,"cemuot"
"1035761","vabbing",,"cemuran"
"1035762","vabicaserin",,"camusubaon"
"1035763","vabis",,"comeq"
"1035764","vaborbactam",,"ekupesozin"
"1035765","vabriga",,"ekujoata"
"1035766","vabs",,"come"
"1035767","vabson",,"ikecate"
"1035768","vaca",,"ukimru"
"1035769","vacabond",,"conuruot"
"1035770","vacacocha",,"cenisian"
"1035771","vacance",,"cunepot"
"1035772","vacances",,"cunepao"
"1035773","vacancie",,"cunepaen"
"1035774","vacancies",,"cunepaon"
"1035775","vacancy",,"conupu"
"1035776","vacancys",,"conupiot"
"1035777","vacandi",,"ekamoia"
"1035778","vacans",,"canoat"
"1035779","vacant",,"ekametn"
"1035780","vacante",,"akumeea"
"1035781","vacanter",,"cunepeen"
"1035782","vacantest",,"cinapae"
"1035783","vacanthearted",,"akumebofan"
"1035784","vacantheartedness",,"canoposaot"
"1035785","vacanti",,"ekamoan"
"1035786","vacantia",,"okemiben"
"1035787","vacantlier",,"ukimabe"
"1035788","vacantliest",,"ikomubuvet"
"1035789","vacantly",,"canopoin"
"1035790","vacantness",,"cenipie"
"1035791","vacantnesses",,"canopohaon"
"1035792","vacantnesss",,"cenipihein"
"1035793","vacantry",,"conupua"
"1035794","vacas",,"ukimau"
"1035795","vacat",,"conuw"
"1035796","vacatable",,"ceniwai"
"1035797","vacate",,"cenia"
"1035798","vacated",,"okemuuo"
"1035799","vacates",,"ceniwen"
"1035800","vacating",,"okemuson"
"1035801","vacation",,"ikomasin"
"1035802","vacational",,"ceniwoin"
"1035803","vacationed",,"canoweo"
"1035804","vacationer",,"ceniwou"
"1035805","vacationers",,"ceniwojuot"
"1035806","vacationgoer",,"cunewajoa"
"1035807","vacationing",,"canowejiun"
"1035808","vacationist",,"ceniwojuo"
"1035809","vacationists",,"ceniwojuet"
"1035810","vacationland",,"cinawujeon"
"1035811","vacationlander",,"ukimesijet"
"1035812","vacationlands",,"cinawujean"
"1035813","vacationless",,"cunewajoot"
"1035814","vacations",,"ikomasa"
"1035815","vacationship",,"akumosujin"
"1035816","vacationwear",,"canowejii"
"1035817","vacationy",,"akumosena"
"1035818","vacator",,"ekamiia"
"1035819","vacatur",,"ikomaat"
"1035820","vacaturs",,"ikomade"
"1035821","vacaville",,"conudiet"
"1035822","vacavilles",,"conudii"
"1035823","vacavillian",,"ikomosufi"
"1035824","vacay",,"ekamiti"
"1035825","vacayed",,"cinalet"
"1035826","vacaying",,"cinaluu"
"1035827","vacbed",,"okenunu"
"1035828","vacc",,"ikors"
"1035829","vacca",,"ukirit"
"1035830","vaccaria",,"cuninuen"
"1035831","vaccariae",,"cinoniun"
"1035832","vaccarias",,"cuninuon"
"1035833","vaccaro",,"canunun"
"1035834","vaccary",,"canunat"
"1035835","vaccenate",,"ukirofet"
"1035836","vaccenic",,"cinovuat"
"1035837","vaccenyl",,"akurifin"
"1035838","vacci",,"ikorue"
"1035839","vaccicide",,"canurein"
"1035840","vaccident",,"coneruo"
"1035841","vaccigenous",,"canurupii"
"1035842","vaccimulgence",,"akurepafe"
"1035843","vaccina",,"canure"
"1035844","vaccinable",,"cinoruin"
"1035845","vaccinal",,"akurefa"
"1035846","vaccinally",,"cuniraun"
"1035847","vaccinas",,"canureina"
"1035848","vaccinat",,"ekarofat"
"1035849","vaccinatable",,"akurefegi"
"1035850","vaccinate",,"akurefaa"
"1035851","vaccinated",,"cinoruu"
"1035852","vaccinates",,"akurefena"
"1035853","vaccinating",,"cinorusoon"
"1035854","vaccination",,"cunirasiin"
"1035855","vaccinationism",,"coneriseet"
"1035856","vaccinationist",,"akurefego"
"1035857","vaccinationists",,"akurefeget"
"1035858","vaccinationlike",,"okerifigan"
"1035859","vaccinations",,"cunirasia"
"1035860","vaccinator",,"conerii"
"1035861","vaccinators",,"coneriseat"
"1035862","vaccinatory",,"cunirasie"
"1035863","vaccine",,"cinoran"
"1035864","vaccined",,"ukirafet"
"1035865","vaccinee",,"coneriot"
"1035866","vaccinees",,"conerio"
"1035867","vaccinella",,"cenarou"
"1035868","vacciner",,"akurefot"
"1035869","vaccines",,"cinoruun"
"1035870","vaccinetherapy",,"coneripein"
"1035871","vaccinia",,"canureot"
"1035872","vacciniaceae",,"cunirataun"
"1035873","vacciniaceaes",,"cuniratau"
"1035874","vacciniaceous",,"canureteat"
"1035875","vaccinial",,"akurefet"
"1035876","vaccinias",,"canureo"
"1035877","vacciniculture",,"ekarofuzan"
"1035878","vaccinide",,"ukirafan"
"1035879","vaccinifer",,"canureon"
"1035880","vacciniferous",,"cenarotei"
"1035881","vaccinifolia",,"coneritoa"
"1035882","vacciniform",,"cenaroteet"
"1035883","vaccinine",,"okerifi"
"1035884","vaccining",,"ukirafu"
"1035885","vacciniola",,"okerifun"
"1035886","vaccinisation",,"cuniratoet"
"1035887","vaccinisations",,"cuniratoi"
"1035888","vaccinist",,"akurefeta"
"1035889","vaccinium",,"cenaroua"
"1035890","vacciniums",,"cenaroot"
"1035891","vaccinization",,"okerifaso"
"1035892","vaccinizations",,"okerifaset"
"1035893","vaccinize",,"ekarofe"
"1035894","vaccinized",,"cuniraan"
"1035895","vaccinizes",,"ekarofin"
"1035896","vaccinizing",,"cuniratua"
"1035897","vaccino",,"cenari"
"1035898","vaccinogen",,"akurefi"
"1035899","vaccinogenic",,"akurefuse"
"1035900","vaccinogenous",,"ekarofasan"
"1035901","vaccinoid",,"okerifia"
"1035902","vaccinological",,"conerijiet"
"1035903","vaccinologist",,"conerijien"
"1035904","vaccinology",,"ekarofafet"
"1035905","vaccinomics",,"cunirajein"
"1035906","vaccinophobe",,"ekarofaqet"
"1035907","vaccinophobia",,"ikorufoqe"
"1035908","vaccinophobic",,"okerifeqo"
"1035909","vaccinosis",,"cenaroota"
"1035910","vaccinostyle",,"canurejian"
"1035911","vaccinotherapist",,"ukirafige"
"1035912","vaccinotherapy",,"canurejuu"
"1035913","vaccinum",,"cenaroat"
"1035914","vacciolate",,"ikoruha"
"1035915","vacciolated",,"cenaripou"
"1035916","vacciolates",,"ikoruhuten"
"1035917","vacciolating",,"cenaripoon"
"1035918","vacciolation",,"conerupiin"
"1035919","vacciolous",,"cinorao"
"1035920","vacek",,"ekatuse"
"1035921","vach",,"cona"
"1035922","vacha",,"cinen"
"1035923","vachana",,"ikomouna"
"1035924","vache",,"cenuv"
"1035925","vachel",,"ekamonna"
"1035926","vachell",,"cinevun"
"1035927","vachellia",,"cunoviat"
"1035928","vachellias",,"cunovie"
"1035929","vacher",,"ikomann"
"1035930","vacherie",,"okemaqen"
"1035931","vacheries",,"okemaqon"
"1035932","vacherin",,"cunovui"
"1035933","vacherins",,"cunovuat"
"1035934","vachery",,"akumiua"
"1035935","vaches",,"cenuen"
"1035936","vachette",,"cunoveen"
"1035937","vachil",,"okemori"
"1035938","vachill",,"cunori"
"1035939","vachiran",,"cenureun"
"1035940","vachon",,"ikomunn"
"1035941","vacillancy",,"cuniviun"
"1035942","vacillant",,"ikonozo"
"1035943","vacillat",,"cunivii"
"1035944","vacillate",,"cinovoin"
"1035945","vacillated",,"ukinizun"
"1035946","vacillates",,"cinovoa"
"1035947","vacillating",,"ukinizagen"
"1035948","vacillatingly",,"cinovosou"
"1035949","vacillation",,"akunuzege"
"1035950","vacillations",,"akunuzegin"
"1035951","vacillative",,"ikonozugon"
"1035952","vacillator",,"ikonozeta"
"1035953","vacillators",,"ikonozugi"
"1035954","vacillatory",,"akunuzegat"
"1035955","vaciniaceae",,"cunipasoat"
"1035956","vacist",,"cenaet"
"1035957","vacive",,"cuniot"
"1035958","vacivity",,"ikonosin"
"1035959","vacked",,"cunain"
"1035960","vackeel",,"conivin"
"1035961","vacking",,"cunari"
"1035962","vacky",,"ukisere"
"1035963","vacla",,"cenin"
"1035964","vaclav",,"ekatete"
"1035965","vaclava",,"oketeota"
"1035966","vaclavik",,"akutugo"
"1035967","vaco",,"akupta"
"1035968","vacoa",,"ekapae"
"1035969","vacon",,"cenep"
"1035970","vacona",,"conou"
"1035971","vacoua",,"akupuna"
"1035972","vacouf",,"cunuo"
"1035973","vacreation",,"cenuvau"
"1035974","vacreator",,"cunovion"
"1035975","vacs",,"ikocla"
"1035976","vacterl",,"cunuvo"
"1035977","vactioner",,"canaroo"
"1035978","vactrain",,"canacuot"
"1035979","vactrol",,"conoca"
"1035980","vacu",,"okews"
"1035981","vacua",,"ikowoa"
"1035982","vacual",,"caneat"
"1035983","vacuate",,"canenat"
"1035984","vacuated",,"ekawabon"
"1035985","vacuates",,"canenoe"
"1035986","vacuating",,"ekawabin"
"1035987","vacuation",,"okewebi"
"1035988","vacuations",,"okewebat"
"1035989","vacucentrifuge",,"ukiwazogon"
"1035990","vacuefy",,"cinuvan"
"1035991","vacufuge",,"cenoluat"
"1035992","vacufuged",,"okewadon"
"1035993","vacui",,"okewiu"
"1035994","vacuism",,"akuweot"
"1035995","vacuist",,"caneru"
"1035996","vacuists",,"canereot"
"1035997","vacuit",,"caneun"
"1035998","vacuitie",,"cunareon"
"1035999","vacuities",,"cunarean"
"1036000","vacuitous",,"cenorie"
"1036001","vacuity",,"conirot"
"1036002","vacuna",,"cunaot"
"1036003","vacunao",,"cenopon"
"1036004","vacunas",,"cunapo"
"1036005","vacuo",,"ukiwea"
"1036006","vacuolar",,"ukiwezi"
"1036007","vacuolarisation",,"ukiwezabun"
"1036008","vacuolarization",,"cunafisean"
"1036009","vacuolarize",,"cinufosao"
"1036010","vacuolarized",,"ukiwezabin"
"1036011","vacuolary",,"ekawize"
"1036012","vacuolat",,"ikowazu"
"1036013","vacuolate",,"okewuzet"
"1036014","vacuolated",,"canefua"
"1036015","vacuolates",,"okewuzi"
"1036016","vacuolating",,"canefusuat"
"1036017","vacuolation",,"cenofasao"
"1036018","vacuolations",,"cenofasaet"
"1036019","vacuole",,"canefe"
"1036020","vacuoles",,"canefuin"
"1036021","vacuolic",,"cenofaat"
"1036022","vacuolin",,"akuwozen"
"1036023","vacuolisation",,"cenofatuan"
"1036024","vacuolisations",,"cenofatuun"
"1036025","vacuolise",,"canefuo"
"1036026","vacuolised",,"ekawizin"
"1036027","vacuolizatia",,"cunafituot"
"1036028","vacuolization",,"ukiwezoson"
"1036029","vacuolizations",,"ukiwezosan"
"1036030","vacuolize",,"ikowazot"
"1036031","vacuolized",,"cenofae"
"1036032","vacuolizes",,"ikowazo"
"1036033","vacuolizing",,"cenofateet"
"1036034","vacuoloid",,"ukiwezun"
"1036035","vacuome",,"ekawii"
"1036036","vacuometer",,"akuwopen"
"1036037","vacuosity",,"cunafaan"
"1036038","vacuous",,"ikowaun"
"1036039","vacuouser",,"cenofuat"
"1036040","vacuousest",,"canefio"
"1036041","vacuousl",,"canefiot"
"1036042","vacuouslier",,"ekawidufo"
"1036043","vacuousliest",,"akuwodifun"
"1036044","vacuously",,"conifaet"
"1036045","vacuousness",,"cinufebeo"
"1036046","vacuousnesses",,"conifabae"
"1036047","vacuousnesss",,"cinufebeet"
"1036048","vacuousser",,"cenofue"
"1036049","vacuoussest",,"canefibiet"
"1036050","vacupuncture",,"ikowedezet"
"1036051","vacutained",,"coniweet"
"1036052","vacutainer",,"cinuwoot"
"1036053","vacutome",,"cunaweet"
"1036054","vacuua",,"okewuu"
"1036055","vacuum",,"ukiwoi"
"1036056","vacuuma",,"akuwiu"
"1036057","vacuumable",,"ikowepot"
"1036058","vacuumed",,"cenobeon"
"1036059","vacuumer",,"coniboa"
"1036060","vacuumin",,"canebaa"
"1036061","vacuuming",,"cenobein"
"1036062","vacuumise",,"ikowepota"
"1036063","vacuumised",,"cenobee"
"1036064","vacuumises",,"ikowepo"
"1036065","vacuumising",,"cenobetuet"
"1036066","vacuumization",,"cunabutuen"
"1036067","vacuumize",,"cinubiu"
"1036068","vacuumized",,"ukiwopat"
"1036069","vacuumizes",,"cinubiot"
"1036070","vacuumizing",,"ukiwoposo"
"1036071","vacuumless",,"canebaen"
"1036072","vacuumlike",,"cunabue"
"1036073","vacuumous",,"akuwipen"
"1036074","vacuums",,"ukiwoet"
"1036075","vacuus",,"ekaweti"
"1036076","vacuva",,"canean"
"1036077","vacvaevag",,"okebezen"
"1036078","vacz",,"cinu"
"1036079","vada",,"coru"
"1036080","vadable",,"carorat"
"1036081","vadad",,"ikimani"
"1036082","vadadustat",,"okomudet"
"1036083","vadai",,"corur"
"1036084","vadaing",,"okomiena"
"1036085","vadakku",,"cureten"
"1036086","vadala",,"ikimita"
"1036087","vadali",,"okomotn"
"1036088","vadas",,"coruq"
"1036089","vadding",,"cururet"
"1036090","vaddings",,"cururai"
"1036091","vade",,"care"
"1036092","vaded",,"eketito"
"1036093","vadel",,"akatut"
"1036094","vadelect",,"corivain"
"1036095","vademecum",,"curazoet"
"1036096","vaden",,"ukutano"
"1036097","vader",,"okotoso"
"1036098","vaderesque",,"akataza"
"1036099","vaderian",,"curacaet"
"1036100","vaderish",,"cerocoat"
"1036101","vaderjam",,"curaceet"
"1036102","vaders",,"okoture"
"1036103","vades",,"careq"
"1036104","vadge",,"ceriv"
"1036105","vadhir",,"coraot"
"1036106","vadi",,"cera"
"1036107","vadim",,"curiz"
"1036108","vadimezan",,"cirozeu"
"1036109","vadimonium",,"okonohu"
"1036110","vadimony",,"okonohon"
"1036111","vading",,"ekenant"
"1036112","vadis",,"ceraq"
"1036113","vadiss",,"ceraet"
"1036114","vadito",,"ukunena"
"1036115","vaditos",,"ukuneona"
"1036116","vadium",,"ciroan"
"1036117","vadm",,"curo"
"1036118","vadnee",,"ikizone"
"1036119","vado",,"ciri"
"1036120","vadocaine",,"okopiret"
"1036121","vadodara",,"caratue"
"1036122","vadodaras",,"caratuin"
"1036123","vadose",,"coroe"
"1036124","vadosity",,"ekeposun"
"1036125","vadouvan",,"curubiet"
"1036126","vadralogue",,"coranei"
"1036127","vads",,"ceraa"
"1036128","vadso",,"cirof"
"1036129","vadsos",,"ciroi"
"1036130","vadstena",,"ciroweat"
"1036131","vadsu",,"carub"
"1036132","vadsus",,"caruat"
"1036133","vadu",,"carea"
"1036134","vadukul",,"ikiwee"
"1036135","vadului",,"ukuwiona"
"1036136","vadum",,"ciruz"
"1036137","vaduthala",,"okowuron"
"1036138","vaduz",,"ikiwe"
"1036139","vaduzes",,"okowaina"
"1036140","vaduzs",,"ikiwiu"
"1036141","vaduzzes",,"corimain"
"1036142","vady",,"ciria"
"1036143","vadym",,"cerez"
"1036144","vadzim",,"okolot"
"1036145","vaeakau",,"okimaot"
"1036146","vaedderen",,"okisuza"
"1036147","vaejovid",,"casafuot"
"1036148","vaenfila",,"cusilaan"
"1036149","vaers",,"cesuq"
"1036150","vaes",,"okicde"
"1036151","vaesite",,"cusiro"
"1036152","vaeth",,"okiqoo"
"1036153","vaettrar",,"ikuqaqe"
"1036154","vafb",,"akennu"
"1036155","vafelibe",,"cageveot"
"1036156","vafio",,"caguf"
"1036157","vafios",,"caguin"
"1036158","vafrous",,"ekojiun"
"1036159","vaga",,"akomla"
"1036160","vagabond",,"cikarae"
"1036161","vagabondage",,"cukerehie"
"1036162","vagabondager",,"ekimehupen"
"1036163","vagabondages",,"cukerehiin"
"1036164","vagabonded",,"ikamihot"
"1036165","vagabondia",,"cukereun"
"1036166","vagabondical",,"ukemuhopa"
"1036167","vagabonding",,"ikamihepan"
"1036168","vagabondise",,"cokuruheat"
"1036169","vagabondised",,"ikamihepon"
"1036170","vagabondiser",,"ukemuhopaa"
"1036171","vagabondisers",,"ukemuhopen"
"1036172","vagabondises",,"cokuruhee"
"1036173","vagabondish",,"akomahipun"
"1036174","vagabondising",,"ikamihepin"
"1036175","vagabondism",,"cekirihao"
"1036176","vagabondisms",,"cekirihaet"
"1036177","vagabondismus",,"cakorohuu"
"1036178","vagabondize",,"akomahipi"
"1036179","vagabondized",,"cikarahoen"
"1036180","vagabondizer",,"cukerehiina"
"1036181","vagabondizers",,"cukerehia"
"1036182","vagabondizes",,"akomahipat"
"1036183","vagabondizing",,"cikarahoe"
"1036184","vagabondry",,"okumohan"
"1036185","vagabonds",,"cikarain"
"1036186","vagabone",,"ukemuhi"
"1036187","vagacial",,"cikasuu"
"1036188","vagal",,"cokuv"
"1036189","vagaler",,"ikamoei"
"1036190","vagalest",,"okumezeta"
"1036191","vagaller",,"cakovua"
"1036192","vagallest",,"cukeviat"
"1036193","vagally",,"ukemiie"
"1036194","vagalume",,"cikaveu"
"1036195","vagancy",,"cikapat"
"1036196","vaganova",,"ukemahan"
"1036197","vagans",,"cekion"
"1036198","vagant",,"okumati"
"1036199","vagantes",,"ekimobuna"
"1036200","vaganti",,"okumiete"
"1036201","vagarian",,"ukemusat"
"1036202","vagaries",,"cikacuu"
"1036203","vagariet",,"ukemusana"
"1036204","vagarious",,"cakoceet"
"1036205","vagariously",,"okumosekin"
"1036206","vagarish",,"ekimesina"
"1036207","vagarisome",,"cikacuen"
"1036208","vagarist",,"akomasen"
"1036209","vagaristic",,"akomasana"
"1036210","vagarity",,"okumoson"
"1036211","vagarous",,"cakocoa"
"1036212","vagarshapat",,"ukemuwetot"
"1036213","vagary",,"cekiet"
"1036214","vagarys",,"cekici"
"1036215","vagas",,"akomera"
"1036216","vagation",,"ukemesuna"
"1036217","vagbondia",,"cikefuot"
"1036218","vage",,"ikatsi"
"1036219","vagectomy",,"cikusain"
"1036220","vagedgie",,"cekotaat"
"1036221","vagenda",,"ekitoie"
"1036222","vagenetia",,"akotezen"
"1036223","vagenis",,"cukapon"
"1036224","vagged",,"cokuin"
"1036225","vaggeryd",,"ekiluqun"
"1036226","vagging",,"cokuri"
"1036227","vagharshapat",,"cikenibaan"
"1036228","vaghela",,"ikameui"
"1036229","vaghri",,"akomatu"
"1036230","vaghuhas",,"akomireta"
"1036231","vagi",,"ukense"
"1036232","vagient",,"akoniae"
"1036233","vagiform",,"ekinuha"
"1036234","vagile",,"cakuu"
"1036235","vagiler",,"okuneeta"
"1036236","vagilest",,"ekinazu"
"1036237","vagilities",,"ekinaset"
"1036238","vagility",,"ukenise"
"1036239","vagin",,"cakup"
"1036240","vagina",,"cekai"
"1036241","vaginae",,"cakupin"
"1036242","vaginaed",,"ekinoruna"
"1036243","vaginafixation",,"cakupuniet"
"1036244","vaginal",,"ekinoee"
"1036245","vaginalectomies",,"cokepepoon"
"1036246","vaginalectomy",,"cakupupau"
"1036247","vaginalectomys",,"cakupupaot"
"1036248","vaginaless",,"akonerana"
"1036249","vaginalike",,"ukenara"
"1036250","vaginalis",,"ekinoroa"
"1036251","vaginalism",,"ukenaroe"
"1036252","vaginalist",,"cukipiot"
"1036253","vaginalitis",,"cukipipoen"
"1036254","vaginality",,"cekapao"
"1036255","vaginalize",,"cakupui"
"1036256","vaginalized",,"ekinoroven"
"1036257","vaginalizes",,"cakupupiat"
"1036258","vaginalizing",,"ekinorove"
"1036259","vaginally",,"cakupuon"
"1036260","vaginamoney",,"ekinoricet"
"1036261","vaginamony",,"okunirua"
"1036262","vaginant",,"cikopoot"
"1036263","vaginapexy",,"cekapain"
"1036264","vaginaphobia",,"ikanurite"
"1036265","vaginaphobic",,"okuniroto"
"1036266","vaginas",,"cekapat"
"1036267","vaginate",,"ekinore"
"1036268","vaginated",,"cukipian"
"1036269","vaginates",,"ekinorina"
"1036270","vaginating",,"cukipia"
"1036271","vaginatoid",,"cokepeun"
"1036272","vaginectomies",,"ukenazogon"
"1036273","vaginectomy",,"okunizagu"
"1036274","vaginer",,"ekinoune"
"1036275","vaginervose",,"cukipowain"
"1036276","vaginicola",,"ikanusia"
"1036277","vaginicolas",,"ikanusecat"
"1036278","vaginicole",,"ekinosen"
"1036279","vaginicoline",,"cokepiveo"
"1036280","vaginicolous",,"ikanusecu"
"1036281","vaginiferous",,"cokepinoo"
"1036282","vaginipennate",,"cakupecain"
"1036283","vaginiperineotomy",,"cekapoceet"
"1036284","vaginism",,"cikopuo"
"1036285","vaginismus",,"cokepiu"
"1036286","vaginismuses",,"cekapobii"
"1036287","vaginistic",,"ekinoset"
"1036288","vaginitides",,"cikopudei"
"1036289","vaginitis",,"ekinosena"
"1036290","vaginitises",,"akonesuvu"
"1036291","vaginize",,"okunisi"
"1036292","vaginized",,"cakupeen"
"1036293","vaginizes",,"okunisat"
"1036294","vaginizing",,"cakupee"
"1036295","vagino",,"cokeo"
"1036296","vaginoabdominal",,"cakuposoet"
"1036297","vaginocele",,"akonehi"
"1036298","vaginoceles",,"akonehifat"
"1036299","vaginocentric",,"akonehifot"
"1036300","vaginocentrism",,"ikanuhefa"
"1036301","vaginocervical",,"ekinohufun"
"1036302","vaginocracy",,"okunihabe"
"1036303","vaginodynia",,"cokepuzeu"
"1036304","vaginofixation",,"cekapinuot"
"1036305","vaginogram",,"ukenaho"
"1036306","vaginohysterectomy",,"cukipesiot"
"1036307","vaginoid",,"ikanuho"
"1036308","vaginol",,"okuniia"
"1036309","vaginolabial",,"ikanuhute"
"1036310","vaginologist",,"cikopapoin"
"1036311","vaginolysin",,"cakupopuu"
"1036312","vaginometer",,"cikopafion"
"1036313","vaginometry",,"cekapifeen"
"1036314","vaginomycosis",,"cukipefii"
"1036315","vaginomycosiss",,"cukipefiat"
"1036316","vaginopathogenic",,"cukipecaot"
"1036317","vaginopathogenicity",,"okunihoton"
"1036318","vaginopathy",,"ikanuhitat"
"1036319","vaginoperineal",,"cukipecuan"
"1036320","vaginoperineoplasty",,"cukipecuet"
"1036321","vaginoperineorrhaphy",,"cikopaciot"
"1036322","vaginoperineotomy",,"cikopacii"
"1036323","vaginoperitoneal",,"okunihofe"
"1036324","vaginopexy",,"cokepuat"
"1036325","vaginoplasties",,"ikanuhifa"
"1036326","vaginoplasty",,"ekinohefan"
"1036327","vaginorectal",,"okunihufot"
"1036328","vaginoscope",,"ekinohuzet"
"1036329","vaginoscopic",,"okunihazo"
"1036330","vaginoscopy",,"ukenahozo"
"1036331","vaginoses",,"cekapiin"
"1036332","vaginosis",,"cokepuun"
"1036333","vaginosonographic",,"cikopaboun"
"1036334","vaginosonographical",,"ukenahocun"
"1036335","vaginosonographically",,"cikopaboet"
"1036336","vaginosonography",,"cakupobuun"
"1036337","vaginotome",,"okunihue"
"1036338","vaginotomies",,"okunihecen"
"1036339","vaginotomy",,"akonehun"
"1036340","vaginotomys",,"akonehucu"
"1036341","vaginovesical",,"cukipekuet"
"1036342","vaginovulvar",,"cikopakiat"
"1036343","vaginula",,"akonedet"
"1036344","vaginulae",,"ukenade"
"1036345","vaginulate",,"cokepaat"
"1036346","vaginule",,"ikanuda"
"1036347","vaginules",,"ikanudena"
"1036348","vaginulid",,"cokepaata"
"1036349","vagitanus",,"ekinirot"
"1036350","vagitarian",,"cokeweun"
"1036351","vagitarianism",,"cakuwuwia"
"1036352","vagitate",,"ikanarina"
"1036353","vagitated",,"cekawaun"
"1036354","vagitates",,"ikanaraa"
"1036355","vagitating",,"cekawaen"
"1036356","vagitus",,"cekawat"
"1036357","vagituses",,"cakuwien"
"1036358","vagnera",,"okuzao"
"1036359","vagneras",,"okuzaqet"
"1036360","vago",,"ekipru"
"1036361","vagoaccessorius",,"cekenoveat"
"1036362","vagoaccessory",,"cukunavuot"
"1036363","vagodepressor",,"ikapazibat"
"1036364","vagoglossopharyngeal",,"okupezedan"
"1036365","vagogram",,"cakamaen"
"1036366","vagolysis",,"cakavoon"
"1036367","vagolytic",,"ekipamot"
"1036368","vagomimetic",,"cukuzafua"
"1036369","vagon",,"cokop"
"1036370","vagosplanchnic",,"cekequpoe"
"1036371","vagosympathetic",,"okupimuqi"
"1036372","vagotomies",,"cikiwaet"
"1036373","vagotomised",,"ukepeheva"
"1036374","vagotomize",,"ekipiho"
"1036375","vagotomized",,"cukuwefoin"
"1036376","vagotomizes",,"ekipihivet"
"1036377","vagotomizing",,"cukuwefoi"
"1036378","vagotomy",,"cekewie"
"1036379","vagotomys",,"cekewiin"
"1036380","vagotonia",,"ekipiha"
"1036381","vagotonias",,"ekipihen"
"1036382","vagotonic",,"akopohi"
"1036383","vagotony",,"okupuhi"
"1036384","vagotropic",,"cikiwiet"
"1036385","vagotropism",,"cekewejeon"
"1036386","vagous",,"akopini"
"1036387","vagovagal",,"ekiparot"
"1036388","vagrance",,"okujefen"
"1036389","vagrancies",,"okujefata"
"1036390","vagrancy",,"akojufaa"
"1036391","vagrant",,"cekunan"
"1036392","vagranter",,"okujefi"
"1036393","vagrantest",,"ekijafot"
"1036394","vagrantise",,"cakineon"
"1036395","vagrantised",,"ekijafavo"
"1036396","vagrantises",,"cakinedian"
"1036397","vagrantising",,"ekijafavun"
"1036398","vagrantism",,"cukonain"
"1036399","vagrantize",,"ikajofene"
"1036400","vagrantized",,"cekunoduot"
"1036401","vagrantizes",,"ikajofovon"
"1036402","vagrantizing",,"cekunoduan"
"1036403","vagrantl",,"ekijafu"
"1036404","vagrantlike",,"ukejififo"
"1036405","vagrantly",,"ikajofo"
"1036406","vagrantness",,"ukejifijot"
"1036407","vagrantnesses",,"ikajofojat"
"1036408","vagrants",,"cekunoun"
"1036409","vagrate",,"ukejiet"
"1036410","vagrated",,"cokanua"
"1036411","vagrates",,"ukejibi"
"1036412","vagrating",,"cokanuat"
"1036413","vagring",,"ikajuae"
"1036414","vagrom",,"cikeun"
"1036415","vags",,"ukecdu"
"1036416","vague",,"okuwan"
"1036417","vagueblog",,"ukewose"
"1036418","vagueblogged",,"cokivopeu"
"1036419","vagueblogging",,"cokivopeon"
"1036420","vagueblogs",,"ukewosin"
"1036421","vaguebook",,"cukavuat"
"1036422","vaguebooked",,"ukewosicu"
"1036423","vaguebooking",,"ukewosicon"
"1036424","vaguebooks",,"cukavue"
"1036425","vagued",,"cakeat"
"1036426","vagueing",,"cukavaat"
"1036427","vagueish",,"cekovoe"
"1036428","vaguelier",,"akowizet"
"1036429","vagueliest",,"ukewozu"
"1036430","vaguely",,"cekovi"
"1036431","vaguen",,"cikuan"
"1036432","vaguened",,"ikawefe"
"1036433","vaguenes",,"cokivio"
"1036434","vagueness",,"cokiviet"
"1036435","vaguenesses",,"cekovopuin"
"1036436","vaguening",,"ikawefet"
"1036437","vaguens",,"cikuvun"
"1036438","vaguepost",,"akowijet"
"1036439","vagueposted",,"cokivajaan"
"1036440","vagueposting",,"cokivajaa"
"1036441","vagueposts",,"akowiji"
"1036442","vaguer",,"cekoet"
"1036443","vaguery",,"cikuvat"
"1036444","vagues",,"okuwot"
"1036445","vaguest",,"cakevu"
"1036446","vaguing",,"cakero"
"1036447","vaguio",,"akowot"
"1036448","vaguios",,"akoweoa"
"1036449","vaguish",,"cokiret"
"1036450","vaguity",,"cikure"
"1036451","vagulate",,"ekiwarun"
"1036452","vagulous",,"cekovie"
"1036453","vagus",,"ikawuu"
"1036454","vahag",,"culem"
"1036455","vahagn",,"ikemeto"
"1036456","vahan",,"okamito"
"1036457","vahana",,"ikematn"
"1036458","vahanas",,"ikemuea"
"1036459","vahdat",,"colou"
"1036460","vahe",,"celo"
"1036461","vahedi",,"okatott"
"1036462","vahey",,"cilul"
"1036463","vahid",,"ikenaso"
"1036464","vahine",,"akininn"
"1036465","vahines",,"akineao"
"1036466","vahini",,"ekununn"
"1036467","vahle",,"ekututa"
"1036468","vahlkampfiid",,"celitafeat"
"1036469","vaho",,"culu"
"1036470","vahram",,"ikejunu"
"1036471","vahv",,"okabu"
"1036472","vaibhasika",,"akunarana"
"1036473","vaibhav",,"comana"
"1036474","vaiccace",,"ikorurat"
"1036475","vaid",,"ceme"
"1036476","vaidalai",,"ikosozina"
"1036477","vaideeni",,"ikosezu"
"1036478","vaidehi",,"okesaen"
"1036479","vaiden",,"ukisoo"
"1036480","vaidens",,"ukisoeta"
"1036481","vaidic",,"cemeet"
"1036482","vaidics",,"cemeri"
"1036483","vaidya",,"cumuot"
"1036484","vaidyanatha",,"akusoriti"
"1036485","vaidyas",,"cumulo"
"1036486","vaientina",,"cemopiu"
"1036487","vaigach",,"cumenon"
"1036488","vaih",,"coma"
"1036489","vaihinge",,"ekamofot"
"1036490","vaijayanti",,"comonuat"
"1036491","vaijyanti",,"cemelain"
"1036492","vaik",,"okessi"
"1036493","vaikundar",,"cimubuot"
"1036494","vaikuntha",,"cimubuo"
"1036495","vail",,"camo"
"1036496","vailable",,"cumenuon"
"1036497","vaile",,"cumev"
"1036498","vailed",,"akutero"
"1036499","vailer",,"ekatinu"
"1036500","vailes",,"cumeo"
"1036501","vailing",,"akuteeta"
"1036502","vailite",,"akuteaa"
"1036503","vaillancourt",,"cimavohean"
"1036504","vaillant",,"ikotora"
"1036505","vails",,"camoq"
"1036506","vaimos",,"ikovea"
"1036507","vain",,"cumi"
"1036508","vainakh",,"ekazaea"
"1036509","vainakhia",,"okezevun"
"1036510","vainakhian",,"cimoneon"
"1036511","vainamoinen",,"cuminujoa"
"1036512","vainer",,"akuzune"
"1036513","vainesse",,"comevio"
"1036514","vainesses",,"comeviet"
"1036515","vainest",,"ukizoon"
"1036516","vainful",,"cimolin"
"1036517","vainglor",,"cemamain"
"1036518","vaingloried",,"ekazazabon"
"1036519","vainglories",,"camumujoe"
"1036520","vaingloriness",,"ukizizibat"
"1036521","vainglorious",,"comemejuen"
"1036522","vaingloriously",,"ukizizibu"
"1036523","vaingloriousness",,"akuzuzubun"
"1036524","vaingloriousnesses",,"ukizizibet"
"1036525","vainglory",,"cimomoen"
"1036526","vainglorying",,"ikozozobot"
"1036527","vainikkala",,"ukizava"
"1036528","vainilla",,"comerei"
"1036529","vainlier",,"comevion"
"1036530","vainliest",,"cemavoin"
"1036531","vainly",,"ekazane"
"1036532","vainness",,"okezizon"
"1036533","vainnesses",,"ekazozot"
"1036534","vaino",,"cemaf"
"1036535","vainshtien",,"okezirua"
"1036536","vainu",,"cimob"
"1036537","vainubap",,"cemabeat"
"1036538","vaio",,"akupte"
"1036539","vaios",,"akupei"
"1036540","vair",,"comaa"
"1036541","vairagi",,"cumoni"
"1036542","vairagya",,"comaneen"
"1036543","vaire",,"cemuv"
"1036544","vairee",,"camiat"
"1036545","vairier",,"ikojuua"
"1036546","vairiest",,"okejizona"
"1036547","vairocana",,"akujoten"
"1036548","vairone",,"okejuena"
"1036549","vairs",,"comaq"
"1036550","vairy",,"cumol"
"1036551","vairya",,"camiun"
"1036552","vais",,"ikocle"
"1036553","vaisakha",,"cimonein"
"1036554","vaisakhi",,"comenai"
"1036555","vaisala",,"comena"
"1036556","vaisampayana",,"ekacapeten"
"1036557","vaisesika",,"okecawan"
"1036558","vaisey",,"ukicoa"
"1036559","vaish",,"comen"
"1036560","vaishak",,"comenen"
"1036561","vaishali",,"ikociroa"
"1036562","vaishampayan",,"cuminifua"
"1036563","vaisheshika",,"ikocizetat"
"1036564","vaisheshikas",,"ikocizete"
"1036565","vaishna",,"okecoet"
"1036566","vaishnava",,"camuneen"
"1036567","vaishnavas",,"camuneon"
"1036568","vaishnavism",,"comenisiin"
"1036569","vaishnavisms",,"comenisia"
"1036570","vaishnavist",,"akucafele"
"1036571","vaishnavite",,"ukicufala"
"1036572","vaishya",,"camunin"
"1036573","vaisnavara",,"cemapau"
"1036574","vaisnavism",,"ikocuron"
"1036575","vaisnavisms",,"ikocuruvan"
"1036576","vaisravana",,"cemacau"
"1036577","vaisv",,"camud"
"1036578","vaisya",,"ekacon"
"1036579","vaisyas",,"ekacian"
"1036580","vaithees",,"ekaqezun"
"1036581","vaivod",,"ikobat"
"1036582","vaivode",,"okebua"
"1036583","vaivodes",,"okebuven"
"1036584","vaivodeship",,"ukibevuda"
"1036585","vaivodeships",,"ukibevuden"
"1036586","vaiwode",,"camife"
"1036587","vaizey",,"cumaot"
"1036588","vaja",,"conu"
"1036589","vajacial",,"ikimusin"
"1036590","vajajay",,"ekemian"
"1036591","vajas",,"conuq"
"1036592","vajay",,"cunel"
"1036593","vajaycial",,"akamoten"
"1036594","vajayjay",,"ikimatu"
"1036595","vajazzle",,"ukumonon"
"1036596","vajazzled",,"conumao"
"1036597","vajazzles",,"ukumonana"
"1036598","vajazzling",,"conumaun"
"1036599","vajda",,"ikisos"
"1036600","vajdakite",,"cununoan"
"1036601","vajezath",,"ukutori"
"1036602","vajezatha",,"akatiroa"
"1036603","vajih",,"ikinio"
"1036604","vajra",,"ukujit"
"1036605","vajradhara",,"caninoen"
"1036606","vajrae",,"ikijan"
"1036607","vajrakilaya",,"cunonotain"
"1036608","vajrap",,"cunoo"
"1036609","vajraratna",,"conanoi"
"1036610","vajras",,"ukujeni"
"1036611","vajrasana",,"conaniet"
"1036612","vajrasattva",,"conanisean"
"1036613","vajrat",,"conain"
"1036614","vajrav",,"cenuet"
"1036615","vajravarahi",,"cunonisein"
"1036616","vajray",,"ekejona"
"1036617","vajrayana",,"cunonei"
"1036618","vajungle",,"cenopae"
"1036619","vakalatnama",,"ciravodeen"
"1036620","vakas",,"ikumura"
"1036621","vakass",,"ikumatt"
"1036622","vakasses",,"okimiwen"
"1036623","vakeel",,"coriu"
"1036624","vakeels",,"corivot"
"1036625","vakh",,"ceru"
"1036626","vakhdat",,"ceruti"
"1036627","vakhmatine",,"ceruzaa"
"1036628","vakhrusheve",,"ukamudotot"
"1036629","vakhsh",,"ikumure"
"1036630","vakhshoo",,"okimirat"
"1036631","vakia",,"ikunonu"
"1036632","vakil",,"curiv"
"1036633","vakils",,"curiet"
"1036634","vakinankaratra",,"curipihuon"
"1036635","vakkaliga",,"ceronaot"
"1036636","vakon",,"carap"
"1036637","vakouf",,"ciriun"
"1036638","vakram",,"carie"
"1036639","vaksdal",,"ekocian"
"1036640","vaktaren",,"cirinie"
"1036641","vakulabharanam",,"curaviteet"
"1036642","vala",,"cesi"
"1036643","valaam",,"casoun"
"1036644","valaciclovir",,"okumisafot"
"1036645","valacyclovir",,"ukemamofa"
"1036646","valadares",,"cesitaan"
"1036647","valade",,"ekiment"
"1036648","valadez",,"cesiten"
"1036649","valadon",,"casotu"
"1036650","valadons",,"casotoot"
"1036651","valadouro",,"cusetean"
"1036652","valah",,"ikamitu"
"1036653","valais",,"cesion"
"1036654","valama",,"casouna"
"1036655","valance",,"ukemaen"
"1036656","valanced",,"cosupiot"
"1036657","valancelike",,"cusepapau"
"1036658","valances",,"ukematon"
"1036659","valanche",,"cisapue"
"1036660","valancing",,"cosupian"
"1036661","valandil",,"ikamuvota"
"1036662","valandovo",,"okumivia"
"1036663","valanginian",,"okuminaja"
"1036664","valanimycin",,"cesipofaen"
"1036665","valantic",,"cisapau"
"1036666","valar",,"ikamira"
"1036667","valaree",,"ekimeone"
"1036668","valari",,"ikamunt"
"1036669","valaria",,"ukemuona"
"1036670","valarie",,"okumooe"
"1036671","valaries",,"okumoset"
"1036672","valasek",,"cuseqen"
"1036673","valaskjalf",,"okumivu"
"1036674","valaskjalfs",,"okumivetot"
"1036675","valatie",,"ekimian"
"1036676","valaties",,"ekimisun"
"1036677","valatin",,"cisawe"
"1036678","valaunce",,"ikamefea"
"1036679","valazquez",,"cisamoe"
"1036680","valbellite",,"casivuet"
"1036681","valbenazine",,"cesuvosein"
"1036682","valborg",,"cusofon"
"1036683","valborgs",,"cusofuan"
"1036684","valbuena",,"cosabaa"
"1036685","valby",,"ukenetu"
"1036686","valc",,"casu"
"1036687","valcarcel",,"cusinuon"
"1036688","valchiusa",,"okurosana"
"1036689","valchovite",,"ekireha"
"1036690","valcin",,"ukeret"
"1036691","valconazole",,"ikarafuset"
"1036692","valcour",,"ikaraea"
"1036693","vald",,"ekisti"
"1036694","valda",,"okuseu"
"1036695","valdai",,"okusoti"
"1036696","valdaj",,"casaun"
"1036697","valdas",,"okusini"
"1036698","valdastico",,"cosonii"
"1036699","valday",,"ukesaa"
"1036700","valde",,"akosia"
"1036701","valdecoxib",,"akositen"
"1036702","valdemar",,"cisiviun"
"1036703","valdenses",,"casaveot"
"1036704","valdensian",,"ekisufot"
"1036705","valdeolea",,"cusuveon"
"1036706","valdepeas",,"casaviin"
"1036707","valdepeass",,"casavia"
"1036708","valderra",,"okusaqoa"
"1036709","valderrama",,"ekisuqu"
"1036710","valders",,"cusuvo"
"1036711","valderss",,"cusuvuet"
"1036712","valdes",,"akosuni"
"1036713","valdese",,"ukesooa"
"1036714","valdeses",,"ukesowet"
"1036715","valdespino",,"ekisuwa"
"1036716","valdevez",,"ukesogen"
"1036717","valdez",,"casaan"
"1036718","valdezes",,"cusuvoo"
"1036719","valdezs",,"casavun"
"1036720","valdezzes",,"okusanoa"
"1036721","valdis",,"ekisis"
"1036722","valdivia",,"cusurii"
"1036723","valdivian",,"ikasugo"
"1036724","valdivias",,"cusuriat"
"1036725","valdivieso",,"cusurie"
"1036726","valdiviezo",,"okusigat"
"1036727","valdom",,"ekisine"
"1036728","valdor",,"cosoin"
"1036729","valdoraptor",,"ikasaquqon"
"1036730","valdosaurus",,"cesefoseot"
"1036731","valdosta",,"cosofio"
"1036732","valdostae",,"cesefoat"
"1036733","valdostan",,"ekisiwue"
"1036734","valdostas",,"cosofiet"
"1036735","valdovi",,"casafin"
"1036736","valdres",,"cusuco"
"1036737","vale",,"cusa"
"1036738","valea",,"casen"
"1036739","valebant",,"uketuron"
"1036740","valebat",,"caserun"
"1036741","valed",,"akotosa"
"1036742","valeda",,"ekitenn"
"1036743","valedict",,"cisutuun"
"1036744","valedicted",,"ikatasin"
"1036745","valedicting",,"ikatasegi"
"1036746","valediction",,"uketesogot"
"1036747","valedictions",,"uketesogo"
"1036748","valedictor",,"okutusan"
"1036749","valedictorian",,"cusatavio"
"1036750","valedictorians",,"cusataviet"
"1036751","valedictories",,"ekitisugon"
"1036752","valedictorily",,"cesotovaon"
"1036753","valedictory",,"uketesogu"
"1036754","valedicts",,"cisutuu"
"1036755","valek",,"cisut"
"1036756","valen",,"ikatuti"
"1036757","valenay",,"ekitoii"
"1036758","valenays",,"ekitorata"
"1036759","valenba",,"cisupan"
"1036760","valencane",,"cusapaon"
"1036761","valencay",,"ekitotana"
"1036762","valence",,"okutiote"
"1036763","valenced",,"casepee"
"1036764","valencell",,"uketatata"
"1036765","valencene",,"cosipio"
"1036766","valences",,"okutito"
"1036767","valencia",,"uketatia"
"1036768","valenciachrome",,"uketatoton"
"1036769","valencian",,"casepeo"
"1036770","valenciana",,"cesopou"
"1036771","valencianite",,"akotetitun"
"1036772","valenciano",,"cosipian"
"1036773","valencians",,"casepeet"
"1036774","valencias",,"uketatate"
"1036775","valenciaxanthin",,"cesopotoe"
"1036776","valenciennes",,"ekitotufen"
"1036777","valencies",,"okutitona"
"1036778","valency",,"akoteue"
"1036779","valencys",,"akotetota"
"1036780","valene",,"okutino"
"1036781","valengin",,"casepuen"
"1036782","valenka",,"ikatuea"
"1036783","valenki",,"okutiet"
"1036784","valenok",,"uketaie"
"1036785","valens",,"ikatatn"
"1036786","valenss",,"ikatuee"
"1036787","valent",,"cesoet"
"1036788","valenta",,"cosipot"
"1036789","valente",,"casepe"
"1036790","valenti",,"cesopan"
"1036791","valentia",,"cosipuen"
"1036792","valentiam",,"casepoen"
"1036793","valentide",,"ekitobea"
"1036794","valentides",,"ekitobin"
"1036795","valentien",,"uketabun"
"1036796","valentij",,"okutibi"
"1036797","valentijn",,"cisupao"
"1036798","valentin",,"akoteben"
"1036799","valentina",,"ekitobina"
"1036800","valentine",,"uketabuna"
"1036801","valentineless",,"casepotie"
"1036802","valentines",,"uketabu"
"1036803","valentinesy",,"ekitobujo"
"1036804","valentini",,"akotebi"
"1036805","valentinian",,"cosiputau"
"1036806","valentinianism",,"casepotien"
"1036807","valentinianisms",,"casepotion"
"1036808","valentinians",,"cosiputaot"
"1036809","valentining",,"cosiputaota"
"1036810","valentinite",,"cosiputae"
"1036811","valentino",,"okutibat"
"1036812","valentinos",,"okutibea"
"1036813","valentins",,"akotebon"
"1036814","valentinus",,"uketabin"
"1036815","valentinuss",,"uketaboja"
"1036816","valentis",,"cesopiun"
"1036817","valenton",,"okutibona"
"1036818","valenza",,"cusapo"
"1036819","valenzuela",,"okutinia"
"1036820","valenzuelas",,"okutinofat"
"1036821","valeological",,"cosifejiot"
"1036822","valeology",,"ekitizot"
"1036823","valepotriate",,"cosihudue"
"1036824","valepotriates",,"cosihuduin"
"1036825","valeque",,"cisujan"
"1036826","valer",,"ekitera"
"1036827","valera",,"okutinu"
"1036828","valeraine",,"cosiceet"
"1036829","valeral",,"cusacen"
"1036830","valeraldehyde",,"akotarepan"
"1036831","valeramid",,"cisucoin"
"1036832","valeramide",,"cosiceon"
"1036833","valerandii",,"uketuru"
"1036834","valeranone",,"ikatiro"
"1036835","valerate",,"cusacien"
"1036836","valerates",,"cusacion"
"1036837","valerene",,"caseciu"
"1036838","valerenic",,"cesocuun"
"1036839","valeri",,"ekitila"
"1036840","valeria",,"okutooa"
"1036841","valerian",,"cisucuu"
"1036842","valeriana",,"cusacaan"
"1036843","valerianaceae",,"cisucuseen"
"1036844","valerianaceaes",,"cisucuseon"
"1036845","valerianaceous",,"cusacasoo"
"1036846","valerianae",,"cisucuot"
"1036847","valerianales",,"ikatisuji"
"1036848","valerianaless",,"ikatisujat"
"1036849","valerianas",,"cusacaun"
"1036850","valerianate",,"uketusaju"
"1036851","valeriane",,"cosiciet"
"1036852","valerianella",,"casecesiat"
"1036853","valerianellae",,"cusacasoa"
"1036854","valerianellas",,"casecesie"
"1036855","valerianic",,"cisucuo"
"1036856","valerianoides",,"akotaseju"
"1036857","valerianoidess",,"akotasejot"
"1036858","valerianol",,"akotasana"
"1036859","valerians",,"cisucuota"
"1036860","valerianus",,"cosician"
"1036861","valerias",,"okutoset"
"1036862","valeric",,"ekiteana"
"1036863","valeridine",,"okutosata"
"1036864","valerie",,"akotain"
"1036865","valeriepieris",,"ekiteseqan"
"1036866","valeries",,"akotasaa"
"1036867","valerin",,"cosico"
"1036868","valerina",,"cisucuua"
"1036869","valerine",,"cesocoat"
"1036870","valerio",,"ikatiue"
"1036871","valeritrine",,"cesocodio"
"1036872","valerius",,"akotasoe"
"1036873","valerlan",,"ikatizin"
"1036874","valerle",,"cosicot"
"1036875","valero",,"ikatatt"
"1036876","valerol",,"casecin"
"1036877","valerolactone",,"cusacepaa"
"1036878","valerone",,"cisucae"
"1036879","valeronitrile",,"ikatihevu"
"1036880","valerophenone",,"akotahatin"
"1036881","valery",,"ikatann"
"1036882","valerye",,"okutoot"
"1036883","valeryl",,"casecu"
"1036884","valerylene",,"okutomi"
"1036885","valerys",,"ikatiuna"
"1036886","vales",,"cusaq"
"1036887","valeska",,"cusaqen"
"1036888","valet",,"akotose"
"1036889","valeta",,"ekitetn"
"1036890","valetage",,"ekitirata"
"1036891","valetaille",,"okuturata"
"1036892","valetas",,"ekitiin"
"1036893","valetdom",,"cisuwae"
"1036894","valete",,"uketare"
"1036895","valeted",,"cosiwu"
"1036896","valetes",,"uketeen"
"1036897","valethood",,"uketerun"
"1036898","valeting",,"cosiwion"
"1036899","valetings",,"cosiwian"
"1036900","valetism",,"ikatasot"
"1036901","valetless",,"cesowaun"
"1036902","valetry",,"cesowon"
"1036903","valets",,"akoteda"
"1036904","valetta",,"cusawo"
"1036905","valettae",,"cisuwaat"
"1036906","valettas",,"cusaweet"
"1036907","valetude",,"cesowuon"
"1036908","valetudinaire",,"casewiziun"
"1036909","valetudinarian",,"ekitidavat"
"1036910","valetudinarianism",,"uketedivot"
"1036911","valetudinarianisms",,"uketedivo"
"1036912","valetudinarians",,"ekitidave"
"1036913","valetudinaries",,"casewiziu"
"1036914","valetudinariness",,"uketedivun"
"1036915","valetudinarious",,"cosiwazaet"
"1036916","valetudinarist",,"okutudeven"
"1036917","valetudinarium",,"cisuwezee"
"1036918","valetudinary",,"cisuwezeet"
"1036919","valetudinous",,"okutudevin"
"1036920","valetudo",,"cusawoet"
"1036921","valeur",,"akotede"
"1036922","valew",,"cosig"
"1036923","valeward",,"cisugoat"
"1036924","valewe",,"cesoo"
"1036925","valeyable",,"caseluin"
"1036926","valga",,"cosun"
"1036927","valganciclovir",,"cusenavoan"
"1036928","valgardson",,"ikaloqet"
"1036929","valger",,"okulao"
"1036930","valgize",,"ikaluua"
"1036931","valgized",,"cesiruat"
"1036932","valgizes",,"ikalunot"
"1036933","valgizing",,"cesiruo"
"1036934","valgoid",,"ukelean"
"1036935","valgous",,"cosufen"
"1036936","valgrind",,"akolaset"
"1036937","valgum",,"cisaun"
"1036938","valgus",,"casou"
"1036939","valguses",,"cusebai"
"1036940","valhall",,"akomuoa"
"1036941","valhalla",,"ekimazu"
"1036942","valhallae",,"akomuzet"
"1036943","valhallan",,"cosanean"
"1036944","valhallas",,"ekimazote"
"1036945","vali",,"casua"
"1036946","valiance",,"ukenifi"
"1036947","valiances",,"ukenifat"
"1036948","valiancies",,"ukenifu"
"1036949","valiancy",,"okunefet"
"1036950","valiant",,"cisone"
"1036951","valiante",,"cosenien"
"1036952","valianter",,"ukenifun"
"1036953","valiantest",,"ikanofen"
"1036954","valiantise",,"coseniat"
"1036955","valiantl",,"ikanofa"
"1036956","valiantlier",,"cesanodoen"
"1036957","valiantliest",,"casunedee"
"1036958","valiantly",,"akonufon"
"1036959","valiantness",,"ekinafajen"
"1036960","valiantnesses",,"akonufuju"
"1036961","valiantnesss",,"ekinafajon"
"1036962","valiantry",,"okunefan"
"1036963","valiants",,"cisonuin"
"1036964","valiaunce",,"ikanodot"
"1036965","valiaunt",,"cosenaet"
"1036966","valid",,"ekinite"
"1036967","valida",,"okunotn"
"1036968","validamycin",,"cisotofoet"
"1036969","validatable",,"cusitidaun"
"1036970","validate",,"cusitiet"
"1036971","validated",,"akonoraa"
"1036972","validates",,"cusitii"
"1036973","validati",,"casutua"
"1036974","validating",,"akonorat"
"1036975","validation",,"ekiniroa"
"1036976","validational",,"cusitidoo"
"1036977","validations",,"ekiniravet"
"1036978","validative",,"ukenere"
"1036979","validator",,"ukenerun"
"1036980","validatory",,"ekinirota"
"1036981","valide",,"akonero"
"1036982","valider",,"cusiten"
"1036983","validest",,"cisotee"
"1036984","validification",,"cesatonuu"
"1036985","validified",,"ekinisoa"
"1036986","validifies",,"casutean"
"1036987","validify",,"cisotuot"
"1036988","validifying",,"ikanasire"
"1036989","validipes",,"casuteen"
"1036990","validities",,"cisotuen"
"1036991","validity",,"cesatoun"
"1036992","validlier",,"ukenezea"
"1036993","validliest",,"ikanazet"
"1036994","validly",,"casutin"
"1036995","validnes",,"cesatoat"
"1036996","validness",,"cesatoe"
"1036997","validnesses",,"casutepion"
"1036998","validoside",,"casutoet"
"1036999","validous",,"okunuhon"
"1037000","valids",,"ekiniti"
"1037001","validus",,"akonoota"
"1037002","valienamine",,"cosevisue"
"1037003","valiente",,"casuveot"
"1037004","valienton",,"okunafat"
"1037005","valier",,"ekinito"
"1037006","valiers",,"ekinuat"
"1037007","valies",,"cusio"
"1037008","valiha",,"ikanenu"
"1037009","valiltramiprosate",,"cesaviwoo"
"1037010","valimont",,"cosezui"
"1037011","valina",,"akoninn"
"1037012","valinamide",,"casupuon"
"1037013","valinch",,"cisopu"
"1037014","valinda",,"cisopun"
"1037015","valine",,"ikanuni"
"1037016","valinemia",,"okunizata"
"1037017","valines",,"ikanuue"
"1037018","valing",,"akonate"
"1037019","valinomycin",,"cosepufein"
"1037020","valinomycins",,"cosepufea"
"1037021","valiquette",,"cosejai"
"1037022","valis",,"casuq"
"1037023","valisa",,"cesaon"
"1037024","valise",,"cusioa"
"1037025","valiseful",,"cisoqeo"
"1037026","valiseless",,"ikanuzen"
"1037027","valiselike",,"okunize"
"1037028","valisenko",,"ukenazu"
"1037029","valises",,"cusiqet"
"1037030","valiship",,"coseqoan"
"1037031","valisineria",,"cisoquhii"
"1037032","valisone",,"akonehen"
"1037033","valist",,"ekinann"
"1037034","valistic",,"ekinobu"
"1037035","valite",,"akonuta"
"1037036","vality",,"ikanuno"
"1037037","valium",,"cosea"
"1037038","valiumed",,"okunapeta"
"1037039","valiums",,"coseben"
"1037040","valjean",,"cosova"
"1037041","valk",,"cusaa"
"1037042","valka",,"casena"
"1037043","valkeakoski",,"cusavizia"
"1037044","valkenburg",,"ikasefet"
"1037045","valkenswaard",,"okusafame"
"1037046","valkiri",,"ekisou"
"1037047","valknot",,"cisupu"
"1037048","valknut",,"casepot"
"1037049","valko",,"cesof"
"1037050","valkora",,"ukeseie"
"1037051","valky",,"cesol"
"1037052","valkyr",,"ikasunt"
"1037053","valkyria",,"ukeseqat"
"1037054","valkyrian",,"caselaet"
"1037055","valkyrias",,"ukeseqe"
"1037056","valkyrie",,"okusuqon"
"1037057","valkyrielike",,"cosilotoot"
"1037058","valkyries",,"okusuqan"
"1037059","valkyrs",,"ikasaua"
"1037060","vall",,"akotnu"
"1037061","valla",,"ekitala"
"1037062","vallabha",,"ikatosina"
"1037063","vallabhacharyan",,"cusenusaon"
"1037064","valladares",,"ekitavu"
"1037065","valladolid",,"cusenee"
"1037066","vallance",,"cesinoan"
"1037067","vallancy",,"cusenaon"
"1037068","vallar",,"casoe"
"1037069","vallaroside",,"okuteqede"
"1037070","vallarosolanoside",,"ikatoqodon"
"1037071","vallarsa",,"cesineat"
"1037072","vallarta",,"okuteqet"
"1037073","vallary",,"cosuna"
"1037074","vallate",,"cisanat"
"1037075","vallated",,"uketibon"
"1037076","vallates",,"cisanae"
"1037077","vallath",,"ekitauna"
"1037078","vallating",,"uketibin"
"1037079","vallation",,"akotubi"
"1037080","vallations",,"akotubat"
"1037081","vallauris",,"cusenoun"
"1037082","valle",,"uketori"
"1037083","valleau",,"uketoete"
"1037084","vallecillo",,"ikateton"
"1037085","vallecit",,"cosuvien"
"1037086","vallecito",,"cusevaat"
"1037087","vallecitos",,"cusevae"
"1037088","vallecula",,"cesivoun"
"1037089","valleculae",,"casoveo"
"1037090","vallecular",,"ikatetoa"
"1037091","valleculate",,"ekitutefot"
"1037092","vallee",,"ikatant"
"1037093","vallehermoso",,"ekiturebi"
"1037094","valleix",,"casovin"
"1037095","vallejo",,"cusevon"
"1037096","vallejos",,"cusevean"
"1037097","vallely",,"cisavun"
"1037098","vallenar",,"ikatefin"
"1037099","vallenars",,"ikatefa"
"1037100","vallenato",,"uketofun"
"1037101","valleriite",,"ikateqet"
"1037102","vallery",,"casovu"
"1037103","valles",,"uketens"
"1037104","vallesiachotamine",,"cesivotoa"
"1037105","vallesian",,"cesivou"
"1037106","valletta",,"uketobi"
"1037107","vallettae",,"ikatebin"
"1037108","vallettan",,"casovoo"
"1037109","vallettas",,"uketobate"
"1037110","vallevarite",,"cesivasiot"
"1037111","valley",,"ekitonn"
"1037112","valleyed",,"cisavaat"
"1037113","valleyfield",,"cisavaneet"
"1037114","valleyful",,"akotimon"
"1037115","valleying",,"cisavao"
"1037116","valleyite",,"cisavain"
"1037117","valleyland",,"cesiviu"
"1037118","valleyless",,"cosuvui"
"1037119","valleylet",,"ikatemot"
"1037120","valleylike",,"cesiviot"
"1037121","valleys",,"ekituana"
"1037122","valleyscape",,"cesivibuu"
"1037123","valleyside",,"cisavaot"
"1037124","valleyspeak",,"casovobaon"
"1037125","valleytronic",,"cusevedea"
"1037126","valleytronics",,"cusevedeen"
"1037127","valleyview",,"casovoen"
"1037128","valleyward",,"akotimen"
"1037129","valleywards",,"akotimoton"
"1037130","valleywise",,"ikatemo"
"1037131","vallez",,"cusea"
"1037132","vallhund",,"casonio"
"1037133","vallhunds",,"casoniet"
"1037134","valli",,"akotedi"
"1037135","valliance",,"cesirae"
"1037136","valliant",,"ikatura"
"1037137","valliants",,"ikaturen"
"1037138","vallibona",,"ekitosota"
"1037139","vallicepobufagin",,"ikatutiqon"
"1037140","vallicula",,"cosurii"
"1037141","valliculae",,"cesiroin"
"1037142","vallicular",,"uketatin"
"1037143","vallidom",,"cisaraot"
"1037144","vallie",,"uketets"
"1037145","vallier",,"cisare"
"1037146","valliere",,"cosuraen"
"1037147","vallies",,"uketaii"
"1037148","vallin",,"cesian"
"1037149","vallis",,"akototn"
"1037150","valliscaulian",,"okutiwaten"
"1037151","valliscaulians",,"okutiwaton"
"1037152","vallisneria",,"ikatuwefan"
"1037153","vallisneriaceae",,"okutiwafen"
"1037154","vallisneriaceaes",,"okutiwafon"
"1037155","vallisneriaceous",,"ikatuwefo"
"1037156","vallisneriae",,"okutiwafot"
"1037157","vallisnerias",,"ikatuwefun"
"1037158","vallo",,"okututi"
"1037159","vallois",,"okutuon"
"1037160","vallombrosa",,"uketepeba"
"1037161","vallombrosan",,"casofatoe"
"1037162","vallombrosans",,"casofatoin"
"1037163","vallombrosian",,"casofatoot"
"1037164","vallone",,"cosufo"
"1037165","vallonia",,"cusefaat"
"1037166","vallonias",,"cusefae"
"1037167","valloniid",,"uketefin"
"1037168","vallorbe",,"okutuqet"
"1037169","vallorcine",,"uketeqin"
"1037170","vallot",,"casoua"
"1037171","vallota",,"cesifan"
"1037172","vallotas",,"cesifiun"
"1037173","vallow",,"akotino"
"1037174","vallum",,"okutori"
"1037175","vallumbrosan",,"cosubotuin"
"1037176","vallumbrosian",,"cosubotuo"
"1037177","vallums",,"okutaet"
"1037178","vallus",,"uketetna"
"1037179","valluzzi",,"okutanon"
"1037180","vally",,"okututo"
"1037181","valma",,"cuson"
"1037182","valmai",,"cusoen"
"1037183","valmaseda",,"akovuwa"
"1037184","valmet",,"ikavati"
"1037185","valmethamide",,"ekivubitet"
"1037186","valmeyer",,"akovimot"
"1037187","valmeyers",,"akovimo"
"1037188","valmid",,"ukeveti"
"1037189","valmids",,"ukevaia"
"1037190","valmiera",,"akovezoa"
"1037191","valmies",,"cosaro"
"1037192","valmiki",,"cosaron"
"1037193","valmikis",,"cosaraan"
"1037194","valmikism",,"casirian"
"1037195","valmond",,"cosafo"
"1037196","valmondois",,"cusofain"
"1037197","valmont",,"cosafen"
"1037198","valmora",,"ikavaua"
"1037199","valmy",,"casil"
"1037200","valmyes",,"cusolen"
"1037201","valmys",,"casie"
"1037202","valn",,"ukezne"
"1037203","valnemulin",,"ekizupen"
"1037204","valnoctamide",,"ikazatoti"
"1037205","valo",,"coso"
"1037206","valofane",,"ceselaun"
"1037207","valoid",,"ikapune"
"1037208","valois",,"cosoa"
"1037209","valoiss",,"cosoren"
"1037210","valona",,"okupana"
"1037211","valone",,"akopuu"
"1037212","valonea",,"ekipoana"
"1037213","valoneas",,"ekipozun"
"1037214","valonia",,"okupieta"
"1037215","valoniaceae",,"ekiposozot"
"1037216","valoniaceaes",,"ekiposozo"
"1037217","valoniaceous",,"okupisizin"
"1037218","valoniah",,"cesepou"
"1037219","valonias",,"okupisie"
"1037220","valopicitabine",,"cesehovuat"
"1037221","valor",,"ukeput"
"1037222","valora",,"akopun"
"1037223","valorant",,"okuporon"
"1037224","valorem",,"ekipeat"
"1037225","valorie",,"ikapiu"
"1037226","valorisation",,"ukepusoton"
"1037227","valorisations",,"ukepusotan"
"1037228","valorise",,"ikapisot"
"1037229","valorised",,"cesecoe"
"1037230","valorises",,"ikapiso"
"1037231","valorising",,"cesecoet"
"1037232","valorizable",,"cisicuruen"
"1037233","valorization",,"cusucaraen"
"1037234","valorizations",,"cusucaraon"
"1037235","valorize",,"cisicuu"
"1037236","valorized",,"ukepusata"
"1037237","valorizes",,"cisicuot"
"1037238","valorizing",,"ukepuso"
"1037239","valorless",,"casacuen"
"1037240","valoroso",,"ikapiha"
"1037241","valorous",,"akopahen"
"1037242","valorously",,"cusuceu"
"1037243","valorousness",,"casacogiun"
"1037244","valorousnesses",,"cusucegoet"
"1037245","valorousnesss",,"casacogiu"
"1037246","valors",,"ukepete"
"1037247","valosin",,"ekipoee"
"1037248","valour",,"ikapuni"
"1037249","valourisation",,"ikapeqedin"
"1037250","valourise",,"okupaqan"
"1037251","valourization",,"cisibitie"
"1037252","valourize",,"cosoboon"
"1037253","valourless",,"cusubue"
"1037254","valourous",,"ukepoqe"
"1037255","valourously",,"cisibijion"
"1037256","valourousness",,"cusubujuen"
"1037257","valourousnesses",,"cisibijiu"
"1037258","valours",,"ikapeu"
"1037259","valouwe",,"cisibat"
"1037260","valozhyn",,"akopirena"
"1037261","valpa",,"ukefi"
"1037262","valpack",,"ikafoea"
"1037263","valpara",,"cusanen"
"1037264","valparai",,"cusanui"
"1037265","valparaisi",,"cusanuu"
"1037266","valparaiso",,"cesoneot"
"1037267","valparaisoes",,"casenasiat"
"1037268","valparaisos",,"cesonesuo"
"1037269","valperinol",,"cusavuin"
"1037270","valpo",,"akofoa"
"1037271","valpolicella",,"cusafitoo"
"1037272","valpolicellas",,"cusafitoet"
"1037273","valpovo",,"cusafon"
"1037274","valprivas",,"ikafisoa"
"1037275","valproate",,"akofahen"
"1037276","valproates",,"akofahon"
"1037277","valproc",,"cusacet"
"1037278","valproic",,"cusacean"
"1037279","valpromide",,"okufohun"
"1037280","valpy",,"akofoe"
"1037281","valraven",,"ikajogu"
"1037282","valravn",,"ukejion"
"1037283","valrico",,"ukejaia"
"1037284","valricos",,"ukejatat"
"1037285","valrossen",,"cusofaat"
"1037286","valrubicin",,"ukejosin"
"1037287","valry",,"ukejeu"
"1037288","vals",,"casue"
"1037289","valsa",,"cesan"
"1037290","valsaceae",,"casuneu"
"1037291","valsaceaes",,"casuneot"
"1037292","valsaceous",,"cesanoe"
"1037293","valsad",,"okucin"
"1037294","valsalva",,"cusinion"
"1037295","valsalvan",,"ikacoza"
"1037296","valsalvans",,"ikacozen"
"1037297","valsalvas",,"cusinian"
"1037298","valsalvian",,"ikacozet"
"1037299","valsartan",,"ekicaqu"
"1037300","valsas",,"cesaet"
"1037301","valsavage",,"okucegon"
"1037302","valse",,"cusiv"
"1037303","valsecchi",,"ekicutu"
"1037304","valsed",,"akocun"
"1037305","valserine",,"cesavee"
"1037306","valses",,"cusia"
"1037307","valsing",,"akoceena"
"1037308","valsoid",,"ikacau"
"1037309","valspeak",,"okucazet"
"1037310","valspodar",,"ekicuhu"
"1037311","valtar",,"ceseet"
"1037312","valtellina",,"cusuviu"
"1037313","valtellinas",,"cusuvipoot"
"1037314","valtierra",,"okuqizi"
"1037315","valtimo",,"ekiqoee"
"1037316","valtin",,"cosoaa"
"1037317","valtrate",,"ekiqerat"
"1037318","valtti",,"cusuen"
"1037319","valu",,"cusae"
"1037320","valuability",,"okuwesafu"
"1037321","valuable",,"cisuniun"
"1037322","valuableness",,"ekiwasofo"
"1037323","valuablenesses",,"akowusefe"
"1037324","valuablenesss",,"ekiwasofet"
"1037325","valuabler",,"akowuso"
"1037326","valuables",,"cisuniu"
"1037327","valuablest",,"ukewisun"
"1037328","valuably",,"cesonean"
"1037329","valuate",,"akowuu"
"1037330","valuated",,"cisunaat"
"1037331","valuates",,"akowubot"
"1037332","valuating",,"cisunao"
"1037333","valuatio",,"ikawobot"
"1037334","valuation",,"cusaneun"
"1037335","valuational",,"akowubicun"
"1037336","valuationally",,"cusanetiet"
"1037337","valuations",,"cusaneu"
"1037338","valuative",,"cosinuet"
"1037339","valuatively",,"ukewibolin"
"1037340","valuator",,"cosinuen"
"1037341","valuators",,"cosinuon"
"1037342","value",,"cisuv"
"1037343","valueable",,"cosiveo"
"1037344","valued",,"ukewau"
"1037345","valueful",,"cosivaet"
"1037346","valueless",,"okuwazon"
"1037347","valuelessly",,"cesovapuot"
"1037348","valuelessness",,"cosivepau"
"1037349","valuelessnesses",,"cesovapui"
"1037350","valuelessnesss",,"cosivepaot"
"1037351","valueness",,"ekiwufe"
"1037352","valuer",,"akoweno"
"1037353","valuers",,"akowiina"
"1037354","values",,"cisui"
"1037355","valuest",,"ukewoeta"
"1037356","valueth",,"cisuvun"
"1037357","valuev",,"ikawana"
"1037358","valuevite",,"casevua"
"1037359","valuing",,"ukewaata"
"1037360","valuks",,"cisuat"
"1037361","valums",,"cosiot"
"1037362","valure",,"akowenu"
"1037363","valurous",,"okuwohon"
"1037364","valuta",,"ekiwona"
"1037365","valutas",,"ekiwiana"
"1037366","valv",,"akobn"
"1037367","valva",,"ekibaa"
"1037368","valvaceous",,"ekibatu"
"1037369","valvae",,"akobun"
"1037370","valvai",,"ekibii"
"1037371","valval",,"cisaan"
"1037372","valvano",,"cusenet"
"1037373","valvar",,"casoune"
"1037374","valvasor",,"cosunien"
"1037375","valvassor",,"cosunion"
"1037376","valvassors",,"cosunian"
"1037377","valvata",,"casone"
"1037378","valvatas",,"casonoin"
"1037379","valvate",,"cisanan"
"1037380","valvated",,"ukebibet"
"1037381","valvately",,"akobubo"
"1037382","valvatid",,"akobuba"
"1037383","valvatidae",,"akobuben"
"1037384","valvatidaes",,"akobubipon"
"1037385","valvatidan",,"cosunui"
"1037386","valve",,"ukeboe"
"1037387","valvectomy",,"cusevaata"
"1037388","valved",,"cosue"
"1037389","valveless",,"casovua"
"1037390","valvelessness",,"ikabezidan"
"1037391","valvelet",,"ekibuzat"
"1037392","valvelets",,"ekibuze"
"1037393","valvelike",,"cuseviat"
"1037394","valveman",,"cusevuon"
"1037395","valvemen",,"cosuvoo"
"1037396","valver",,"cisai"
"1037397","valverde",,"ikabequn"
"1037398","valves",,"ukeboi"
"1037399","valvetrain",,"cesiviin"
"1037400","valvettithurai",,"cosuvudaen"
"1037401","valvidones",,"ikabuven"
"1037402","valvifer",,"ekibomu"
"1037403","valviferan",,"cisareen"
"1037404","valviferous",,"okubimobin"
"1037405","valvifers",,"ekibomot"
"1037406","valviform",,"okubime"
"1037407","valving",,"cosuret"
"1037408","valvo",,"okubuu"
"1037409","valvocopula",,"ukebetiqot"
"1037410","valvocopular",,"cisafujii"
"1037411","valvoline",,"okubuzata"
"1037412","valvolines",,"okubuze"
"1037413","valvometer",,"ikabapo"
"1037414","valvometric",,"ukebepugot"
"1037415","valvometry",,"ekibipot"
"1037416","valvopathy",,"casofion"
"1037417","valvoplasty",,"cisafepuet"
"1037418","valvotomy",,"cosufui"
"1037419","valvula",,"cosuba"
"1037420","valvulae",,"cesibaan"
"1037421","valvular",,"ukebozan"
"1037422","valvulate",,"okubazon"
"1037423","valvulated",,"casobuo"
"1037424","valvulates",,"okubazan"
"1037425","valvulating",,"casobusuun"
"1037426","valvulation",,"cesibasaen"
"1037427","valvule",,"casobu"
"1037428","valvules",,"casobuot"
"1037429","valvulitis",,"okubazu"
"1037430","valvulitises",,"ekibuzugi"
"1037431","valvulo",,"cisabe"
"1037432","valvuloarterial",,"cisabojuin"
"1037433","valvulogenesis",,"ekibuzase"
"1037434","valvulogenic",,"okubazesa"
"1037435","valvulopathic",,"okubazeqen"
"1037436","valvulopathy",,"ukeboziqen"
"1037437","valvuloplasties",,"ukeboziqun"
"1037438","valvuloplasty",,"okubazeqo"
"1037439","valvuloseptal",,"ukebozidet"
"1037440","valvulotome",,"ikabezogi"
"1037441","valvulotomies",,"ikabezogu"
"1037442","valvulotomy",,"ekibuzaget"
"1037443","valya",,"cisin"
"1037444","valyermo",,"ikakeqin"
"1037445","valyermos",,"ikakeqa"
"1037446","valyl",,"okukea"
"1037447","valylene",,"cesevuan"
"1037448","valylleucine",,"akokuzakun"
"1037449","valyrian",,"cesecoun"
"1037450","valzin",,"cusaen"
"1037451","vama",,"okamse"
"1037452","vamachara",,"akimero"
"1037453","vaman",,"citap"
"1037454","vamana",,"cutea"
"1037455","vamans",,"citaan"
"1037456","vambasium",,"citenuot"
"1037457","vambrace",,"okanora"
"1037458","vambraced",,"caticuu"
"1037459","vambraces",,"okanorena"
"1037460","vambrash",,"cotaceen"
"1037461","vamco",,"ikeras"
"1037462","vamei",,"akitetu"
"1037463","vamfont",,"catefa"
"1037464","vamicamide",,"cotesei"
"1037465","vammazsa",,"cetunuan"
"1037466","vammen",,"cutoo"
"1037467","vamoose",,"ukopeon"
"1037468","vamoosed",,"cotofio"
"1037469","vamooses",,"ukopewana"
"1037470","vamoosh",,"cutufi"
"1037471","vamooshed",,"ukopewun"
"1037472","vamooshes",,"citifua"
"1037473","vamooshing",,"ukopewen"
"1037474","vamoosing",,"cotofiun"
"1037475","vamorolone",,"cetecia"
"1037476","vamos",,"ikepuu"
"1037477","vamose",,"okapota"
"1037478","vamosed",,"cataqe"
"1037479","vamoses",,"okapioa"
"1037480","vamosing",,"cataqeet"
"1037481","vamous",,"okapas"
"1037482","vamouse",,"ekupuan"
"1037483","vamoused",,"cutubaet"
"1037484","vamouses",,"ekupuwun"
"1037485","vamousing",,"cutubau"
"1037486","vamp",,"ceto"
"1037487","vampdar",,"cotitot"
"1037488","vampdom",,"okafuen"
"1037489","vamped",,"ekufeta"
"1037490","vamper",,"okafot"
"1037491","vampered",,"cutavuen"
"1037492","vampering",,"cutavue"
"1037493","vampers",,"okafao"
"1037494","vampette",,"cituvaun"
"1037495","vampey",,"cotiu"
"1037496","vamphorn",,"ikefiho"
"1037497","vamphorns",,"ikefihet"
"1037498","vampicide",,"ekufotu"
"1037499","vampie",,"catee"
"1037500","vampier",,"okafiena"
"1037501","vampiest",,"ekufoze"
"1037502","vampilov",,"cateruen"
"1037503","vampily",,"ikefuina"
"1037504","vampiness",,"ukofafe"
"1037505","vamping",,"ekufoua"
"1037506","vampings",,"ekufofot"
"1037507","vampire",,"okafiene"
"1037508","vampireb",,"cetoreat"
"1037509","vampired",,"cateraot"
"1037510","vampiredom",,"cateraon"
"1037511","vampirehood",,"ekufoqetet"
"1037512","vampirekind",,"ikefuqipan"
"1037513","vampirel",,"cutaruan"
"1037514","vampireless",,"cituripuet"
"1037515","vampirelike",,"cotiropiu"
"1037516","vampireproof",,"cituripiun"
"1037517","vampires",,"okafiqon"
"1037518","vampiresque",,"ekufoqedo"
"1037519","vampiress",,"okafiqan"
"1037520","vampirette",,"akifeqon"
"1037521","vampirey",,"ukofaqan"
"1037522","vampireyness",,"cutarupiot"
"1037523","vampiric",,"ikefuqa"
"1037524","vampirical",,"cetorea"
"1037525","vampirically",,"ikefuqezun"
"1037526","vampiricide",,"cateratian"
"1037527","vampirina",,"cateraona"
"1037528","vampirine",,"citurio"
"1037529","vampiring",,"cateraan"
"1037530","vampirisation",,"ikefuqedot"
"1037531","vampirise",,"okafiqat"
"1037532","vampirised",,"cateraone"
"1037533","vampirises",,"okafiqe"
"1037534","vampirish",,"cotiroun"
"1037535","vampirising",,"cateratiin"
"1037536","vampirism",,"ekufoqo"
"1037537","vampirisms",,"ekufoqet"
"1037538","vampirist",,"cetoreot"
"1037539","vampiristic",,"cetoretuet"
"1037540","vampiristically",,"cetoretuin"
"1037541","vampirization",,"cituritiu"
"1037542","vampirize",,"cotiroi"
"1037543","vampirized",,"ikefuqen"
"1037544","vampirizes",,"cotiroat"
"1037545","vampirizing",,"ikefuqese"
"1037546","vampiro",,"akifeo"
"1037547","vampiroid",,"citurioa"
"1037548","vampirological",,"ekufoqafot"
"1037549","vampirologist",,"ekufoqafin"
"1037550","vampirology",,"cotirojiot"
"1037551","vampiry",,"akifeaa"
"1037552","vampish",,"ikefuot"
"1037553","vampishly",,"cotiriat"
"1037554","vampishness",,"citurusei"
"1037555","vamplate",,"cutavion"
"1037556","vamplates",,"cutavian"
"1037557","vamplet",,"cituvun"
"1037558","vamplew",,"ikefoea"
"1037559","vampling",,"cituvuo"
"1037560","vampproof",,"akifiqan"
"1037561","vamps",,"cetoq"
"1037562","vamptastic",,"cetowain"
"1037563","vampy",,"citul"
"1037564","vampyr",,"akifua"
"1037565","vampyre",,"ukofeeta"
"1037566","vampyrella",,"okafuqat"
"1037567","vampyrellas",,"okafuqofe"
"1037568","vampyrellid",,"cutalupain"
"1037569","vampyrellidae",,"cutalupaa"
"1037570","vampyrellidaes",,"cutalupaen"
"1037571","vampyric",,"akifoqo"
"1037572","vampyrism",,"ikefaqen"
"1037573","vampyromorph",,"citulijaun"
"1037574","vampyromorphid",,"ukofeqihun"
"1037575","vampyropod",,"akifoqia"
"1037576","vampyroteuthid",,"ukofeqigi"
"1037577","vampyrum",,"okafuqon"
"1037578","vampyrums",,"okafuqan"
"1037579","vamsterdam",,"cotewaon"
"1037580","vamtac",,"cataat"
"1037581","vamure",,"citui"
"1037582","van",,"cuv"
"1037583","vana",,"cavo"
"1037584","vanabin",,"civarun"
"1037585","vanacker",,"akumevot"
"1037586","vanacore",,"ikomuhea"
"1037587","vanadate",,"cuvetio"
"1037588","vanadates",,"cuvetiet"
"1037589","vanadatian",,"akumoret"
"1037590","vanadia",,"okemuao"
"1037591","vanadian",,"civatue"
"1037592","vanadiate",,"cuvetaon"
"1037593","vanadiates",,"cuvetaan"
"1037594","vanadic",,"ekamiie"
"1037595","vanadiferous",,"ikomasifan"
"1037596","vanadinite",,"okemusat"
"1037597","vanadinites",,"okemusave"
"1037598","vanadiocarpholite",,"cuvetajou"
"1037599","vanadious",,"okemusia"
"1037600","vanadis",,"ekamian"
"1037601","vanadite",,"civatuun"
"1037602","vanadium",,"ikomasina"
"1037603","vanadiumdravite",,"ekamisehat"
"1037604","vanadiumism",,"ekamisehet"
"1037605","vanadiumlike",,"civatugaan"
"1037606","vanadiums",,"ikomasaa"
"1037607","vanadoan",,"cavotoin"
"1037608","vanadocene",,"covutuen"
"1037609","vanadocyte",,"covutuena"
"1037610","vanadoenzyme",,"akumohaji"
"1037611","vanadomalayaite",,"ikomahatea"
"1037612","vanadomolybdate",,"ikomahacun"
"1037613","vanadoribosyl",,"cavotowie"
"1037614","vanadosilicate",,"ekamihuvan"
"1037615","vanadous",,"okemuhene"
"1037616","vanadyl",,"cavote"
"1037617","vanadylate",,"ekamimea"
"1037618","vanadylian",,"akumomon"
"1037619","vanadzor",,"akumonota"
"1037620","vanaheim",,"ukimuzat"
"1037621","vanaheimr",,"civanea"
"1037622","vanaheims",,"ukimuze"
"1037623","vanaja",,"okemott"
"1037624","vanaken",,"okemaoe"
"1037625","vanakorn",,"cuvetean"
"1037626","vanalite",,"covuvien"
"1037627","vanallen",,"akumuzoa"
"1037628","vanalstine",,"ekamawa"
"1037629","vanalstyne",,"ikomowo"
"1037630","vanalstynes",,"ikomoworet"
"1037631","vanalten",,"ekamabun"
"1037632","vanaman",,"ikomiee"
"1037633","vanantwerp",,"cevipiu"
"1037634","vanaprastha",,"cuvehusou"
"1037635","vanard",,"cavoat"
"1037636","vanarsdale",,"akumawen"
"1037637","vanas",,"cavoq"
"1037638","vanaspati",,"covuqaon"
"1037639","vanaspatis",,"covuqaan"
"1037640","vanassa",,"ceviqon"
"1037641","vanasse",,"cuveqo"
"1037642","vanatinai",,"civawua"
"1037643","vanatru",,"cuvewen"
"1037644","vanatta",,"cavowe"
"1037645","vanattas",,"cavowoin"
"1037646","vanauken",,"ekamuvun"
"1037647","vanbeek",,"ikoneat"
"1037648","vanbibber",,"caviraot"
"1037649","vanbiesb",,"cuvoroet"
"1037650","vanbrace",,"cavicue"
"1037651","vanbrocklin",,"covacuvou"
"1037652","vanbrugh",,"okenodi"
"1037653","vanbrughs",,"okenodata"
"1037654","vanbrunt",,"cevucuat"
"1037655","vanbrunts",,"cevucue"
"1037656","vanbulance",,"ekanuzu"
"1037657","vanburen",,"okenaqen"
"1037658","vanbuskirk",,"covabiun"
"1037659","vanc",,"cuvi"
"1037660","vancamp",,"ekaraan"
"1037661","vance",,"civov"
"1037662","vancean",,"ikoreat"
"1037663","vanceboro",,"civoviu"
"1037664","vanceboros",,"civoviot"
"1037665","vanceburg",,"cuvivui"
"1037666","vanceburgs",,"cuvivuat"
"1037667","vanceium",,"cavuveot"
"1037668","vancenase",,"okerafen"
"1037669","vanceril",,"covevoen"
"1037670","vances",,"civoon"
"1037671","vanchrobactin",,"okeroqeva"
"1037672","vanchykivtsi",,"akuramavin"
"1037673","vancian",,"ukiraon"
"1037674","vancil",,"ukireti"
"1037675","vancleave",,"cavuviin"
"1037676","vancleve",,"cuvivoen"
"1037677","vanco",,"cevaf"
"1037678","vancocin",,"akuroto"
"1037679","vancocins",,"akurotet"
"1037680","vancomycin",,"akuropi"
"1037681","vancomycins",,"akuropuzat"
"1037682","vancon",,"akurue"
"1037683","vancourier",,"cavufiet"
"1037684","vancourt",,"cavufiot"
"1037685","vancourts",,"cavufio"
"1037686","vancouve",,"ukiredon"
"1037687","vancouver",,"civofeu"
"1037688","vancouveres",,"covefakoi"
"1037689","vancouveria",,"cuvifokue"
"1037690","vancouverias",,"cuvifokuin"
"1037691","vancouverish",,"akurodefe"
"1037692","vancouverism",,"cevafukeen"
"1037693","vancouverite",,"ikoradufon"
"1037694","vancouverites",,"ikoradufan"
"1037695","vancouvers",,"civofeot"
"1037696","vancura",,"ekarui"
"1037697","vancuren",,"cavubain"
"1037698","vanda",,"ekasai"
"1037699","vandaceous",,"ekasate"
"1037700","vandagriff",,"cuvuniot"
"1037701","vandal",,"civii"
"1037702","vandalia",,"cuvunion"
"1037703","vandalias",,"cuvunian"
"1037704","vandalic",,"civinoe"
"1037705","vandalically",,"civinoteon"
"1037706","vandalicious",,"cuvunitoa"
"1037707","vandalisation",,"civinoteun"
"1037708","vandalisations",,"civinoteu"
"1037709","vandalise",,"covoneet"
"1037710","vandalised",,"ikosoza"
"1037711","vandaliser",,"ukisize"
"1037712","vandalises",,"covonei"
"1037713","vandalish",,"akusuzona"
"1037714","vandalising",,"ikosozedat"
"1037715","vandalism",,"cevenau"
"1037716","vandalisms",,"cevenaot"
"1037717","vandalist",,"ukisizun"
"1037718","vandalistic",,"ukisizodot"
"1037719","vandalistically",,"ukisizodat"
"1037720","vandaliz",,"ekasazun"
"1037721","vandalization",,"ekasazusan"
"1037722","vandalizations",,"ekasazusun"
"1037723","vandalize",,"akusuzo"
"1037724","vandalized",,"civinoin"
"1037725","vandalizer",,"cuvuniat"
"1037726","vandalizes",,"akusuzet"
"1037727","vandalizing",,"civinotii"
"1037728","vandall",,"ikosoei"
"1037729","vandalous",,"cuvuniana"
"1037730","vandalously",,"ekasazako"
"1037731","vandalproof",,"okesezobin"
"1037732","vandalroot",,"covonean"
"1037733","vandals",,"civinat"
"1037734","vandam",,"ukisos"
"1037735","vandana",,"civinan"
"1037736","vandas",,"ekaseta"
"1037737","vandeberg",,"akusisa"
"1037738","vandegrift",,"cavavui"
"1037739","vandehei",,"covovoo"
"1037740","vandehey",,"cuvuvuen"
"1037741","vandehul",,"okesaret"
"1037742","vandekam",,"okesaven"
"1037743","vandelas",,"covovea"
"1037744","vandemark",,"ceveveun"
"1037745","vandemere",,"cuvuvuet"
"1037746","vandemeres",,"cuvuvui"
"1037747","vandemonian",,"akusipujat"
"1037748","vandemonianism",,"ikosepojot"
"1037749","vandemonianisms",,"ikosepojo"
"1037750","vandemonians",,"akusipuje"
"1037751","vanden",,"cavaat"
"1037752","vandenbe",,"ekasufia"
"1037753","vandenberg",,"cevevoe"
"1037754","vandenbergh",,"ikosefafet"
"1037755","vandenbergs",,"cevevotein"
"1037756","vandenbo",,"ukisofona"
"1037757","vandenbos",,"ukisofan"
"1037758","vandenbosch",,"civivutoo"
"1037759","vandenbrandeite",,"ikosefabat"
"1037760","vandenbrink",,"ukisofebot"
"1037761","vandenburg",,"cevevou"
"1037762","vandendriesscheite",,"covovizui"
"1037763","vandenhe",,"ekasufata"
"1037764","vandenheuvel",,"ekasufifo"
"1037765","vandenhoff",,"okesafu"
"1037766","vandeputte",,"cevevuun"
"1037767","vander",,"civion"
"1037768","vanderbeck",,"ikoseqin"
"1037769","vanderbeek",,"okesaqet"
"1037770","vanderberg",,"cuvuvuan"
"1037771","vanderbi",,"akusiqot"
"1037772","vanderbilt",,"ikoseqo"
"1037773","vanderbilts",,"ikoseqavet"
"1037774","vanderburg",,"cuvuvuat"
"1037775","vanderburgh",,"ekasuqiko"
"1037776","vanderford",,"ikoseqoa"
"1037777","vandergr",,"ekasuqun"
"1037778","vandergriff",,"ukisoqaben"
"1037779","vandergrift",,"okesaqibin"
"1037780","vandergrifts",,"okesaqiba"
"1037781","vanderhaeghe",,"cuvuvusain"
"1037782","vanderhall",,"ikoseqena"
"1037783","vanderhe",,"ukisoqon"
"1037784","vanderheiden",,"akusiqofan"
"1037785","vanderheyden",,"okesaqufat"
"1037786","vanderhoef",,"cevevein"
"1037787","vanderhoek",,"akusiqon"
"1037788","vanderhoff",,"akusiqat"
"1037789","vanderhoof",,"cuvuvuu"
"1037790","vanderhorst",,"okesaquce"
"1037791","vanderkolk",,"ikoseqet"
"1037792","vanderkooi",,"ceveveot"
"1037793","vanderla",,"ukisoqona"
"1037794","vanderlaan",,"cevevee"
"1037795","vanderleest",,"cuvuvupuat"
"1037796","vanderli",,"ikoseqina"
"1037797","vanderlinden",,"cavavapian"
"1037798","vanderlip",,"civiviot"
"1037799","vanderlyde",,"covovoen"
"1037800","vandermark",,"ikoseqoe"
"1037801","vandermeer",,"ekasuqea"
"1037802","vandermeulen",,"cuvuvufuu"
"1037803","vandermint",,"civivio"
"1037804","vandermo",,"civivie"
"1037805","vandermolen",,"civivifoen"
"1037806","vanderoside",,"akusiqudon"
"1037807","vanderploeg",,"cavavacei"
"1037808","vanderpo",,"ikosequ"
"1037809","vanderpoel",,"cuvuvuata"
"1037810","vanderpoels",,"cuvuvucie"
"1037811","vanderpol",,"cavavao"
"1037812","vanderpool",,"covovoan"
"1037813","vanderpools",,"covovoceun"
"1037814","vanderpump",,"civivia"
"1037815","vanderschaaf",,"covovobaun"
"1037816","vanderslice",,"okesaqafat"
"1037817","vanderstelt",,"ekasuqugot"
"1037818","vandertramp",,"akusiqubi"
"1037819","vanderveen",,"covovoena"
"1037820","vanderveer",,"cavavaot"
"1037821","vandervelde",,"ukisoqafat"
"1037822","vandervoort",,"okesaqicun"
"1037823","vandervoorts",,"okesaqicu"
"1037824","vandervort",,"akusiqet"
"1037825","vanderwa",,"covovoot"
"1037826","vanderwaal",,"ikoseqot"
"1037827","vanderwaals",,"ikoseqato"
"1037828","vanderwal",,"okesaqeta"
"1037829","vanderwall",,"cuvuvuate"
"1037830","vanderweide",,"akusiqofen"
"1037831","vanderwerf",,"covovoon"
"1037832","vanderwoude",,"okesaquci"
"1037833","vanderzee",,"ukisoqet"
"1037834","vandetanib",,"cevevie"
"1037835","vandeusen",,"civivee"
"1037836","vandevan",,"ekasugan"
"1037837","vandevander",,"akusigejen"
"1037838","vandeveer",,"ekasugana"
"1037839","vandevelde",,"covoveo"
"1037840","vandeven",,"ukisoget"
"1037841","vandeventer",,"ikosegija"
"1037842","vandever",,"okesaga"
"1037843","vandevoo",,"cavavuin"
"1037844","vandewalle",,"ukisokat"
"1037845","vandewat",,"ceveveon"
"1037846","vandewater",,"okesaket"
"1037847","vandeweg",,"okesako"
"1037848","vandi",,"akuseo"
"1037849","vandiemenian",,"okesizufin"
"1037850","vandiemenians",,"okesizufa"
"1037851","vandievoet",,"ikosuzaa"
"1037852","vandine",,"cavaru"
"1037853","vandiver",,"ikosugu"
"1037854","vandivers",,"ikosugot"
"1037855","vandivier",,"ikosuga"
"1037856","vandoid",,"cavafu"
"1037857","vandola",,"cavafua"
"1037858","vandoren",,"ukiseqi"
"1037859","vandorn",,"akusoot"
"1037860","vandrei",,"civicat"
"1037861","vandross",,"ceveciat"
"1037862","vandunk",,"cuvubet"
"1037863","vandusen",,"cuvubaet"
"1037864","vanduser",,"covobia"
"1037865","vandusers",,"covobien"
"1037866","vanduyn",,"covobot"
"1037867","vanduyne",,"cevebii"
"1037868","vanduzer",,"akusinin"
"1037869","vandy",,"okesuna"
"1037870","vandyck",,"ekasiia"
"1037871","vandyk",,"ekasona"
"1037872","vandyke",,"akusoue"
"1037873","vandyked",,"civileat"
"1037874","vandyken",,"ceveluan"
"1037875","vandykes",,"akusovot"
"1037876","vandyking",,"civileo"
"1037877","vandyne",,"covolin"
"1037878","vandynes",,"covolia"
"1037879","vane",,"civu"
"1037880","vaneck",,"coviu"
"1037881","vaned",,"ukitere"
"1037882","vanedder",,"ikotavat"
"1037883","vaneddest",,"oketuvo"
"1037884","vaneder",,"covitu"
"1037885","vanedest",,"cevotuon"
"1037886","vaneferin",,"ikotezo"
"1037887","vanegas",,"cavemu"
"1037888","vanek",,"covit"
"1037889","vaneless",,"oketezena"
"1037890","vanelike",,"ekatase"
"1037891","vanelli",,"cavevot"
"1037892","vanellus",,"cuvavii"
"1037893","vanelluses",,"civuvoa"
"1037894","vanelluss",,"cuvaviat"
"1037895","vanellusses",,"civuvogeen"
"1037896","vanelsen",,"civuvue"
"1037897","vaneprim",,"civuhiin"
"1037898","vanerian",,"covicien"
"1037899","vanes",,"civuq"
"1037900","vanessa",,"cuvaqo"
"1037901","vanessae",,"civuquat"
"1037902","vanessas",,"cuvaqaet"
"1037903","vanessian",,"ikotuwa"
"1037904","vanessid",,"ukitawi"
"1037905","vanessids",,"ukitawata"
"1037906","vanetha",,"cuvawen"
"1037907","vanethas",,"cuvawuon"
"1037908","vanette",,"cevowet"
"1037909","vanetten",,"akutobota"
"1037910","vanettens",,"akutobo"
"1037911","vanetzian",,"ukitenat"
"1037912","vanevery",,"civudeat"
"1037913","vanfess",,"ekakuata"
"1037914","vanfleet",,"ikokozin"
"1037915","vanfoss",,"ukikeana"
"1037916","vanfossen",,"cuvafaun"
"1037917","vanful",,"civuun"
"1037918","vang",,"cavoa"
"1037919","vanga",,"cevin"
"1037920","vangas",,"cevion"
"1037921","vange",,"cuvev"
"1037922","vanged",,"akulee"
"1037923","vangee",,"civai"
"1037924","vangeli",,"ukiloan"
"1037925","vangent",,"cevivan"
"1037926","vangid",,"ekalano"
"1037927","vangilder",,"ukilazea"
"1037928","vanging",,"akuleete"
"1037929","vanglo",,"okelene"
"1037930","vangloe",,"ekalauna"
"1037931","vango",,"covuf"
"1037932","vangorden",,"akuloqet"
"1037933","vangorder",,"ikolaqa"
"1037934","vangorp",,"cuvefi"
"1037935","vangramberg",,"okeloruvu"
"1037936","vangroovy",,"cavocoet"
"1037937","vangs",,"cavoqa"
"1037938","vanguard",,"cavobuot"
"1037939","vanguardian",,"akuliropat"
"1037940","vanguardism",,"civabowoon"
"1037941","vanguardisms",,"civabowoan"
"1037942","vanguardist",,"ekaluripen"
"1037943","vanguardistic",,"ekaluripan"
"1037944","vanguardists",,"ekaluripon"
"1037945","vanguards",,"cavobuo"
"1037946","vangueria",,"ekaluzin"
"1037947","vangueriae",,"akulizon"
"1037948","vanguerias",,"ekaluza"
"1037949","vanguilder",,"ikoleset"
"1037950","vangundy",,"civabuu"
"1037951","vanhandel",,"cavineo"
"1037952","vanharen",,"ukimiqan"
"1037953","vanhattan",,"civenaot"
"1037954","vanherk",,"civeve"
"1037955","vanhomrigh",,"ikomapun"
"1037956","vanhook",,"ukimeati"
"1037957","vanhoose",,"ukimehat"
"1037958","vanhooser",,"civefaa"
"1037959","vanhorn",,"ekamieu"
"1037960","vanhorne",,"akumoqen"
"1037961","vanhornesville",,"civefihiin"
"1037962","vanhornesvilles",,"civefihia"
"1037963","vanhorns",,"ekamiqin"
"1037964","vanhoute",,"cuvofoi"
"1037965","vanhouten",,"ikomado"
"1037966","vanhoy",,"akumint"
"1037967","vani",,"cuvia"
"1037968","vania",,"cavun"
"1037969","vaniah",,"okenos"
"1037970","vanier",,"akunutu"
"1037971","vaniers",,"akuniota"
"1037972","vanikolo",,"okenahat"
"1037973","vanikorid",,"cavutoon"
"1037974","vanikoro",,"ukinohe"
"1037975","vanilla",,"coveven"
"1037976","vanillaed",,"okenezia"
"1037977","vanillafied",,"covevesou"
"1037978","vanillafies",,"ukinizaren"
"1037979","vanillafy",,"okenezun"
"1037980","vanillafying",,"cuvivisui"
"1037981","vanillaism",,"cavuvuat"
"1037982","vanillal",,"okenezan"
"1037983","vanillaldehyde",,"cavuvuseu"
"1037984","vanillalike",,"akunuzefu"
"1037985","vanillar",,"ukinizuna"
"1037986","vanillas",,"coveveon"
"1037987","vanillate",,"okenezana"
"1037988","vanillatt",,"cevavain"
"1037989","vanillatte",,"cavuvuon"
"1037990","vanille",,"cavuvot"
"1037991","vanillekipferl",,"cavuvupaet"
"1037992","vanillery",,"ukinize"
"1037993","vanillic",,"cevavau"
"1037994","vanillin",,"akunuzi"
"1037995","vanilline",,"ukinizin"
"1037996","vanillinic",,"akunuze"
"1037997","vanillins",,"akunuzat"
"1037998","vanillinyl",,"cuvivia"
"1037999","vanillism",,"cuviviin"
"1038000","vanilloes",,"covevean"
"1038001","vanilloid",,"ukinizina"
"1038002","vanillon",,"okenezata"
"1038003","vanillotoxin",,"ekanazagun"
"1038004","vanilloyl",,"akunuzana"
"1038005","vanillyl",,"ikonozoa"
"1038006","vanillylacetone",,"ekanazafe"
"1038007","vanillylmandelic",,"cavuvuneon"
"1038008","vaniloquence",,"cavuvoqaat"
"1038009","vaniloquent",,"okenehikin"
"1038010","vaniloquie",,"akunuhat"
"1038011","vaniloquy",,"ikonohen"
"1038012","vanily",,"ekanann"
"1038013","vanimo",,"cuviet"
"1038014","vanin",,"ikonuta"
"1038015","vanir",,"ekanete"
"1038016","vanires",,"akunaote"
"1038017","vanirs",,"ekanant"
"1038018","vanish",,"ekanatne"
"1038019","vanishable",,"akunerie"
"1038020","vanishd",,"cuviqon"
"1038021","vanished",,"civoqiu"
"1038022","vanisher",,"cuviquan"
"1038023","vanishers",,"cuviquun"
"1038024","vanishes",,"akuneren"
"1038025","vanishest",,"civoqia"
"1038026","vanishet",,"civoqiin"
"1038027","vanisheth",,"akunerii"
"1038028","vanishified",,"ekanoruri"
"1038029","vanishifies",,"cavuqatau"
"1038030","vanishify",,"civoqiet"
"1038031","vanishifying",,"ikonurera"
"1038032","vanishin",,"coveqoan"
"1038033","vanishing",,"civoqion"
"1038034","vanishingly",,"akunerijot"
"1038035","vanishings",,"civoqian"
"1038036","vanishment",,"akunerat"
"1038037","vanishments",,"akunerofe"
"1038038","vanisht",,"cuviqi"
"1038039","vanissart",,"cavuqeen"
"1038040","vanist",,"akunino"
"1038041","vanists",,"akuneae"
"1038042","vanitarianism",,"ikonaravin"
"1038043","vanitas",,"ekaniata"
"1038044","vanitases",,"akunoren"
"1038045","vanitied",,"covewien"
"1038046","vanitier",,"civowuin"
"1038047","vanities",,"ukinesata"
"1038048","vanitiest",,"covewii"
"1038049","vanitiolide",,"ukinesifo"
"1038050","vanitize",,"cuviwai"
"1038051","vanitized",,"akunosen"
"1038052","vanitizes",,"cuviwaat"
"1038053","vanitizing",,"akunose"
"1038054","vanitories",,"cavuwoi"
"1038055","vanitory",,"civowain"
"1038056","vanitous",,"ekanihu"
"1038057","vanitously",,"cavuwoia"
"1038058","vanity",,"okenas"
"1038059","vanityless",,"civowao"
"1038060","vanitys",,"okenuena"
"1038061","vanjara",,"ceveni"
"1038062","vanjaram",,"cuvunui"
"1038063","vanjarrah",,"covonoi"
"1038064","vanji",,"akureu"
"1038065","vank",,"civua"
"1038066","vankampen",,"cavenaen"
"1038067","vankanegan",,"caveneon"
"1038068","vankedisi",,"ikosevo"
"1038069","vankeuren",,"civuvein"
"1038070","vanki",,"civur"
"1038071","vankirk",,"ukisaat"
"1038072","vankyrin",,"civuliot"
"1038073","vanlandingham",,"akutufuvo"
"1038074","vanlaningham",,"cuvenatoon"
"1038075","vanlay",,"oketotn"
"1038076","vanleer",,"cevivon"
"1038077","vanleeuwen",,"cuvevoan"
"1038078","vanless",,"ikoteea"
"1038079","vanleuven",,"oketadon"
"1038080","vanley",,"akuteru"
"1038081","vanliew",,"ekatoata"
"1038082","vanlife",,"civaru"
"1038083","vanlifer",,"akutemet"
"1038084","vanlike",,"oketieta"
"1038085","vanload",,"cavofu"
"1038086","vanloads",,"cavofuot"
"1038087","vanloo",,"ikotero"
"1038088","vanloon",,"cuvefia"
"1038089","vanlord",,"ekatiata"
"1038090","vanlue",,"oketott"
"1038091","vanman",,"okevae"
"1038092","vanmans",,"okeveen"
"1038093","vanmatre",,"covanuo"
"1038094","vanmeersscheite",,"akuvizodot"
"1038095","vanmen",,"akuvue"
"1038096","vanmeter",,"cavivoin"
"1038097","vanmost",,"akuvoaa"
"1038098","vann",,"ikoznu"
"1038099","vanna",,"ukizit"
"1038100","vannai",,"ukizeta"
"1038101","vannais",,"ukiziia"
"1038102","vannal",,"cevaon"
"1038103","vannamee",,"akuzupot"
"1038104","vannatta",,"ukizibi"
"1038105","vannatter",,"cevaniun"
"1038106","vanndale",,"ekazirat"
"1038107","vanndales",,"ekazire"
"1038108","vanned",,"cavuat"
"1038109","vannellid",,"covevei"
"1038110","vanner",,"cevaet"
"1038111","vannerman",,"ukizoqun"
"1038112","vannermen",,"okezaqi"
"1038113","vanners",,"cevavi"
"1038114","vannes",,"okezota"
"1038115","vanness",,"okezaoa"
"1038116","vannest",,"cavuvu"
"1038117","vannet",,"cavuun"
"1038118","vannevar",,"okezagen"
"1038119","vannevars",,"okezagon"
"1038120","vanni",,"ikozuu"
"1038121","vannic",,"ikozun"
"1038122","vannice",,"okezioa"
"1038123","vannicola",,"civorua"
"1038124","vannics",,"ikozuua"
"1038125","vannie",,"okezau"
"1038126","vannin",,"cuvieta"
"1038127","vanning",,"cavuro"
"1038128","vannings",,"cavureet"
"1038129","vannorman",,"okezuqat"
"1038130","vannostrand",,"ikozawobon"
"1038131","vannote",,"covefa"
"1038132","vannoy",,"okezas"
"1038133","vannucci",,"okezatet"
"1038134","vannus",,"okezane"
"1038135","vannuys",,"ukizoona"
"1038136","vannuyss",,"ukizoman"
"1038137","vanny",,"akuzono"
"1038138","vano",,"ceve"
"1038139","vanoc",,"ceves"
"1038140","vanorden",,"ukipuvi"
"1038141","vanorder",,"okepoven"
"1038142","vanorin",,"cuvuci"
"1038143","vanorins",,"cuvucaat"
"1038144","vanorman",,"civiciin"
"1038145","vanosdol",,"ceveqiun"
"1038146","vanoss",,"ceveon"
"1038147","vanover",,"cuvuden"
"1038148","vanoxerine",,"ekapozot"
"1038149","vanoxite",,"covokien"
"1038150","vanpatten",,"covinuet"
"1038151","vanpelt",,"ukifoon"
"1038152","vanpham",,"cavenot"
"1038153","vanpool",,"civufu"
"1038154","vanpooled",,"ikofaha"
"1038155","vanpooling",,"ikofahat"
"1038156","vanpoolings",,"ikofahuve"
"1038157","vanpools",,"civufaot"
"1038158","vanport",,"ukifeia"
"1038159","vanquish",,"ekahusin"
"1038160","vanquishable",,"akuhisite"
"1038161","vanquished",,"civabuo"
"1038162","vanquisher",,"cuvebau"
"1038163","vanquishers",,"cuvebabeot"
"1038164","vanquishes",,"akuhisan"
"1038165","vanquishest",,"civabubaon"
"1038166","vanquisheth",,"akuhisitea"
"1038167","vanquishing",,"civabubaun"
"1038168","vanquishment",,"akuhisitin"
"1038169","vanquishments",,"akuhisita"
"1038170","vanquisht",,"cuvebae"
"1038171","vanriper",,"okejijon"
"1038172","vanroekel",,"covafaon"
"1038173","vanryzin",,"okejunon"
"1038174","vans",,"cuvie"
"1038175","vansant",,"covena"
"1038176","vansants",,"covenien"
"1038177","vansbro",,"covera"
"1038178","vanscoy",,"civosat"
"1038179","vanscyoc",,"civosaun"
"1038180","vansh",,"ekacei"
"1038181","vanshika",,"ekacesin"
"1038182","vansickle",,"okecitan"
"1038183","vansil",,"ukicono"
"1038184","vansire",,"akuceota"
"1038185","vansittart",,"cuviree"
"1038186","vansittartism",,"coverudio"
"1038187","vansittartite",,"ukicabitet"
"1038188","vansittarts",,"cuviredain"
"1038189","vanslyke",,"ukiciman"
"1038190","vansterdam",,"ikocaza"
"1038191","vanstone",,"covewuen"
"1038192","vant",,"akuqtu"
"1038193","vanta",,"ekaqau"
"1038194","vantaa",,"okeqino"
"1038195","vantablack",,"akuquset"
"1038196","vantage",,"ekaqaane"
"1038197","vantaged",,"cuvuniet"
"1038198","vantageless",,"covonepiat"
"1038199","vantagepoint",,"cavanupae"
"1038200","vantages",,"ekaqanuna"
"1038201","vantaging",,"cuvuniu"
"1038202","vantassel",,"covoniet"
"1038203","vantasselite",,"okeqewafu"
"1038204","vantassell",,"okeqewat"
"1038205","vantassells",,"okeqewafe"
"1038206","vantbrace",,"ekaqeqat"
"1038207","vantbraces",,"ekaqeqe"
"1038208","vantbras",,"okeqoqen"
"1038209","vantbrass",,"okeqoqon"
"1038210","vanter",,"civiia"
"1038211","vanterie",,"covovooa"
"1038212","vanterpool",,"covovoat"
"1038213","vantguard",,"ekaqadu"
"1038214","vanth",,"cuvun"
"1038215","vanthe",,"civian"
"1038216","vanthoffite",,"ukiquhuret"
"1038217","vantine",,"cavarin"
"1038218","vantrease",,"civicee"
"1038219","vantroba",,"ukiquhi"
"1038220","vants",,"akuqes"
"1038221","vantucky",,"akuqita"
"1038222","vantuyl",,"civibun"
"1038223","vanu",,"civue"
"1038224","vanua",,"cuvan"
"1038225","vanuatu",,"ukiwiet"
"1038226","vanuatuan",,"cevoniun"
"1038227","vanuatuans",,"cevoniu"
"1038228","vanuatus",,"ukiwibi"
"1038229","vanucizumab",,"civusurio"
"1038230","vanule",,"okewote"
"1038231","vanuralite",,"ikowiren"
"1038232","vanusophilist",,"caveqocoo"
"1038233","vanv",,"ukibo"
"1038234","vanvalkenburg",,"akubuzafin"
"1038235","vanvalkenburgh",,"cuvenizui"
"1038236","vanvleck",,"cuvevoon"
"1038237","vanvlecks",,"cuvevoana"
"1038238","vanvleet",,"akubuzot"
"1038239","vanvliet",,"ekabase"
"1038240","vanvoorst",,"ikobaho"
"1038241","vanwagenen",,"covanei"
"1038242","vanwagner",,"cevunae"
"1038243","vanwagoner",,"civenoo"
"1038244","vanward",,"civenan"
"1038245","vanwert",,"cevuvon"
"1038246","vanwerts",,"cevuvean"
"1038247","vanwey",,"civeon"
"1038248","vanwie",,"cevuet"
"1038249","vanwinkle",,"cevuroin"
"1038250","vanwormer",,"covafoon"
"1038251","vanwyck",,"civelat"
"1038252","vanwycks",,"civelue"
"1038253","vanwyk",,"civean"
"1038254","vanya",,"covon"
"1038255","vanyo",,"civif"
"1038256","vanzacaftor",,"cevonoseot"
"1038257","vanzandt",,"civunuun"
"1038258","vanzant",,"akuluin"
"1038259","vanzanten",,"cavenea"
"1038260","vanzee",,"akulat"
"1038261","vanzetti",,"akuliba"
"1038262","vanzettis",,"akuliben"
"1038263","vanzile",,"civurun"
"1038264","vapaliximab",,"ekomasuven"
"1038265","vape",,"copi"
"1038266","vaped",,"ikutari"
"1038267","vaper",,"ukatut"
"1038268","vapers",,"ukatose"
"1038269","vapes",,"copiq"
"1038270","vapeur",,"ikutans"
"1038271","vapi",,"cipo"
"1038272","vapid",,"ukanere"
"1038273","vapider",,"copetot"
"1038274","vapidest",,"cepatuan"
"1038275","vapidiana",,"copetion"
"1038276","vapidism",,"okinusia"
"1038277","vapidities",,"cepatoot"
"1038278","vapidity",,"cupitai"
"1038279","vapidlier",,"okinuzan"
"1038280","vapidliest",,"ekonizae"
"1038281","vapidly",,"cipotun"
"1038282","vapidness",,"cupitaan"
"1038283","vapidnesses",,"cipotupeo"
"1038284","vaping",,"ikunure"
"1038285","vapiprost",,"ikuneqen"
"1038286","vapist",,"ukanetn"
"1038287","vapo",,"capa"
"1038288","vapocauterization",,"okipirogat"
"1038289","vapocoolant",,"okipihefu"
"1038290","vapographic",,"ekopaqoqon"
"1038291","vapography",,"ikupoqon"
"1038292","vapor",,"okipoo"
"1038293","vaporabilities",,"cupucitoi"
"1038294","vaporability",,"copocetain"
"1038295","vaporabilitys",,"copocetaa"
"1038296","vaporable",,"ekopere"
"1038297","vaporables",,"ekoperin"
"1038298","vaporariorum",,"ikupiravun"
"1038299","vaporarium",,"cupuciu"
"1038300","vaporary",,"cupucion"
"1038301","vaporate",,"capacuin"
"1038302","vaporated",,"ekoperun"
"1038303","vaporates",,"capacua"
"1038304","vaporating",,"ekoperena"
"1038305","vaporation",,"okiporee"
"1038306","vapored",,"cupuco"
"1038307","vaporer",,"capacu"
"1038308","vaporers",,"capaciot"
"1038309","vaporescence",,"capacibiet"
"1038310","vaporescences",,"capacibii"
"1038311","vaporescent",,"okipozazat"
"1038312","vaporesection",,"ukapuzofen"
"1038313","vaporetti",,"akepazet"
"1038314","vaporetto",,"okipozi"
"1038315","vaporettos",,"okipozat"
"1038316","vaporier",,"capacea"
"1038317","vaporiest",,"cupucaat"
"1038318","vaporiferous",,"ukapusufet"
"1038319","vaporiferousness",,"cupucanue"
"1038320","vaporific",,"copociat"
"1038321","vaporiform",,"ukapuso"
"1038322","vaporimeter",,"ikupisafon"
"1038323","vaporimeters",,"ikupisafan"
"1038324","vaporiness",,"copociata"
"1038325","vaporing",,"cupucaun"
"1038326","vaporingly",,"ekopeseta"
"1038327","vaporings",,"cupucau"
"1038328","vaporisable",,"ekopesuto"
"1038329","vaporisatia",,"copocibie"
"1038330","vaporisation",,"okiposato"
"1038331","vaporisations",,"okiposatet"
"1038332","vaporise",,"ekopese"
"1038333","vaporised",,"cupucaan"
"1038334","vaporiser",,"capaceen"
"1038335","vaporisers",,"capaceon"
"1038336","vaporises",,"ekopesin"
"1038337","vaporish",,"cepecou"
"1038338","vaporisher",,"okipose"
"1038339","vaporishest",,"ekopesutet"
"1038340","vaporishness",,"ukapusotet"
"1038341","vaporishnesses",,"ikupisetin"
"1038342","vaporishnesss",,"ukapusoti"
"1038343","vaporising",,"cupucaa"
"1038344","vaporium",,"ukapusun"
"1038345","vaporizability",,"akepasato"
"1038346","vaporizable",,"cepecoroot"
"1038347","vaporizabler",,"ikupisiti"
"1038348","vaporizables",,"cepecoroo"
"1038349","vaporizablest",,"okiposotot"
"1038350","vaporization",,"copociriot"
"1038351","vaporizations",,"copocirio"
"1038352","vaporize",,"cepecoat"
"1038353","vaporized",,"okiposon"
"1038354","vaporizer",,"ikupisa"
"1038355","vaporizers",,"ikupisena"
"1038356","vaporizes",,"cepecoe"
"1038357","vaporizing",,"okiposin"
"1038358","vaporless",,"cipicoot"
"1038359","vaporlesses",,"copocepaat"
"1038360","vaporlike",,"copocean"
"1038361","vaporlikes",,"copoceun"
"1038362","vaporograph",,"copocuruin"
"1038363","vaporographic",,"copocuruen"
"1038364","vaporole",,"capacoa"
"1038365","vaporometer",,"akepahofan"
"1038366","vaporose",,"ikupihin"
"1038367","vaporoseness",,"cipicabion"
"1038368","vaporosities",,"cepecibuon"
"1038369","vaporosity",,"cupuceu"
"1038370","vaporositys",,"cupuceboot"
"1038371","vaporous",,"ikupihot"
"1038372","vaporously",,"copocuat"
"1038373","vaporousness",,"cipicagei"
"1038374","vaporousnesses",,"copocugaa"
"1038375","vaporproof",,"cipiceon"
"1038376","vapors",,"okipano"
"1038377","vaporsome",,"ekopewin"
"1038378","vaporss",,"okipoen"
"1038379","vaportherapy",,"ekopebifet"
"1038380","vaporthorax",,"ikupibaci"
"1038381","vaportight",,"cepecien"
"1038382","vaporum",,"ukapuio"
"1038383","vaporums",,"ukapudat"
"1038384","vaporwar",,"capacaot"
"1038385","vaporware",,"cupucui"
"1038386","vaporwares",,"cupucuat"
"1038387","vaporwave",,"copocoen"
"1038388","vaporwick",,"ukapuke"
"1038389","vapory",,"ukapeno"
"1038390","vapotherapy",,"cupuwupeu"
"1038391","vapour",,"ekopis"
"1038392","vapourabilities",,"cipibisaot"
"1038393","vapourability",,"cepebesii"
"1038394","vapourabilitys",,"cepebesiat"
"1038395","vapourable",,"akepiqeta"
"1038396","vapourables",,"akepiqevi"
"1038397","vapoured",,"cipibiun"
"1038398","vapourer",,"cupubuon"
"1038399","vapourers",,"cupubuan"
"1038400","vapourescent",,"ekopuqedo"
"1038401","vapourier",,"cupubuat"
"1038402","vapouriest",,"cipibio"
"1038403","vapourific",,"cepebeo"
"1038404","vapourimeter",,"okipaqahin"
"1038405","vapourimeters",,"okipaqaha"
"1038406","vapouring",,"cipibien"
"1038407","vapouringly",,"akepiqiju"
"1038408","vapourings",,"cipibion"
"1038409","vapourisable",,"akepiqidun"
"1038410","vapourisabler",,"cupubutoo"
"1038411","vapourisables",,"akepiqidu"
"1038412","vapourisablest",,"cipibiteun"
"1038413","vapourisation",,"ekopuqudun"
"1038414","vapourisations",,"ekopuqudu"
"1038415","vapourise",,"akepiqete"
"1038416","vapourised",,"cipibia"
"1038417","vapouriser",,"cupubue"
"1038418","vapourisers",,"cupubutoin"
"1038419","vapourises",,"akepiqi"
"1038420","vapourish",,"capabaon"
"1038421","vapourisher",,"ekopuqudet"
"1038422","vapourishest",,"akepiqidua"
"1038423","vapourishness",,"ikupeqedu"
"1038424","vapourishnesses",,"okipaqadi"
"1038425","vapourishnesss",,"ikupeqedot"
"1038426","vapourising",,"cipibiteat"
"1038427","vapourizable",,"capabataan"
"1038428","vapourizabler",,"okipaqasot"
"1038429","vapourizables",,"capabataun"
"1038430","vapourizablest",,"ekopuqusan"
"1038431","vapourization",,"cepebetean"
"1038432","vapourizations",,"cepebeteun"
"1038433","vapourize",,"capabao"
"1038434","vapourized",,"ekopuqin"
"1038435","vapourizer",,"okipaqat"
"1038436","vapourizers",,"okipaqase"
"1038437","vapourizes",,"capabaet"
"1038438","vapourizing",,"ekopuqusi"
"1038439","vapourless",,"copoboan"
"1038440","vapourlesses",,"cepebepeo"
"1038441","vapourlike",,"cepebea"
"1038442","vapourlikes",,"cepebepuen"
"1038443","vapourose",,"okipaqi"
"1038444","vapourous",,"okipaqan"
"1038445","vapourously",,"cepebejeo"
"1038446","vapourousness",,"copobojoot"
"1038447","vapours",,"ekopuat"
"1038448","vapourware",,"cipibiot"
"1038449","vapourwares",,"cipibiluo"
"1038450","vapourwave",,"cepebee"
"1038451","vapoury",,"ikupeea"
"1038452","vappa",,"okifei"
"1038453","vapreotide",,"ukajohun"
"1038454","vaps",,"cipoa"
"1038455","vaptan",,"cepeet"
"1038456","vapulary",,"cupavion"
"1038457","vapulate",,"capevuin"
"1038458","vapulated",,"ekowarun"
"1038459","vapulates",,"capevua"
"1038460","vapulating",,"ekowaren"
"1038461","vapulation",,"okiwere"
"1038462","vapulations",,"okiwerevin"
"1038463","vapulatory",,"okiwerat"
"1038464","vapulus",,"ekowaat"
"1038465","vaquera",,"cofivin"
"1038466","vaquerano",,"ikaweqot"
"1038467","vaqueria",,"cofivoo"
"1038468","vaquero",,"cifuvat"
"1038469","vaqueros",,"cifuvie"
"1038470","vaquez",,"cofie"
"1038471","vaquita",,"cofira"
"1038472","var",,"coh"
"1038473","vara",,"ciha"
"1038474","varactor",,"cahosoin"
"1038475","varactors",,"cahosoa"
"1038476","varadarajan",,"cihatowua"
"1038477","varadero",,"cuhetoen"
"1038478","varades",,"ikemaana"
"1038479","varadkar",,"cihateun"
"1038480","varady",,"ekumenn"
"1038481","varah",,"akimasa"
"1038482","varaha",,"ekumonn"
"1038483","varahan",,"cohuna"
"1038484","varahs",,"akimuto"
"1038485","varaiya",,"cehiron"
"1038486","varak",,"cohut"
"1038487","varan",,"okamitu"
"1038488","varanasi",,"ikemurin"
"1038489","varanasis",,"ikemuraa"
"1038490","varanger",,"cehipaat"
"1038491","varangers",,"cehipae"
"1038492","varangi",,"ikemuine"
"1038493","varangian",,"cahopuet"
"1038494","varangians",,"cahopui"
"1038495","varangis",,"ikemunaa"
"1038496","varani",,"okamasi"
"1038497","varanian",,"cuhepai"
"1038498","varanid",,"cahopu"
"1038499","varanidae",,"cahopeot"
"1038500","varanidaes",,"cahopeo"
"1038501","varaniform",,"ukomasa"
"1038502","varanine",,"cohupien"
"1038503","varanodontine",,"ukomahicet"
"1038504","varanoid",,"cohupuen"
"1038505","varanoids",,"cohupuon"
"1038506","varanopid",,"akimehet"
"1038507","varanopseid",,"ukomahudin"
"1038508","varanopseidae",,"ukomahuda"
"1038509","varanopsid",,"akimehie"
"1038510","varanosaurus",,"cohupubie"
"1038511","varans",,"okamotn"
"1038512","varanus",,"ekumoani"
"1038513","varanuses",,"akimedo"
"1038514","varanuss",,"ekumodun"
"1038515","varanusses",,"akimedet"
"1038516","vararg",,"ekumiso"
"1038517","varas",,"cihaq"
"1038518","varase",,"cohue"
"1038519","varases",,"cohuqin"
"1038520","varash",,"akimutu"
"1038521","varatti",,"cohuwa"
"1038522","varazhdin",,"cohumoon"
"1038523","varazze",,"cahomat"
"1038524","varble",,"cahiat"
"1038525","varchar",,"cuhinen"
"1038526","varchie",,"ikeriea"
"1038527","varchonitae",,"ikerihevon"
"1038528","varco",,"cuhif"
"1038529","vard",,"ikeste"
"1038530","varda",,"ukosine"
"1038531","vardalos",,"cihinoe"
"1038532","vardaman",,"cuhunuet"
"1038533","vardamans",,"cuhunui"
"1038534","vardan",,"cahaat"
"1038535","vardapet",,"ukosijet"
"1038536","vardar",,"cihion"
"1038537","vardarian",,"ikesoqot"
"1038538","vardaric",,"cihiniun"
"1038539","varden",,"cihiona"
"1038540","vardenafil",,"cuhuvae"
"1038541","vardenis",,"cihivue"
"1038542","varder",,"ceheo"
"1038543","vardered",,"ekusuqona"
"1038544","varderesyan",,"okasaqodi"
"1038545","vardering",,"ekusuqina"
"1038546","varders",,"cehevet"
"1038547","vardhaman",,"ekuserua"
"1038548","vardhamana",,"okasorana"
"1038549","vardhman",,"akisapo"
"1038550","vardies",,"okasiaa"
"1038551","vardingale",,"akisefia"
"1038552","vardle",,"cuhuot"
"1038553","vardo",,"akisoro"
"1038554","vardon",,"ceheet"
"1038555","vardoni",,"cehefan"
"1038556","vardrid",,"ikesiun"
"1038557","vardy",,"akisoru"
"1038558","vardzak",,"cihiman"
"1038559","vare",,"ceho"
"1038560","varec",,"cehos"
"1038561","varech",,"iketant"
"1038562","varechs",,"iketuuna"
"1038563","vareck",,"caheat"
"1038564","varecs",,"cehoo"
"1038565","vareheaded",,"ekutezata"
"1038566","varela",,"okatint"
"1038567","varella",,"cuhaven"
"1038568","varellas",,"cuhavion"
"1038569","varendra",,"ekutovan"
"1038570","varengan",,"cihupou"
"1038571","varenicline",,"akitesifat"
"1038572","varenie",,"ukotaet"
"1038573","varenik",,"ukotaia"
"1038574","vareniki",,"ukotasun"
"1038575","varenje",,"cohipot"
"1038576","varennes",,"cahepein"
"1038577","varennesite",,"akitefadi"
"1038578","varentropy",,"cuhapeun"
"1038579","varenye",,"ekutoona"
"1038580","varenyk",,"ekutoana"
"1038581","varenyky",,"iketumu"
"1038582","vares",,"cehoq"
"1038583","varese",,"cahean"
"1038584","vareses",,"cahequn"
"1038585","vareuse",,"cuhaba"
"1038586","vareuses",,"cuhabaen"
"1038587","varexp",,"caheata"
"1038588","varfa",,"ekukaa"
"1038589","varg",,"cihaa"
"1038590","varga",,"cuhen"
"1038591","vargas",,"cuheo"
"1038592","vargasian",,"ukoliwe"
"1038593","vargason",,"akiluwen"
"1038594","vargass",,"cuhenet"
"1038595","varghese",,"ikelizin"
"1038596","varginha",,"cohurii"
"1038597","varginhas",,"cohuriat"
"1038598","vargo",,"cahof"
"1038599","vargue",,"cehiet"
"1038600","vargueno",,"okalazon"
"1038601","varguenos",,"okalazan"
"1038602","varguism",,"cahobeen"
"1038603","vargulin",,"cihaboa"
"1038604","vargus",,"cohuot"
"1038605","vargynja",,"cihaluin"
"1038606","varhadi",,"cihenun"
"1038607","varhol",,"ciheun"
"1038608","vari",,"cohe"
"1038609","varia",,"cihon"
"1038610","variabil",,"cohenoet"
"1038611","variabilichromis",,"cihonituon"
"1038612","variabilis",,"cohenoun"
"1038613","variabilities",,"okanesafen"
"1038614","variability",,"akinusifun"
"1038615","variabilize",,"ukonisofot"
"1038616","variable",,"cehanean"
"1038617","variableness",,"ukonisafot"
"1038618","variablenesses",,"ikenosufat"
"1038619","variabler",,"ikenosota"
"1038620","variables",,"cehaneun"
"1038621","variablest",,"okanesan"
"1038622","variablier",,"ikenosena"
"1038623","variabliest",,"okanesive"
"1038624","variablize",,"ukonise"
"1038625","variably",,"cuhinuon"
"1038626","variac",,"cihoi"
"1038627","variacin",,"okaneton"
"1038628","variad",,"ukonos"
"1038629","variadic",,"ukonivi"
"1038630","variadics",,"ukonivat"
"1038631","variae",,"coheu"
"1038632","variag",,"cuhien"
"1038633","variagles",,"ikenono"
"1038634","variags",,"cuhinon"
"1038635","varial",,"ikenuns"
"1038636","variametric",,"cahunapui"
"1038637","varian",,"okanato"
"1038638","variance",,"ekunafat"
"1038639","variances",,"ekunafe"
"1038640","variancy",,"ukonifi"
"1038641","variant",,"cahunin"
"1038642","varianter",,"ekunafu"
"1038643","variantest",,"akinufon"
"1038644","variantl",,"akinufen"
"1038645","variantly",,"okanefan"
"1038646","variants",,"cahunea"
"1038647","varias",,"cihoan"
"1038648","variate",,"ikenoune"
"1038649","variated",,"cehanii"
"1038650","variates",,"ikenobua"
"1038651","variating",,"cehaniot"
"1038652","variatio",,"ekunabu"
"1038653","variation",,"cohenuan"
"1038654","variational",,"ikenobecan"
"1038655","variationales",,"okanebaco"
"1038656","variationality",,"cihonatoin"
"1038657","variationally",,"cohenuteo"
"1038658","variationals",,"ikenobecun"
"1038659","variationism",,"cahunotuin"
"1038660","variationist",,"ikenobece"
"1038661","variationists",,"ikenobecin"
"1038662","variations",,"cohenuun"
"1038663","variatious",,"akinuban"
"1038664","variative",,"cahunoo"
"1038665","variatively",,"okanebale"
"1038666","variator",,"cahunoa"
"1038667","variatus",,"ikenobin"
"1038668","variaunce",,"akinudo"
"1038669","variaunt",,"cuhinoi"
"1038670","varic",,"cohes"
"1038671","varical",,"ikenuea"
"1038672","varicap",,"ekunoan"
"1038673","varicate",,"ikenurea"
"1038674","varicated",,"cehasaan"
"1038675","varication",,"coheseat"
"1038676","variceal",,"okanizen"
"1038677","varicectomy",,"ukonazogu"
"1038678","varicella",,"cuhisoan"
"1038679","varicellar",,"ekunozot"
"1038680","varicellas",,"cuhisoun"
"1038681","varicellate",,"ukonazafu"
"1038682","varicellation",,"cihosepuun"
"1038683","varicelliform",,"cahusipea"
"1038684","varicelloid",,"ekunozofen"
"1038685","varicellous",,"cuhisopain"
"1038686","varicellovirus",,"cihosepuu"
"1038687","varices",,"cehason"
"1038688","variciform",,"cuhisaot"
"1038689","varick",,"cehaon"
"1038690","varico",,"cuhio"
"1038691","varicoblepharon",,"cahusoteo"
"1038692","varicoc",,"cuhisen"
"1038693","varicocele",,"okanihi"
"1038694","varicocelectomies",,"cuhisevuat"
"1038695","varicocelectomy",,"cohesuvoa"
"1038696","varicoceles",,"okanihafat"
"1038697","varicocelized",,"ikenuhefi"
"1038698","varicocelogenesis",,"cahusovaon"
"1038699","varicocoele",,"ukonahocu"
"1038700","varicographic",,"akineheba"
"1038701","varicography",,"okanihiba"
"1038702","varicoid",,"akineho"
"1038703","varicolored",,"akinehecan"
"1038704","varicoloredder",,"ukonahacen"
"1038705","varicoloreddest",,"ikenuhuce"
"1038706","varicoloreds",,"akinehecun"
"1038707","varicolorous",,"cehasipaon"
"1038708","varicoloured",,"ukonahaca"
"1038709","varicolouredder",,"ikenuhucea"
"1038710","varicoloureddest",,"okanihicet"
"1038711","varicoloureds",,"ukonahacena"
"1038712","varicolourous",,"cahusopuin"
"1038713","varicomphalus",,"ukonaheqi"
"1038714","varicone",,"okanihet"
"1038715","varicophlebitis",,"akinehaton"
"1038716","varicosavirus",,"cihosabuat"
"1038717","varicose",,"cihosae"
"1038718","varicosectomy",,"ekunohufon"
"1038719","varicosed",,"ukonahan"
"1038720","varicosely",,"akinehon"
"1038721","varicoseness",,"ekunohufen"
"1038722","varicoses",,"cihosain"
"1038723","varicosis",,"cuhiseun"
"1038724","varicosiss",,"cuhiseu"
"1038725","varicosities",,"ukonahoven"
"1038726","varicosity",,"okanihun"
"1038727","varicothrombophlebitis",,"ikenuhoton"
"1038728","varicothrombosis",,"cohesuduun"
"1038729","varicotic",,"akinehete"
"1038730","varicotomies",,"ukonahicen"
"1038731","varicotomy",,"okanihuna"
"1038732","varicous",,"cihosau"
"1038733","varicula",,"okanidet"
"1038734","varicule",,"akineda"
"1038735","varidase",,"ikenaree"
"1038736","varidases",,"ikenarin"
"1038737","varidical",,"cehatoe"
"1038738","varied",,"okaninn"
"1038739","variedly",,"cehavian"
"1038740","variedness",,"cohevuon"
"1038741","variednesses",,"cehaviheot"
"1038742","variednesss",,"cohevuhoan"
"1038743","variegat",,"ukononan"
"1038744","variegata",,"akininen"
"1038745","variegate",,"ikenenot"
"1038746","variegated",,"cehavae"
"1038747","variegatedly",,"ikenenugon"
"1038748","variegatedness",,"ukononagen"
"1038749","variegates",,"ikenenoa"
"1038750","variegatic",,"ukononu"
"1038751","variegating",,"cehavasaet"
"1038752","variegation",,"coheveseu"
"1038753","variegations",,"coheveseot"
"1038754","variegator",,"cahuvuon"
"1038755","variegators",,"cahuvusuan"
"1038756","variegatorubin",,"coheveseen"
"1038757","variegatum",,"ekununaa"
"1038758","variegatus",,"ikenenen"
"1038759","variegin",,"ekununin"
"1038760","varien",,"akinuta"
"1038761","varient",,"cihovun"
"1038762","varier",,"ikenatn"
"1038763","variers",,"ikeneee"
"1038764","varies",,"cehaet"
"1038765","variest",,"okanaoa"
"1038766","varietal",,"cahuvoot"
"1038767","varietally",,"okanabat"
"1038768","varietals",,"cahuvoo"
"1038769","varietas",,"ikenebu"
"1038770","varieth",,"cehavan"
"1038771","varietie",,"ekunubun"
"1038772","varieties",,"ekunubu"
"1038773","varietism",,"akinibon"
"1038774","varietist",,"cahuvoen"
"1038775","varietize",,"cehaviun"
"1038776","varietized",,"okanabi"
"1038777","varietizes",,"cehaviu"
"1038778","varietizing",,"okanabasot"
"1038779","varietur",,"cahuvoota"
"1038780","variety",,"ukonoet"
"1038781","varietyese",,"okanabon"
"1038782","varietyeses",,"okanabefan"
"1038783","varietys",,"ukonobi"
"1038784","varietyspeak",,"cihovaneet"
"1038785","varification",,"akinisitot"
"1038786","varificatory",,"akinisitu"
"1038787","varified",,"coheliet"
"1038788","varifies",,"ukonosuna"
"1038789","varifocal",,"cahuloet"
"1038790","varifocals",,"cahuloi"
"1038791","varifold",,"akinihet"
"1038792","variform",,"cuhileun"
"1038793","variformed",,"ukonohina"
"1038794","variformity",,"okanahuha"
"1038795","variformly",,"ekunuhet"
"1038796","varify",,"okanoto"
"1038797","varifying",,"cuhilein"
"1038798","varig",,"cihom"
"1038799","varigauge",,"cihomoa"
"1038800","varignon",,"cahumeet"
"1038801","varignons",,"cahumei"
"1038802","varigradation",,"cuhimusiet"
"1038803","varihued",,"cahuniot"
"1038804","variipes",,"ukonajat"
"1038805","varimax",,"akinaotu"
"1038806","varin",,"ekunosi"
"1038807","varina",,"okanatu"
"1038808","varinas",,"okaniene"
"1038809","varinder",,"akineva"
"1038810","varindor",,"ikenuvot"
"1038811","varindors",,"ikenuvoa"
"1038812","varing",,"okanenn"
"1038813","varini",,"ekunata"
"1038814","varint",,"cuhiena"
"1038815","vario",,"cuhifa"
"1038816","variocoupler",,"ekunitakon"
"1038817","variocouplers",,"ekunitakan"
"1038818","variocuopler",,"ekunitecon"
"1038819","variogram",,"ekuninaa"
"1038820","variograph",,"akinonuna"
"1038821","variographic",,"akinonotot"
"1038822","variography",,"okanunutot"
"1038823","variola",,"akinoae"
"1038824","variolar",,"cuhifian"
"1038825","variolaria",,"cahufui"
"1038826","variolarias",,"cahufusoat"
"1038827","variolaric",,"cuhifiu"
"1038828","variolas",,"akinozena"
"1038829","variolate",,"cohefeon"
"1038830","variolated",,"ikenazo"
"1038831","variolates",,"cohefean"
"1038832","variolating",,"ikenazugun"
"1038833","variolation",,"ukonezagen"
"1038834","variolations",,"ukonezagon"
"1038835","variolator",,"okanuze"
"1038836","variolators",,"okanuzigin"
"1038837","variole",,"ikenaue"
"1038838","varioles",,"ikenazot"
"1038839","variolic",,"ukonezun"
"1038840","varioliform",,"ekunizurat"
"1038841","varioliformis",,"ekunizurot"
"1038842","varioline",,"cuhifie"
"1038843","variolisation",,"ukonezodat"
"1038844","variolisations",,"ukonezode"
"1038845","variolite",,"cehafain"
"1038846","variolites",,"cehafaa"
"1038847","variolitic",,"cohefee"
"1038848","variolitization",,"akinozigan"
"1038849","variolization",,"cuhifitui"
"1038850","variolizations",,"cuhifituat"
"1038851","varioloid",,"cuhifiea"
"1038852","varioloids",,"cuhifiin"
"1038853","variolosser",,"cuhifijoot"
"1038854","variolossers",,"cuhifijoo"
"1038855","variolous",,"akinozi"
"1038856","variolovaccine",,"okanuzelen"
"1038857","variolovaccinia",,"ukonezilun"
"1038858","variome",,"cehafan"
"1038859","variometer",,"cahufaet"
"1038860","variometers",,"cahufapui"
"1038861","variometric",,"cehafepao"
"1038862","variometry",,"cihofio"
"1038863","variomics",,"cohefoan"
"1038864","varion",,"ikenere"
"1038865","variorum",,"ikenaqaa"
"1038866","variorums",,"ikenaqen"
"1038867","varios",,"cuhiene"
"1038868","variosity",,"okanuwat"
"1038869","variotinted",,"cuhifetoin"
"1038870","various",,"cihofe"
"1038871","variouser",,"ukonedun"
"1038872","variousest",,"ikenadena"
"1038873","variousl",,"ikenada"
"1038874","variouslier",,"cehafuboen"
"1038875","variousliest",,"cahufibee"
"1038876","variously",,"akinodon"
"1038877","variousness",,"ekunidujen"
"1038878","variousnesses",,"akinodiju"
"1038879","variousser",,"ukonedu"
"1038880","varioussest",,"ikenadedon"
"1038881","varioversal",,"ikenagibon"
"1038882","varipapa",,"coheheen"
"1038883","variphone",,"ukonoru"
"1038884","varipitch",,"akinisia"
"1038885","variraptor",,"coheceat"
"1038886","variscale",,"okaniton"
"1038887","variscite",,"okaniti"
"1038888","variscites",,"okanitat"
"1038889","varisized",,"coheqiet"
"1038890","varisome",,"cehaqiun"
"1038891","varispeed",,"cehaquat"
"1038892","varispeeded",,"ekunojefu"
"1038893","varispeeding",,"ekunojefon"
"1038894","varispeeds",,"cehaque"
"1038895","varisse",,"cehaqi"
"1038896","variste",,"okanioa"
"1038897","varistor",,"cuhiqean"
"1038898","varistors",,"cuhiqeun"
"1038899","varisyllabic",,"ukonamafo"
"1038900","varisyllabicity",,"cuhiqepaan"
"1038901","varitron",,"ikenaqae"
"1038902","varitype",,"cuhiweon"
"1038903","varityped",,"akinomo"
"1038904","varityper",,"ekunimu"
"1038905","varitypers",,"ekunimot"
"1038906","varitypes",,"cuhiwean"
"1038907","varityping",,"akinomun"
"1038908","varitypist",,"ekunimo"
"1038909","varitypists",,"ekunimevet"
"1038910","varius",,"cehaona"
"1038911","varivax",,"cuhiden"
"1038912","varivestis",,"cuhidoe"
"1038913","varix",,"ekunosu"
"1038914","varize",,"ukonono"
"1038915","varized",,"cohemin"
"1038916","varizes",,"ukonoeta"
"1038917","varizing",,"cohemii"
"1038918","varjo",,"akirou"
"1038919","varjya",,"ekuron"
"1038920","vark",,"cehoa"
"1038921","varkahcs",,"ukosiran"
"1038922","varkas",,"cohiin"
"1038923","varkaus",,"cehoni"
"1038924","varkey",,"cohiu"
"1038925","varks",,"cehoqa"
"1038926","varl",,"okattu"
"1038927","varlamoffite",,"cihanijiun"
"1038928","varlet",,"cuhea"
"1038929","varletaille",,"cehivisua"
"1038930","varletess",,"cihavau"
"1038931","varletesses",,"cohuvupai"
"1038932","varletries",,"akitibon"
"1038933","varletry",,"iketebue"
"1038934","varlets",,"cuheven"
"1038935","varletto",,"okatabet"
"1038936","varlettos",,"okatabi"
"1038937","varley",,"iketans"
"1038938","varli",,"okatira"
"1038939","varls",,"okatire"
"1038940","varma",,"cehun"
"1038941","varmala",,"okaveo"
"1038942","varmannie",,"cahineen"
"1038943","varmannies",,"cahineon"
"1038944","varmas",,"cehuet"
"1038945","varment",,"cehuvi"
"1038946","varments",,"cehuvoat"
"1038947","varmeter",,"cihevaun"
"1038948","varmin",,"ukovone"
"1038949","varmint",,"coharen"
"1038950","varminter",,"ikevufo"
"1038951","varmints",,"coharion"
"1038952","varminty",,"cuhoraan"
"1038953","varn",,"ekuzte"
"1038954","varna",,"okazee"
"1038955","varnado",,"cohenot"
"1038956","varnadore",,"ikezovin"
"1038957","varnam",,"akizuo"
"1038958","varname",,"ukoziet"
"1038959","varnames",,"ukozipi"
"1038960","varnas",,"okazote"
"1038961","varnashrama",,"ikezowabon"
"1038962","varne",,"akizis"
"1038963","varnell",,"okazaene"
"1038964","varnells",,"okazazon"
"1038965","varner",,"cuhia"
"1038966","varney",,"okazinn"
"1038967","varniai",,"okaziet"
"1038968","varnish",,"cahura"
"1038969","varnishable",,"cuhirasain"
"1038970","varnishe",,"cuhiraan"
"1038971","varnished",,"akizewet"
"1038972","varnisher",,"ekuzowot"
"1038973","varnishers",,"ekuzowoa"
"1038974","varnishes",,"cuhiraun"
"1038975","varnishest",,"akizewan"
"1038976","varnisheth",,"cuhirain"
"1038977","varnishing",,"akizewu"
"1038978","varnishings",,"akizewovot"
"1038979","varnishkas",,"cahurean"
"1038980","varnishkes",,"cihoruet"
"1038981","varnishleaf",,"cahureseun"
"1038982","varnishless",,"ukozawefo"
"1038983","varnishlike",,"ikezuwafun"
"1038984","varnishment",,"cuhirasea"
"1038985","varnishs",,"cahureen"
"1038986","varnisht",,"ekuzowin"
"1038987","varnishy",,"coherion"
"1038988","varnpliktige",,"cihohotie"
"1038989","varnsingite",,"ikezusesat"
"1038990","varnum",,"ikezunn"
"1038991","varnville",,"cuhidaun"
"1038992","varnvilles",,"cuhidau"
"1038993","varo",,"cuhu"
"1038994","varoid",,"akipuu"
"1038995","varolian",,"cehevoe"
"1038996","varolians",,"cehevoin"
"1038997","varolii",,"ukopiat"
"1038998","varolius",,"ikeposa"
"1038999","varon",,"ikeput"
"1039000","varona",,"ukopena"
"1039001","varone",,"okapote"
"1039002","varoom",,"cuhuen"
"1039003","varoomed",,"ukopepi"
"1039004","varooming",,"ukopepot"
"1039005","varooms",,"cuhufon"
"1039006","varoufakis",,"ekupumen"
"1039007","varous",,"cihian"
"1039008","varpa",,"ekufa"
"1039009","varpu",,"ukofoe"
"1039010","varrange",,"cehunoat"
"1039011","varray",,"okajina"
"1039012","varrian",,"cehuran"
"1039013","varriated",,"ikejurin"
"1039014","varrius",,"ikejuua"
"1039015","varro",,"ekujit"
"1039016","varroa",,"okajot"
"1039017","varroacide",,"cuhofian"
"1039018","varroas",,"okajuo"
"1039019","varroatosis",,"cohafedee"
"1039020","varroid",,"cuhofet"
"1039021","varronia",,"cihefuin"
"1039022","varronian",,"okajufat"
"1039023","varronians",,"okajufe"
"1039024","varronias",,"cihefua"
"1039025","varroosis",,"ikejahene"
"1039026","varros",,"ekujis"
"1039027","varroville",,"cuhofiu"
"1039028","varry",,"ekujine"
"1039029","vars",,"cohea"
"1039030","varsal",,"ikecati"
"1039031","varsanyi",,"ukocifan"
"1039032","varsavia",,"ukocigi"
"1039033","varsha",,"akicuo"
"1039034","varsiness",,"akicefet"
"1039035","varsiter",,"cehariat"
"1039036","varsitier",,"cehariu"
"1039037","varsities",,"okaciban"
"1039038","varsitiest",,"cahuroon"
"1039039","varsity",,"akiceota"
"1039040","varsitys",,"akicebo"
"1039041","varsna",,"okacota"
"1039042","varsouvienne",,"ekucidovet"
"1039043","varsovian",,"cehafau"
"1039044","varsoviana",,"cohefeana"
"1039045","varsovians",,"cehafaot"
"1039046","varsovienne",,"okacugafe"
"1039047","varsoviennes",,"okacugafin"
"1039048","varspr",,"cuhioa"
"1039049","varsy",,"cuhil"
"1039050","varszegi",,"akicizo"
"1039051","vart",,"ikeqri"
"1039052","varta",,"ukoqit"
"1039053","vartabad",,"akiqusu"
"1039054","vartabed",,"ikeqosat"
"1039055","vartabeds",,"ikeqose"
"1039056","vartabet",,"ikeqosun"
"1039057","vartanian",,"akiqufet"
"1039058","vartapet",,"ukoqijon"
"1039059","varted",,"cahaan"
"1039060","varteresian",,"akiqiqadi"
"1039061","vartika",,"ikequua"
"1039062","varting",,"cahara"
"1039063","vartivarian",,"caharusoan"
"1039064","varty",,"akiqonu"
"1039065","varu",,"cehoe"
"1039066","varughese",,"okaweri"
"1039067","varujan",,"cuhaset"
"1039068","varulite",,"cihuvuu"
"1039069","varum",,"cuhaz"
"1039070","varun",,"akiwes"
"1039071","varuna",,"ekuwona"
"1039072","varunae",,"akiweua"
"1039073","varunapriya",,"ekuworebo"
"1039074","varunas",,"ekuwoan"
"1039075","varuni",,"akiwini"
"1039076","varunid",,"cihupun"
"1039077","varunis",,"akiweaa"
"1039078","varus",,"cehoqe"
"1039079","varuses",,"caheqe"
"1039080","varuzhan",,"ikewerine"
"1039081","varvara",,"cihanan"
"1039082","varve",,"ekubui"
"1039083","varved",,"cuhein"
"1039084","varvel",,"cihai"
"1039085","varveled",,"ikebezun"
"1039086","varvelled",,"cahovuot"
"1039087","varvels",,"cihavat"
"1039088","varves",,"ekubet"
"1039089","vary",,"cuhua"
"1039090","varyag",,"ceheeta"
"1039091","varyation",,"cuhuneat"
"1039092","varying",,"ukokaan"
"1039093","varyingly",,"cihiruo"
"1039094","varyings",,"ukokafun"
"1039095","varysburg",,"cahaqao"
"1039096","varysburgs",,"cahaqaet"
"1039097","varzaqan",,"cuhaniet"
"1039098","varzea",,"akilata"
"1039099","varzesh",,"cihuvat"
"1039100","varzim",,"ikelunu"
"1039101","vas",,"iko1"
"1039102","vasa",,"ukimsa"
"1039103","vasai",,"ukimas"
"1039104","vasal",,"cejiv"
"1039105","vasalgia",,"cijavoin"
"1039106","vasalium",,"cijavuin"
"1039107","vasalled",,"cijavoun"
"1039108","vasalling",,"cijavoen"
"1039109","vasallo",,"ikomoue"
"1039110","vasals",,"cejiet"
"1039111","vasan",,"cajop"
"1039112","vasana",,"cejien"
"1039113","vasant",,"ekamonne"
"1039114","vasanth",,"cajopin"
"1039115","vasantha",,"cejipiat"
"1039116","vasanti",,"ekamoate"
"1039117","vasantkumar",,"cojupuzoun"
"1039118","vasari",,"cijaan"
"1039119","vasarian",,"ikomisine"
"1039120","vasaris",,"cijacun"
"1039121","vasas",,"ukimara"
"1039122","vasbinder",,"akunefo"
"1039123","vascar",,"cijoon"
"1039124","vascath",,"ukiriet"
"1039125","vascla",,"cejaen"
"1039126","vasco",,"akuroe"
"1039127","vascoceratid",,"cijofupao"
"1039128","vascologist",,"ekarizason"
"1039129","vascology",,"cojefei"
"1039130","vascon",,"cejaet"
"1039131","vasconcellea",,"cojefivoat"
"1039132","vasconcelos",,"okerufafun"
"1039133","vasconez",,"ikorafe"
"1039134","vasconic",,"cejafoat"
"1039135","vasconist",,"okerufan"
"1039136","vascons",,"cejafi"
"1039137","vasconss",,"cejafoata"
"1039138","vascula",,"cajube"
"1039139","vascular",,"okerazen"
"1039140","vascularate",,"cajubusoen"
"1039141","vascularis",,"okerazata"
"1039142","vascularisation",,"okerazibi"
"1039143","vascularisations",,"okerazibat"
"1039144","vascularise",,"ekaruzoba"
"1039145","vascularised",,"cujibiseu"
"1039146","vascularises",,"ekaruzoben"
"1039147","vascularising",,"cujibiseon"
"1039148","vascularities",,"cujibiseo"
"1039149","vascularitis",,"cajubusoun"
"1039150","vascularity",,"cojebesuat"
"1039151","vascularizable",,"cejabasiet"
"1039152","vascularization",,"cojebesuet"
"1039153","vascularizations",,"cojebesui"
"1039154","vascularize",,"cejabasiin"
"1039155","vascularized",,"okerazibun"
"1039156","vascularizes",,"cejabasia"
"1039157","vascularizing",,"okeraziben"
"1039158","vascularly",,"cejabau"
"1039159","vasculate",,"akuriza"
"1039160","vasculated",,"cijobou"
"1039161","vasculates",,"akurizena"
"1039162","vasculating",,"cijobosoon"
"1039163","vasculation",,"cujibisiin"
"1039164","vasculatory",,"cujibisie"
"1039165","vasculature",,"cijobosoa"
"1039166","vasculatures",,"cijobosoen"
"1039167","vasculiferous",,"cejabatei"
"1039168","vasculiform",,"cejabateet"
"1039169","vasculitic",,"akurizi"
"1039170","vasculitides",,"cojebetee"
"1039171","vasculitis",,"akurizana"
"1039172","vasculitogenic",,"cijobotou"
"1039173","vasculo",,"cejabi"
"1039174","vasculocardiac",,"cijobojei"
"1039175","vasculocentric",,"ukirozizet"
"1039176","vasculoendothelial",,"cejabajeo"
"1039177","vasculogenesis",,"ukirozisi"
"1039178","vasculogenetic",,"cojebejia"
"1039179","vasculogenic",,"akurizuse"
"1039180","vasculogenically",,"akurizuson"
"1039181","vasculolymphatic",,"cojebejian"
"1039182","vasculome",,"cijoboin"
"1039183","vasculometabolic",,"ekaruzahu"
"1039184","vasculomotor",,"cijobojaan"
"1039185","vasculomyelinopathy",,"ukirozihet"
"1039186","vasculonervous",,"ukirozijon"
"1039187","vasculoneuropathic",,"ikorezoji"
"1039188","vasculopathic",,"akurizuqin"
"1039189","vasculopathy",,"okerazeqin"
"1039190","vasculopermeability",,"okerazeqina"
"1039191","vasculoproliferative",,"ukiroziqi"
"1039192","vasculoprotection",,"ukiroziqin"
"1039193","vasculoprotective",,"okerazeqan"
"1039194","vasculosa",,"cojebeet"
"1039195","vasculose",,"cajubua"
"1039196","vasculosum",,"cijoboo"
"1039197","vasculotide",,"cujibijie"
"1039198","vasculotoxic",,"cajubujuat"
"1039199","vasculotoxicity",,"ikorezogot"
"1039200","vasculotrophic",,"cajubujua"
"1039201","vasculotropic",,"ekaruzagan"
"1039202","vasculotropin",,"cojebejeo"
"1039203","vasculous",,"cajubuo"
"1039204","vasculum",,"cejabaat"
"1039205","vasculums",,"cejabae"
"1039206","vasde",,"cajav"
"1039207","vase",,"oketru"
"1039208","vasectom",,"cajesoin"
"1039209","vasectomee",,"cijusau"
"1039210","vasectomies",,"cujasejee"
"1039211","vasectomise",,"cujasejeea"
"1039212","vasectomised",,"akutebuhan"
"1039213","vasectomises",,"cujasejein"
"1039214","vasectomising",,"akutebuha"
"1039215","vasectomist",,"ekatobaho"
"1039216","vasectomization",,"ikotubohot"
"1039217","vasectomize",,"oketibehat"
"1039218","vasectomized",,"cajesojoon"
"1039219","vasectomizes",,"oketibehe"
"1039220","vasectomizing",,"cajesojoin"
"1039221","vasectomy",,"cojisuen"
"1039222","vased",,"cajet"
"1039223","vaseful",,"ekatuata"
"1039224","vasek",,"ekatusu"
"1039225","vaseless",,"cijuveun"
"1039226","vaselet",,"ukitien"
"1039227","vaselike",,"cojivien"
"1039228","vaselin",,"ikotoue"
"1039229","vaseline",,"oketeset"
"1039230","vaselined",,"cajevea"
"1039231","vaselineds",,"cajeveen"
"1039232","vaselines",,"oketesia"
"1039233","vaselining",,"cajeveat"
"1039234","vaselinings",,"cajevehie"
"1039235","vasemaker",,"cijuzou"
"1039236","vasemaking",,"cojizeun"
"1039237","vases",,"oketiri"
"1039238","vaseschiro",,"akutetia"
"1039239","vasevine",,"oketesen"
"1039240","vaseware",,"cujagio"
"1039241","vasewise",,"ukituson"
"1039242","vasework",,"cajegoot"
"1039243","vasey",,"ukiteso"
"1039244","vaseygrass",,"cajeluen"
"1039245","vaseys",,"ukitaso"
"1039246","vashegyite",,"ukimonua"
"1039247","vashem",,"cujoo"
"1039248","vashiva",,"ikomuua"
"1039249","vashkivtsi",,"cujotaot"
"1039250","vashni",,"ekamatne"
"1039251","vashon",,"ikomenu"
"1039252","vashons",,"ikomaine"
"1039253","vashtee",,"ekamiii"
"1039254","vashti",,"ikomete"
"1039255","vashtia",,"ukimeie"
"1039256","vasi",,"ikonse"
"1039257","vasicentric",,"cijosehoen"
"1039258","vasicine",,"cijosuu"
"1039259","vasicinol",,"ekanosa"
"1039260","vasicinolone",,"cijosuhoat"
"1039261","vasicinone",,"ukinasin"
"1039262","vasid",,"cejat"
"1039263","vasifaction",,"cijolovoi"
"1039264","vasifactive",,"cejalavaa"
"1039265","vasiferous",,"akunizane"
"1039266","vasiform",,"akunihone"
"1039267","vasiformation",,"akunihohen"
"1039268","vasil",,"cajuv"
"1039269","vasila",,"cejaon"
"1039270","vasilato",,"ukinirat"
"1039271","vasilatu",,"ekanare"
"1039272","vasileior",,"ikonozen"
"1039273","vasilek",,"cijove"
"1039274","vasileu",,"cijovun"
"1039275","vasilevs",,"ukinizan"
"1039276","vasilevskiy",,"akunuzedun"
"1039277","vasilevsky",,"akunuzia"
"1039278","vasili",,"cajuin"
"1039279","vasiliev",,"ukinisat"
"1039280","vasilievichy",,"cajuvepee"
"1039281","vasilii",,"cajuvo"
"1039282","vasilikas",,"cajuveon"
"1039283","vasiliki",,"cujivae"
"1039284","vasilios",,"cojevii"
"1039285","vasilis",,"cajuva"
"1039286","vasilite",,"akunusen"
"1039287","vasiliu",,"cujivi"
"1039288","vasilkov",,"ekanavin"
"1039289","vasilopita",,"cujivein"
"1039290","vasilopo",,"okenehan"
"1039291","vasilopoulos",,"cajuvocuin"
"1039292","vasily",,"cojeot"
"1039293","vasilyevite",,"cijovapuen"
"1039294","vasing",,"cajuina"
"1039295","vasis",,"ikonute"
"1039296","vasishtha",,"cijoqio"
"1039297","vasista",,"cojeqa"
"1039298","vasitis",,"cejawat"
"1039299","vasiukivka",,"cijobeet"
"1039300","vaske",,"ekasut"
"1039301","vasko",,"ukiseri"
"1039302","vaslui",,"cujeen"
"1039303","vasmer",,"cujoa"
"1039304","vaso",,"akupti"
"1039305","vasoactivator",,"okepetevot"
"1039306","vasoactive",,"ikopotaa"
"1039307","vasoactivities",,"cejenoduan"
"1039308","vasoactivity",,"cujunadoot"
"1039309","vasoarrhythmia",,"cojonowuet"
"1039310","vasoattenuation",,"cujunedui"
"1039311","vasocapillary",,"ikopurivun"
"1039312","vasocclusive",,"akupetekat"
"1039313","vasocentric",,"cajasihuon"
"1039314","vasocholinergic",,"ukiparifu"
"1039315","vasocompression",,"cujusefuat"
"1039316","vasocongestion",,"cojosuhiet"
"1039317","vasocongestive",,"cajasohein"
"1039318","vasoconstrict",,"ukipahodet"
"1039319","vasoconstricted",,"cejesihuan"
"1039320","vasoconstricting",,"cejesihua"
"1039321","vasoconstriction",,"cojosuhaat"
"1039322","vasoconstrictions",,"cojosuhae"
"1039323","vasoconstrictive",,"cajasohien"
"1039324","vasoconstrictor",,"cajasohio"
"1039325","vasoconstrictors",,"cajasohiet"
"1039326","vasoconstrictory",,"cojosuhai"
"1039327","vasoconstricts",,"ukipahodi"
"1039328","vasocontractile",,"cejesihaat"
"1039329","vasocontractility",,"akupehigan"
"1039330","vasocontracting",,"cojosuheon"
"1039331","vasocontraction",,"cijisahoin"
"1039332","vasocorona",,"ikopuhen"
"1039333","vasocrine",,"okepiqi"
"1039334","vasodegeneration",,"cujutoruan"
"1039335","vasodegenerative",,"cojotaroo"
"1039336","vasodentin",,"ikopazen"
"1039337","vasodentinal",,"cejetuhaen"
"1039338","vasodentine",,"okepuzagun"
"1039339","vasodepressant",,"cejetuciet"
"1039340","vasodepression",,"ukipezubon"
"1039341","vasodepressive",,"okepuzobot"
"1039342","vasodepressor",,"okepuzobin"
"1039343","vasodepressors",,"okepuzoba"
"1039344","vasodilan",,"cajateen"
"1039345","vasodilatation",,"cojotipien"
"1039346","vasodilatations",,"cojotipion"
"1039347","vasodilatative",,"cajatepeu"
"1039348","vasodilatator",,"cajatepee"
"1039349","vasodilatatory",,"cojotipia"
"1039350","vasodilate",,"cejetou"
"1039351","vasodilated",,"okepusitat"
"1039352","vasodilates",,"cejetopoot"
"1039353","vasodilatin",,"ekapisotet"
"1039354","vasodilating",,"okepusito"
"1039355","vasodilation",,"ikopasutun"
"1039356","vasodilational",,"cejetopoun"
"1039357","vasodilations",,"ikopasutu"
"1039358","vasodilative",,"ekapisoteta"
"1039359","vasodilator",,"ekapisoten"
"1039360","vasodilators",,"ekapisoton"
"1039361","vasodilatory",,"ikopasutan"
"1039362","vasodilitation",,"cejetopue"
"1039363","vasodynamic",,"ikopametet"
"1039364","vasodynamics",,"ikopameti"
"1039365","vasoendothelial",,"akupifucen"
"1039366","vasoepididymography",,"ikopejepun"
"1039367","vasoepididymostomy",,"ikopejepi"
"1039368","vasofactive",,"cijilovoen"
"1039369","vasoformation",,"okepahuhon"
"1039370","vasoformative",,"akupihohot"
"1039371","vasoganglion",,"cojomehien"
"1039372","vasogenic",,"cejemuu"
"1039373","vasogenous",,"cojomaat"
"1039374","vasogram",,"cujumuan"
"1039375","vasographic",,"cijimisii"
"1039376","vasography",,"cajamai"
"1039377","vasohibin",,"cojoniat"
"1039378","vasohypertonic",,"cejeniceat"
"1039379","vasohypotonic",,"akupamaca"
"1039380","vasoinhibin",,"ekapofivan"
"1039381","vasoinhibitor",,"cujurasoan"
"1039382","vasoinhibitors",,"cujurasoun"
"1039383","vasoinhibitory",,"cejerosuu"
"1039384","vasointestinal",,"cejerodeun"
"1039385","vasoinvasion",,"cajarekeu"
"1039386","vasolabile",,"cejevain"
"1039387","vasoligate",,"ukipisin"
"1039388","vasoligated",,"cojoviriun"
"1039389","vasoligation",,"cijivurue"
"1039390","vasoligations",,"cijivuruin"
"1039391","vasoligature",,"cojoviriin"
"1039392","vasoligatures",,"cojoviria"
"1039393","vasomediator",,"cijizezeon"
"1039394","vasomodulation",,"okepohekon"
"1039395","vasomodulator",,"akupahukin"
"1039396","vasomodulatory",,"okepoheken"
"1039397","vasomotility",,"cijizadeun"
"1039398","vasomotion",,"ukipuha"
"1039399","vasomotional",,"cojozudaa"
"1039400","vasomotions",,"ukipuhiven"
"1039401","vasomotive",,"okepohun"
"1039402","vasomotor",,"okepohat"
"1039403","vasomotorial",,"cajazoduu"
"1039404","vasomotoric",,"okepohecin"
"1039405","vasomotory",,"ukipuhin"
"1039406","vasomotricity",,"cajazodoin"
"1039407","vason",,"cejep"
"1039408","vasonconstriction",,"ekapotajet"
"1039409","vasoneural",,"cujupoun"
"1039410","vasoneuropathy",,"cejepugian"
"1039411","vasoneurosis",,"ikopuzibat"
"1039412","vasoobliteration",,"akuposevi"
"1039413","vasoobliterative",,"ikopasuva"
"1039414","vasoocclusion",,"ukipetofon"
"1039415","vasoocclusive",,"okeputafot"
"1039416","vasool",,"cujuen"
"1039417","vasoparalysis",,"cijihowuat"
"1039418","vasoparalytic",,"ukiporeten"
"1039419","vasoparesis",,"okeparufe"
"1039420","vasopeptidase",,"ekapuzeget"
"1039421","vasopeptide",,"akupizagi"
"1039422","vasoperitoneal",,"cojohawao"
"1039423","vasopermeability",,"cijihewaot"
"1039424","vasopermeation",,"ikopezahu"
"1039425","vasoplegia",,"ekapuzoa"
"1039426","vasoplegic",,"akupizan"
"1039427","vasopressin",,"cojohopae"
"1039428","vasopressinase",,"cojohopaa"
"1039429","vasopressinergic",,"ukipoqudu"
"1039430","vasopressins",,"cojohopain"
"1039431","vasopressive",,"cojohopaea"
"1039432","vasopressor",,"cojohopaun"
"1039433","vasopressors",,"cojohopau"
"1039434","vasoproliferation",,"cojohojiin"
"1039435","vasoproliferative",,"cajahajean"
"1039436","vasoprotecting",,"cujuhujii"
"1039437","vasoprotection",,"cajahajuot"
"1039438","vasoprotective",,"cijihijoat"
"1039439","vasoprotector",,"cijihijoan"
"1039440","vasopuncture",,"ekapuduzen"
"1039441","vasoreactive",,"cejecusuot"
"1039442","vasoreactivity",,"akupazezin"
"1039443","vasoreflex",,"ekapezota"
"1039444","vasoregenerative",,"cijiceriu"
"1039445","vasoregression",,"cijicerau"
"1039446","vasoregressive",,"cejecurii"
"1039447","vasoregulation",,"ikopizukot"
"1039448","vasoregulator",,"ekapezokan"
"1039449","vasoregulatory",,"ikopizuku"
"1039450","vasorelaxant",,"cijicepuet"
"1039451","vasorelaxation",,"cajacipein"
"1039452","vasorelaxatory",,"cajacipee"
"1039453","vasorelaxin",,"ukipuzatot"
"1039454","vasorelaxing",,"akupazetu"
"1039455","vasoreparative",,"cujucocao"
"1039456","vasoresponse",,"cijicebion"
"1039457","vasoresponsive",,"ikopizequ"
"1039458","vasoresponsiveness",,"cijicebiet"
"1039459","vasorin",,"ikopiin"
"1039460","vasorrhaphy",,"cajacaseat"
"1039461","vasorum",,"cejecan"
"1039462","vasos",,"akupeo"
"1039463","vasosection",,"ikopuzegon"
"1039464","vasosensory",,"ekapozudo"
"1039465","vasospasm",,"cujuqoat"
"1039466","vasospasmic",,"cujuqosoin"
"1039467","vasospasmolysis",,"ikopujudo"
"1039468","vasospasmolytic",,"cejequsue"
"1039469","vasospasms",,"cujuqoe"
"1039470","vasospastic",,"okepijide"
"1039471","vasospasticity",,"cojoqasao"
"1039472","vasostasis",,"cujuqee"
"1039473","vasostatic",,"akupebon"
"1039474","vasostatin",,"cejeqiot"
"1039475","vasostatins",,"cejeqisao"
"1039476","vasostimulant",,"ikopubehu"
"1039477","vasostimulants",,"ikopubehot"
"1039478","vasostimulation",,"akupebihi"
"1039479","vasostimulatory",,"akupebihet"
"1039480","vasostomy",,"cajaqoen"
"1039481","vasothrombin",,"cojowowea"
"1039482","vasotocin",,"ukipehe"
"1039483","vasotocinergic",,"cijiwaveu"
"1039484","vasotocins",,"ukipehin"
"1039485","vasotomies",,"cojowuat"
"1039486","vasotomy",,"cajawoa"
"1039487","vasotonia",,"akupohon"
"1039488","vasotonic",,"ukipehea"
"1039489","vasotonin",,"cajawoon"
"1039490","vasotonus",,"ikopaho"
"1039491","vasotransplantation",,"cajawasiu"
"1039492","vasotribe",,"cijiwiin"
"1039493","vasotribes",,"cijiwia"
"1039494","vasotripsy",,"cojowoat"
"1039495","vasotrophic",,"ukipeqiqo"
"1039496","vasotropic",,"cojowoata"
"1039497","vasoufz",,"okepaen"
"1039498","vasovagal",,"akupureta"
"1039499","vasovasorrhaphy",,"ikoporeca"
"1039500","vasovasostomies",,"akupuricen"
"1039501","vasovasostomy",,"ikoporecun"
"1039502","vasovesiculectomy",,"cujudoboat"
"1039503","vasovesiculitis",,"cijidebeot"
"1039504","vasp",,"ciju"
"1039505","vaspurakan",,"cejobein"
"1039506","vasquez",,"cojubin"
"1039507","vasquezs",,"cojubaa"
"1039508","vasquine",,"cijabuu"
"1039509","vasra",,"cijen"
"1039510","vass",,"ikocli"
"1039511","vassa",,"ukicie"
"1039512","vassail",,"cejanan"
"1039513","vassails",,"cejanoun"
"1039514","vassal",,"cejaeta"
"1039515","vassalage",,"cojeneet"
"1039516","vassalages",,"cojenei"
"1039517","vassalboro",,"cejanain"
"1039518","vassalboros",,"cejanataa"
"1039519","vassaldom",,"okecezi"
"1039520","vassaled",,"ekacazana"
"1039521","vassaler",,"okecezena"
"1039522","vassaless",,"cajunua"
"1039523","vassalesses",,"cujinipoun"
"1039524","vassalest",,"ekacaze"
"1039525","vassalhood",,"cajunuon"
"1039526","vassalic",,"cejanaat"
"1039527","vassaling",,"ekacaza"
"1039528","vassalisation",,"cejanatuan"
"1039529","vassalise",,"cajunuo"
"1039530","vassalised",,"ekacazin"
"1039531","vassalises",,"cajunuet"
"1039532","vassalising",,"ekacazudi"
"1039533","vassalism",,"cujiniun"
"1039534","vassalitic",,"okecezun"
"1039535","vassality",,"ukicizuna"
"1039536","vassalization",,"ukicizoson"
"1039537","vassalize",,"ikocozot"
"1039538","vassalized",,"cejanae"
"1039539","vassalizes",,"ikocozo"
"1039540","vassalizing",,"cejanateet"
"1039541","vassall",,"ekacaata"
"1039542","vassalled",,"cijonou"
"1039543","vassaller",,"cujinian"
"1039544","vassalless",,"akucuzona"
"1039545","vassallest",,"cijonoa"
"1039546","vassalling",,"cijonoon"
"1039547","vassallo",,"ikocozota"
"1039548","vassalries",,"okecezat"
"1039549","vassalry",,"akucuza"
"1039550","vassals",,"cejani"
"1039551","vassalship",,"cijonoet"
"1039552","vassalty",,"ukicizi"
"1039553","vassar",,"cijoi"
"1039554","vassarite",,"ikocoqota"
"1039555","vassars",,"cijonat"
"1039556","vassaux",,"cujino"
"1039557","vasse",,"okecani"
"1039558","vassell",,"ukicoona"
"1039559","vasser",,"cejaena"
"1039560","vasseur",,"cajuve"
"1039561","vassey",,"ukicaa"
"1039562","vassili",,"cajura"
"1039563","vassilik",,"cujiriun"
"1039564","vassilio",,"cojerei"
"1039565","vassilis",,"cajuruen"
"1039566","vassily",,"cojero"
"1039567","vassos",,"akucui"
"1039568","vast",,"ceje"
"1039569","vasta",,"cojon"
"1039570","vastag",,"cijian"
"1039571","vastah",,"ukiqena"
"1039572","vastate",,"okeqeota"
"1039573","vastatin",,"cujunei"
"1039574","vastatio",,"akuquboa"
"1039575","vastation",,"cejeniu"
"1039576","vasten",,"ukiqou"
"1039577","vaster",,"okeqinu"
"1039578","vasteras",,"ikoqeqe"
"1039579","vasterass",,"ikoqeqin"
"1039580","vasterbottenost",,"cajavatuin"
"1039581","vastest",,"ekaquie"
"1039582","vastha",,"ukiqene"
"1039583","vasthi",,"ikoqeu"
"1039584","vasthis",,"ikoqiin"
"1039585","vasthy",,"akuquo"
"1039586","vasti",,"cejer"
"1039587","vastidities",,"cujuretiin"
"1039588","vastidity",,"cojoruon"
"1039589","vastier",,"okeqioa"
"1039590","vastiest",,"ekaqozun"
"1039591","vastily",,"ikoquu"
"1039592","vastiness",,"ukiqafuna"
"1039593","vastitas",,"ikoqubin"
"1039594","vastities",,"ekaqobin"
"1039595","vastitude",,"cijirau"
"1039596","vastitudes",,"cijiraot"
"1039597","vastity",,"ukiqaon"
"1039598","vastitys",,"ukiqaban"
"1039599","vastlier",,"cujuvai"
"1039600","vastliest",,"cijivuot"
"1039601","vastlopen",,"ekaqahin"
"1039602","vastly",,"ikoqata"
"1039603","vastness",,"ukiqazia"
"1039604","vastnesses",,"ikoquza"
"1039605","vastoadductor",,"cujufiziin"
"1039606","vastomy",,"cijifun"
"1039607","vaston",,"okeqani"
"1039608","vastons",,"okequen"
"1039609","vastrap",,"cujucen"
"1039610","vasts",,"cejeq"
"1039611","vastu",,"cajab"
"1039612","vastus",,"cajaun"
"1039613","vastuss",,"cajabu"
"1039614","vasty",,"cijil"
"1039615","vasu",,"okewna"
"1039616","vasudeva",,"akuwozu"
"1039617","vasudevan",,"cejotuan"
"1039618","vasudevas",,"akuwozot"
"1039619","vasudh",,"okewoto"
"1039620","vasudha",,"ikowauna"
"1039621","vasuki",,"ekawane"
"1039622","vasundhara",,"okewivan"
"1039623","vasundharas",,"okewivutun"
"1039624","vaswani",,"cijenun"
"1039625","vasy",,"akukni"
"1039626","vasya",,"ekakaa"
"1039627","vasyl",,"cojov"
"1039628","vasylivka",,"okekesan"
"1039629","vasylkiv",,"ekakavu"
"1039630","vasylovych",,"cajavoet"
"1039631","vasyugan",,"cojobeen"
"1039632","vasyuta",,"cijiban"
"1039633","vat",,"cec"
"1039634","vata",,"cocu"
"1039635","vatable",,"cacorun"
"1039636","vataireoid",,"cicaria"
"1039637","vatakara",,"akamirot"
"1039638","vatakkiruttal",,"cicatetaun"
"1039639","vatalanib",,"ekemarua"
"1039640","vataman",,"akamain"
"1039641","vatap",,"akaminu"
"1039642","vatatzes",,"cocuwaot"
"1039643","vater",,"okotola"
"1039644","vateria",,"ikitiune"
"1039645","vaterias",,"ikitisu"
"1039646","vaterite",,"cucacaet"
"1039647","vateritic",,"caceceo"
"1039648","vaterland",,"cociceen"
"1039649","vaterlands",,"cociceon"
"1039650","vaterlau",,"cucaciet"
"1039651","vates",,"caceq"
"1039652","vatful",,"caceu"
"1039653","vatfuls",,"cacebot"
"1039654","vath",,"ikimta"
"1039655","vatha",,"ukumire"
"1039656","vathekian",,"cicevea"
"1039657","vati",,"ceca"
"1039658","vatic",,"cecas"
"1039659","vatical",,"okonioa"
"1039660","vatically",,"cecasae"
"1039661","vatican",,"ekenoane"
"1039662","vaticana",,"okoniren"
"1039663","vaticanal",,"cucisian"
"1039664","vaticanc",,"ekenorat"
"1039665","vaticanian",,"cicosoo"
"1039666","vaticanic",,"ekenoru"
"1039667","vaticanical",,"cucisihou"
"1039668","vaticanisation",,"ekenoruve"
"1039669","vaticanisations",,"ekenoruvin"
"1039670","vaticanise",,"akaneron"
"1039671","vaticanised",,"cicosoheo"
"1039672","vaticanises",,"akanerivan"
"1039673","vaticanising",,"cicosoheun"
"1039674","vaticanism",,"ukunarina"
"1039675","vaticanisms",,"ukunarova"
"1039676","vaticanist",,"cucisie"
"1039677","vaticanists",,"cucisihoin"
"1039678","vaticanization",,"cecasahuat"
"1039679","vaticanizations",,"cecasahue"
"1039680","vaticanize",,"cacusuen"
"1039681","vaticanized",,"ekenoruvot"
"1039682","vaticanizes",,"cacusuhion"
"1039683","vaticanizing",,"ekenoruvan"
"1039684","vaticano",,"ikinurin"
"1039685","vaticanol",,"cacusuena"
"1039686","vaticanologist",,"ukunarocun"
"1039687","vaticanology",,"cacusuhue"
"1039688","vaticans",,"ekenorun"
"1039689","vaticanus",,"akaneren"
"1039690","vaticanuss",,"akanerona"
"1039691","vaticcer",,"okonito"
"1039692","vaticcest",,"ekenotun"
"1039693","vaticer",,"okoniaa"
"1039694","vaticest",,"ekenozat"
"1039695","vaticidal",,"cacuseo"
"1039696","vaticide",,"ekenosat"
"1039697","vaticides",,"ekenose"
"1039698","vaticinal",,"cicosua"
"1039699","vaticinant",,"ikinuset"
"1039700","vaticinate",,"cicosuaa"
"1039701","vaticinated",,"ukunasotu"
"1039702","vaticinates",,"cicosuhuen"
"1039703","vaticinating",,"ukunasoton"
"1039704","vaticination",,"akanesitin"
"1039705","vaticinations",,"akanesitaa"
"1039706","vaticinator",,"ikinuseti"
"1039707","vaticinators",,"ikinusetat"
"1039708","vaticinatory",,"akanesite"
"1039709","vaticinatress",,"akanesitu"
"1039710","vaticinatrix",,"cocesihiin"
"1039711","vaticine",,"ukunasan"
"1039712","vaticinium",,"okonisu"
"1039713","vaticiny",,"okonison"
"1039714","vatikan",,"akaniaa"
"1039715","vatileaks",,"akanuzet"
"1039716","vatinian",,"cocepion"
"1039717","vatinoxan",,"ikinuhoa"
"1039718","vatiquinone",,"cocejatau"
"1039719","vatira",,"ukunene"
"1039720","vatje",,"ekerua"
"1039721","vatmaker",,"akavuva"
"1039722","vatmaking",,"ukuvivin"
"1039723","vatman",,"ukuvena"
"1039724","vatmans",,"ukuvion"
"1039725","vatmen",,"okovot"
"1039726","vatmens",,"okovao"
"1039727","vatn",,"akaznu"
"1039728","vatnaj",,"cucio"
"1039729","vatnik",,"ukuzona"
"1039730","vatnv",,"coced"
"1039731","vatnyk",,"ekezio"
"1039732","vato",,"cici"
"1039733","vator",,"akapai"
"1039734","vatra",,"ukujis"
"1039735","vatroslav",,"ikijawa"
"1039736","vatrushka",,"cecubou"
"1039737","vats",,"cecaa"
"1039738","vatsal",,"okocot"
"1039739","vatsonga",,"ukucefat"
"1039740","vatted",,"cucuin"
"1039741","vattelian",,"ikiqezaa"
"1039742","vatteluttu",,"cacavuen"
"1039743","vatteluttus",,"cacavuguon"
"1039744","vattenfall",,"ikiqefet"
"1039745","vatter",,"cacaat"
"1039746","vatters",,"cacave"
"1039747","vattilappam",,"cocoresoe"
"1039748","vatting",,"cucuri"
"1039749","vattjom",,"cacasot"
"1039750","vattoo",,"ekeqit"
"1039751","vattoos",,"ekeqiat"
"1039752","vatu",,"cace"
"1039753","vatus",,"caceqa"
"1039754","vatutine",,"cecowoat"
"1039755","vatv",,"ekebna"
"1039756","vau",,"oki2"
"1039757","vauban",,"ekonetn"
"1039758","vaubans",,"ekonaia"
"1039759","vauch",,"ceqan"
"1039760","vauched",,"ekoreon"
"1039761","vaucheria",,"ikurizot"
"1039762","vaucheriaceae",,"okirozuvun"
"1039763","vaucheriaceaes",,"okirozuvu"
"1039764","vaucheriaceous",,"ikurizavat"
"1039765","vaucherias",,"ikurizo"
"1039766","vaucheriaxanthin",,"caquniwiet"
"1039767","vauchers",,"okirozen"
"1039768","vauches",,"caqune"
"1039769","vauching",,"ekoresin"
"1039770","vauclin",,"ikurou"
"1039771","vaucluse",,"coqevaa"
"1039772","vauclusian",,"ikuroden"
"1039773","vaud",,"caqa"
"1039774","vaudan",,"akesuna"
"1039775","vauderens",,"ceqevean"
"1039776","vaudevil",,"ceqevaan"
"1039777","vaudeville",,"akesiget"
"1039778","vaudevillean",,"coqovetiun"
"1039779","vaudevilleans",,"coqovetiu"
"1039780","vaudevillelike",,"caqavutein"
"1039781","vaudevilles",,"akesigifi"
"1039782","vaudevillesque",,"ukasogofen"
"1039783","vaudevillian",,"ciqivotui"
"1039784","vaudevillians",,"ciqivotuat"
"1039785","vaudevillist",,"cuquvitaa"
"1039786","vaudevillists",,"cuquvitaen"
"1039787","vaudios",,"coqora"
"1039788","vaudism",,"ciqirun"
"1039789","vaudisms",,"ciqiruu"
"1039790","vaudois",,"coqofa"
"1039791","vaudoiss",,"coqofien"
"1039792","vaudoix",,"ekosiana"
"1039793","vaudoo",,"cuqua"
"1039794","vaudooed",,"ukasehet"
"1039795","vaudooing",,"ukasehu"
"1039796","vaudoos",,"cuqufen"
"1039797","vaudoux",,"akesoua"
"1039798","vaudouxed",,"coqofaa"
"1039799","vaudouxes",,"ukasedi"
"1039800","vaudouxing",,"coqofaat"
"1039801","vaudy",,"coqol"
"1039802","vaughan",,"okiloeta"
"1039803","vaughanite",,"cuqeniu"
"1039804","vaughans",,"okilori"
"1039805","vaughn",,"ekolat"
"1039806","vaughniston",,"akelafidin"
"1039807","vaughnite",,"ciqanuo"
"1039808","vaughns",,"ekoleee"
"1039809","vaughnsville",,"cuqenabaet"
"1039810","vaughnsvilles",,"cuqenabai"
"1039811","vaught",,"ikuleu"
"1039812","vaugnerite",,"coqupaan"
"1039813","vauguelinite",,"cuqebopoo"
"1039814","vaul",,"cuqe"
"1039815","vaules",,"ciqai"
"1039816","vault",,"aketosa"
"1039817","vaultable",,"ukaterana"
"1039818","vaultage",,"ekotirune"
"1039819","vaultages",,"ekotirua"
"1039820","vaulted",,"coquwin"
"1039821","vaultedly",,"ukatezan"
"1039822","vaulter",,"ciqawat"
"1039823","vaulters",,"ciqawee"
"1039824","vaultest",,"coquwao"
"1039825","vaulteth",,"ukatezana"
"1039826","vaultful",,"ukatemun"
"1039827","vaultier",,"ciqawuu"
"1039828","vaultiest",,"coquwion"
"1039829","vaulting",,"coquwii"
"1039830","vaultingly",,"ukatesaa"
"1039831","vaultings",,"coquwiat"
"1039832","vaultlike",,"caqowuet"
"1039833","vaultman",,"caqowaa"
"1039834","vaults",,"aketus"
"1039835","vaultworthy",,"ceqiwejio"
"1039836","vaulty",,"okitotn"
"1039837","vaulx",,"ikuturu"
"1039838","vaumure",,"coqabot"
"1039839","vaunce",,"coqee"
"1039840","vaunced",,"ikuzuan"
"1039841","vaunces",,"coqesin"
"1039842","vauncing",,"ikuzusa"
"1039843","vaunt",,"ukazeu"
"1039844","vauntage",,"akezora"
"1039845","vauntages",,"akezoren"
"1039846","vaunted",,"ceqawet"
"1039847","vaunter",,"coqewot"
"1039848","vaunteries",,"ceqawuu"
"1039849","vaunters",,"coqewao"
"1039850","vauntery",,"cuqiwoet"
"1039851","vauntest",,"ceqawuan"
"1039852","vaunteth",,"ikuzazina"
"1039853","vauntful",,"ikuzama"
"1039854","vauntgarde",,"akezonet"
"1039855","vauntguard",,"akezonon"
"1039856","vauntie",,"ikuzaea"
"1039857","vauntier",,"coqewien"
"1039858","vauntiest",,"ceqawoe"
"1039859","vauntiness",,"cuqiwae"
"1039860","vaunting",,"ceqawou"
"1039861","vauntinglier",,"cuqiwahaet"
"1039862","vauntingliest",,"ciqowuhuu"
"1039863","vauntingly",,"ikuzasi"
"1039864","vauntings",,"ceqawoot"
"1039865","vauntlay",,"cuqiwion"
"1039866","vauntmure",,"cuqiwuan"
"1039867","vaunts",,"ukazeni"
"1039868","vaunty",,"ekozona"
"1039869","vaup",,"coqi"
"1039870","vaupel",,"ekofona"
"1039871","vauquelin",,"okihazan"
"1039872","vauqueline",,"ekohuzot"
"1039873","vauquelinite",,"cuqebopoa"
"1039874","vauquois",,"ukahohat"
"1039875","vaurien",,"ukajaon"
"1039876","vauriens",,"ukajazan"
"1039877","vaus",,"okicdi"
"1039878","vause",,"ekocut"
"1039879","vauseman",,"ceqavean"
"1039880","vaut",,"caqaa"
"1039881","vaute",,"cuquv"
"1039882","vauted",,"akeqate"
"1039883","vautes",,"cuquot"
"1039884","vauting",,"akeqeoa"
"1039885","vautour",,"ikuqaea"
"1039886","vauts",,"caqaq"
"1039887","vauty",,"coqola"
"1039888","vaux",,"ciqo"
"1039889","vauxhall",,"ikugirot"
"1039890","vauxhallian",,"caqunupeat"
"1039891","vauxhallians",,"caqunupee"
"1039892","vauxhalls",,"ikugiro"
"1039893","vauxite",,"ikuguun"
"1039894","vauxs",,"ciqoq"
"1039895","vav",,"caw"
"1039896","vavangue",,"ukemania"
"1039897","vavarout",,"cowucuo"
"1039898","vavasor",,"akomein"
"1039899","vavasories",,"ukemahe"
"1039900","vavasors",,"akomeha"
"1039901","vavasory",,"okumihena"
"1039902","vavasorys",,"okumihon"
"1039903","vavasour",,"ukemahi"
"1039904","vavasours",,"ukemahat"
"1039905","vavassor",,"akomewa"
"1039906","vavassors",,"akomewen"
"1039907","vavilikolanu",,"okunesocen"
"1039908","vavilov",,"cuwivon"
"1039909","vavilovian",,"ukenihota"
"1039910","vavn",,"ukezni"
"1039911","vavoy",,"cuwul"
"1039912","vavra",,"ikajono"
"1039913","vavrek",,"akojeu"
"1039914","vavs",,"cawu"
"1039915","vavuniya",,"ekiwosun"
"1039916","vaw",,"eku6"
"1039917","vawa",,"okamsi"
"1039918","vaward",,"okamunu"
"1039919","vawards",,"okamoota"
"1039920","vawdrey",,"okasoin"
"1039921","vawebb",,"ekutonu"
"1039922","vawg",,"okalna"
"1039923","vawkavysk",,"cubanian"
"1039924","vawntie",,"okazuoa"
"1039925","vaws",,"ekucdo"
"1039926","vawt",,"cubu"
"1039927","vawte",,"cibiv"
"1039928","vawted",,"ukoqoti"
"1039929","vawter",,"akiqunn"
"1039930","vawtes",,"cibion"
"1039931","vawting",,"ukoqaan"
"1039932","vaxa",,"cado"
"1039933","vaxathon",,"ekamire"
"1039934","vaxb",,"ekanna"
"1039935","vaxbi",,"ekanoo"
"1039936","vaxc",,"cudi"
"1039937","vaxcdb",,"cudiu"
"1039938","vaxd",,"akusti"
"1039939","vaxectom",,"ukitabon"
"1039940","vaxectomies",,"ikotubohen"
"1039941","vaxectomy",,"ekatobun"
"1039942","vaxed",,"ukitesu"
"1039943","vaxelaire",,"codiveen"
"1039944","vaxeln",,"cudaa"
"1039945","vaxen",,"oketisa"
"1039946","vaxens",,"oketinn"
"1039947","vaxer",,"akutasu"
"1039948","vaxes",,"ciduq"
"1039949","vaxf",,"okekn"
"1039950","vaxhardw",,"akumuqot"
"1039951","vaxherd",,"akumiue"
"1039952","vaxherds",,"akumiqota"
"1039953","vaxhole",,"cudofet"
"1039954","vaxication",,"cudisie"
"1039955","vaxident",,"ekanizat"
"1039956","vaxie",,"cidov"
"1039957","vaxin",,"ikonuti"
"1039958","vaxing",,"ukinonu"
"1039959","vaxism",,"codeot"
"1039960","vaxisms",,"codeqo"
"1039961","vaxlab",,"cudeot"
"1039962","vaxlinke",,"cidaruin"
"1039963","vaxmate",,"ikovoat"
"1039964","vaxmfg",,"ekavata"
"1039965","vaxocent",,"codosaa"
"1039966","vaxocentrism",,"okepizagin"
"1039967","vaxocentrisms",,"okepizaga"
"1039968","vaxpac",,"ikofia"
"1039969","vaxtard",,"ekaqaon"
"1039970","vaxx",,"ikoge"
"1039971","vaxxed",,"cadui"
"1039972","vaxxer",,"cedao"
"1039973","vaxxerism",,"cudivuan"
"1039974","vaxxery",,"cidovi"
"1039975","vaxxes",,"okegu"
"1039976","vaxxhole",,"ikogihin"
"1039977","vaxxident",,"coderuen"
"1039978","vaxxie",,"okegin"
"1039979","vaxxing",,"cadurot"
"1039980","vaya",,"ekemso"
"1039981","vaycay",,"ikiron"
"1039982","vayda",,"cugun"
"1039983","vaye",,"ukutse"
"1039984","vaygach",,"cegini"
"1039985","vayk",,"ukusru"
"1039986","vaynakhia",,"ukuzive"
"1039987","vaynakhiya",,"ekezava"
"1039988","vaynor",,"akazua"
"1039989","vayntrub",,"okozuqen"
"1039990","vayots",,"cagaun"
"1039991","vays",,"akacdu"
"1039992","vayu",,"ukuwre"
"1039993","vayus",,"ukuwai"
"1039994","vayvoda",,"ekebion"
"1039995","vayvode",,"ukubeo"
"1039996","vaywode",,"cogafu"
"1039997","vazimba",,"ukanuet"
"1039998","vazimbas",,"ukanusi"
"1039999","vazir",,"akenanu"
"1040000","vazirani",,"cokeceet"
"1040001","vazirship",,"okinowun"
"1040002","vazquez",,"akehie"
"1040003","vazquezs",,"akehizin"
"1040004","vbac",,"cile"
"1040005","vbas",,"cilea"
"1040006","vbba",,"ulomt"
"1040007","vbeaut",,"elomena"
"1040008","vber",,"olijni"
"1040009","vbication",,"comaniu"
"1040010","vbied",,"elatis"
"1040011","vblank",,"cisuot"
"1040012","vblog",,"ulepia"
"1040013","vblogged",,"cisomeet"
"1040014","vblogging",,"cisomeu"
"1040015","vblogs",,"ulepona"
"1040016","vbnmw",,"elavea"
"1040017","vbscript",,"ulirusan"
"1040018","vbsl",,"elattu"
"1040019","vbufa",,"ulakii"
"1040020","vcalendar",,"umetofia"
"1040021","vcard",,"imajaa"
"1040022","vcasc",,"imacua"
"1040023","vcat",,"cilee"
"1040024","vcci",,"omeno"
"1040025","vcechy",,"cusee"
"1040026","vcechys",,"cusenin"
"1040027","vced",,"cesu"
"1040028","vceskd",,"casoon"
"1040029","vceskds",,"casotan"
"1040030","vceskoslovensko",,"cusetubion"
"1040031","vcfd",,"imuse"
"1040032","vcholesterol",,"colavibuun"
"1040033","vchomer",,"omapoen"
"1040034","vcing",,"cemim"
"1040035","vcjd",,"emesi"
"1040036","vcna",,"cevea"
"1040037","vcnty",,"emaqi"
"1040038","vcor",,"caze"
"1040039","vcpi",,"cupe"
"1040040","vcra",,"cuhue"
"1040041","vcrn",,"amiza"
"1040042","vcrna",,"emuzae"
"1040043","vcrs",,"cihae"
"1040044","vcse",,"ematno"
"1040045","vcstasse",,"cojaneu"
"1040046","vcug",,"omila"
"1040047","vcwong",,"cebuen"
"1040048","vcyclin",,"amaruot"
"1040049","vdack",,"cilut"
"1040050","vdalian",,"celarun"
"1040051","vdbad",,"cumit"
"1040052","vdblock",,"cimofu"
"1040053","vddact",,"ciroia"
"1040054","vddflg",,"onoko"
"1040055","vddinfo",,"ononiet"
"1040056","vddq",,"onoh"
"1040057","vderror",,"unajuet"
"1040058","vdfind",,"anenin"
"1040059","vdfirst",,"inuniin"
"1040060","vdfm",,"enove"
"1040061","vdfwrite",,"anedaso"
"1040062","vdgettim",,"cakiwuet"
"1040063","vdhos",,"unopae"
"1040064","vdiff",,"cemul"
"1040065","vdiffed",,"inokeu"
"1040066","vdiffing",,"inokeson"
"1040067","vdiffs",,"cemue"
"1040068","vding",,"anuzua"
"1040069","vdlt",,"cesia"
"1040070","vdpfstrt",,"unakabat"
"1040071","vdpread",,"inujean"
"1040072","vdproc",,"copoa"
"1040073","vdps",,"inucne"
"1040074","vdpte",,"cipav"
"1040075","vdpv",,"cipoe"
"1040076","vdpwrite",,"anedasa"
"1040077","vdqs",,"cufa"
"1040078","vdread",,"cihei"
"1040079","vdrl",,"cohee"
"1040080","vdsize",,"onenin"
"1040081","vdsl",,"anutni"
"1040082","vdsort",,"cajoin"
"1040083","vdspack",,"inofoun"
"1040084","vdspin",,"cojaen"
"1040085","vdspind",,"anufeot"
"1040086","vdstart",,"oneqea"
"1040087","vdstat",,"cijaat"
"1040088","vdstats",,"cijane"
"1040089","vdstrate",,"enaqeran"
"1040090","vdts",,"enecn"
"1040091","vdunacke",,"onizeto"
"1040092","vdup",,"onifa"
"1040093","vdus",,"coqia"
"1040094","vdutab",,"ciqaan"
"1040095","vdvalid",,"unemiet"
"1040096","vdwack",,"cebaon"
"1040097","vdwrite",,"cabarot"
"1040098","vdws",,"cebo"
"1040099","veach",,"calan"
"1040100","veadar",,"irasone"
"1040101","veadars",,"irasoan"
"1040102","veadore",,"irasaane"
"1040103","veal",,"cilei"
"1040104","vealburger",,"eritedin"
"1040105","veale",,"colav"
"1040106","vealed",,"uretotn"
"1040107","vealer",,"arotuni"
"1040108","vealers",,"arotiue"
"1040109","veales",,"colaon"
"1040110","vealier",,"arotein"
"1040111","vealiest",,"uretazi"
"1040112","vealiness",,"orutifi"
"1040113","vealing",,"uretaan"
"1040114","veallike",,"oruteson"
"1040115","veally",,"eritono"
"1040116","veals",,"cileq"
"1040117","vealskin",,"orutivia"
"1040118","vealy",,"calil"
"1040119","vear",,"calu"
"1040120","vearies",,"culire"
"1040121","veasey",,"iracona"
"1040122","veasley",,"culuvun"
"1040123","veatch",,"oruqin"
"1040124","veatchine",,"celosoet"
"1040125","veatchite",,"cilusui"
"1040126","veather",,"culane"
"1040127","veator",,"ureqoi"
"1040128","veats",,"culaq"
"1040129","veau",,"eriwna"
"1040130","veaus",,"eriwoo"
"1040131","veaux",,"celik"
"1040132","veazey",,"coluen"
"1040133","vebeca",,"cumeon"
"1040134","vebesta",,"erutoet"
"1040135","veblen",,"cumoat"
"1040136","veblenian",,"aritifen"
"1040137","veblenians",,"aritifon"
"1040138","veblenism",,"comavuot"
"1040139","veblenisms",,"comavuo"
"1040140","veblenite",,"aritifo"
"1040141","veblenites",,"aritifet"
"1040142","veblens",,"cumove"
"1040143","vecarlo",,"iromiuna"
"1040144","vecchia",,"cananon"
"1040145","vecchiarelli",,"urirusabo"
"1040146","vecchio",,"cenena"
"1040147","vecchione",,"arurasen"
"1040148","vecellio",,"uritizan"
"1040149","veche",,"cinov"
"1040150","vechi",,"cunir"
"1040151","vechirnii",,"conerien"
"1040152","vechornytsi",,"iromaqeri"
"1040153","vecht",,"eramino"
"1040154","vechten",,"canuwon"
"1040155","veciana",,"cinino"
"1040156","vecna",,"conon"
"1040157","vecordy",,"arupaea"
"1040158","vecr",,"cuni"
"1040159","vecsey",,"oreceu"
"1040160","vect",,"cinua"
"1040161","vectensian",,"cinuvaat"
"1040162","vectian",,"uriqaet"
"1040163","vectians",,"uriqaria"
"1040164","vectibix",,"cenoroo"
"1040165","vectible",,"cenoroa"
"1040166","vectigal",,"eraqone"
"1040167","vection",,"aruqeota"
"1040168","vections",,"aruqeho"
"1040169","vectis",,"cinuaa"
"1040170","vectisaurus",,"aruqeweki"
"1040171","vectisian",,"uriqawun"
"1040172","vectiss",,"cinuren"
"1040173","vectitation",,"aruqebegat"
"1040174","vectitory",,"conirain"
"1040175","vectocardiogram",,"eraqitobun"
"1040176","vectograph",,"oreqununa"
"1040177","vectographic",,"orequnutot"
"1040178","vectographs",,"orequnutu"
"1040179","vectography",,"uriqenetot"
"1040180","vector",,"iroqana"
"1040181","vectoral",,"canefean"
"1040182","vectorborne",,"canefetain"
"1040183","vectorboson",,"aruqoqocan"
"1040184","vectorcardiogram",,"cunafaveo"
"1040185","vectorcardiograms",,"cunafaveet"
"1040186","vectorcardiograph",,"cinufuvae"
"1040187","vectorcardiographic",,"cinufuvaa"
"1040188","vectorcardiographically",,"cinufuvaun"
"1040189","vectorcardiography",,"canefevoa"
"1040190","vectorcardiographys",,"canefevoen"
"1040191","vectored",,"cunafae"
"1040192","vectorgraph",,"caneferio"
"1040193","vectoria",,"uriqeqi"
"1040194","vectorial",,"canefee"
"1040195","vectoriality",,"uriqeqoto"
"1040196","vectorially",,"iroqaqeton"
"1040197","vectoring",,"cunafaet"
"1040198","vectorings",,"cunafai"
"1040199","vectorisable",,"orequqade"
"1040200","vectorisation",,"iroqaqede"
"1040201","vectorisations",,"iroqaqedin"
"1040202","vectorise",,"orequqona"
"1040203","vectorised",,"cunafao"
"1040204","vectoriser",,"canefeu"
"1040205","vectorisered",,"eraqiquda"
"1040206","vectorisering",,"eraqiqudat"
"1040207","vectorisers",,"canefetuot"
"1040208","vectorises",,"orequqan"
"1040209","vectorising",,"cunafatiun"
"1040210","vectoriz",,"conifie"
"1040211","vectorizability",,"eraqiquse"
"1040212","vectorizable",,"cenofotoat"
"1040213","vectorization",,"conifitiat"
"1040214","vectorizations",,"conifitie"
"1040215","vectorize",,"cenofoen"
"1040216","vectorized",,"iroqaqot"
"1040217","vectorizer",,"uriqequn"
"1040218","vectorizered",,"canefetein"
"1040219","vectorizering",,"canefetei"
"1040220","vectorizers",,"uriqeqosu"
"1040221","vectorizes",,"cenofoon"
"1040222","vectorizing",,"iroqaqesan"
"1040223","vectorless",,"cinufuat"
"1040224","vectorlike",,"conifio"
"1040225","vectorology",,"cenofojie"
"1040226","vectorpotential",,"cunafacua"
"1040227","vectors",,"iroqaun"
"1040228","vectorscope",,"cinufuboun"
"1040229","vectorscopes",,"cinufubou"
"1040230","vectorwise",,"aruqoqet"
"1040231","vectra",,"orequs"
"1040232","vectrex",,"canecen"
"1040233","vectrin",,"cenoca"
"1040234","vectrix",,"cenocot"
"1040235","vecture",,"uriqooa"
"1040236","vectures",,"uriqoqeta"
"1040237","vecturist",,"conibiin"
"1040238","vecuronium",,"orewohun"
"1040239","veda",,"curoa"
"1040240","vedaclidine",,"eremozupot"
"1040241","vedahamu",,"aramarot"
"1040242","vedaic",,"curoan"
"1040243","vedaism",,"corarat"
"1040244","vedaisms",,"corarue"
"1040245","vedal",,"aramus"
"1040246","vedalai",,"eremaie"
"1040247","vedalia",,"eremaii"
"1040248","vedalias",,"eremasata"
"1040249","vedana",,"aramata"
"1040250","vedanga",,"eremoia"
"1040251","vedangas",,"eremonat"
"1040252","vedant",,"cerue"
"1040253","vedanta",,"corapi"
"1040254","vedantas",,"corapaat"
"1040255","vedantasutras",,"corapaseet"
"1040256","vedantha",,"aramebot"
"1040257","vedantic",,"cerupua"
"1040258","vedantism",,"curopoo"
"1040259","vedantisms",,"curopoet"
"1040260","vedantist",,"irimubot"
"1040261","vedantists",,"irimuboa"
"1040262","vedaprofen",,"ceruhoi"
"1040263","vedas",,"curoq"
"1040264","veday",,"cerul"
"1040265","vedclo",,"ereret"
"1040266","vedda",,"eresas"
"1040267","veddah",,"curaan"
"1040268","veddahs",,"curanun"
"1040269","veddas",,"eresou"
"1040270","vedder",,"corien"
"1040271","vedderesque",,"carevepuat"
"1040272","vedders",,"corivon"
"1040273","veddoid",,"curafun"
"1040274","veddoids",,"curafeu"
"1040275","veddy",,"orosus"
"1040276","vede",,"corua"
"1040277","vedea",,"ciran"
"1040278","vederala",,"ciracio"
"1040279","vedet",,"urutetu"
"1040280","vedetta",,"coruwon"
"1040281","vedette",,"carowo"
"1040282","vedettes",,"carowiet"
"1040283","vedge",,"cirev"
"1040284","vedged",,"aralata"
"1040285","vedges",,"cireot"
"1040286","vedging",,"araleo"
"1040287","vedi",,"cirie"
"1040288","vedic",,"ciris"
"1040289","vediccer",,"aranetu"
"1040290","vediccest",,"urunaton"
"1040291","vedicer",,"araneea"
"1040292","vedicest",,"urunazet"
"1040293","vedika",,"ciriaa"
"1040294","vediovis",,"erenige"
"1040295","vedioviss",,"erenigin"
"1040296","vedis",,"ciriq"
"1040297","vedism",,"cerein"
"1040298","vedisms",,"cereqa"
"1040299","vedist",,"aranenu"
"1040300","vedists",,"aranein"
"1040301","vednamtj",,"erezapun"
"1040302","vednavtm",,"arazugot"
"1040303","vedolizumab",,"erepaseka"
"1040304","vedotin",,"coriwun"
"1040305","vedra",,"orojee"
"1040306","vedran",,"coreon"
"1040307","vedro",,"irijao"
"1040308","vedslo",,"erecon"
"1040309","veduis",,"corui"
"1040310","veduiss",,"corurat"
"1040311","vedusavd",,"ceriqein"
"1040312","veduta",,"arawat"
"1040313","vedute",,"iriwona"
"1040314","vedutist",,"ceriwio"
"1040315","vedutista",,"coruwuu"
"1040316","vedutiste",,"carowoat"
"1040317","vedutisti",,"ceriwion"
"1040318","vee",,"aredu"
"1040319","veeam",,"uramuu"
"1040320","veeblefe",,"cesavaot"
"1040321","veeblefester",,"casuvunein"
"1040322","veeblefesters",,"casuvunea"
"1040323","veeblefetzer",,"uranizufe"
"1040324","veed",,"cosi"
"1040325","veeder",,"urasine"
"1040326","veedersburg",,"aresiqivet"
"1040327","veedersburgs",,"aresiqivi"
"1040328","veedis",,"cosion"
"1040329","veeery",,"cusei"
"1040330","veega",,"orile"
"1040331","veegasem",,"uraliwon"
"1040332","veeing",,"ceseot"
"1040333","veejay",,"caseo"
"1040334","veejayed",,"eroramon"
"1040335","veejaying",,"eroramin"
"1040336","veejays",,"casenet"
"1040337","veel",,"cesua"
"1040338","veela",,"cosan"
"1040339","veeled",,"oriteto"
"1040340","veeling",,"oritiet"
"1040341","veels",,"cesuqa"
"1040342","veen",,"casa"
"1040343","veena",,"cesen"
"1040344","veenas",,"cesee"
"1040345","veendam",,"eroziona"
"1040346","veenendaal",,"urazofan"
"1040347","veenhof",,"cusunot"
"1040348","veenite",,"erozoia"
"1040349","veenster",,"cusuqou"
"1040350","veenstra",,"cesequa"
"1040351","veep",,"cuse"
"1040352","veepee",,"cosuen"
"1040353","veepees",,"cosuvon"
"1040354","veeps",,"cuseq"
"1040355","veepstakes",,"arefeben"
"1040356","veer",,"ciso"
"1040357","veerable",,"cosenian"
"1040358","veeran",,"urajae"
"1040359","veere",,"cosev"
"1040360","veered",,"urajin"
"1040361","veerer",,"arejate"
"1040362","veerhslj",,"urajuwat"
"1040363","veeries",,"coseran"
"1040364","veering",,"urajai"
"1040365","veeringly",,"coserua"
"1040366","veerings",,"urajafat"
"1040367","veers",,"cisoq"
"1040368","veery",,"casul"
"1040369","vees",,"areclu"
"1040370","veesick",,"uracaeta"
"1040371","veetol",,"areqee"
"1040372","vefry",,"arejoti"
"1040373","vefsn",,"areceo"
"1040374","veg",,"oruda"
"1040375","vega",,"iramte"
"1040376","vegabaja",,"aromarot"
"1040377","vegabajas",,"aromaro"
"1040378","vegae",,"orumano"
"1040379","vegaflor",,"cikeliat"
"1040380","vegan",,"cikep"
"1040381","veganaise",,"cikepian"
"1040382","veganarchism",,"cikepiwoo"
"1040383","veganer",,"aromeina"
"1040384","veganest",,"uremazi"
"1040385","vegangelical",,"cekupepiin"
"1040386","veganhood",,"cokapia"
"1040387","veganic",,"cikepet"
"1040388","veganically",,"cikepavain"
"1040389","veganified",,"cikepau"
"1040390","veganifies",,"erimosena"
"1040391","veganify",,"uremasun"
"1040392","veganifying",,"cakiponai"
"1040393","veganisable",,"cokapubuen"
"1040394","veganise",,"cokapuu"
"1040395","veganism",,"cekupion"
"1040396","veganisms",,"cekupian"
"1040397","veganist",,"aromesen"
"1040398","veganite",,"uremasan"
"1040399","veganity",,"orumison"
"1040400","veganizable",,"erimosetaa"
"1040401","veganization",,"orumisota"
"1040402","veganize",,"erimosun"
"1040403","veganized",,"cikepai"
"1040404","veganizes",,"erimosu"
"1040405","veganizing",,"cikepaot"
"1040406","veganlike",,"orumizat"
"1040407","veganly",,"erimoate"
"1040408","veganner",,"cakipoat"
"1040409","veganness",,"orumifi"
"1040410","vegannest",,"cukopeo"
"1040411","veganniversary",,"cokaputuun"
"1040412","veganphobia",,"erimojicet"
"1040413","vegans",,"cikeo"
"1040414","vegansexual",,"cikepapoe"
"1040415","vegansexuality",,"orumiwono"
"1040416","veganuary",,"iramudot"
"1040417","vegaphobia",,"cekuhoat"
"1040418","vegaphobic",,"cakiheot"
"1040419","vegaquarian",,"iramodubon"
"1040420","vegaroni",,"iramiha"
"1040421","vegas",,"iramuno"
"1040422","vegasite",,"cukoqeot"
"1040423","vegass",,"iramati"
"1040424","vegatable",,"cukowuot"
"1040425","vegaviid",,"erimase"
"1040426","vegavis",,"cukodin"
"1040427","vege",,"eritre"
"1040428","vegeburger",,"cukerien"
"1040429","vegeburgers",,"cukeriweon"
"1040430","vegecultural",,"orutidigu"
"1040431","vegeculturalist",,"cukesipua"
"1040432","vegeculture",,"cukesipuet"
"1040433","veged",,"cikat"
"1040434","vegelate",,"uretiron"
"1040435","vegelates",,"uretirana"
"1040436","vegemite",,"cakozoat"
"1040437","vegemites",,"cakozoe"
"1040438","vegemitini",,"eriteset"
"1040439","vegephobia",,"cukehaon"
"1040440","veges",,"eritonu"
"1040441","vegetability",,"oruturuvin"
"1040442","vegetabl",,"cikawiet"
"1040443","vegetable",,"cokuwoe"
"1040444","vegetablelike",,"eritirifon"
"1040445","vegetables",,"cokuwoin"
"1040446","vegetablewise",,"cukewutean"
"1040447","vegetabley",,"cukewua"
"1040448","vegetablise",,"cokuwotuo"
"1040449","vegetablises",,"cokuwotuet"
"1040450","vegetablization",,"oruturufon"
"1040451","vegetablize",,"eritirifot"
"1040452","vegetablized",,"cikawitae"
"1040453","vegetablizes",,"eritirifo"
"1040454","vegetablizing",,"cikawitaet"
"1040455","vegetably",,"cakowaat"
"1040456","vegetal",,"arotoin"
"1040457","vegetalcule",,"cukewupiet"
"1040458","vegetaline",,"cukewuet"
"1040459","vegetalise",,"uretere"
"1040460","vegetalised",,"cekiwepaan"
"1040461","vegetalises",,"ureteravin"
"1040462","vegetalising",,"cekiwepaa"
"1040463","vegetality",,"cukewueta"
"1040464","vegetalize",,"cikawiat"
"1040465","vegetalized",,"arotorevon"
"1040466","vegetalizes",,"cikawipoe"
"1040467","vegetalizing",,"arotorevin"
"1040468","vegetally",,"cikawian"
"1040469","vegetals",,"arotoraa"
"1040470","vegetan",,"ureteeta"
"1040471","vegetant",,"cekiweo"
"1040472","vegetare",,"eritiran"
"1040473","vegetari",,"oruturet"
"1040474","vegetarian",,"cikawiun"
"1040475","vegetarianism",,"cekiwewaa"
"1040476","vegetarianisms",,"cekiwewaen"
"1040477","vegetarianist",,"arotorovin"
"1040478","vegetarianistic",,"arotoroven"
"1040479","vegetarianization",,"oruturuve"
"1040480","vegetarianize",,"eritirivon"
"1040481","vegetarianized",,"cikawiwoo"
"1040482","vegetarianizes",,"eritirivan"
"1040483","vegetarianizing",,"cikawiwoun"
"1040484","vegetarianly",,"eritirivet"
"1040485","vegetarianness",,"oruturuvo"
"1040486","vegetarians",,"cikawiwou"
"1040487","vegetary",,"ureterona"
"1040488","vegetata",,"oruturo"
"1040489","vegetate",,"arotorin"
"1040490","vegetated",,"cokuwoun"
"1040491","vegetates",,"arotorae"
"1040492","vegetati",,"eritirun"
"1040493","vegetating",,"cokuwoen"
"1040494","vegetatings",,"cokuwodeon"
"1040495","vegetation",,"cikawie"
"1040496","vegetational",,"arotoruve"
"1040497","vegetationally",,"cikawidoon"
"1040498","vegetationis",,"cikawidoo"
"1040499","vegetationless",,"iratarovu"
"1040500","vegetations",,"cikawidoin"
"1040501","vegetatious",,"orutureve"
"1040502","vegetative",,"cekiweon"
"1040503","vegetatively",,"ureterivot"
"1040504","vegetativeness",,"arotoruvu"
"1040505","vegetativenesses",,"ureterivi"
"1040506","vegete",,"cokuon"
"1040507","vegeteness",,"eritizu"
"1040508","vegeterian",,"cekiwai"
"1040509","vegeterianism",,"cukewiwiu"
"1040510","vegetism",,"cekiwiet"
"1040511","vegetist",,"arotosoa"
"1040512","vegetists",,"arotoset"
"1040513","vegetius",,"cokuwuu"
"1040514","vegetive",,"iratasu"
"1040515","vegetives",,"iratasot"
"1040516","vegetivorous",,"cakowokaet"
"1040517","vegetize",,"eritisat"
"1040518","vegetized",,"cikawaon"
"1040519","vegetizes",,"eritisea"
"1040520","vegetizing",,"cikawain"
"1040521","vegeto",,"cakoet"
"1040522","vegetoalkali",,"cikawesao"
"1040523","vegetoalkaline",,"orutuhifet"
"1040524","vegetoalkaloid",,"orutuhifeta"
"1040525","vegetoanimal",,"cekiwusain"
"1040526","vegetobituminous",,"iratahavet"
"1040527","vegetocarbonaceous",,"arotohitet"
"1040528","vegetomineral",,"orutuhuvo"
"1040529","vegetotherapeutic",,"orutuhetan"
"1040530","vegetotherapist",,"uretehitat"
"1040531","vegetotherapy",,"cukewodoun"
"1040532","vegetous",,"cukewoot"
"1040533","vegetus",,"cokuwat"
"1040534","vegf",,"ceki"
"1040535","vegged",,"cukoun"
"1040536","vegges",,"orulae"
"1040537","veggie",,"oruloi"
"1040538","veggieburger",,"cakiruteet"
"1040539","veggieburgers",,"cakirutei"
"1040540","veggiedog",,"cokareo"
"1040541","veggies",,"orulieta"
"1040542","vegging",,"cukoren"
"1040543","veggo",,"arolos"
"1040544","veghar",,"uremeto"
"1040545","vegi",,"orunto"
"1040546","vegiburger",,"cakaruot"
"1040547","vegie",,"erinuta"
"1040548","vegies",,"erinite"
"1040549","veging",,"cikion"
"1040550","vegitable",,"cikiwian"
"1040551","vegivore",,"orunehon"
"1040552","veglia",,"cukou"
"1040553","vegliot",,"orutione"
"1040554","vegliote",,"eritohua"
"1040555","vego",,"urepti"
"1040556","vegos",,"urepati"
"1040557","vegra",,"cekan"
"1040558","vegrandis",,"cikonaat"
"1040559","vegre",,"cukiv"
"1040560","vegreville",,"erijuga"
"1040561","vegri",,"cakur"
"1040562","vegs",,"orucso"
"1040563","vegtable",,"cikunuet"
"1040564","vegte",,"cikuv"
"1040565","veguita",,"cukerin"
"1040566","veguitas",,"cukeroa"
"1040567","vehemenc",,"aritazot"
"1040568","vehemence",,"urotuzi"
"1040569","vehemences",,"urotuzat"
"1040570","vehemencies",,"urotuzozu"
"1040571","vehemency",,"oratozet"
"1040572","vehemens",,"aritaza"
"1040573","vehement",,"coluzee"
"1040574","vehementer",,"urotuzun"
"1040575","vehemently",,"aritazon"
"1040576","vehementness",,"erutezugen"
"1040577","vehes",,"cilaq"
"1040578","vehicle",,"uronaona"
"1040579","vehicled",,"celeseo"
"1040580","vehiclelike",,"cilisipaot"
"1040581","vehicles",,"uronazana"
"1040582","vehicling",,"celeseun"
"1040583","vehicula",,"arinedo"
"1040584","vehicular",,"cilisoat"
"1040585","vehicularly",,"erunodoten"
"1040586","vehiculary",,"calasuin"
"1040587","vehiculate",,"celesai"
"1040588","vehiculated",,"irenuduten"
"1040589","vehiculates",,"celesapiat"
"1040590","vehiculating",,"irenudute"
"1040591","vehiculatio",,"culusipeat"
"1040592","vehiculation",,"uronadatet"
"1040593","vehiculatory",,"uronadato"
"1040594","vehiculum",,"erunodota"
"1040595","vehiculums",,"erunodoe"
"1040596","vehm",,"cole"
"1040597","vehme",,"celav"
"1040598","vehmes",,"celain"
"1040599","vehmgericht",,"arivuzove"
"1040600","vehmgerichte",,"urovizeven"
"1040601","vehmgerichtes",,"urovizevon"
"1040602","vehmgerichts",,"arivuzovin"
"1040603","vehmic",,"coleat"
"1040604","vehmics",,"colere"
"1040605","vehmique",,"celareet"
"1040606","vehmiques",,"celarei"
"1040607","vehms",,"coleq"
"1040608","veho",,"celoa"
"1040609","vehophobia",,"uroporota"
"1040610","vehrenbe",,"irejefe"
"1040611","vehudhanya",,"orawuran"
"1040612","veientes",,"eratobat"
"1040613","veientines",,"cemipuan"
"1040614","veiga",,"iroloe"
"1040615","veigaiaid",,"cemunii"
"1040616","veigaiid",,"caminoe"
"1040617","veigle",,"comaat"
"1040618","veihcsra",,"iromuwin"
"1040619","veii",,"eranto"
"1040620","veik",,"arustu"
"1040621","veil",,"comae"
"1040622","veiled",,"irotano"
"1040623","veiledly",,"cemuvuo"
"1040624","veiledness",,"comavaot"
"1040625","veiler",,"uritena"
"1040626","veilers",,"uritoone"
"1040627","veilest",,"iroteea"
"1040628","veileth",,"cemuvo"
"1040629","veilier",,"uritaie"
"1040630","veiliest",,"irotuzot"
"1040631","veilige",,"comaru"
"1040632","veiling",,"irotuai"
"1040633","veilingly",,"cemuriun"
"1040634","veilings",,"irotufen"
"1040635","veillance",,"cimevian"
"1040636","veilless",,"oretezon"
"1040637","veillette",,"arutuzena"
"1040638","veilleuse",,"arutuzene"
"1040639","veilleuses",,"arutuzon"
"1040640","veilleux",,"cemuvaen"
"1040641","veillike",,"eratasina"
"1040642","veillon",,"camivun"
"1040643","veillonella",,"comavahii"
"1040644","veillonellaceae",,"cemuvuhoo"
"1040645","veillonellas",,"comavahiat"
"1040646","veilmaker",,"oretorana"
"1040647","veilmaking",,"eraterono"
"1040648","veils",,"comaqa"
"1040649","veiltail",,"cemuweon"
"1040650","veiltails",,"cemuwean"
"1040651","veilwise",,"cumogea"
"1040652","veily",,"cumola"
"1040653","vein",,"cemea"
"1040654","veinage",,"comonun"
"1040655","veinakhia",,"aruzuvi"
"1040656","veinal",,"irozuni"
"1040657","veinaler",,"camanaat"
"1040658","veinalest",,"cumunuo"
"1040659","veinaller",,"erazazin"
"1040660","veinallest",,"aruzuzi"
"1040661","veination",,"cemenuan"
"1040662","veinbanding",,"cimirihiot"
"1040663","veined",,"orezina"
"1040664","veiner",,"irozata"
"1040665","veiners",,"irozeea"
"1040666","veinery",,"aruziin"
"1040667","veinier",,"irozuu"
"1040668","veiniest",,"orezizon"
"1040669","veinily",,"urizaan"
"1040670","veininess",,"aruzefon"
"1040671","veining",,"oreziia"
"1040672","veinings",,"orezifat"
"1040673","veinless",,"erazaze"
"1040674","veinlessness",,"camavubuen"
"1040675","veinlet",,"cimivet"
"1040676","veinlets",,"cimivoi"
"1040677","veinlike",,"aruzuset"
"1040678","veinliker",,"cimivae"
"1040679","veinlikest",,"comovuet"
"1040680","veinous",,"comofe"
"1040681","veinously",,"aruzodon"
"1040682","veins",,"cemeq"
"1040683","veinstone",,"cumuqoen"
"1040684","veinstones",,"cumuqoon"
"1040685","veinstuff",,"aruzeban"
"1040686","veinstuffs",,"aruzebun"
"1040687","veintena",,"cimiwoon"
"1040688","veintines",,"comowua"
"1040689","veinule",,"aruziote"
"1040690","veinules",,"aruzizo"
"1040691","veinulet",,"comobou"
"1040692","veinulets",,"comoboot"
"1040693","veinwise",,"cimigai"
"1040694","veinwork",,"iroziha"
"1040695","veiny",,"cimil"
"1040696","veiovis",,"cumadot"
"1040697","veioviss",,"cumadeo"
"1040698","veip",,"camoa"
"1040699","veis",,"eracla"
"1040700","veisalgia",,"camanain"
"1040701","veisiejai",,"cimiroun"
"1040702","veit",,"cimu"
"1040703","veitch",,"eraqiu"
"1040704","veitchberry",,"cemosotoan"
"1040705","veith",,"eraqet"
"1040706","veits",,"cimuq"
"1040707","veja",,"cuno"
"1040708","vejar",,"oromoni"
"1040709","vejen",,"orotini"
"1040710","vejigante",,"cenemei"
"1040711","vejle",,"iritete"
"1040712","vejoces",,"cunase"
"1040713","vejocess",,"cunasiin"
"1040714","vejove",,"arapea"
"1040715","vejovid",,"cinudet"
"1040716","vejovis",,"erepauna"
"1040717","vejoviss",,"erepasu"
"1040718","vejoz",,"urupoe"
"1040719","vejozs",,"urupeni"
"1040720","veka",,"eromra"
"1040721","vekaro",,"ceruin"
"1040722","vekich",,"cirien"
"1040723","veklerov",,"ceruvoen"
"1040724","veknimmh",,"urazapu"
"1040725","veksel",,"caraet"
"1040726","vela",,"cise"
"1040727","velachery",,"casiseat"
"1040728","velada",,"erimenu"
"1040729","velador",,"casiton"
"1040730","velafermin",,"orumazea"
"1040731","velaglucerase",,"cesumegae"
"1040732","velal",,"uremis"
"1040733","velamen",,"aromaine"
"1040734","velamentous",,"cisezohiu"
"1040735","velamentum",,"cusoziet"
"1040736","velamina",,"orumoson"
"1040737","velaminal",,"cisezaun"
"1040738","velamox",,"iramiea"
"1040739","velaquez",,"erimadan"
"1040740","velar",,"erimeta"
"1040741","velarde",,"cosaci"
"1040742","velardenite",,"cisecepoun"
"1040743","velardes",,"cosacaat"
"1040744","velardi",,"cisecen"
"1040745","velarer",,"ciseco"
"1040746","velarest",,"cosaceun"
"1040747","velaria",,"orumooa"
"1040748","velarial",,"cisecai"
"1040749","velaric",,"erimeana"
"1040750","velarisation",,"erimesuti"
"1040751","velarisations",,"erimesutat"
"1040752","velarise",,"aromasa"
"1040753","velarised",,"cosacuu"
"1040754","velarises",,"aromasen"
"1040755","velarising",,"cosacuon"
"1040756","velarity",,"casicoat"
"1040757","velarium",,"iramisot"
"1040758","velariums",,"iramiso"
"1040759","velarivirus",,"uremusava"
"1040760","velarization",,"casicoroet"
"1040761","velarizations",,"casicoroi"
"1040762","velarize",,"cusocein"
"1040763","velarized",,"erimesun"
"1040764","velarizes",,"cusocea"
"1040765","velarizing",,"erimesen"
"1040766","velarness",,"casicoun"
"1040767","velarrer",,"erimeqat"
"1040768","velarrest",,"aromaqo"
"1040769","velars",,"erimoni"
"1040770","velary",,"iramana"
"1040771","velas",,"ciseq"
"1040772","velasco",,"casiqon"
"1040773","velascos",,"casiqoan"
"1040774","velasque",,"cosaqoun"
"1040775","velasquez",,"erimocun"
"1040776","velasquezs",,"erimocu"
"1040777","velate",,"uremas"
"1040778","velated",,"cesuwu"
"1040779","velatid",,"cosawat"
"1040780","velating",,"cesuwion"
"1040781","velation",,"cosawuin"
"1040782","velations",,"cosawua"
"1040783","velatura",,"cisewoet"
"1040784","velaturas",,"cisewoi"
"1040785","velay",,"casila"
"1040786","velayat",,"iramaat"
"1040787","velazco",,"uremoena"
"1040788","velazquez",,"casimaan"
"1040789","velazquezian",,"erimucefo"
"1040790","velban",,"cesau"
"1040791","velbans",,"cesanot"
"1040792","velbert",,"urenoena"
"1040793","velc",,"cosoe"
"1040794","velcade",,"ureriaa"
"1040795","velchanos",,"cisiniat"
"1040796","velchanoss",,"cisinie"
"1040797","velcome",,"cesefot"
"1040798","velcro",,"orurota"
"1040799","velcroed",,"cisiceen"
"1040800","velcroid",,"cusucoot"
"1040801","velcroing",,"cisicee"
"1040802","velcros",,"oruroo"
"1040803","velcsquez",,"aroreca"
"1040804","velcsquezs",,"arorecen"
"1040805","velct",,"urerei"
"1040806","veld",,"uresno"
"1040807","velda",,"arosut"
"1040808","veldcraft",,"cusasaa"
"1040809","veldfire",,"arosisoa"
"1040810","veldhoven",,"cusanoo"
"1040811","veldkirchium",,"erisusizan"
"1040812","veldman",,"cisuzen"
"1040813","velds",,"uresao"
"1040814","veldschoen",,"irasuto"
"1040815","veldschoenen",,"cosiqusoet"
"1040816","veldschoens",,"irasutacet"
"1040817","veldskoen",,"cusaqio"
"1040818","veldskoens",,"cusaqiet"
"1040819","veldt",,"cesow"
"1040820","veldtcraft",,"erisitin"
"1040821","veldts",,"cesou"
"1040822","veldtschoen",,"casewoviot"
"1040823","veldtschoon",,"cisuwavein"
"1040824","veldtsman",,"arosowen"
"1040825","vele",,"cesie"
"1040826","velebit",,"cesirot"
"1040827","veleda",,"uretott"
"1040828","velella",,"cusevu"
"1040829","velellas",,"cusevuot"
"1040830","velellid",,"arotuzoa"
"1040831","velellidous",,"eritazupen"
"1040832","velence",,"aroteea"
"1040833","veles",,"cesiq"
"1040834","veleslav",,"cusequin"
"1040835","velestino",,"casoqiu"
"1040836","velestinon",,"aroteban"
"1040837","veleta",,"uretatu"
"1040838","veletas",,"ureteene"
"1040839","veleti",,"iratatn"
"1040840","veletzos",,"cusewiin"
"1040841","veley",,"cisal"
"1040842","velez",,"arotinu"
"1040843","velezs",,"arotuno"
"1040844","velfie",,"arokin"
"1040845","velha",,"erimaru"
"1040846","velhan",,"cesaot"
"1040847","velhevskij",,"erimugen"
"1040848","velho",,"orumuna"
"1040849","veli",,"cosoi"
"1040850","velic",,"cosos"
"1040851","velicate",,"urenaron"
"1040852","velick",,"ceseota"
"1040853","velico",,"cusue"
"1040854","velie",,"cesev"
"1040855","velifer",,"cisilon"
"1040856","veliferid",,"aronizon"
"1040857","veliferous",,"cusulii"
"1040858","veliform",,"cusuloet"
"1040859","veliger",,"aronuaa"
"1040860","veligerous",,"erinazo"
"1040861","veligers",,"aronuzen"
"1040862","veliid",,"urenett"
"1040863","velika",,"cosoat"
"1040864","velikas",,"cosote"
"1040865","veliki",,"ceseo"
"1040866","velikite",,"orunasia"
"1040867","veliko",,"cisiet"
"1040868","velikovskian",,"cusutokiin"
"1040869","velikovskyan",,"cesetukaot"
"1040870","velikovskyism",,"iranehudot"
"1040871","veliky",,"cisien"
"1040872","velim",,"casaz"
"1040873","velimir",,"iraniote"
"1040874","veliparib",,"iranero"
"1040875","velislav",,"casaqaun"
"1040876","velitary",,"casawaat"
"1040877","velitatio",,"cusuwuet"
"1040878","velitation",,"urenerota"
"1040879","velitations",,"urenerivoa"
"1040880","velite",,"iranatu"
"1040881","veliterni",,"erinizote"
"1040882","veliternian",,"cosoweweon"
"1040883","velites",,"iranaee"
"1040884","velitrae",,"cosowie"
"1040885","velivolant",,"cusudoi"
"1040886","veliz",,"erinute"
"1040887","velja",,"aroruu"
"1040888","veljko",,"arorot"
"1040889","veljkov",,"cesoten"
"1040890","veljohnson",,"cesofou"
"1040891","velk",,"cesii"
"1040892","vell",,"iratnu"
"1040893","vella",,"uretire"
"1040894","vellacott",,"arotuten"
"1040895","vellala",,"cesuna"
"1040896","vellalar",,"uretizan"
"1040897","vellamo",,"uretiia"
"1040898","vellard",,"uretiet"
"1040899","vellas",,"uretenu"
"1040900","velled",,"cusoat"
"1040901","velleda",,"casivet"
"1040902","velleitary",,"arotison"
"1040903","velleities",,"cisevae"
"1040904","velleity",,"cesuvien"
"1040905","velleius",,"eritusea"
"1040906","velleman",,"cesuvoen"
"1040907","vellenage",,"cisevaan"
"1040908","vellenages",,"cisevaun"
"1040909","vellet",,"cusoun"
"1040910","vellets",,"cusovu"
"1040911","vellicate",,"casiroun"
"1040912","vellicated",,"orutiti"
"1040913","vellicates",,"casirou"
"1040914","vellicating",,"orutitigot"
"1040915","vellication",,"iratutugan"
"1040916","vellications",,"iratutugun"
"1040917","vellicative",,"eritotogo"
"1040918","vellichor",,"eritotaa"
"1040919","vellie",,"orutata"
"1040920","vellinch",,"eritofin"
"1040921","vellincher",,"ciserau"
"1040922","velline",,"cosare"
"1040923","velling",,"cusoro"
"1040924","vellish",,"cesuret"
"1040925","vellomania",,"casifea"
"1040926","vellon",,"casii"
"1040927","vellons",,"casifat"
"1040928","vellore",,"cosafun"
"1040929","vellores",,"cosafiu"
"1040930","vellosiminol",,"eritiwuhe"
"1040931","vellosin",,"casifou"
"1040932","vellosine",,"cusofeet"
"1040933","vellozia",,"casifuun"
"1040934","velloziaceae",,"cusofiteon"
"1040935","velloziaceaes",,"cusofitean"
"1040936","velloziaceous",,"casifutoet"
"1040937","vellozias",,"casifuu"
"1040938","vells",,"iraturu"
"1040939","vellum",,"arotinn"
"1040940","vellumer",,"cosabiu"
"1040941","vellumest",,"cesuboon"
"1040942","vellumlike",,"cusobaan"
"1040943","vellummer",,"casibeu"
"1040944","vellummest",,"cusobaon"
"1040945","vellums",,"arotiaa"
"1040946","vellumy",,"orutaene"
"1040947","vellus",,"orutate"
"1040948","velluses",,"erituwun"
"1040949","vellute",,"ciseben"
"1040950","velma",,"cesana"
"1040951","velmanase",,"erivafe"
"1040952","velmas",,"cesain"
"1040953","velo",,"cusai"
"1040954","velobind",,"urepusan"
"1040955","velobinding",,"caserohaet"
"1040956","velocardiofacial",,"cusasuwuen"
"1040957","veloce",,"cisuota"
"1040958","velociman",,"irapuso"
"1040959","velocimeter",,"casesofeot"
"1040960","velocimeters",,"casesofeo"
"1040961","velocimetric",,"cesosifou"
"1040962","velocimetries",,"casesofeon"
"1040963","velocimetry",,"cisusafuu"
"1040964","velocious",,"casesou"
"1040965","velociously",,"irapusoki"
"1040966","velociousness",,"urepasiket"
"1040967","velocipedal",,"eriposefa"
"1040968","velocipede",,"cisusaan"
"1040969","velocipedean",,"urepasufin"
"1040970","velocipedeans",,"urepasufa"
"1040971","velocipeded",,"aropesafete"
"1040972","velocipeder",,"eriposefot"
"1040973","velocipeders",,"eriposefo"
"1040974","velocipedes",,"cisusacuun"
"1040975","velocipedestrian",,"urepasufat"
"1040976","velocipedestrians",,"urepasufe"
"1040977","velocipedestrienne",,"cesosicoan"
"1040978","velocipedian",,"aropesafun"
"1040979","velocipedians",,"aropesafu"
"1040980","velocipedic",,"cusasecaon"
"1040981","velocipeding",,"aropesafua"
"1040982","velocipedist",,"eriposefet"
"1040983","velocipedists",,"eriposefi"
"1040984","velociraptor",,"cusaseweun"
"1040985","velociraptorine",,"irapusata"
"1040986","velociraptors",,"cusaseweu"
"1040987","velocisaurus",,"eriposutet"
"1040988","velocissimo",,"cusasebiun"
"1040989","velocitation",,"eriposati"
"1040990","velociter",,"cisusaana"
"1040991","velociti",,"eriposua"
"1040992","velocities",,"aropesi"
"1040993","velocitization",,"casesoduun"
"1040994","velocitize",,"cusaseet"
"1040995","velocitized",,"eriposava"
"1040996","velocitizes",,"cusasedii"
"1040997","velocitizing",,"eriposavat"
"1040998","velocitometry",,"orupiseca"
"1040999","velocitous",,"orupisun"
"1041000","velocity",,"irapusina"
"1041001","velocitys",,"irapusa"
"1041002","velodorsal",,"irapahen"
"1041003","velodrome",,"cisutuan"
"1041004","velodromes",,"cisutuuna"
"1041005","velodyne",,"cositaun"
"1041006","veloergometer",,"aropiqecu"
"1041007","veloergometry",,"irapequcun"
"1041008","velogen",,"urepiia"
"1041009","velogenic",,"urepizea"
"1041010","veloka",,"cusaea"
"1041011","velology",,"aropuhet"
"1041012","velometer",,"casezuun"
"1041013","velomobile",,"cosizaen"
"1041014","velomobiles",,"cosizateon"
"1041015","velon",,"urepato"
"1041016","velons",,"urepet"
"1041017","velopalatal",,"casehapoa"
"1041018","velopharyngeal",,"ureporaban"
"1041019","velopharyngoplasty",,"aropirebu"
"1041020","velopharynx",,"oruparibu"
"1041021","velophile",,"eripura"
"1041022","veloplasty",,"urepozu"
"1041023","velopp",,"cosiat"
"1041024","veloppement",,"casehupia"
"1041025","velor",,"orupou"
"1041026","velorum",,"urepuie"
"1041027","velorums",,"urepudat"
"1041028","velosef",,"orupien"
"1041029","veloso",,"cesoot"
"1041030","velosynthesis",,"aropemigot"
"1041031","velotaxi",,"cosiwou"
"1041032","velour",,"eripit"
"1041033","veloured",,"cosibiun"
"1041034","velours",,"eripuat"
"1041035","velout",,"aropui"
"1041036","velouta",,"eripuan"
"1041037","veloutas",,"eripubun"
"1041038","veloute",,"urepoet"
"1041039","veloutes",,"urepobi"
"1041040","veloutine",,"cusaboen"
"1041041","veloutines",,"cusaboon"
"1041042","velouts",,"aropiot"
"1041043","veloway",,"casegon"
"1041044","velox",,"urepatu"
"1041045","veloz",,"irapei"
"1041046","velpatasvir",,"cusenosii"
"1041047","velpeau",,"arofiu"
"1041048","velpen",,"casoet"
"1041049","velpens",,"casovi"
"1041050","velquez",,"arohiu"
"1041051","velquezs",,"arohizot"
"1041052","vels",,"cosoo"
"1041053","velsecorat",,"cusuveo"
"1041054","velsen",,"ericon"
"1041055","velsens",,"ericuana"
"1041056","velskoen",,"orucahona"
"1041057","velskoens",,"orucahana"
"1041058","velt",,"ureqra"
"1041059","velta",,"aroquu"
"1041060","velte",,"iraqen"
"1041061","veltfare",,"eriqurun"
"1041062","veltheimia",,"casenua"
"1041063","veltliner",,"cosivua"
"1041064","veltman",,"cisuzet"
"1041065","veltre",,"cesoua"
"1041066","veltri",,"cosiata"
"1041067","veltuzumab",,"iraqena"
"1041068","velum",,"cusez"
"1041069","velumen",,"irawie"
"1041070","velumina",,"arowasen"
"1041071","velunge",,"eriwoat"
"1041072","velure",,"irawane"
"1041073","velured",,"casocet"
"1041074","velures",,"irawiun"
"1041075","veluring",,"casocou"
"1041076","velut",,"irawae"
"1041077","velutina",,"cusewea"
"1041078","velutinas",,"cuseween"
"1041079","velutinate",,"arowoson"
"1041080","velutinid",,"arowosona"
"1041081","velutinoside",,"eriwisucon"
"1041082","velutinous",,"cusewei"
"1041083","velutipes",,"cesiwion"
"1041084","velutus",,"oruwuoa"
"1041085","veluws",,"cuseun"
"1041086","velux",,"eriwou"
"1041087","velva",,"urebie"
"1041088","velvas",,"ureboe"
"1041089","velveeta",,"cusovie"
"1041090","velveetae",,"cisevoen"
"1041091","velveetas",,"cusoviin"
"1041092","velverd",,"orubaot"
"1041093","velveret",,"eribuqan"
"1041094","velverets",,"eribuqun"
"1041095","velvet",,"cusoata"
"1041096","velvetbean",,"cosavau"
"1041097","velvetberry",,"urebobefun"
"1041098","velvetbreast",,"orubabubat"
"1041099","velveted",,"arobibu"
"1041100","velveteen",,"orubaben"
"1041101","velveteened",,"cisevepui"
"1041102","velveteens",,"orubabon"
"1041103","velveter",,"eribuban"
"1041104","velvetest",,"arobiba"
"1041105","velvetfish",,"cesuvuun"
"1041106","velvetgrass",,"urebobabin"
"1041107","velvetier",,"eribubea"
"1041108","velvetiest",,"arobibet"
"1041109","velvetine",,"irabebot"
"1041110","velvetiness",,"irabebejet"
"1041111","velvetinesses",,"orubabajin"
"1041112","velvetinesss",,"irabebeji"
"1041113","velveting",,"arobibon"
"1041114","velvetings",,"arobiban"
"1041115","velvetleaf",,"cusovoen"
"1041116","velvetleafs",,"cusovopaon"
"1041117","velvetleaves",,"casivipein"
"1041118","velvetlike",,"irabeben"
"1041119","velvetmaker",,"urebobetu"
"1041120","velvetmaking",,"irabebatun"
"1041121","velvetmallow",,"casivifoen"
"1041122","velvetry",,"urebobon"
"1041123","velvets",,"cusove"
"1041124","velvetseed",,"urebobi"
"1041125","velvetter",,"ciseveon"
"1041126","velvettest",,"cosavain"
"1041127","velvetty",,"irabebe"
"1041128","velvetweed",,"orubabena"
"1041129","velvetweedes",,"eribubifu"
"1041130","velvetweeds",,"orubabufon"
"1041131","velvetwork",,"eribubot"
"1041132","velvetworm",,"arobibona"
"1041133","velvety",,"cesuvin"
"1041134","velvick",,"orubien"
"1041135","vely",,"cusao"
"1041136","velyarde",,"cusanae"
"1041137","velyki",,"cisuen"
"1041138","velykyi",,"casetan"
"1041139","velzquez",,"cusejiu"
"1041140","velzquezs",,"cusejiot"
"1041141","vemac",,"arimeto"
"1041142","vemanuel",,"uromadi"
"1041143","vemurafenib",,"irewirifon"
"1041144","vemuri",,"cetiot"
"1041145","vena",,"cova"
"1041146","venable",,"caviret"
"1041147","venables",,"cavirai"
"1041148","venabulum",,"covarein"
"1041149","venacavaplasty",,"cavisakoen"
"1041150","venacavography",,"cavisakai"
"1041151","venacularism",,"cuvosipeat"
"1041152","venad",,"urimero"
"1041153","venada",,"arumatu"
"1041154","venado",,"erameta"
"1041155","venae",,"cevuv"
"1041156","venaissin",,"oremiwat"
"1041157","venal",,"iromos"
"1041158","venaler",,"cavivon"
"1041159","venalest",,"cuvoviin"
"1041160","venalia",,"urimion"
"1041161","venalicium",,"arumusan"
"1041162","venalis",,"iromoua"
"1041163","venalisation",,"iromosetun"
"1041164","venalisations",,"iromosetu"
"1041165","venalise",,"oremeset"
"1041166","venalises",,"oremesi"
"1041167","venaliter",,"oremesia"
"1041168","venalities",,"cuvoveon"
"1041169","venality",,"covavuu"
"1041170","venalization",,"covavuruan"
"1041171","venalizations",,"covavuruun"
"1041172","venalize",,"cevuvio"
"1041173","venalized",,"iromosina"
"1041174","venalizes",,"cevuviet"
"1041175","venalizing",,"iromosia"
"1041176","venaller",,"eramazuna"
"1041177","venallest",,"arumuzen"
"1041178","venallier",,"eramazin"
"1041179","venalliest",,"arumuzia"
"1041180","venally",,"cevuva"
"1041181","venalness",,"covavuin"
"1041182","venanatin",,"arumereta"
"1041183","venancio",,"urimatan"
"1041184","venango",,"arumeaa"
"1041185","venangos",,"arumenen"
"1041186","venantes",,"civepeet"
"1041187","venantess",,"civepei"
"1041188","venanzite",,"oreminon"
"1041189","venarey",,"erameon"
"1041190","venarie",,"urimuet"
"1041191","venary",,"oremine"
"1041192","venatic",,"urimeet"
"1041193","venatica",,"arumosot"
"1041194","venatical",,"cevuwiet"
"1041195","venatically",,"urimesotin"
"1041196","venatici",,"urimesan"
"1041197","venatio",,"eramiata"
"1041198","venation",,"cevuwieta"
"1041199","venational",,"iromaset"
"1041200","venationes",,"caviwoin"
"1041201","venations",,"cevuwii"
"1041202","venatious",,"arumoset"
"1041203","venator",,"cuvowu"
"1041204","venatores",,"civewei"
"1041205","venatorial",,"eramihaa"
"1041206","venatorian",,"arumohi"
"1041207","venatorious",,"caviwiwuo"
"1041208","venators",,"cuvowoot"
"1041209","venatory",,"cevuwuo"
"1041210","venbakm",,"oreneoi"
"1041211","vence",,"cavav"
"1041212","venceremin",,"cavaveu"
"1041213","vencill",,"civiron"
"1041214","vencola",,"aruroina"
"1041215","vend",,"irosta"
"1041216","venda",,"urisie"
"1041217","vendable",,"oresesa"
"1041218","vendabler",,"cavenean"
"1041219","vendables",,"oresesen"
"1041220","vendablest",,"cuvanaa"
"1041221","vendace",,"irosoia"
"1041222","vendaces",,"irosotat"
"1041223","vendae",,"irosona"
"1041224","vendaes",,"irosoan"
"1041225","vendage",,"urisiena"
"1041226","vendages",,"urisinon"
"1041227","vendan",,"cuvaat"
"1041228","vendange",,"cuvanein"
"1041229","vendanges",,"cuvanea"
"1041230","vendas",,"urisau"
"1041231","vendaval",,"oresego"
"1041232","vendavel",,"arusugin"
"1041233","vendean",,"civuva"
"1041234","vendeans",,"civuvien"
"1041235","vended",,"cuvai"
"1041236","vendee",,"erasoa"
"1041237","vendees",,"erasueta"
"1041238","vendelinus",,"oresazat"
"1041239","vendelinuss",,"oresazaje"
"1041240","vendemiaire",,"civuvutae"
"1041241","vendemiaires",,"civuvutain"
"1041242","vendemmia",,"urisopat"
"1041243","vender",,"caveo"
"1041244","vendergood",,"oresaqan"
"1041245","venders",,"cavevet"
"1041246","vendetta",,"oresaba"
"1041247","vendettas",,"oresaben"
"1041248","vendetti",,"erasubat"
"1041249","vendettist",,"civuveat"
"1041250","vendettists",,"civuvedoe"
"1041251","vendeuse",,"arusidu"
"1041252","vendeuses",,"arusidot"
"1041253","vendian",,"cuvaru"
"1041254","vendibilities",,"civurutaet"
"1041255","vendibility",,"cevorotie"
"1041256","vendibilitys",,"cevorotiin"
"1041257","vendible",,"erasosat"
"1041258","vendibleness",,"caverepea"
"1041259","vendiblenesses",,"cuvarapaun"
"1041260","vendiblenesss",,"caverepeen"
"1041261","vendibler",,"cuvaraa"
"1041262","vendibles",,"erasose"
"1041263","vendiblest",,"civuruat"
"1041264","vendibly",,"urisasia"
"1041265","vendicate",,"caveroan"
"1041266","vendication",,"irosutugon"
"1041267","vendidad",,"irosuvun"
"1041268","vendidads",,"irosuvu"
"1041269","vendidaite",,"oresivi"
"1041270","vendido",,"covirat"
"1041271","vendimia",,"oresipon"
"1041272","vendin",,"civuo"
"1041273","vending",,"cuvarot"
"1041274","vendings",,"cuvareo"
"1041275","vendis",,"irosata"
"1041276","vendises",,"oresiwen"
"1041277","vendiss",,"irosue"
"1041278","vendisses",,"oresiwon"
"1041279","venditate",,"oresibet"
"1041280","venditated",,"cuvaroa"
"1041281","venditates",,"oresibi"
"1041282","venditating",,"cuvarosuat"
"1041283","venditation",,"caverisao"
"1041284","venditations",,"caverisaet"
"1041285","venditio",,"covirain"
"1041286","vendition",,"oresibat"
"1041287","venditions",,"oresibe"
"1041288","venditor",,"arusebo"
"1041289","venditti",,"oresibon"
"1041290","vendla",,"caveen"
"1041291","vendlerian",,"covivea"
"1041292","vendmiaire",,"cuvazeet"
"1041293","vendmiaires",,"cuvazesii"
"1041294","vendo",,"arusos"
"1041295","vendolius",,"cavefau"
"1041296","vendor",,"civuaa"
"1041297","vendored",,"uriseqet"
"1041298","vendoring",,"urisequ"
"1041299","vendors",,"civufen"
"1041300","vendorship",,"cavefea"
"1041301","vendorspeak",,"erasiquqa"
"1041302","vendour",,"covifat"
"1041303","vendress",,"cavecui"
"1041304","vends",,"irosui"
"1041305","vendu",,"oresai"
"1041306","vendue",,"erasena"
"1041307","vendues",,"erasuon"
"1041308","veneaux",,"arutuea"
"1041309","venebroidophilist",,"oretoqevin"
"1041310","venectasia",,"uritabat"
"1041311","venectomy",,"uritaban"
"1041312","vened",,"oretuta"
"1041313","venedikt",,"civataon"
"1041314","venedocia",,"arutoha"
"1041315","venedocias",,"arutohen"
"1041316","venedotia",,"covutau"
"1041317","venedotian",,"oretuhana"
"1041318","venedotians",,"oretuhevun"
"1041319","veneds",,"oretute"
"1041320","venedy",,"uritote"
"1041321","venedys",,"uriteoa"
"1041322","veneer",,"oretuti"
"1041323","veneered",,"civavua"
"1041324","veneerer",,"cuvevae"
"1041325","veneerers",,"cuvevain"
"1041326","veneering",,"civavuat"
"1041327","veneerings",,"civavue"
"1041328","veneers",,"oretaot"
"1041329","venefic",,"uritooni"
"1041330","venefical",,"cevilion"
"1041331","venefically",,"uritosotot"
"1041332","venefice",,"irotesu"
"1041333","veneficial",,"ceviliat"
"1041334","veneficious",,"arutisivun"
"1041335","veneficiously",,"civalavoet"
"1041336","veneficness",,"civalavou"
"1041337","veneficous",,"arutisia"
"1041338","veneficously",,"civalavia"
"1041339","veneficus",,"irotesa"
"1041340","venegas",,"covumat"
"1041341","venema",,"cuveat"
"1041342","venemoid",,"oretohet"
"1041343","venemous",,"cuvezoot"
"1041344","venen",,"arutenu"
"1041345","venenata",,"cuvepuu"
"1041346","venenate",,"covupoat"
"1041347","venenated",,"uritaron"
"1041348","venenately",,"aruteren"
"1041349","venenates",,"covupoe"
"1041350","venenating",,"uritarina"
"1041351","venenation",,"aruteri"
"1041352","venencia",,"eratotat"
"1041353","venene",,"uritas"
"1041354","venenes",,"uritaen"
"1041355","venenifer",,"eratosin"
"1041356","veneniferous",,"oretisofot"
"1041357","venenific",,"cuvepeet"
"1041358","venenosa",,"irotuhua"
"1041359","venenosalivary",,"cevipubia"
"1041360","venenose",,"eratohat"
"1041361","venenosi",,"oretihona"
"1041362","venenosity",,"cevipuan"
"1041363","venenosum",,"uritahuna"
"1041364","venenosus",,"eratohua"
"1041365","venenosusi",,"eratohaa"
"1041366","venenous",,"eratohun"
"1041367","venenousness",,"cavopiguo"
"1041368","venenum",,"oretioa"
"1041369","veneosity",,"eratiwua"
"1041370","venepuncture",,"cevihahaat"
"1041371","venepunctures",,"cevihahae"
"1041372","vener",,"irotis"
"1041373","venera",,"uritani"
"1041374","venerabilities",,"cuvecutiin"
"1041375","venerability",,"covucoteon"
"1041376","venerabl",,"irotire"
"1041377","venerable",,"oretorena"
"1041378","venerableness",,"cevicetiun"
"1041379","venerablenesses",,"cavocatoet"
"1041380","venerables",,"oretoron"
"1041381","venerably",,"arutaraa"
"1041382","veneracea",,"urituret"
"1041383","veneracean",,"cuvecuot"
"1041384","veneraceas",,"urituri"
"1041385","veneraceous",,"uriturofun"
"1041386","veneral",,"cavocon"
"1041387","veneralia",,"ceviceet"
"1041388","veneralias",,"cevicei"
"1041389","venerance",,"civaciet"
"1041390","venerant",,"eraterat"
"1041391","venerate",,"cavocaon"
"1041392","venerated",,"oretoro"
"1041393","venerates",,"cavocaan"
"1041394","veneratest",,"oretorona"
"1041395","venerateth",,"cavocae"
"1041396","venerating",,"oretorun"
"1041397","veneratio",,"civacian"
"1041398","veneration",,"irotirena"
"1041399","venerational",,"cavocaduen"
"1041400","venerations",,"irotirovon"
"1041401","venerative",,"eraterua"
"1041402","veneratively",,"cuvecudii"
"1041403","venerativeness",,"cavocaduet"
"1041404","venerativenesss",,"cavocadui"
"1041405","venerator",,"eraterea"
"1041406","venerators",,"eraterina"
"1041407","veneratory",,"irotira"
"1041408","venerbleness",,"cavocepeot"
"1041409","venere",,"oretuto"
"1041410","venerea",,"irotian"
"1041411","venereal",,"cuveciu"
"1041412","venerealee",,"covucee"
"1041413","venerealism",,"covucesuen"
"1041414","venerealist",,"eratezofa"
"1041415","venereall",,"arutazo"
"1041416","venereally",,"oretozi"
"1041417","venerealness",,"irotizufet"
"1041418","venerean",,"civacoen"
"1041419","venereans",,"civacoon"
"1041420","venereological",,"arutazufa"
"1041421","venereologies",,"covucejuat"
"1041422","venereologist",,"arutazufot"
"1041423","venereologists",,"arutazufo"
"1041424","venereology",,"cavocujoa"
"1041425","venereologys",,"cavocujoen"
"1041426","venereophobia",,"covucejian"
"1041427","venereophobic",,"cevicajoin"
"1041428","venereous",,"irotizin"
"1041429","venerer",,"cavocet"
"1041430","venerers",,"cavocui"
"1041431","veneres",,"oretoot"
"1041432","venereum",,"urituzon"
"1041433","venerial",,"cavocoat"
"1041434","venerian",,"cuveceot"
"1041435","venerid",,"cavocona"
"1041436","veneridae",,"cavocoan"
"1041437","veneridaes",,"cavocoun"
"1041438","venerie",,"oretoae"
"1041439","veneries",,"oretosen"
"1041440","veneriform",,"arutasat"
"1041441","venerious",,"uritusun"
"1041442","veneris",,"irotiea"
"1041443","venero",,"aruteta"
"1041444","veneroid",,"covucae"
"1041445","venerologist",,"eratehocan"
"1041446","venerology",,"cevicuat"
"1041447","veneros",,"arutaina"
"1041448","venerous",,"urituhi"
"1041449","veners",,"irotanu"
"1041450","venery",,"arutuna"
"1041451","venes",,"cavoqe"
"1041452","venesect",,"eratozi"
"1041453","venesected",,"covuqeun"
"1041454","venesection",,"civaqovie"
"1041455","venesections",,"civaqoviin"
"1041456","venesector",,"ceviqaet"
"1041457","venesia",,"ceviqot"
"1041458","veness",,"cavoen"
"1041459","venesses",,"cuveqeu"
"1041460","venestatin",,"arutebon"
"1041461","venesuction",,"civaqoviu"
"1041462","veneta",,"irotino"
"1041463","venetan",,"civawo"
"1041464","venetas",,"irotaat"
"1041465","venetes",,"erationa"
"1041466","venetess",,"eratizan"
"1041467","veneti",,"oretotn"
"1041468","venetia",,"irotauna"
"1041469","venetiae",,"oretuso"
"1041470","venetian",,"civawaon"
"1041471","venetianed",,"uritesat"
"1041472","venetianeds",,"uritesaje"
"1041473","venetianness",,"oretusiju"
"1041474","venetians",,"civawaan"
"1041475","venetias",,"irotasua"
"1041476","venetic",,"oretuaa"
"1041477","venetis",,"oretuoe"
"1041478","venetism",,"arutoso"
"1041479","venetist",,"cuveweot"
"1041480","veneto",,"uritoti"
"1041481","venetoclax",,"eratihua"
"1041482","venetocracy",,"cavowivie"
"1041483","venetos",,"uriteeta"
"1041484","veneur",,"oretinn"
"1041485","veneux",,"uritano"
"1041486","venew",,"civag"
"1041487","venewe",,"covuet"
"1041488","venewes",,"covugi"
"1041489","veney",,"covul"
"1041490","veneys",,"covuon"
"1041491","venez",,"uritoto"
"1041492","venezia",,"arutiua"
"1041493","veneziae",,"uritoset"
"1041494","veneziano",,"covumuin"
"1041495","venezias",,"arutisot"
"1041496","venezolano",,"arutihon"
"1041497","venezuel",,"civamoen"
"1041498","venezuela",,"cuvemiin"
"1041499","venezuelae",,"civamoon"
"1041500","venezuelan",,"uritodat"
"1041501","venezuelanness",,"civamopaa"
"1041502","venezuelans",,"uritodufe"
"1041503","venezuelas",,"cuvemia"
"1041504","venflon",,"irokoot"
"1041505","veng",,"covaa"
"1041506","venge",,"cevuve"
"1041507","vengeable",,"cavivaat"
"1041508","vengeably",,"civevii"
"1041509","vengeanc",,"orelaren"
"1041510","vengeance",,"eralurun"
"1041511","vengeancely",,"cuvovuhiet"
"1041512","vengeances",,"eraluru"
"1041513","vengeant",,"cuvovuot"
"1041514","vengeaunce",,"aruliren"
"1041515","venged",,"irolan"
"1041516","vengeful",,"cavivue"
"1041517","vengefully",,"irolemon"
"1041518","vengefulness",,"urilomufen"
"1041519","vengefulnesses",,"irolemifu"
"1041520","vengement",,"cavivee"
"1041521","vengements",,"cavivein"
"1041522","vengeously",,"arulihi"
"1041523","venger",,"urilena"
"1041524","vengers",,"uriloon"
"1041525","venges",,"cevuin"
"1041526","vengesome",,"cavivoe"
"1041527","vengeur",,"irolee"
"1041528","vengi",,"covar"
"1041529","vengible",,"cavireun"
"1041530","venging",,"iroluaa"
"1041531","vengo",,"cuvof"
"1041532","vengolina",,"cevufeat"
"1041533","venhuizen",,"eramusin"
"1041534","venhzerb",,"civomoet"
"1041535","veni",,"cevee"
"1041536","venia",,"covona"
"1041537","veniable",,"cavanean"
"1041538","venial",,"ironuni"
"1041539","venialer",,"cavanaat"
"1041540","venialest",,"cuvunuo"
"1041541","venialities",,"cuvunutuat"
"1041542","veniality",,"covonoa"
"1041543","venialler",,"eranazina"
"1041544","veniallest",,"arunuzie"
"1041545","venially",,"ceveneet"
"1041546","venialness",,"covonoo"
"1041547","venialnesses",,"cevenehoe"
"1041548","venialnesss",,"covonohiet"
"1041549","veniam",,"cavaon"
"1041550","veniamin",,"arunupet"
"1041551","venice",,"cavaen"
"1041552","venices",,"cavason"
"1041553","venicia",,"covosun"
"1041554","venidium",,"arunosena"
"1041555","venidiums",,"arunosone"
"1041556","venie",,"cavava"
"1041557","veniero",,"aruniote"
"1041558","venigenous",,"oreneze"
"1041559","venim",,"cuvuz"
"1041560","venime",,"civio"
"1041561","venin",,"eranone"
"1041562","venine",,"arunue"
"1041563","venines",,"aruneota"
"1041564","venins",,"eranano"
"1041565","venio",,"civifa"
"1041566","veniole",,"ironaue"
"1041567","veniplex",,"arunizo"
"1041568","venipuncture",,"covoheheon"
"1041569","venipunctured",,"urinodozo"
"1041570","venipunctures",,"covohehean"
"1041571","venipuncturing",,"urinodozun"
"1041572","venipuncturist",,"arunidizo"
"1041573","venire",,"ironatn"
"1041574","venireman",,"covoceot"
"1041575","veniremen",,"cavacue"
"1041576","venireperson",,"cevecacou"
"1041577","venires",,"ironiea"
"1041578","venirewoman",,"covoceloet"
"1041579","venise",,"cavaet"
"1041580","venisection",,"cuvuqivuan"
"1041581","venisections",,"cuvuqivuun"
"1041582","venison",,"ironuin"
"1041583","venisonburger",,"cevequhua"
"1041584","venisonivorous",,"arunehivet"
"1041585","venisonlike",,"covoqahuan"
"1041586","venisons",,"ironuha"
"1041587","venistasis",,"urinabin"
"1041588","venisuture",,"civiqoun"
"1041589","venit",,"ironaro"
"1041590","venita",,"urinent"
"1041591","venite",,"orenota"
"1041592","venites",,"orenuoa"
"1041593","venitian",,"cuvuweo"
"1041594","venitive",,"civiwai"
"1041595","venitivity",,"ironason"
"1041596","venizelism",,"civimou"
"1041597","venizelist",,"orenazun"
"1041598","venizelists",,"orenazivu"
"1041599","venizelos",,"covomeot"
"1041600","venizeloss",,"covomeo"
"1041601","venkat",,"irosate"
"1041602","venkata",,"urisiet"
"1041603","venkatad",,"cevinua"
"1041604","venkatar",,"covunae"
"1041605","venkataraman",,"oresebibu"
"1041606","venkataramanujam",,"covunasaot"
"1041607","venkatayya",,"urisibat"
"1041608","venkates",,"oreseben"
"1041609","venkatesan",,"civaneat"
"1041610","venkatesh",,"cavonie"
"1041611","venkateswara",,"cavonipuot"
"1041612","venkatra",,"covunaea"
"1041613","venkayya",,"cevinuaa"
"1041614","venkisen",,"urisawat"
"1041615","venlafaxine",,"covaneseet"
"1041616","venlaflaxine",,"irotomutat"
"1041617","venlin",,"covaun"
"1041618","venlo",,"urites"
"1041619","venloo",,"eratans"
"1041620","venloos",,"eratiuna"
"1041621","venmo",,"cevafa"
"1041622","venmod",,"irovata"
"1041623","venmoed",,"orevua"
"1041624","venmoing",,"orevusata"
"1041625","venmos",,"cevaot"
"1041626","venn",,"erazno"
"1041627","vennam",,"aruzun"
"1041628","vennel",,"cevein"
"1041629","vennels",,"ceveva"
"1041630","venner",,"civia"
"1041631","vennes",,"aruze"
"1041632","venness",,"aruziina"
"1041633","venning",,"covorin"
"1041634","venns",,"erazone"
"1041635","veno",,"civui"
"1041636","venoactive",,"cevonion"
"1041637","venoarterial",,"civunuduot"
"1041638","venoarteriolar",,"iropoqofu"
"1041639","venoatrial",,"erapaba"
"1041640","venoauricular",,"arupudovu"
"1041641","venocapillary",,"cevosecaot"
"1041642","venocentric",,"orepizagun"
"1041643","venoclysis",,"erapoza"
"1041644","venoconstriction",,"uripahodin"
"1041645","venoconstrictor",,"orepihadi"
"1041646","venodilatation",,"uripesatan"
"1041647","venodilation",,"cevotipiot"
"1041648","venodilator",,"cuvatepean"
"1041649","venodilatory",,"cevotipiu"
"1041650","venofibrosis",,"arupisobot"
"1041651","venogenesis",,"orepezafu"
"1041652","venogram",,"erapaqu"
"1041653","venograms",,"erapaqot"
"1041654","venographic",,"arupuqeqe"
"1041655","venographical",,"covimisie"
"1041656","venographically",,"arupuqeqona"
"1041657","venographies",,"uripiqaqet"
"1041658","venography",,"orepeqe"
"1041659","venola",,"arupus"
"1041660","venolia",,"arupuaa"
"1041661","venolias",,"arupusen"
"1041662","venologies",,"erapahen"
"1041663","venology",,"uripihun"
"1041664","venolymphatic",,"cuvavofain"
"1041665","venom",,"cevoz"
"1041666","venombin",,"cuvazao"
"1041667","venome",,"caveet"
"1041668","venomed",,"orepoaa"
"1041669","venomer",,"iropiei"
"1041670","venomers",,"iropizin"
"1041671","venomic",,"cevozo"
"1041672","venomics",,"cevoziet"
"1041673","venoming",,"oreposat"
"1041674","venomisation",,"cevozibia"
"1041675","venomisations",,"cevozibien"
"1041676","venomise",,"cavezoun"
"1041677","venomises",,"cavezou"
"1041678","venomization",,"arupasatin"
"1041679","venomizations",,"arupasata"
"1041680","venomize",,"uripusan"
"1041681","venomized",,"cevozieta"
"1041682","venomizes",,"uripusun"
"1041683","venomizing",,"cevoziu"
"1041684","venomless",,"erapezin"
"1041685","venomlike",,"arupazi"
"1041686","venomly",,"uripui"
"1041687","venomness",,"arupafeta"
"1041688","venomnesss",,"arupafi"
"1041689","venomoid",,"arupahen"
"1041690","venomosalivary",,"orepohatet"
"1041691","venomosity",,"orepohe"
"1041692","venomotor",,"caveziin"
"1041693","venomous",,"covizain"
"1041694","venomously",,"arupahana"
"1041695","venomousness",,"erapehedon"
"1041696","venomousnesses",,"arupahadot"
"1041697","venomproof",,"erapejet"
"1041698","venoms",,"cevoot"
"1041699","venomsome",,"cavezoua"
"1041700","venomy",,"civuoa"
"1041701","venona",,"uripeni"
"1041702","venoocclusion",,"covifuvuun"
"1041703","venoocclusive",,"cavefovoet"
"1041704","venopathy",,"arupireta"
"1041705","venoperitoneostomy",,"iropezavan"
"1041706","venopressor",,"uripoqudot"
"1041707","venoprotective",,"arupiqugin"
"1041708","venopuncture",,"cuvahihian"
"1041709","venor",,"erapes"
"1041710","venorrhaphy",,"orepoqutin"
"1041711","venosa",,"cuvaun"
"1041712","venosal",,"arupeota"
"1041713","venoscleroses",,"coviqupii"
"1041714","venosclerosis",,"civuqapuen"
"1041715","venose",,"covii"
"1041716","venoser",,"arupeina"
"1041717","venosest",,"uripazi"
"1041718","venosinal",,"caveqoin"
"1041719","venosinus",,"orepisat"
"1041720","venosities",,"uripasin"
"1041721","venosity",,"orepison"
"1041722","venoso",,"caveon"
"1041723","venosome",,"coviqau"
"1041724","venostasis",,"erapoba"
"1041725","venostat",,"civuqeon"
"1041726","venostomy",,"orepiban"
"1041727","venosum",,"caveqan"
"1041728","venosus",,"coviqun"
"1041729","venothromboembolic",,"cuvawawuun"
"1041730","venothromboembolism",,"coviwiwoe"
"1041731","venothrombotic",,"iroparacot"
"1041732","venotomy",,"orepuhon"
"1041733","venotonic",,"coviwaa"
"1041734","venotropic",,"uripeqin"
"1041735","venous",,"covian"
"1041736","venouser",,"uripowi"
"1041737","venousest",,"iropewot"
"1041738","venouska",,"covibuu"
"1041739","venously",,"arupiwo"
"1041740","venousness",,"erapuwot"
"1041741","venousnesses",,"arupiwifat"
"1041742","venousnesss",,"erapuwufo"
"1041743","venousser",,"uripowat"
"1041744","venoussest",,"iropewo"
"1041745","venovenostomy",,"uripizocet"
"1041746","venovenous",,"cuvadiet"
"1041747","venray",,"orejina"
"1041748","venson",,"irocun"
"1041749","vent",,"iroqte"
"1041750","venta",,"uriqio"
"1041751","ventable",,"oreqeso"
"1041752","ventage",,"uriqiet"
"1041753","ventages",,"uriqini"
"1041754","ventagium",,"oreqenat"
"1041755","ventail",,"cavenan"
"1041756","ventaile",,"cuvaneot"
"1041757","ventailes",,"cuvaneo"
"1041758","ventaille",,"aruquset"
"1041759","ventails",,"cavenoun"
"1041760","vental",,"caveeta"
"1041761","ventamol",,"caveneun"
"1041762","ventana",,"cavenon"
"1041763","ventanas",,"cavenoan"
"1041764","ventanna",,"aruqufa"
"1041765","ventayle",,"cevonua"
"1041766","ventayles",,"cevonuen"
"1041767","vented",,"cuvaan"
"1041768","venter",,"caveena"
"1041769","venterea",,"caveveon"
"1041770","ventered",,"eraquqi"
"1041771","ventering",,"eraquqot"
"1041772","venters",,"cavevon"
"1041773","ventersdorp",,"eraququpa"
"1041774","ventersdorps",,"eraququpen"
"1041775","ventersome",,"cuvavaen"
"1041776","venteth",,"oreqaoa"
"1041777","venthole",,"iroqihot"
"1041778","ventholes",,"iroqiho"
"1041779","venti",,"iroquno"
"1041780","ventidiu",,"cuvaroaa"
"1041781","ventidius",,"cuvaroen"
"1041782","ventiduct",,"eraqove"
"1041783","ventiducts",,"eraqovin"
"1041784","ventifact",,"aruqemet"
"1041785","ventifacts",,"aruqemi"
"1041786","ventige",,"iroquue"
"1041787","ventiges",,"iroqunot"
"1041788","ventil",,"cuvau"
"1041789","ventilable",,"civuriun"
"1041790","ventilabral",,"iroquzuvon"
"1041791","ventilagin",,"eraqozet"
"1041792","ventilat",,"oreqizona"
"1041793","ventilatable",,"eraqozogen"
"1041794","ventilate",,"eraqozu"
"1041795","ventilated",,"civuriat"
"1041796","ventilates",,"eraqozot"
"1041797","ventilating",,"civurisio"
"1041798","ventilation",,"cuvarusuun"
"1041799","ventilationist",,"eraqozogin"
"1041800","ventilations",,"cuvarusuu"
"1041801","ventilative",,"covirosoet"
"1041802","ventilator",,"coviroen"
"1041803","ventilators",,"covirosoon"
"1041804","ventilatory",,"cuvarusuan"
"1041805","ventile",,"civuret"
"1041806","ventilo",,"cevoren"
"1041807","ventilometer",,"covirojai"
"1041808","ventilometric",,"civurijeet"
"1041809","ventilometry",,"caverajiet"
"1041810","ventiloquinone",,"covirojuot"
"1041811","ventils",,"cuvarota"
"1041812","ventimiglia",,"cuvarateu"
"1041813","ventin",,"civuen"
"1041814","venting",,"cuvara"
"1041815","ventings",,"cuvareen"
"1041816","ventio",,"aruqinu"
"1041817","ventipane",,"oreqiji"
"1041818","ventis",,"iroqunu"
"1041819","ventito",,"covire"
"1041820","ventive",,"civuren"
"1041821","ventless",,"civuvoon"
"1041822","ventlock",,"caveviun"
"1041823","ventman",,"covizun"
"1041824","ventnor",,"iroquui"
"1041825","vento",,"aruqou"
"1041826","ventoji",,"covifu"
"1041827","ventola",,"covifun"
"1041828","ventolin",,"eraqizin"
"1041829","ventolins",,"eraqizaa"
"1041830","ventometer",,"eraqipin"
"1041831","ventorious",,"cuvafai"
"1041832","ventorium",,"cavefein"
"1041833","ventose",,"uriqeet"
"1041834","ventoseness",,"civufapoe"
"1041835","ventoses",,"uriqewi"
"1041836","ventosities",,"cevofitee"
"1041837","ventosity",,"cuvafeen"
"1041838","ventositys",,"cuvafeon"
"1041839","ventosus",,"uriqewan"
"1041840","ventouse",,"iroqadu"
"1041841","ventoused",,"cavefuat"
"1041842","ventouses",,"iroqadot"
"1041843","ventousing",,"cavefuo"
"1041844","ventoy",,"oreqot"
"1041845","ventpiece",,"cavehoat"
"1041846","ventplant",,"eraquzin"
"1041847","ventr",,"cevoc"
"1041848","ventra",,"coviia"
"1041849","ventrad",,"uriquen"
"1041850","ventral",,"iroqiea"
"1041851","ventraler",,"cavecaun"
"1041852","ventralest",,"cuvacuen"
"1041853","ventralis",,"iroqiroa"
"1041854","ventralisation",,"iroqiruvot"
"1041855","ventralise",,"oreqorat"
"1041856","ventralised",,"cuvacupion"
"1041857","ventralising",,"cuvacupiin"
"1041858","ventralization",,"covicopeu"
"1041859","ventralize",,"cevocei"
"1041860","ventralized",,"iroqiruven"
"1041861","ventralizes",,"cevocepaat"
"1041862","ventralizing",,"iroqiruve"
"1041863","ventraller",,"eraqerot"
"1041864","ventrallest",,"aruqarefan"
"1041865","ventrallier",,"eraqerofen"
"1041866","ventralliest",,"aruqarefe"
"1041867","ventrally",,"cevoceon"
"1041868","ventralmost",,"cavecapio"
"1041869","ventrals",,"iroqirin"
"1041870","ventralward",,"oreqorimat"
"1041871","ventralwards",,"oreqorime"
"1041872","ventre",,"caveene"
"1041873","ventred",,"oreqoot"
"1041874","ventrella",,"civucoan"
"1041875","ventres",,"cavecon"
"1041876","ventresca",,"cevocao"
"1041877","ventress",,"cavecuan"
"1041878","ventresss",,"cavecuun"
"1041879","ventri",,"cevoota"
"1041880","ventrianal",,"cuvaceon"
"1041881","ventric",,"cevoca"
"1041882","ventricl",,"oreqoson"
"1041883","ventricle",,"eraqesu"
"1041884","ventricles",,"eraqesot"
"1041885","ventricolumna",,"covicuvoun"
"1041886","ventricolumnar",,"aruqasico"
"1041887","ventricornu",,"cavecovao"
"1041888","ventricornual",,"oreqosaco"
"1041889","ventricose",,"covicua"
"1041890","ventricoseness",,"eraqesucan"
"1041891","ventricosities",,"uriqusocan"
"1041892","ventricosity",,"oreqosacot"
"1041893","ventricositys",,"oreqosacoa"
"1041894","ventricosum",,"cavecovaoa"
"1041895","ventricosus",,"covicuvoet"
"1041896","ventricous",,"covicuo"
"1041897","ventricular",,"cavecovea"
"1041898","ventricularis",,"cavecovei"
"1041899","ventricularization",,"uriqusoko"
"1041900","ventricularize",,"iroqiseke"
"1041901","ventricularized",,"cavecovean"
"1041902","ventricularizes",,"iroqisekin"
"1041903","ventricularizing",,"cavecoveaa"
"1041904","ventricularly",,"iroqisekun"
"1041905","ventriculated",,"aruqasikun"
"1041906","ventricule",,"aruqason"
"1041907","ventriculectomy",,"cuvacevaot"
"1041908","ventricules",,"aruqasikan"
"1041909","ventriculi",,"eraqeso"
"1041910","ventriculis",,"eraqesuket"
"1041911","ventriculite",,"covicuvii"
"1041912","ventriculites",,"covicuviat"
"1041913","ventriculitess",,"covicuvie"
"1041914","ventriculitic",,"civucavuet"
"1041915","ventriculitidae",,"aruqasiko"
"1041916","ventriculitidaes",,"aruqasiket"
"1041917","ventriculitis",,"civucavuon"
"1041918","ventriculo",,"iroqiset"
"1041919","ventriculoaortic",,"eraqesukot"
"1041920","ventriculoarterial",,"iroqiseki"
"1041921","ventriculoatrial",,"cevocivoan"
"1041922","ventriculoatriostomy",,"cavecoveat"
"1041923","ventriculobulbar",,"iroqiseka"
"1041924","ventriculocisternal",,"uriqusoken"
"1041925","ventriculocisternostomy",,"iroqiseket"
"1041926","ventriculocordectomy",,"civucavua"
"1041927","ventriculocyte",,"cevocivoot"
"1041928","ventriculoencephalitis",,"covicuvia"
"1041929","ventriculogram",,"cevocivoet"
"1041930","ventriculograms",,"cevocivoi"
"1041931","ventriculographic",,"cavecoveen"
"1041932","ventriculographies",,"cuvacevae"
"1041933","ventriculography",,"covicuvien"
"1041934","ventriculographys",,"covicuvion"
"1041935","ventriculojugular",,"cuvacevaat"
"1041936","ventriculolumbar",,"civucavuun"
"1041937","ventriculomastoidostomy",,"cuvacevai"
"1041938","ventriculomegaly",,"cavecovein"
"1041939","ventriculometry",,"oreqosakon"
"1041940","ventriculonector",,"cuvacevaen"
"1041941","ventriculoperitioneal",,"cuvacevao"
"1041942","ventriculoperitoneal",,"cuvacevain"
"1041943","ventriculophasic",,"eraqesuka"
"1041944","ventriculoplasty",,"civucavuuna"
"1041945","ventriculopleural",,"eraqesuko"
"1041946","ventriculopuncture",,"uriqusokot"
"1041947","ventriculopunctures",,"uriqusokoa"
"1041948","ventriculoscope",,"civucavui"
"1041949","ventriculoscopic",,"cuvacevaet"
"1041950","ventriculoscopy",,"cevocivoeta"
"1041951","ventriculose",,"oreqosakin"
"1041952","ventriculostomy",,"covicuviot"
"1041953","ventriculosubarachnoid",,"covicuviin"
"1041954","ventriculosubgaleal",,"cuvacevaun"
"1041955","ventriculotomic",,"cavecoveu"
"1041956","ventriculotomy",,"covicuviu"
"1041957","ventriculous",,"oreqosakot"
"1041958","ventriculovenostomy",,"cuvacevaea"
"1041959","ventriculoventricular",,"oreqosaket"
"1041960","ventriculus",,"aruqasikat"
"1041961","ventriculuss",,"aruqasike"
"1041962","ventricumbent",,"oreqosakota"
"1041963","ventriduct",,"cuvaceen"
"1041964","ventriduction",,"eraqesakan"
"1041965","ventrifixation",,"caveconuu"
"1041966","ventrilateral",,"cuvacepee"
"1041967","ventrilocution",,"oreqosici"
"1041968","ventriloqual",,"cevocipeot"
"1041969","ventriloqually",,"uriqusacat"
"1041970","ventriloquate",,"cevocipeota"
"1041971","ventriloquated",,"iroqisuce"
"1041972","ventriloquates",,"cevocipeo"
"1041973","ventriloquating",,"iroqisucet"
"1041974","ventriloque",,"iroqisuci"
"1041975","ventriloquial",,"cevocipeen"
"1041976","ventriloquially",,"uriqusacu"
"1041977","ventriloquies",,"iroqisucu"
"1041978","ventriloquise",,"iroqisucua"
"1041979","ventriloquised",,"cavecopaat"
"1041980","ventriloquises",,"iroqisucot"
"1041981","ventriloquising",,"cavecopao"
"1041982","ventriloquism",,"oreqosicon"
"1041983","ventriloquisms",,"oreqosican"
"1041984","ventriloquist",,"cevocipeena"
"1041985","ventriloquistic",,"cevocipean"
"1041986","ventriloquistical",,"iroqisucan"
"1041987","ventriloquistically",,"cevocipeoa"
"1041988","ventriloquists",,"cevocipeon"
"1041989","ventriloquize",,"covicupoun"
"1041990","ventriloquized",,"uriqusaci"
"1041991","ventriloquizes",,"covicupou"
"1041992","ventriloquizing",,"uriqusacot"
"1041993","ventriloquous",,"aruqasecaa"
"1041994","ventriloquously",,"civucapiun"
"1041995","ventriloquy",,"eraqesocet"
"1041996","ventriloquys",,"eraqesoci"
"1041997","ventrimesal",,"aruqasofat"
"1041998","ventrimeson",,"aruqasofun"
"1041999","ventrine",,"aruqaso"
"1042000","ventring",,"oreqosan"
"1042001","ventrings",,"oreqosun"
"1042002","ventripotence",,"oreqosocot"
"1042003","ventripotency",,"aruqasacu"
"1042004","ventripotent",,"cavecocaet"
"1042005","ventripotential",,"oreqosocan"
"1042006","ventripyramid",,"eraqeseran"
"1042007","ventris",,"cevoco"
"1042008","ventrite",,"oreqoseta"
"1042009","ventro",,"civuoe"
"1042010","ventroanterior",,"civucesoon"
"1042011","ventroanteriorly",,"eraqehojot"
"1042012","ventroapical",,"caveciseen"
"1042013","ventroapically",,"iroqihuqu"
"1042014","ventroaxial",,"cevocusaun"
"1042015","ventroaxillary",,"covicasee"
"1042016","ventrobasal",,"cuvacoteon"
"1042017","ventrobasally",,"oreqohutot"
"1042018","ventrobasilar",,"oreqohuta"
"1042019","ventrobronchial",,"eraqehibin"
"1042020","ventrobronchus",,"civuceteon"
"1042021","ventrocaudal",,"covicavuen"
"1042022","ventrocaudally",,"aruqahitu"
"1042023","ventrocentral",,"cuvacovaun"
"1042024","ventrocephalic",,"eraqehufat"
"1042025","ventrocranial",,"uriquhobet"
"1042026","ventrocystorrhaphy",,"civuceviot"
"1042027","ventrodistal",,"uriquhivo"
"1042028","ventrodistally",,"covicazee"
"1042029","ventrodorsad",,"iroqihocon"
"1042030","ventrodorsal",,"oreqohecin"
"1042031","ventrodorsally",,"cavecizaan"
"1042032","ventrofixation",,"covicaneot"
"1042033","ventroflex",,"oreqohun"
"1042034","ventroflexed",,"civucenain"
"1042035","ventroflexing",,"civucenai"
"1042036","ventroflexion",,"cuvaconeot"
"1042037","ventroflexive",,"covicanuat"
"1042038","ventrofrontal",,"eraqehebun"
"1042039","ventrogluteal",,"oreqohifo"
"1042040","ventrohysteropexy",,"uriquhere"
"1042041","ventroinguinal",,"aruqahijon"
"1042042","ventrointermediate",,"iroqihejet"
"1042043","ventrointestinal",,"iroqihejeta"
"1042044","ventrolabial",,"aruqahete"
"1042045","ventrolabially",,"civucepaon"
"1042046","ventrolateral",,"cevocupiin"
"1042047","ventrolaterally",,"uriquhatan"
"1042048","ventrolimbic",,"cavecipuon"
"1042049","ventrolingual",,"eraqehove"
"1042050","ventrolingually",,"cuvacopion"
"1042051","ventromedial",,"cuvacofaat"
"1042052","ventromedially",,"oreqohufen"
"1042053","ventromedian",,"civucefuot"
"1042054","ventromesal",,"oreqohufe"
"1042055","ventromesial",,"oreqohufot"
"1042056","ventromyel",,"iroqihen"
"1042057","ventronasal",,"cevocuhiun"
"1042058","ventroparietal",,"cuvacocein"
"1042059","ventropodal",,"iroqihicon"
"1042060","ventropostaxial",,"cuvacocuo"
"1042061","ventropostaxially",,"oreqohoce"
"1042062","ventroposteriomedial",,"eraqehecat"
"1042063","ventroposterior",,"civuceciat"
"1042064","ventroposteriorized",,"civucecia"
"1042065","ventroposteriorly",,"eraqehecen"
"1042066","ventroposterolateral",,"iroqihicun"
"1042067","ventroposteromedial",,"eraqehecon"
"1042068","ventroprolateral",,"caveciciu"
"1042069","ventroproximal",,"covicacain"
"1042070","ventroproximally",,"aruqahaban"
"1042071","ventroptin",,"uriquhot"
"1042072","ventroptosia",,"covicacoan"
"1042073","ventroptosis",,"cevocuceot"
"1042074","ventrorostral",,"caveciwai"
"1042075","ventrorostrally",,"iroqihaca"
"1042076","ventroscopy",,"eraqehuzo"
"1042077","ventrose",,"covicae"
"1042078","ventrosity",,"oreqohuna"
"1042079","ventrostriatal",,"civucebion"
"1042080","ventrosublateral",,"iroqihekot"
"1042081","ventrosubmedian",,"aruqahika"
"1042082","ventrosuspension",,"oreqohakun"
"1042083","ventrotemporal",,"civuceduon"
"1042084","ventrotomies",,"uriquhicen"
"1042085","ventrotomy",,"oreqohune"
"1042086","ventrotomys",,"oreqohecu"
"1042087","ventrous",,"covicau"
"1042088","ventrovegetal",,"oreqohifot"
"1042089","ventroventral",,"aruqahefu"
"1042090","ventroversion",,"iroqihufe"
"1042091","ventrum",,"civucet"
"1042092","ventry",,"civuae"
"1042093","vents",,"iroquta"
"1042094","ventsislav",,"eraqosa"
"1042095","ventspils",,"iroqujen"
"1042096","ventulus",,"covibou"
"1042097","ventura",,"cevobot"
"1042098","venturable",,"cuvabao"
"1042099","venture",,"cuvabe"
"1042100","ventured",,"eraquqan"
"1042101","venturella",,"covibia"
"1042102","venturer",,"oreqaqen"
"1042103","venturers",,"oreqaqone"
"1042104","ventures",,"cuvabain"
"1042105","venturesome",,"civubupoe"
"1042106","venturesomely",,"eraquqedona"
"1042107","venturesomeness",,"oreqaqoden"
"1042108","venturesomenesses",,"eraquqedu"
"1042109","venturest",,"eraquqe"
"1042110","ventureth",,"cuvabaoa"
"1042111","venturi",,"caveban"
"1042112","venturia",,"cevoboen"
"1042113","venturiaceous",,"cevobotiu"
"1042114","venturian",,"eraquqina"
"1042115","venturias",,"cevoboon"
"1042116","venturicidin",,"covibitean"
"1042117","venturin",,"aruqiqena"
"1042118","venturine",,"uriqoqun"
"1042119","venturing",,"eraquqa"
"1042120","venturingly",,"cuvabatiun"
"1042121","venturings",,"eraquqen"
"1042122","venturini",,"aruqiqi"
"1042123","venturis",,"cavebeun"
"1042124","venturous",,"cevoboona"
"1042125","venturously",,"uriqoqikot"
"1042126","venturousness",,"aruqiquku"
"1042127","venturousnesses",,"uriqoqiki"
"1042128","ventus",,"oreqota"
"1042129","ventuse",,"eraquia"
"1042130","ventused",,"civubaen"
"1042131","venu",,"cavoe"
"1042132","venucia",,"cevisot"
"1042133","venue",,"cuveva"
"1042134","venues",,"cuveata"
"1042135","venugopal",,"cuvemoet"
"1042136","venula",,"orewoti"
"1042137","venulae",,"erawai"
"1042138","venular",,"cavovi"
"1042139","venularization",,"uriwirevan"
"1042140","venulas",,"oreweoa"
"1042141","venule",,"aruwei"
"1042142","venules",,"aruwuin"
"1042143","venulitis",,"civavae"
"1042144","venulopathy",,"cavovicoo"
"1042145","venulose",,"orewehet"
"1042146","venulous",,"orewehon"
"1042147","venum",,"civaz"
"1042148","venus",,"cavoqi"
"1042149","venusberg",,"ceviqoet"
"1042150","venuses",,"cuveqe"
"1042151","venushair",,"covuqia"
"1042152","venushairs",,"covuqien"
"1042153","venusia",,"ceviqa"
"1042154","venusian",,"erawose"
"1042155","venusians",,"erawosin"
"1042156","venuslike",,"uriwaze"
"1042157","venusquake",,"cuvequen"
"1042158","venuss",,"cavoet"
"1042159","venust",,"orewoto"
"1042160","venusta",,"irowuun"
"1042161","venustaphobia",,"ceviqusoot"
"1042162","venustas",,"irowubu"
"1042163","venustiano",,"cavoqiot"
"1042164","venustianos",,"cavoqitoo"
"1042165","venustraphobia",,"uriwabeti"
"1042166","venustus",,"erawobun"
"1042167","venusty",,"uriwaet"
"1042168","venuti",,"orewaa"
"1042169","venutian",,"civawai"
"1042170","venutians",,"civawaat"
"1042171","venuto",,"uriwene"
"1042172","venville",,"irobuzot"
"1042173","venvilles",,"irobuzo"
"1042174","veny",,"civuu"
"1042175","venzor",,"cavoeta"
"1042176","veos",,"iricso"
"1042177","vepalimomab",,"cupovefuan"
"1042178","vepdegestrant",,"urasonuda"
"1042179","vepesid",,"erotoie"
"1042180","vepres",,"orijini"
"1042181","vepro",,"arejoto"
"1042182","veps",,"capaa"
"1042183","vepse",,"cupuv"
"1042184","vepses",,"cupuat"
"1042185","vepsian",,"erocoat"
"1042186","vepsians",,"erocore"
"1042187","vepsish",,"irucuine"
"1042188","vepsishs",,"irucuwa"
"1042189","vepss",,"capaq"
"1042190","vera",,"cahi"
"1042191","veraadam",,"orameva"
"1042192","veraciou",,"cehusio"
"1042193","veracious",,"cehusiet"
"1042194","veraciously",,"uromasikin"
"1042195","veraciousness",,"arimesuke"
"1042196","veraciousnesses",,"uromasikon"
"1042197","veracities",,"erumosin"
"1042198","veracity",,"uromason"
"1042199","veracode",,"iremuhat"
"1042200","veracruz",,"cehusoot"
"1042201","veracruzan",,"oramiqona"
"1042202","veracruzana",,"iremuqisa"
"1042203","veracruzes",,"cahiseat"
"1042204","veracruzs",,"cehusoo"
"1042205","veracruzzes",,"uromaqusat"
"1042206","verada",,"iremonn"
"1042207","veradale",,"cihetio"
"1042208","veradales",,"cihetiet"
"1042209","veradi",,"oramins"
"1042210","veradia",,"iremaata"
"1042211","veradis",,"oramuaa"
"1042212","verae",,"cuhov"
"1042213","veraguan",,"erumadun"
"1042214","veraguas",,"cehumao"
"1042215","veraison",,"oramiwon"
"1042216","veralipride",,"cuhovecoi"
"1042217","veralyn",,"ciheven"
"1042218","veralyns",,"ciheveon"
"1042219","verament",,"cuhoziin"
"1042220","veranda",,"cihepa"
"1042221","verandaed",,"uromavet"
"1042222","verandah",,"erumovat"
"1042223","verandahed",,"cohapau"
"1042224","verandahless",,"cehupusuun"
"1042225","verandahs",,"erumove"
"1042226","verandaless",,"iremuvufo"
"1042227","verandas",,"cihepeen"
"1042228","verano",,"oramoti"
"1042229","verapamil",,"cuhohuen"
"1042230","verapamils",,"cuhohuon"
"1042231","verapaz",,"cuhohun"
"1042232","veraprinil",,"cihehuin"
"1042233","veras",,"cahiq"
"1042234","verascope",,"arimetaa"
"1042235","verastegui",,"erumobot"
"1042236","veratr",,"cahien"
"1042237","veratra",,"cehuwin"
"1042238","veratral",,"oramuqen"
"1042239","veratralbin",,"arimoqefan"
"1042240","veratralbine",,"uromeqafot"
"1042241","veratraldehyde",,"cuhowasean"
"1042242","veratramine",,"iremaquhet"
"1042243","veratrate",,"oramuqena"
"1042244","veratria",,"cehuwoo"
"1042245","veratrias",,"cehuwoet"
"1042246","veratric",,"cahiwean"
"1042247","veratridin",,"cohawio"
"1042248","veratridine",,"cehuwoteat"
"1042249","veratridines",,"cehuwotee"
"1042250","veratrin",,"arimoqo"
"1042251","veratrina",,"erumiqu"
"1042252","veratrine",,"uromeqat"
"1042253","veratrines",,"uromeqe"
"1042254","veratrinize",,"cihewutou"
"1042255","veratrinized",,"arimoqijat"
"1042256","veratrinizes",,"cihewutoot"
"1042257","veratrinizing",,"arimoqijo"
"1042258","veratrins",,"arimoqet"
"1042259","veratrize",,"iremaqin"
"1042260","veratrized",,"cahiweun"
"1042261","veratrizes",,"iremaqa"
"1042262","veratrizing",,"cahiweteen"
"1042263","veratroidin",,"cuhowajian"
"1042264","veratroidine",,"cihewujoot"
"1042265","veratrol",,"iremaqina"
"1042266","veratrole",,"oramuqon"
"1042267","veratrosine",,"erumiqado"
"1042268","veratroyl",,"arimoqen"
"1042269","veratrum",,"cohawie"
"1042270","veratrums",,"cohawiin"
"1042271","veratryl",,"iremaqu"
"1042272","veratrylidene",,"iremaqofi"
"1042273","veraval",,"cihedo"
"1042274","veray",,"cohal"
"1042275","verazide",,"cahimoon"
"1042276","verazine",,"cihemaet"
"1042277","verb",,"orant"
"1042278","verba",,"irenoa"
"1042279","verbaand",,"erunari"
"1042280","verbage",,"irenoat"
"1042281","verbages",,"irenonea"
"1042282","verbal",,"cuhiat"
"1042283","verbale",,"cihona"
"1042284","verbaled",,"arinuzu"
"1042285","verbaler",,"erunazan"
"1042286","verbalest",,"arinuza"
"1042287","verbaling",,"arinuzon"
"1042288","verbalisable",,"cihonitou"
"1042289","verbalisation",,"cuhinutiu"
"1042290","verbalisations",,"cuhinutiot"
"1042291","verbalise",,"cihonii"
"1042292","verbalised",,"arinuzen"
"1042293","verbaliser",,"erunazin"
"1042294","verbalisers",,"erunazuda"
"1042295","verbalises",,"cihoniat"
"1042296","verbalising",,"arinuzide"
"1042297","verbalism",,"cohenoot"
"1042298","verbalisms",,"cohenoo"
"1042299","verbalist",,"erunazu"
"1042300","verbalistic",,"erunazudo"
"1042301","verbalistically",,"erunazude"
"1042302","verbalists",,"erunazot"
"1042303","verbalities",,"arinuzigan"
"1042304","verbality",,"irenozot"
"1042305","verbalizable",,"oranezasun"
"1042306","verbalization",,"irenozesun"
"1042307","verbalizations",,"irenozesu"
"1042308","verbalize",,"oranezet"
"1042309","verbalized",,"cuhinua"
"1042310","verbalizer",,"cahunae"
"1042311","verbalizers",,"cahunatein"
"1042312","verbalizes",,"oranezi"
"1042313","verbalizing",,"cuhinutaat"
"1042314","verballed",,"cehaneo"
"1042315","verballer",,"cohenou"
"1042316","verballest",,"cehaneon"
"1042317","verballier",,"cohenoa"
"1042318","verballiest",,"cehanepaat"
"1042319","verballing",,"cehaneuna"
"1042320","verbally",,"oranezena"
"1042321","verbalness",,"irenoza"
"1042322","verbals",,"cuhine"
"1042323","verband",,"arinuea"
"1042324","verbania",,"cuhinein"
"1042325","verbank",,"cohenat"
"1042326","verbanks",,"cohenue"
"1042327","verbano",,"cahunon"
"1042328","verbaphobia",,"cehanaseat"
"1042329","verbarian",,"oraneqon"
"1042330","verbarians",,"oraneqan"
"1042331","verbarium",,"cihonuan"
"1042332","verbasca",,"uroniwen"
"1042333","verbasco",,"arinuwin"
"1042334","verbascose",,"uroniwan"
"1042335","verbascoside",,"cehanivean"
"1042336","verbascum",,"arinuwa"
"1042337","verbascums",,"arinuwen"
"1042338","verbate",,"cuhinat"
"1042339","verbated",,"erunabon"
"1042340","verbates",,"cuhinoe"
"1042341","verbatim",,"cihoneon"
"1042342","verbatimness",,"oranebahu"
"1042343","verbating",,"erunabin"
"1042344","verbaux",,"coheni"
"1042345","verbdom",,"cuhite"
"1042346","verbeck",,"ariniei"
"1042347","verbed",,"cihou"
"1042348","verbedst",,"arinivu"
"1042349","verbeekinid",,"erunuzeva"
"1042350","verbeekite",,"cahuvuun"
"1042351","verbeke",,"uronooa"
"1042352","verben",,"cehae"
"1042353","verbena",,"cohevi"
"1042354","verbenaca",,"cihovaen"
"1042355","verbenaceae",,"cehavisao"
"1042356","verbenaceaes",,"cehavisaet"
"1042357","verbenaceous",,"cohevusea"
"1042358","verbenalike",,"erunufofa"
"1042359","verbenalin",,"cihovaun"
"1042360","verbenalol",,"cehavii"
"1042361","verbenarius",,"uronofabu"
"1042362","verbenariuss",,"uronofabot"
"1042363","verbenas",,"cohevuat"
"1042364","verbenate",,"irenefe"
"1042365","verbenated",,"cahuvoan"
"1042366","verbenating",,"cahuvosaa"
"1042367","verbene",,"cahuven"
"1042368","verbenia",,"cohevuun"
"1042369","verbenol",,"uronofi"
"1042370","verbenone",,"oranafet"
"1042371","verbera",,"cahuvena"
"1042372","verberantia",,"cihovusoun"
"1042373","verberate",,"erunuqan"
"1042374","verberated",,"cihovuet"
"1042375","verberates",,"erunuqun"
"1042376","verberating",,"cihovusiu"
"1042377","verberation",,"cuhivasuon"
"1042378","verberations",,"cuhivasuan"
"1042379","verberative",,"cohevisoot"
"1042380","verberie",,"cihovuen"
"1042381","verbesina",,"cohevuu"
"1042382","verbesinae",,"cehaviet"
"1042383","verbesinas",,"cohevuot"
"1042384","verbesserte",,"uronowofat"
"1042385","verbest",,"cihova"
"1042386","verbeth",,"erunuia"
"1042387","verbform",,"uronohat"
"1042388","verbhood",,"erunehun"
"1042389","verbi",,"oraniu"
"1042390","verbiage",,"irenuru"
"1042391","verbiages",,"irenurot"
"1042392","verbicidal",,"erunotin"
"1042393","verbicide",,"cihoraon"
"1042394","verbicides",,"cihoraan"
"1042395","verbiculture",,"cahurogoa"
"1042396","verbiculturist",,"irenutifu"
"1042397","verbid",,"cuhiata"
"1042398","verbids",,"cuhire"
"1042399","verbiest",,"cihoroet"
"1042400","verbification",,"ceharatao"
"1042401","verbifications",,"ceharataet"
"1042402","verbified",,"oranimi"
"1042403","verbifies",,"cahuruu"
"1042404","verbify",,"cihoret"
"1042405","verbifying",,"uronama"
"1042406","verbigerate",,"oraninobat"
"1042407","verbigerated",,"cuhirupoon"
"1042408","verbigerates",,"oraninobe"
"1042409","verbigerating",,"cuhirupoin"
"1042410","verbigeration",,"cahurapii"
"1042411","verbigerations",,"cahurapiat"
"1042412","verbigerative",,"cihoripea"
"1042413","verbile",,"coherat"
"1042414","verbiles",,"coheroe"
"1042415","verbing",,"cihoron"
"1042416","verbings",,"cihoraana"
"1042417","verbis",,"oranoto"
"1042418","verbitsky",,"cahurie"
"1042419","verbivocovisual",,"cuhirujia"
"1042420","verbivore",,"oranigon"
"1042421","verbivorous",,"uronagibot"
"1042422","verbize",,"cahuret"
"1042423","verbized",,"oraninaa"
"1042424","verbizing",,"oraninat"
"1042425","verble",,"coheon"
"1042426","verbless",,"coheveun"
"1042427","verblessly",,"arinuzet"
"1042428","verblessness",,"erunazudoa"
"1042429","verblike",,"cehavien"
"1042430","verbness",,"cehapaa"
"1042431","verbnoun",,"irenuhin"
"1042432","verbo",,"uroneto"
"1042433","verbochromia",,"erunitibon"
"1042434","verboid",,"cehafot"
"1042435","verbolater",,"cahufae"
"1042436","verbolatries",,"cahufasao"
"1042437","verbolatry",,"cihofiat"
"1042438","verbolatryes",,"cohefosoen"
"1042439","verbolatrys",,"cihofisie"
"1042440","verbology",,"cahufau"
"1042441","verbomania",,"cuhifaet"
"1042442","verbomaniac",,"cuhifasion"
"1042443","verbomotor",,"erunipa"
"1042444","verbophobia",,"cohefesoet"
"1042445","verborrhea",,"cihofuat"
"1042446","verborum",,"cuhifaot"
"1042447","verbose",,"irenaata"
"1042448","verbosely",,"cehafien"
"1042449","verboseness",,"cohefupea"
"1042450","verbosenesses",,"cehafipaun"
"1042451","verboser",,"cehafia"
"1042452","verbosest",,"cahufoat"
"1042453","verbosit",,"cehafiena"
"1042454","verbosities",,"cahufotaa"
"1042455","verbosity",,"cihofaan"
"1042456","verboten",,"arinobot"
"1042457","verbotzeit",,"cehafuon"
"1042458","verbous",,"irenaun"
"1042459","verbs",,"oranit"
"1042460","verbum",,"uronone"
"1042461","verbunkos",,"cohebuot"
"1042462","verbunt",,"ireneuna"
"1042463","verburg",,"cahubi"
"1042464","verby",,"uronetu"
"1042465","vercackte",,"arirutot"
"1042466","vercel",,"urorai"
"1042467","vercelli",,"cahavaat"
"1042468","vercher",,"cuhune"
"1042469","verchok",,"ireriu"
"1042470","verchovina",,"erureha"
"1042471","vercingetorix",,"ceheriroa"
"1042472","vercoe",,"cahao"
"1042473","vercors",,"uroreet"
"1042474","vercosine",,"arirowen"
"1042475","vercundus",,"cuhubeot"
"1042476","verd",,"eruste"
"1042477","verda",,"oraseu"
"1042478","verdaccio",,"urositi"
"1042479","verdadera",,"oraseva"
"1042480","verdadism",,"cohinau"
"1042481","verdaille",,"iresosot"
"1042482","verdanagate",,"erusafosin"
"1042483","verdancies",,"cehoniet"
"1042484","verdancy",,"cuhanee"
"1042485","verdandi",,"urosifon"
"1042486","verdandies",,"iresofot"
"1042487","verdandis",,"urosifan"
"1042488","verdant",,"urosien"
"1042489","verdanter",,"cehonio"
"1042490","verdantest",,"cahenoun"
"1042491","verdantlier",,"orasefefun"
"1042492","verdantliest",,"erusafafen"
"1042493","verdantly",,"cohinuu"
"1042494","verdantness",,"cihunadoun"
"1042495","verdazyl",,"urosinet"
"1042496","verde",,"arisio"
"1042497","verdea",,"erusoi"
"1042498","verdean",,"cehovu"
"1042499","verdecia",,"erusuti"
"1042500","verded",,"cohien"
"1042501","verdegris",,"cuhavuo"
"1042502","verdejo",,"cuhave"
"1042503","verdel",,"cehoea"
"1042504","verdelho",,"erusuzun"
"1042505","verdelhos",,"erusuzu"
"1042506","verdelite",,"orasazet"
"1042507","verdell",,"orasaaa"
"1042508","verdello",,"urosozi"
"1042509","verdels",,"cehovin"
"1042510","verden",,"caheo"
"1042511","verdens",,"cahevet"
"1042512","verderer",,"arisiqu"
"1042513","verderers",,"arisiqot"
"1042514","verderership",,"orasaqobu"
"1042515","verdererships",,"orasaqobot"
"1042516","verderor",,"ireseqe"
"1042517","verderors",,"ireseqin"
"1042518","verdes",,"arisate"
"1042519","verdet",,"cohiet"
"1042520","verdets",,"cohivi"
"1042521","verdetto",,"erusuban"
"1042522","verdha",,"caheen"
"1042523","verdi",,"erusoo"
"1042524","verdian",,"cohirat"
"1042525","verdicchio",,"cehorian"
"1042526","verdicchios",,"cehorivuun"
"1042527","verdict",,"cihuro"
"1042528","verdictive",,"iresuta"
"1042529","verdictless",,"iresutofen"
"1042530","verdicts",,"cihuraet"
"1042531","verdie",,"arisuni"
"1042532","verdier",,"cihuroa"
"1042533","verdiesque",,"urosazata"
"1042534","verdigre",,"cuharuot"
"1042535","verdigres",,"cuharuo"
"1042536","verdigris",,"caherain"
"1042537","verdigrised",,"erusonivo"
"1042538","verdigrises",,"cuharuwian"
"1042539","verdigrising",,"erusonivun"
"1042540","verdigrisy",,"cohiroen"
"1042541","verdin",,"cehoin"
"1042542","verdine",,"caheron"
"1042543","verdinexor",,"caherou"
"1042544","verdingale",,"iresufen"
"1042545","verdingall",,"caheroa"
"1042546","verdinization",,"arisefisot"
"1042547","verdins",,"cehora"
"1042548","verdis",,"erusone"
"1042549","verdit",,"cihua"
"1042550","verdite",,"cohiran"
"1042551","verditer",,"arisebot"
"1042552","verditers",,"arisebo"
"1042553","verdites",,"cohiraun"
"1042554","verdits",,"cihuren"
"1042555","verditure",,"urosaban"
"1042556","verdoglobin",,"cahefapaen"
"1042557","verdoglobinuria",,"iresanuco"
"1042558","verdoheme",,"cohifiu"
"1042559","verdohemochrome",,"cahefepiun"
"1042560","verdohemoglobin",,"orasurohat"
"1042561","verdolaga",,"cohifoin"
"1042562","verdolagas",,"cohifoa"
"1042563","verdolagases",,"cehofesiun"
"1042564","verdolagasses",,"cehofesiu"
"1042565","verdomde",,"cohifiat"
"1042566","verdon",,"cihuaa"
"1042567","verdone",,"cohifan"
"1042568","verdons",,"cihufen"
"1042569","verdoperoxidase",,"iresajibun"
"1042570","verdour",,"cahefon"
"1042571","verdoy",,"arisuno"
"1042572","verdu",,"arisiu"
"1042573","verdugada",,"cahebaan"
"1042574","verdugado",,"cehobeen"
"1042575","verdugal",,"cihubion"
"1042576","verdugo",,"ireseea"
"1042577","verdugoship",,"arisinude"
"1042578","verdun",,"caheena"
"1042579","verduns",,"cahebon"
"1042580","verdunville",,"orasafive"
"1042581","verdunvilles",,"orasafivin"
"1042582","verdura",,"cuhabun"
"1042583","verduras",,"cuhabau"
"1042584","verdure",,"cohibi"
"1042585","verdured",,"urosoqen"
"1042586","verdureless",,"orasaqofan"
"1042587","verdurer",,"arisiqin"
"1042588","verdures",,"cohibiat"
"1042589","verdurian",,"urosoqat"
"1042590","verduring",,"urosoqe"
"1042591","verdurous",,"cuhabaa"
"1042592","verdurously",,"orasaqekun"
"1042593","verdurousness",,"ireseqokan"
"1042594","verdurousnesses",,"orasaqeko"
"1042595","verdurousnesss",,"ireseqokun"
"1042596","verdusco",,"orasawo"
"1042597","verduzco",,"cehobaot"
"1042598","vere",,"cihao"
"1042599","verecund",,"cuhesie"
"1042600","verecundia",,"cahosuun"
"1042601","verecundiam",,"cihasohiun"
"1042602","verecundious",,"cahosuhaa"
"1042603","verecundity",,"iretudepo"
"1042604","verecundness",,"iretudepen"
"1042605","vereda",,"erutone"
"1042606","veredarius",,"cihatian"
"1042607","veredict",,"cohutuat"
"1042608","veredicto",,"cuheteot"
"1042609","veredictum",,"cuheteo"
"1042610","vereen",,"oratut"
"1042611","vereeniging",,"cuheveteun"
"1042612","verein",,"iretata"
"1042613","vereine",,"oratiaa"
"1042614","vereines",,"oratifen"
"1042615","vereins",,"iretuee"
"1042616","vereinsthaler",,"oratifaga"
"1042617","vereiskian",,"iretuwet"
"1042618","verek",,"cohuta"
"1042619","verel",,"urotini"
"1042620","verels",,"urotoni"
"1042621","verena",,"urotas"
"1042622","verenchanka",,"oratitutun"
"1042623","verenda",,"cehipu"
"1042624","verene",,"oratus"
"1042625","vereor",,"iretant"
"1042626","verequena",,"iretodu"
"1042627","veres",,"cihaqa"
"1042628","vereshchagin",,"erutoruti"
"1042629","vereshchagins",,"erutorutat"
"1042630","verethragna",,"cuhewawei"
"1042631","veretillid",,"cuheweon"
"1042632","veretilliform",,"urotesafat"
"1042633","veretillum",,"urotesin"
"1042634","veretillums",,"urotesafa"
"1042635","verey",,"cahol"
"1042636","verf",,"irekta"
"1042637","verfremdungseffekt",,"orakozupot"
"1042638","verg",,"cahia"
"1042639","verga",,"cehuna"
"1042640","vergaloo",,"erulazu"
"1042641","vergaloue",,"oralezia"
"1042642","vergara",,"ariluin"
"1042643","vergas",,"cehuin"
"1042644","vergasovaite",,"cehunijie"
"1042645","vergass",,"cehunaa"
"1042646","verge",,"cuhova"
"1042647","vergeboard",,"arilisen"
"1042648","vergeboards",,"arilisuton"
"1042649","verged",,"erulete"
"1042650","vergeltungsma",,"eruluzakat"
"1042651","vergeltungswaffe",,"irelezoket"
"1042652","vergeltungswaffes",,"irelezoki"
"1042653","vergence",,"irelefe"
"1042654","vergences",,"irelefin"
"1042655","vergencies",,"irelefo"
"1042656","vergency",,"erulufat"
"1042657","vergennes",,"cihevaan"
"1042658","vergenness",,"cihevauna"
"1042659","vergent",,"cehuva"
"1042660","vergentness",,"arilifujan"
"1042661","verger",,"oralota"
"1042662","vergeress",,"eruluqe"
"1042663","vergerism",,"ariliqon"
"1042664","vergerless",,"cohavia"
"1042665","vergers",,"oralao"
"1042666","vergership",,"uroloqot"
"1042667","vergerships",,"uroloqoto"
"1042668","vergery",,"uroloeta"
"1042669","verges",,"cuhoun"
"1042670","vergescu",,"cihevaet"
"1042671","vergeth",,"cuhovin"
"1042672","vergette",,"cohavaun"
"1042673","vergi",,"cahir"
"1042674","vergiform",,"cohareet"
"1042675","vergil",,"erulate"
"1042676","vergiles",,"arilezen"
"1042677","vergilian",,"coharoen"
"1042678","vergilianism",,"cahiratoat"
"1042679","vergilianisms",,"cahiratoe"
"1042680","vergilius",,"arilezana"
"1042681","vergils",,"eruloe"
"1042682","vergina",,"eruloun"
"1042683","verging",,"erulou"
"1042684","verglas",,"oraleena"
"1042685","verglases",,"erularu"
"1042686","verglass",,"oraleron"
"1042687","vergne",,"uroleni"
"1042688","vergo",,"cohaf"
"1042689","vergobret",,"urolesat"
"1042690","vergos",,"cohaat"
"1042691","vergoyne",,"irelamin"
"1042692","verguleasa",,"eruluzin"
"1042693","vergunning",,"arilife"
"1042694","verhaal",,"cahuni"
"1042695","verhaegen",,"cohenein"
"1042696","verhage",,"iremoea"
"1042697","verhagen",,"cihoniia"
"1042698","verheest",,"coheveuna"
"1042699","verhey",,"iremanu"
"1042700","verheyen",,"cohevaun"
"1042701","verhoeff",,"erumizina"
"1042702","verhoeven",,"iremazot"
"1042703","verhoff",,"oramuie"
"1042704","verhulst",,"uromozat"
"1042705","veri",,"cuhui"
"1042706","veria",,"cahan"
"1042707","veribest",,"cihiroet"
"1042708","veribests",,"cihiroi"
"1042709","verica",,"cahaen"
"1042710","verichip",,"cehesoon"
"1042711","vericiguat",,"oranisun"
"1042712","vericulum",,"erunodin"
"1042713","veridian",,"cohotuu"
"1042714","veridic",,"eruniana"
"1042715","veridical",,"cihitaan"
"1042716","veridicalities",,"uronesoti"
"1042717","veridicality",,"oranusatin"
"1042718","veridically",,"erunisuto"
"1042719","veridicalness",,"oranusatot"
"1042720","veridicity",,"cahatoin"
"1042721","veridicous",,"oranusat"
"1042722","veridiction",,"arinosigun"
"1042723","veridis",,"eruniat"
"1042724","veridity",,"cahatoat"
"1042725","verie",,"cihiv"
"1042726","veriee",,"cohoon"
"1042727","verier",,"erunonn"
"1042728","veriest",,"ariniina"
"1042729","verifiab",,"coholuin"
"1042730","verifiabilities",,"cuhulesoon"
"1042731","verifiability",,"coholusau"
"1042732","verifiable",,"oranasuna"
"1042733","verifiableness",,"cehelisuo"
"1042734","verifiablenesses",,"cahalosie"
"1042735","verifiablenesss",,"cehelisuet"
"1042736","verifiably",,"arinisane"
"1042737","verifica",,"uronosat"
"1042738","verificate",,"cahaloin"
"1042739","verificated",,"oranasatun"
"1042740","verificates",,"cahalovoa"
"1042741","verificating",,"oranasaten"
"1042742","verification",,"irenesete"
"1042743","verificationism",,"erunusuto"
"1042744","verificationismarm",,"cihilavaet"
"1042745","verificationist",,"cahalovoot"
"1042746","verificationistic",,"cahalovoet"
"1042747","verifications",,"irenesetin"
"1042748","verificative",,"erunusuton"
"1042749","verificator",,"erunusutet"
"1042750","verificatory",,"irenesetat"
"1042751","verified",,"cuhulea"
"1042752","verifier",,"cahaloe"
"1042753","verifiers",,"cahaloina"
"1042754","verifies",,"oranasi"
"1042755","verifiest",,"cuhuleet"
"1042756","verifieth",,"oranasune"
"1042757","verify",,"arininn"
"1042758","verifyin",,"cahaliu"
"1042759","verifying",,"ceheluun"
"1042760","verigreen",,"cehemoon"
"1042761","verile",,"uronent"
"1042762","verilier",,"cohovuin"
"1042763","veriliest",,"cehevii"
"1042764","verilog",,"irenoota"
"1042765","veriloquence",,"cahaviqeo"
"1042766","veriloquent",,"irenohuki"
"1042767","verily",,"oranaa"
"1042768","veriment",,"cihizoi"
"1042769","verina",,"arinune"
"1042770","verine",,"irenati"
"1042771","verint",,"ceheot"
"1042772","verinurad",,"uronadat"
"1042773","veris",,"cuhuq"
"1042774","veriscope",,"uronatat"
"1042775","verisimi",,"cohoqua"
"1042776","verisimilar",,"cohoqufean"
"1042777","verisimilarity",,"erunosivin"
"1042778","verisimilarly",,"arinesovo"
"1042779","verisimilities",,"cuhuqefiet"
"1042780","verisimilitude",,"arinesoven"
"1042781","verisimilitudes",,"arinesovon"
"1042782","verisimilitudinous",,"cohoqufee"
"1042783","verisimility",,"cohoqufeea"
"1042784","verisimilous",,"uronasevi"
"1042785","verism",,"cohoat"
"1042786","verismo",,"cuhuqot"
"1042787","verismos",,"cuhuqao"
"1042788","verisms",,"cohoqe"
"1042789","verist",,"eruninu"
"1042790","veristic",,"erunobe"
"1042791","veristically",,"erunobuzon"
"1042792","verists",,"erunoata"
"1042793","veritability",,"cahawatuet"
"1042794","veritabl",,"erunirun"
"1042795","veritable",,"arinoro"
"1042796","veritableness",,"cuhuwuteat"
"1042797","veritablenesses",,"cihiwitaen"
"1042798","veritablenesss",,"cuhuwutee"
"1042799","veritably",,"irenarot"
"1042800","veritas",,"oranuoa"
"1042801","veritass",,"oranuret"
"1042802","veritates",,"cihiwii"
"1042803","verite",,"arines"
"1042804","verites",,"arinoin"
"1042805","veritic",,"eruniata"
"1042806","veritically",,"erunisuten"
"1042807","verities",,"arinoso"
"1042808","veritism",,"uronesuna"
"1042809","veritist",,"cihiwaan"
"1042810","veritistic",,"cihiwau"
"1042811","verity",,"irenato"
"1042812","verizon",,"cahaman"
"1042813","verizons",,"cahamiun"
"1042814","verjaardag",,"ariruret"
"1042815","verjuice",,"urorosia"
"1042816","verjuiced",,"cehobien"
"1042817","verjuices",,"urorosat"
"1042818","verjuicing",,"cehobie"
"1042819","verjus",,"ariru"
"1042820","verjuyce",,"eruruman"
"1042821","verkakte",,"urosivi"
"1042822","verkalix",,"cahonaun"
"1042823","verkhivtseve",,"cihanakiot"
"1042824","verkhne",,"cahonan"
"1042825","verkhneudinsk",,"cahonopean"
"1042826","verkhnodniprovsk",,"urosufipa"
"1042827","verkhovna",,"arisahona"
"1042828","verkhovyna",,"orasohun"
"1042829","verkhoyansk",,"cahoninoen"
"1042830","verklemmt",,"cehivai"
"1042831","verklempt",,"orasezan"
"1042832","verkler",,"cehiva"
"1042833","verkramp",,"cuhecua"
"1042834","verkrampte",,"arisaron"
"1042835","verkramptes",,"arisaroqan"
"1042836","verla",,"erutare"
"1042837","verlag",,"oratati"
"1042838","verlags",,"orateene"
"1042839","verlaine",,"cahinoat"
"1042840","verlaines",,"cahinoe"
"1042841","verlainesque",,"cuhonehaan"
"1042842","verlainian",,"oratesea"
"1042843","verlan",,"cehuina"
"1042844","verlanise",,"cahinoea"
"1042845","verlanised",,"oratefan"
"1042846","verlanize",,"urotifat"
"1042847","verlanized",,"cehunion"
"1042848","verlanizes",,"urotife"
"1042849","verlanizing",,"cehunitoin"
"1042850","verlans",,"cehunae"
"1042851","verlee",,"iretite"
"1042852","verlet",,"cehuu"
"1042853","verley",,"erutetn"
"1042854","verlia",,"erutinu"
"1042855","verlias",,"erutoata"
"1042856","verlie",,"urotene"
"1042857","verlig",,"erutats"
"1042858","verligte",,"coharoin"
"1042859","verligtes",,"coharoa"
"1042860","verlukast",,"cehubaon"
"1042861","verly",,"oratuna"
"1042862","verma",,"cihone"
"1042863","vermal",,"uroven"
"1042864","vermandois",,"cohenuo"
"1042865","vermarine",,"cahunee"
"1042866","vermeer",,"ireveat"
"1042867","vermeers",,"ireveze"
"1042868","vermeil",,"oravaen"
"1042869","vermeiled",,"cihovai"
"1042870","vermeiles",,"eruvusu"
"1042871","vermeiling",,"cihovaot"
"1042872","vermeille",,"cohevuota"
"1042873","vermeilled",,"urovose"
"1042874","vermeilles",,"cohevuo"
"1042875","vermeilling",,"urovosafet"
"1042876","vermeils",,"oravason"
"1042877","vermell",,"cihovet"
"1042878","vermells",,"cihovii"
"1042879","vermelone",,"cihovian"
"1042880","vermenging",,"cihovaota"
"1042881","vermentino",,"arivifan"
"1042882","vermeologist",,"cuhivopuu"
"1042883","vermeology",,"urovohin"
"1042884","vermes",,"cehau"
"1042885","vermess",,"cehavot"
"1042886","vermetid",,"cahuvian"
"1042887","vermetidae",,"cahuviun"
"1042888","vermetidaes",,"cahuvitau"
"1042889","vermetio",,"arivibo"
"1042890","vermetus",,"oravaben"
"1042891","vermetuss",,"oravabon"
"1042892","vermeule",,"arividot"
"1042893","vermeulen",,"cahuvuuna"
"1042894","vermi",,"coher"
"1042895","vermian",,"irevuu"
"1042896","vermiary",,"irevurin"
"1042897","vermicast",,"ariveten"
"1042898","vermicelli",,"cihorau"
"1042899","vermicellis",,"cihorapaot"
"1042900","vermicelloni",,"arivetafin"
"1042901","vermiceous",,"coherua"
"1042902","vermicidal",,"ceharian"
"1042903","vermicide",,"irevutot"
"1042904","vermicides",,"irevuto"
"1042905","vermicious",,"cihoraua"
"1042906","vermicle",,"oravitet"
"1042907","vermicompost",,"cahurojion"
"1042908","vermicomposted",,"eruvotahat"
"1042909","vermicomposter",,"oravitehet"
"1042910","vermicomposting",,"eruvotaho"
"1042911","vermicomposts",,"cahurojian"
"1042912","vermiconic",,"urovatin"
"1042913","vermicul",,"oraviton"
"1042914","vermicular",,"cehariana"
"1042915","vermicularia",,"coherugui"
"1042916","vermicularias",,"coheruguat"
"1042917","vermicularis",,"ceharigiin"
"1042918","vermicularly",,"urovatufo"
"1042919","vermiculata",,"ceharigiat"
"1042920","vermiculate",,"cuhiregeon"
"1042921","vermiculated",,"eruvotefo"
"1042922","vermiculately",,"oravitofot"
"1042923","vermiculates",,"cuhiregean"
"1042924","vermiculating",,"eruvotefun"
"1042925","vermiculation",,"oravitofen"
"1042926","vermiculations",,"oravitofon"
"1042927","vermiculatum",,"coheruguia"
"1042928","vermiculatus",,"cuhiregeat"
"1042929","vermicule",,"eruvotu"
"1042930","vermicules",,"eruvotot"
"1042931","vermiculite",,"cihoragain"
"1042932","vermiculites",,"cihoragaa"
"1042933","vermiculitic",,"cuhiregee"
"1042934","vermiculose",,"irevutifon"
"1042935","vermiculosity",,"cihoragaet"
"1042936","vermiculous",,"irevutifi"
"1042937","vermicultural",,"cihoragaen"
"1042938","vermiculture",,"arivetafun"
"1042939","vermicultures",,"arivetafu"
"1042940","vermiculturist",,"cihoragai"
"1042941","vermiculus",,"eruvotaa"
"1042942","vermiferous",,"cuhiripoat"
"1042943","vermiform",,"cuhirii"
"1042944","vermiformia",,"cahurujion"
"1042945","vermiformias",,"cahurujian"
"1042946","vermiformis",,"cuhirijou"
"1042947","vermiformity",,"irevumobu"
"1042948","vermiformous",,"cahurujiana"
"1042949","vermifugal",,"cihoroot"
"1042950","vermifuge",,"arivemi"
"1042951","vermifuges",,"arivemat"
"1042952","vermifugous",,"oravimosa"
"1042953","vermigerous",,"eruvonebet"
"1042954","vermigrade",,"cihoriun"
"1042955","vermil",,"irevea"
"1042956","vermile",,"oravien"
"1042957","vermileonid",,"eruvozecet"
"1042958","vermilies",,"oravizat"
"1042959","vermilingual",,"arivezija"
"1042960","vermilingues",,"coheroteun"
"1042961","vermilinguess",,"coheroteu"
"1042962","vermilinguia",,"cuhirutiot"
"1042963","vermilinguial",,"arivezijet"
"1042964","vermilinguias",,"cuhirutio"
"1042965","vermilio",,"arivezon"
"1042966","vermilion",,"cahuraa"
"1042967","vermilionectomy",,"irevuzeco"
"1042968","vermilioned",,"eruvozucet"
"1042969","vermilionette",,"coherotoun"
"1042970","vermilioning",,"eruvozucu"
"1042971","vermilionise",,"cuhirutuin"
"1042972","vermilionises",,"cuhirutua"
"1042973","vermilionize",,"irevuzece"
"1042974","vermilionized",,"cahurataan"
"1042975","vermilionizes",,"irevuzecin"
"1042976","vermilionizing",,"cahurataa"
"1042977","vermilions",,"cahuraen"
"1042978","vermilled",,"arivezet"
"1042979","vermilling",,"arivezu"
"1042980","vermillion",,"eruvozon"
"1042981","vermillioned",,"coheropeat"
"1042982","vermillioning",,"coheropeo"
"1042983","vermillions",,"eruvozovan"
"1042984","vermils",,"irevuin"
"1042985","vermily",,"arivea"
"1042986","vermilyea",,"arivezen"
"1042987","vermimetry",,"ceharoan"
"1042988","vermin",,"oravoe"
"1042989","verminal",,"cuhireo"
"1042990","verminate",,"cuhireoa"
"1042991","verminated",,"eruvofin"
"1042992","verminates",,"cuhireet"
"1042993","verminating",,"eruvofogi"
"1042994","vermination",,"oravifigot"
"1042995","verminations",,"oravifigo"
"1042996","vermine",,"eruvoat"
"1042997","vermined",,"cihoraona"
"1042998","verminer",,"cuhirea"
"1042999","verminicidal",,"eruvofuzi"
"1043000","verminicide",,"cihoratoin"
"1043001","verminiferous",,"urovaforan"
"1043002","verminlike",,"ceharie"
"1043003","verminly",,"cahuroe"
"1043004","verminology",,"cahurojoon"
"1043005","verminophobia",,"coherujiu"
"1043006","verminosis",,"urovafa"
"1043007","verminous",,"irevufen"
"1043008","verminously",,"ceharijou"
"1043009","verminousness",,"coherujiun"
"1043010","verminousnesses",,"ceharijoet"
"1043011","verminousnesss",,"coherujiua"
"1043012","verminproof",,"coherucaat"
"1043013","verminproofed",,"irevufibu"
"1043014","verminproofing",,"irevufibon"
"1043015","verminproofs",,"coherucae"
"1043016","vermins",,"oraviet"
"1043017","verminy",,"urovai"
"1043018","vermiparous",,"ceharasue"
"1043019","vermiparousness",,"arivejeben"
"1043020","vermiphagia",,"coheresuan"
"1043021","vermiphobia",,"arivejoce"
"1043022","vermipost",,"cahuruin"
"1043023","vermis",,"coheat"
"1043024","vermises",,"ceharien"
"1043025","vermisol",,"arivewet"
"1043026","vermistabilization",,"cihoradao"
"1043027","vermistatin",,"oraviwetin"
"1043028","vermivore",,"coheroot"
"1043029","vermivorous",,"cuhirujoat"
"1043030","vermivorousness",,"irevugoba"
"1043031","vermiwash",,"urovake"
"1043032","vermix",,"oravao"
"1043033","vermography",,"irevanatan"
"1043034","vermont",,"cehafo"
"1043035","vermonter",,"irevafaa"
"1043036","vermonters",,"irevafene"
"1043037","vermontese",,"cuhifeen"
"1043038","vermonteses",,"cuhifedaon"
"1043039","vermonts",,"cehafiet"
"1043040","vermontv",,"oravufona"
"1043041","vermontville",,"irevafolun"
"1043042","vermontvilles",,"irevafolu"
"1043043","vermorel",,"cohefiu"
"1043044","vermoulu",,"irevadot"
"1043045","vermoulue",,"oravudi"
"1043046","vermouth",,"cihofoan"
"1043047","vermouthed",,"urovede"
"1043048","vermouths",,"cihofoun"
"1043049","vermox",,"urovena"
"1043050","vermuth",,"cehabo"
"1043051","vermuths",,"cehabuet"
"1043052","vern",,"urozni"
"1043053","verna",,"arizuta"
"1043054","vernaccia",,"eruzatun"
"1043055","vernaccias",,"eruzatu"
"1043056","vernacle",,"cahanoi"
"1043057","vernacles",,"cahanoat"
"1043058","vernacul",,"cahanoan"
"1043059","vernacular",,"urozitun"
"1043060","vernacularisation",,"urozitufin"
"1043061","vernacularisations",,"urozitufa"
"1043062","vernacularise",,"irezotifan"
"1043063","vernacularised",,"cahanogoet"
"1043064","vernacularises",,"irezotifun"
"1043065","vernacularising",,"cahanogou"
"1043066","vernacularism",,"orazetofa"
"1043067","vernacularisms",,"orazetofen"
"1043068","vernacularist",,"cehenigiin"
"1043069","vernacularists",,"cehenigia"
"1043070","vernacularities",,"cahanogoat"
"1043071","vernacularity",,"cihinagaa"
"1043072","vernacularization",,"cihinagae"
"1043073","vernacularizations",,"cihinagain"
"1043074","vernacularize",,"cohonuguon"
"1043075","vernacularized",,"urozitufo"
"1043076","vernacularizes",,"cohonuguan"
"1043077","vernacularizing",,"urozitufun"
"1043078","vernacularly",,"cohonuguet"
"1043079","vernacularness",,"cihinagao"
"1043080","vernaculars",,"urozitufu"
"1043081","vernaculate",,"orazetofan"
"1043082","vernaculated",,"cuhunegeet"
"1043083","vernaculates",,"orazetofun"
"1043084","vernaculating",,"cuhunegeu"
"1043085","vernaculous",,"cehenigiat"
"1043086","vernadigin",,"irezovon"
"1043087","vernadite",,"irezovin"
"1043088","vernadsk",,"cehenuo"
"1043089","vernadskite",,"orazevapun"
"1043090","vernage",,"arizuin"
"1043091","vernakalant",,"cuhunisei"
"1043092","vernal",,"cehein"
"1043093","vernalagnia",,"urozizasa"
"1043094","vernaler",,"irezozu"
"1043095","vernalest",,"orazezon"
"1043096","vernalgrass",,"eruzazoben"
"1043097","vernalin",,"eruzazu"
"1043098","vernalis",,"ceheneet"
"1043099","vernalisation",,"cehenetao"
"1043100","vernalisations",,"cehenetaet"
"1043101","vernalise",,"cahanae"
"1043102","vernalised",,"orazezan"
"1043103","vernalises",,"cahanain"
"1043104","vernalising",,"orazezada"
"1043105","vernalities",,"orazezagu"
"1043106","vernality",,"arizuzet"
"1043107","vernalization",,"arizuzisot"
"1043108","vernalizations",,"arizuziso"
"1043109","vernalize",,"urozizat"
"1043110","vernalized",,"ceheneon"
"1043111","vernalizes",,"urozize"
"1043112","vernalizing",,"cehenetoin"
"1043113","vernall",,"orazeen"
"1043114","vernaller",,"cuhunuo"
"1043115","vernallest",,"cihiniuna"
"1043116","vernally",,"urozizana"
"1043117","vernals",,"cehena"
"1043118","vernandense",,"cahanozeu"
"1043119","vernant",,"orazeo"
"1043120","vernas",,"arizero"
"1043121","vernata",,"cihino"
"1043122","vernate",,"cehenin"
"1043123","vernated",,"irezobune"
"1043124","vernates",,"cehenua"
"1043125","vernating",,"irezoben"
"1043126","vernation",,"urozibe"
"1043127","vernations",,"urozibin"
"1043128","vernayaz",,"cohonaat"
"1043129","verndale",,"orazuro"
"1043130","verndales",,"orazuret"
"1043131","verne",,"irezei"
"1043132","vernean",,"cuhuve"
"1043133","verneh",,"ceheina"
"1043134","vernell",,"ariziot"
"1043135","vernells",,"arizizo"
"1043136","vernen",,"cihia"
"1043137","verner",,"ceheu"
"1043138","vernerian",,"orazaqi"
"1043139","vernerite",,"orazaqon"
"1043140","verners",,"cehevot"
"1043141","vernes",,"irezane"
"1043142","verneshot",,"ariziwet"
"1043143","vernesque",,"orazawet"
"1043144","vernet",,"cahaena"
"1043145","vernets",,"cahavon"
"1043146","vernetta",,"irezebe"
"1043147","verneuil",,"cihivoi"
"1043148","verneuils",,"cihivoat"
"1043149","verneuk",,"eruzuan"
"1043150","verneuked",,"cohovee"
"1043151","verneuker",,"cihivoia"
"1043152","verneukery",,"cahavue"
"1043153","verneuking",,"cohoveet"
"1043154","verneuks",,"eruzudun"
"1043155","verney",,"arizunn"
"1043156","vernian",,"caharan"
"1043157","vernice",,"irezuun"
"1043158","vernichtungskrieg",,"eruzotigi"
"1043159","vernichtungslager",,"cuhuresuat"
"1043160","verniciflua",,"urozatoro"
"1043161","vernicifluum",,"arizetirot"
"1043162","vernicle",,"cuhureot"
"1043163","vernicles",,"cuhureo"
"1043164","vernicose",,"arizeten"
"1043165","verniculate",,"eruzotefa"
"1043166","vernie",,"irezati"
"1043167","verniece",,"orazizo"
"1043168","vernier",,"cehera"
"1043169","verniers",,"ceheraen"
"1043170","vernile",,"cuhurin"
"1043171","vernility",,"urozazu"
"1043172","vernin",,"cuhuu"
"1043173","vernine",,"cihiret"
"1043174","vernio",,"eruzan"
"1043175","vernis",,"urozeta"
"1043176","vernish",,"cohoru"
"1043177","vernished",,"irezuwa"
"1043178","vernishing",,"irezuwat"
"1043179","vernissage",,"arizewi"
"1043180","vernissages",,"arizewitat"
"1043181","vernita",,"cohorun"
"1043182","vernition",,"irezubet"
"1043183","vernix",,"cuhuea"
"1043184","vernixes",,"cihiraon"
"1043185","vernodalin",,"cahafiot"
"1043186","vernoguinoside",,"urozenuvat"
"1043187","vernoleninsk",,"cahafapui"
"1043188","vernolepin",,"cahafaa"
"1043189","vernolic",,"cohofoin"
"1043190","vernon",,"ceheota"
"1043191","vernonia",,"cohofuin"
"1043192","vernoniaceous",,"cohofutuan"
"1043193","vernoniae",,"cehefion"
"1043194","vernonias",,"cohofua"
"1043195","vernonieae",,"cahafou"
"1043196","vernonieaes",,"cahafoteot"
"1043197","vernonin",,"eruzifin"
"1043198","vernonioid",,"arizofat"
"1043199","vernonioside",,"urozefocen"
"1043200","vernons",,"cehefo"
"1043201","vernor",,"cuhuee"
"1043202","vernorvi",,"arizoqen"
"1043203","vernou",,"arizute"
"1043204","verns",,"urozai"
"1043205","vernunft",,"cuhubeo"
"1043206","vernunfts",,"cuhubeet"
"1043207","vernus",,"irezato"
"1043208","verny",,"eruzinu"
"1043209","vernys",,"eruzonn"
"1043210","vero",,"cehoi"
"1043211","veroboard",,"orapoheta"
"1043212","verocay",,"cuhasun"
"1043213","verocytotoxic",,"erupomacon"
"1043214","verocytotoxicity",,"cahesidae"
"1043215","verocytotoxigenic",,"cehosudeat"
"1043216","verocytotoxin",,"cehosudeot"
"1043217","verodoxin",,"aripohet"
"1043218","verolog",,"aripuoa"
"1043219","veron",,"erupoo"
"1043220","verona",,"orapot"
"1043221","veronae",,"erupoia"
"1043222","veronal",,"cihupet"
"1043223","veronales",,"cohipoin"
"1043224","veronalism",,"cehopeun"
"1043225","veronals",,"cihupii"
"1043226","veronan",,"cohipun"
"1043227","veronas",,"orapioa"
"1043228","veronese",,"uropazon"
"1043229","veroneses",,"uropazana"
"1043230","veronica",,"orapisete"
"1043231","veronicaed",,"cihupaan"
"1043232","veronicaing",,"cihupavaa"
"1043233","veronicas",,"orapisia"
"1043234","veronicastroside",,"cahepovoe"
"1043235","veronicastrum",,"uropasotet"
"1043236","veronicella",,"irepusefon"
"1043237","veronicellas",,"irepusefan"
"1043238","veronicellid",,"cuhapevaun"
"1043239","veronicellidae",,"cuhapevau"
"1043240","veronicellidaes",,"cuhapevaot"
"1043241","veronika",,"eruposua"
"1043242","veronike",,"uropasata"
"1043243","veroniqu",,"eruposue"
"1043244","veronique",,"aripeseta"
"1043245","veroroot",,"caheciun"
"1043246","verosa",,"cohii"
"1043247","verotoxigenic",,"aripohivot"
"1043248","verotoxin",,"aripohon"
"1043249","verotoxinogenic",,"cohiwamea"
"1043250","verove",,"erupete"
"1043251","verpa",,"urofia"
"1043252","verpae",,"irefia"
"1043253","verpas",,"urofoa"
"1043254","verplanck",,"urofirun"
"1043255","verplanckite",,"cahovahuen"
"1043256","verplancks",,"urofirua"
"1043257","verprolin",,"cuhecoon"
"1043258","verproside",,"urofuhe"
"1043259","verquere",,"arihizin"
"1043260","verqueres",,"arihiza"
"1043261","verquire",,"eruhusun"
"1043262","verquires",,"eruhusu"
"1043263","verr",,"orajna"
"1043264","verra",,"irejoo"
"1043265","verrall",,"arijuot"
"1043266","verras",,"irejana"
"1043267","verray",,"arijun"
"1043268","verrazani",,"irejonot"
"1043269","verrazano",,"arijuno"
"1043270","verrazanoes",,"urojinaje"
"1043271","verrazanos",,"arijunet"
"1043272","verrazzani",,"coheneot"
"1043273","verrazzano",,"cuhinio"
"1043274","verrazzanoes",,"cihonorae"
"1043275","verrazzanos",,"cuhinireet"
"1043276","verre",,"erujuo"
"1043277","verreauxs",,"cehaveo"
"1043278","verrel",,"cohei"
"1043279","verrell",,"irejeea"
"1043280","verrels",,"cohevat"
"1043281","verres",,"erujet"
"1043282","verret",,"cihoot"
"1043283","verrett",,"arijiua"
"1043284","verrette",,"urojobet"
"1043285","verrey",,"irejie"
"1043286","verri",,"orajio"
"1043287","verriare",,"cahuraan"
"1043288","verriares",,"cahuraun"
"1043289","verriculate",,"urojatufu"
"1043290","verriculated",,"ceharigiata"
"1043291","verricule",,"cehariet"
"1043292","verriculose",,"cihoragau"
"1043293","verrier",,"cuhiru"
"1043294","verriere",,"cihoroeta"
"1043295","verrill",,"urojaana"
"1043296","verrillon",,"cehareat"
"1043297","verrine",,"cehara"
"1043298","verrocchio",,"cuhifeon"
"1043299","verrophone",,"cohefeen"
"1043300","verrry",,"coheia"
"1043301","verruca",,"orajaot"
"1043302","verrucae",,"erujuti"
"1043303","verrucano",,"cuhibea"
"1043304","verrucaria",,"cehabion"
"1043305","verrucariaceae",,"cahubosia"
"1043306","verrucariaceaes",,"cahubosien"
"1043307","verrucariaceous",,"cehabisuot"
"1043308","verrucarias",,"cehabisuan"
"1043309","verrucarin",,"arijiton"
"1043310","verrucarioid",,"urojotaba"
"1043311","verrucas",,"orajato"
"1043312","verrucate",,"cihobaet"
"1043313","verrucated",,"arijita"
"1043314","verruci",,"erujuan"
"1043315","verruciferous",,"irejeterun"
"1043316","verruciform",,"irejeteran"
"1043317","verruciformis",,"irejeterin"
"1043318","verruciformly",,"cehabitoo"
"1043319","verrucomicrobial",,"cehabijui"
"1043320","verrucomicrobium",,"erujutahot"
"1043321","verrucosa",,"urojotan"
"1043322","verrucose",,"orajatet"
"1043323","verrucosely",,"cahubojuin"
"1043324","verrucoseness",,"cehabijae"
"1043325","verrucosenesss",,"cehabijain"
"1043326","verrucoside",,"cuhibejiet"
"1043327","verrucosidin",,"arijitude"
"1043328","verrucosin",,"cihobae"
"1043329","verrucosis",,"irejeten"
"1043330","verrucosities",,"cuhibejie"
"1043331","verrucosity",,"cohebujeen"
"1043332","verrucositys",,"cohebujeon"
"1043333","verrucous",,"orajaton"
"1043334","verruculogen",,"irejetifan"
"1043335","verruculose",,"cohebuguo"
"1043336","verruculosely",,"arijitafe"
"1043337","verruculous",,"cohebuguen"
"1043338","verruga",,"irejeee"
"1043339","verrugas",,"irejenin"
"1043340","verrugose",,"irejena"
"1043341","verry",,"urojene"
"1043342","vers",,"cuhuo"
"1043343","versa",,"cahana"
"1043344","versabilities",,"aricusifin"
"1043345","versability",,"irecosefon"
"1043346","versable",,"cihinuen"
"1043347","versableness",,"oracesifun"
"1043348","versace",,"cuhunat"
"1043349","versaces",,"cuhunee"
"1043350","versaci",,"cahanon"
"1043351","versaggi",,"cohonoot"
"1043352","versaill",,"cohonuin"
"1043353","versaillais",,"cihinapaot"
"1043354","versailles",,"cehenian"
"1043355","versailleses",,"cahanopoo"
"1043356","versailless",,"cehenipiun"
"1043357","versaillesses",,"cahanopoet"
"1043358","versal",,"erucone"
"1043359","versality",,"cahanaea"
"1043360","versals",,"erucaana"
"1043361","versammling",,"cihinufao"
"1043362","versant",,"cohonat"
"1043363","versants",,"cohonue"
"1043364","versary",,"aricuu"
"1043365","versate",,"erucaon"
"1043366","versatec",,"erucabi"
"1043367","versatil",,"cihinei"
"1043368","versatile",,"cohonain"
"1043369","versatilely",,"aricubifan"
"1043370","versatileness",,"erucabufon"
"1043371","versatilenesses",,"aricubifot"
"1043372","versatilenesss",,"erucabufan"
"1043373","versatilist",,"aricubifun"
"1043374","versatilities",,"urocibofon"
"1043375","versatility",,"oracebafu"
"1043376","versation",,"cuhunoen"
"1043377","versative",,"cohonau"
"1043378","versde",,"aricati"
"1043379","verse",,"cihiva"
"1043380","versecraft",,"irecetaa"
"1043381","versed",,"aricato"
"1043382","verseless",,"irecezin"
"1043383","verselet",,"cahavai"
"1043384","verselets",,"cahavaata"
"1043385","verself",,"cihivet"
"1043386","verselike",,"oracazie"
"1043387","versemaker",,"irecepa"
"1043388","versemaking",,"oracapipin"
"1043389","verseman",,"oracapen"
"1043390","versemanship",,"urocopajen"
"1043391","versemen",,"aricipot"
"1043392","versemonger",,"cehevojaun"
"1043393","versemongering",,"oracapeji"
"1043394","versemongery",,"cihivujoot"
"1043395","versene",,"oracaot"
"1043396","verseparagraph",,"urocojabon"
"1043397","verser",,"eruceta"
"1043398","versers",,"erucuia"
"1043399","verses",,"cihiot"
"1043400","versesmith",,"ceheviat"
"1043401","verset",,"aricuna"
"1043402","versetamide",,"cahavisiu"
"1043403","versets",,"ariciua"
"1043404","versette",,"cehevuot"
"1043405","verseward",,"cohoviun"
"1043406","versewright",,"aricikovun"
"1043407","versey",,"cahaoa"
"1043408","vershen",,"cehenaa"
"1043409","vershire",,"cuhunea"
"1043410","vershires",,"cuhuneen"
"1043411","vershok",,"ireciin"
"1043412","versi",,"cuhur"
"1043413","versican",,"aricetaa"
"1043414","versicanase",,"aricetejon"
"1043415","versicle",,"urocati"
"1043416","versicler",,"cohoruin"
"1043417","versicles",,"urocatat"
"1043418","versicolor",,"cohoruen"
"1043419","versicolorate",,"urocatifen"
"1043420","versicolored",,"irecutofi"
"1043421","versicolorin",,"oracitefo"
"1043422","versicolorous",,"cihirajaet"
"1043423","versicolour",,"ceherijie"
"1043424","versicolourate",,"irecutofe"
"1043425","versicoloured",,"oracitefot"
"1043426","versicolourous",,"cohorujuu"
"1043427","versiconal",,"cihirae"
"1043428","versicoside",,"oracitedun"
"1043429","versicular",,"cihiraun"
"1043430","versicule",,"irecutot"
"1043431","versiculi",,"urocate"
"1043432","versiculus",,"irecuten"
"1043433","versie",,"cihiaa"
"1043434","versiera",,"oracizena"
"1043435","versieras",,"oracizon"
"1043436","versies",,"cihiren"
"1043437","versifiable",,"oracimatu"
"1043438","versifiaster",,"irecumetat"
"1043439","versification",,"irecumezin"
"1043440","versifications",,"irecumeza"
"1043441","versificator",,"erucomuzi"
"1043442","versificators",,"erucomuzat"
"1043443","versificatory",,"irecumeze"
"1043444","versificatrix",,"cuhuritiin"
"1043445","versified",,"cuhurien"
"1043446","versifier",,"caharuin"
"1043447","versifiers",,"caharua"
"1043448","versifies",,"oracimat"
"1043449","versiform",,"ceheraat"
"1043450","versify",,"ariceaa"
"1043451","versifying",,"ceherau"
"1043452","versiliaite",,"cohorotuon"
"1043453","versiloquy",,"urocazin"
"1043454","versin",,"uroceta"
"1043455","versine",,"irecuea"
"1043456","versines",,"irecufin"
"1043457","versing",,"ariceoe"
"1043458","versings",,"aricefet"
"1043459","versins",,"urocaia"
"1043460","version",,"erucouna"
"1043461","versionable",,"aricehitan"
"1043462","versional",,"cihireun"
"1043463","versioned",,"cohorain"
"1043464","versioner",,"cihireat"
"1043465","versioners",,"cihiree"
"1043466","versioning",,"cohorai"
"1043467","versionings",,"cohoraheat"
"1043468","versionise",,"aricehan"
"1043469","versionises",,"aricehivun"
"1043470","versionist",,"cihirein"
"1043471","versionists",,"cihirehoa"
"1043472","versionitis",,"cihirehoo"
"1043473","versionize",,"cuhuroon"
"1043474","versionized",,"erucohuvo"
"1043475","versionizer",,"oracihavu"
"1043476","versionizes",,"cuhurohian"
"1043477","versionizing",,"erucohuvun"
"1043478","versionless",,"ceheruhie"
"1043479","versions",,"erucohua"
"1043480","versipel",,"cihiroia"
"1043481","versipellous",,"aricejafu"
"1043482","versipelostatin",,"aricejafet"
"1043483","versiprose",,"cohoreo"
"1043484","versive",,"urocaet"
"1043485","verslibre",,"aricusen"
"1043486","verslibrist",,"cihivateot"
"1043487","verslibriste",,"cohovutai"
"1043488","verslibristes",,"cohovutaat"
"1043489","verslibrists",,"cihivateo"
"1043490","versluis",,"urocidat"
"1043491","verso",,"cehef"
"1043492","versoix",,"eruciat"
"1043493","versor",,"urocene"
"1043494","versos",,"ceheine"
"1043495","verspecies",,"erucuzua"
"1043496","verst",,"erucie"
"1043497","versta",,"oracin"
"1043498","verstaan",,"cihiwiet"
"1043499","verstand",,"urocerona"
"1043500","verstanden",,"cihiwian"
"1043501","verstands",,"urocerana"
"1043502","verstappen",,"cuhuwuen"
"1043503","verste",,"aricune"
"1043504","versteeg",,"aricozot"
"1043505","verstehen",,"oracuzon"
"1043506","verstes",,"aricoua"
"1043507","verstraete",,"aricoqoa"
"1043508","versts",,"eruconi"
"1043509","versual",,"ariciin"
"1043510","versuchs",,"erucutun"
"1043511","versuchsanstalt",,"irecetadin"
"1043512","versuchskonstruktion",,"cuhubesio"
"1043513","versus",,"cihiae"
"1043514","versute",,"urocoen"
"1043515","versutiloquent",,"cuhuboteot"
"1043516","versy",,"cehel"
"1043517","vert",,"eruqto"
"1043518","verta",,"oraqeti"
"1043519","vertaline",,"oraqezi"
"1043520","vertant",,"uroqiet"
"1043521","vertax",,"cohion"
"1043522","verte",,"ariqio"
"1043523","verteber",,"ariqisu"
"1043524","vertebra",,"oraqasaa"
"1043525","vertebrae",,"eruqusan"
"1043526","vertebraectomy",,"cahevewoo"
"1043527","vertebral",,"cihuvuon"
"1043528","vertebraless",,"cohiviwuo"
"1043529","vertebralis",,"cihuvuwae"
"1043530","vertebrally",,"eruqusitot"
"1043531","vertebraria",,"cehovowii"
"1043532","vertebrarias",,"cehovowiat"
"1043533","vertebrarium",,"cohiviwuet"
"1043534","vertebrarterial",,"eruqusitan"
"1043535","vertebras",,"oraqasen"
"1043536","vertebrata",,"caheveat"
"1043537","vertebratae",,"cuhavawea"
"1043538","vertebratas",,"cahevewoe"
"1043539","vertebrate",,"cihuvuona"
"1043540","vertebrated",,"ariqisoto"
"1043541","vertebrates",,"cihuvuwaan"
"1043542","vertebration",,"eruqusiten"
"1043543","vertebrations",,"eruqusiton"
"1043544","vertebratus",,"cihuvuwaat"
"1043545","vertebre",,"ariqisua"
"1043546","vertebrectomy",,"cuhavawai"
"1043547","vertebriform",,"ireqesavat"
"1043548","vertebro",,"ireqese"
"1043549","vertebroarterial",,"ireqesacin"
"1043550","vertebrobasilar",,"cohiviwoun"
"1043551","vertebrobasilary",,"cuhavawuot"
"1043552","vertebrochondral",,"cahevewaun"
"1043553","vertebrocostal",,"uroqosecen"
"1043554","vertebrodymus",,"cuhavawuan"
"1043555","vertebrofemoral",,"cehovoween"
"1043556","vertebrogenic",,"cihuvuwia"
"1043557","vertebroiliac",,"cahevewaet"
"1043558","vertebrology",,"cuhavawuat"
"1043559","vertebromammary",,"cuhavawuin"
"1043560","vertebropelvic",,"cihuvuwio"
"1043561","vertebroplasty",,"cihuvuwioa"
"1043562","vertebrosacral",,"uroqoseco"
"1043563","vertebrosternal",,"uroqosecon"
"1043564","vertebrotherapy",,"oraqasuco"
"1043565","vertec",,"ariqata"
"1043566","verted",,"cohieta"
"1043567","vertep",,"cuhaat"
"1043568","verteporfin",,"ireqejoban"
"1043569","vertere",,"cohivia"
"1043570","vertex",,"caheoa"
"1043571","vertexal",,"oraqalo"
"1043572","vertexes",,"cuhavee"
"1043573","vertexial",,"oraqalon"
"1043574","vertexing",,"eruqulin"
"1043575","vertexless",,"ariqilen"
"1043576","vertexs",,"caheveta"
"1043577","vertexwise",,"cohivuin"
"1043578","verthandi",,"cohinoot"
"1043579","verthandies",,"cehoneheat"
"1043580","verthandis",,"cohinoo"
"1043581","vertibility",,"cuharateat"
"1043582","vertibird",,"cuharao"
"1043583","vertible",,"uroqasi"
"1043584","vertibleness",,"cihurupuin"
"1043585","vertic",,"eruqona"
"1043586","vertical",,"cihuraon"
"1043587","verticaled",,"uroqatat"
"1043588","verticaling",,"uroqatafo"
"1043589","verticalis",,"cihurae"
"1043590","verticalisation",,"cihurasaat"
"1043591","verticalise",,"cohirusuen"
"1043592","verticalised",,"uroqatafot"
"1043593","verticalises",,"cohirusuon"
"1043594","verticalising",,"uroqatafan"
"1043595","verticalism",,"cehorisie"
"1043596","verticalities",,"uroqatafet"
"1043597","verticality",,"oraqitife"
"1043598","verticalization",,"oraqitifi"
"1043599","verticalize",,"eruqotofa"
"1043600","verticalized",,"cihurasau"
"1043601","verticalizes",,"eruqotofen"
"1043602","verticalizing",,"cihurasaon"
"1043603","verticalled",,"caherosoin"
"1043604","verticalling",,"caherosoi"
"1043605","vertically",,"eruqotot"
"1043606","verticalness",,"oraqitifu"
"1043607","verticalnesses",,"eruqotofi"
"1043608","verticals",,"cihuraan"
"1043609","vertice",,"ariqeu"
"1043610","verticel",,"cehorio"
"1043611","vertices",,"ariqetot"
"1043612","verticial",,"cihuraat"
"1043613","verticil",,"cohiruin"
"1043614","verticillar",,"cohirutuon"
"1043615","verticillaris",,"cohirutue"
"1043616","verticillary",,"cuhareteun"
"1043617","verticillaster",,"irequtefu"
"1043618","verticillasters",,"irequtefot"
"1043619","verticillastrate",,"cehorition"
"1043620","verticillata",,"cohirutui"
"1043621","verticillate",,"caherotoen"
"1043622","verticillated",,"oraqitafot"
"1043623","verticillately",,"irequtefua"
"1043624","verticillatine",,"ariqetifo"
"1043625","verticillation",,"irequtefa"
"1043626","verticillations",,"irequtefen"
"1043627","verticilli",,"irequti"
"1043628","verticillia",,"uroqatofo"
"1043629","verticilliaceous",,"uroqatofe"
"1043630","verticilliose",,"uroqatofi"
"1043631","verticillioses",,"uroqatofat"
"1043632","verticilliosis",,"ariqetifon"
"1043633","verticilliosises",,"uroqatofot"
"1043634","verticilliosisses",,"uroqatofoa"
"1043635","verticillium",,"ariqetifot"
"1043636","verticilliums",,"ariqetifoa"
"1043637","verticillus",,"oraqitafin"
"1043638","verticils",,"cohirua"
"1043639","verticis",,"eruqote"
"1043640","verticities",,"cohirutoet"
"1043641","verticity",,"caheroe"
"1043642","verticitys",,"caheroin"
"1043643","verticle",,"cehorioa"
"1043644","verticomental",,"cuharejoe"
"1043645","verticon",,"cihurai"
"1043646","verticordia",,"uroqatibin"
"1043647","verticordiid",,"caherojien"
"1043648","verticordious",,"uroqatibet"
"1043649","verticulate",,"irequtifen"
"1043650","verticulation",,"cehorigia"
"1043651","verticullatum",,"cohiruguat"
"1043652","verticut",,"cohirue"
"1043653","verticuts",,"cohiruina"
"1043654","verticutter",,"cehorigean"
"1043655","verticutting",,"caherogaon"
"1043656","vertie",,"ariqeo"
"1043657","vertifoam",,"cehoraan"
"1043658","vertifolia",,"uroqama"
"1043659","vertiginate",,"uroqanoja"
"1043660","vertiginated",,"cehoretau"
"1043661","vertiginates",,"uroqanojen"
"1043662","vertiginating",,"cehoretaon"
"1043663","vertigines",,"cehoreun"
"1043664","vertiginid",,"uroqanaa"
"1043665","vertiginous",,"cihuritoo"
"1043666","vertiginously",,"eruqonuje"
"1043667","vertiginousness",,"oraqinajat"
"1043668","vertiginousnesses",,"eruqonujen"
"1043669","vertigo",,"uroqaan"
"1043670","vertigoes",,"irequno"
"1043671","vertigos",,"uroqanun"
"1043672","vertigoverse",,"eruqonalet"
"1043673","vertigraphy",,"caherawoen"
"1043674","vertilinear",,"caheratuo"
"1043675","vertimeter",,"oraqipan"
"1043676","vertimnus",,"cihuruun"
"1043677","vertine",,"caheri"
"1043678","verting",,"cohiru"
"1043679","vertiport",,"cohirea"
"1043680","vertiports",,"cohireen"
"1043681","vertisol",,"cuhareo"
"1043682","vertisolic",,"cuharei"
"1043683","vertisols",,"cuhareet"
"1043684","vertistop",,"uroqawe"
"1043685","vertiver",,"uroqagi"
"1043686","vertiz",,"caheet"
"1043687","verto",,"ireqatu"
"1043688","vertometer",,"uroqepun"
"1043689","verton",,"cihuo"
"1043690","vertoscope",,"cihufaat"
"1043691","vertoscopes",,"cihufavie"
"1043692","vertosol",,"cehofiet"
"1043693","vertrauensmann",,"oraqorofo"
"1043694","vertrees",,"cohiceat"
"1043695","vertreess",,"cohicee"
"1043696","vertrekken",,"ariqazone"
"1043697","vertrep",,"oraqoaa"
"1043698","vertrepped",,"oraqozon"
"1043699","vertrepping",,"oraqozoqin"
"1043700","vertreps",,"oraqozen"
"1043701","vertrijk",,"ariqaseta"
"1043702","verts",,"eruqoe"
"1043703","vertu",,"ariqiu"
"1043704","vertual",,"cohibat"
"1043705","vertuall",,"ireqerin"
"1043706","vertue",,"uroqas"
"1043707","vertues",,"uroqoen"
"1043708","vertugal",,"cihubii"
"1043709","vertumnalia",,"eruquputen"
"1043710","vertumnite",,"uroqopu"
"1043711","vertumnus",,"cohibiot"
"1043712","vertuous",,"eruquhun"
"1043713","vertuously",,"cuhaboet"
"1043714","vertus",,"ariqet"
"1043715","vertuu",,"uroqoo"
"1043716","vertuus",,"uroqoet"
"1043717","vertvovs",,"ariquhaa"
"1043718","verty",,"ireqara"
"1043719","vertz",,"cahem"
"1043720","veru",,"cihau"
"1043721","veruca",,"cuhean"
"1043722","verucca",,"cuhesat"
"1043723","verulae",,"urowien"
"1043724","verulam",,"irewoea"
"1043725","verulamian",,"cuhevuon"
"1043726","verulamians",,"cuhevufian"
"1043727","verulamium",,"ariwurana"
"1043728","verulan",,"cahovi"
"1043729","veruled",,"cahovet"
"1043730","verum",,"cehiz"
"1043731","verumontana",,"orawohage"
"1043732","verumontanum",,"irewihegat"
"1043733","verumontanums",,"irewihege"
"1043734","verus",,"cihaqe"
"1043735","veruta",,"eruweta"
"1043736","verutum",,"orawuo"
"1043737","vervaeke",,"irebozun"
"1043738","vervain",,"cehunai"
"1043739","vervaine",,"cahinoan"
"1043740","vervainlike",,"aribusifun"
"1043741","vervains",,"cehunien"
"1043742","vervale",,"cehunin"
"1043743","verve",,"uroboe"
"1043744","vervecean",,"cuhoveu"
"1043745","vervecine",,"cihevaon"
"1043746","verveer",,"cehuvu"
"1043747","verveful",,"irebemin"
"1043748","vervein",,"cuhovu"
"1043749","verveine",,"cihevaeta"
"1043750","vervel",,"cahiena"
"1043751","verveled",,"erubuzi"
"1043752","verveless",,"cuhovuot"
"1043753","vervelle",,"aribizot"
"1043754","vervelled",,"cohavoe"
"1043755","vervels",,"cahivon"
"1043756","verven",,"cuhoat"
"1043757","vervenia",,"cahivoan"
"1043758","vervens",,"cuhove"
"1043759","verver",,"cohaon"
"1043760","ververi",,"cohavat"
"1043761","verves",,"urobaa"
"1043762","vervet",,"cehue"
"1043763","vervets",,"cehuvin"
"1043764","verviers",,"coharee"
"1043765","vervin",,"cahion"
"1043766","vervine",,"cuhoru"
"1043767","vervy",,"orabua"
"1043768","verwaltungsakademie",,"cahunadeo"
"1043769","verwanderung",,"cohenuziet"
"1043770","verwanderungs",,"cohenuzii"
"1043771","verwandlung",,"cehaniziun"
"1043772","verwijder",,"iredutot"
"1043773","verwoerd",,"cihofoen"
"1043774","verwoerdian",,"urodezepu"
"1043775","verwoerds",,"cihofoon"
"1043776","verwood",,"iredaun"
"1043777","very",,"cehou"
"1043778","veryan",,"orakin"
"1043779","verydarkman",,"arikoropi"
"1043780","verye",,"cahev"
"1043781","veryl",,"orakee"
"1043782","verylight",,"irekoset"
"1043783","verynast",,"cuhapuin"
"1043784","verzini",,"ciharon"
"1043785","verzino",,"cahoran"
"1043786","vesa",,"oremte"
"1043787","vesak",,"eramus"
"1043788","vesale",,"cojaon"
"1043789","vesalian",,"urimisana"
"1043790","vesalians",,"urimisun"
"1043791","vesalianum",,"eramasaa"
"1043792","vesalii",,"cijevon"
"1043793","vesalius",,"cojavuu"
"1043794","vesaliuses",,"cejuvii"
"1043795","vesaliuss",,"cojavuot"
"1043796","vesamicol",,"cijezaat"
"1043797","vesania",,"cijepen"
"1043798","vesanic",,"cojapat"
"1043799","vesanoid",,"eramohun"
"1043800","vesatolimod",,"cujowopian"
"1043801","vesbite",,"aruneu"
"1043802","vesbium",,"cejara"
"1043803","vesca",,"oreree"
"1043804","vescalagin",,"aruruzi"
"1043805","vescalgin",,"uririze"
"1043806","vescalin",,"irorozin"
"1043807","vescicular",,"aruretet"
"1043808","vesciculous",,"cojoruguen"
"1043809","vescio",,"irorat"
"1043810","vesconte",,"urirefon"
"1043811","vescuso",,"oreraa"
"1043812","vesd",,"cijua"
"1043813","vese",,"arutto"
"1043814","veseli",,"cejiin"
"1043815","veselka",,"cejivot"
"1043816","veselko",,"cojuvun"
"1043817","veselovskian",,"cujevokiun"
"1043818","vesely",,"cijaot"
"1043819","veselynove",,"cajovie"
"1043820","vesephilist",,"arutirife"
"1043821","vesey",,"oretutu"
"1043822","veshti",,"eramano"
"1043823","vesic",,"eranoni"
"1043824","vesica",,"orenini"
"1043825","vesicae",,"eranoon"
"1043826","vesical",,"cijisen"
"1043827","vesicalis",,"cijisiat"
"1043828","vesicant",,"urinari"
"1043829","vesicants",,"urinarat"
"1043830","vesicaria",,"cejeseet"
"1043831","vesicariae",,"cajasae"
"1043832","vesicarias",,"cejesei"
"1043833","vesicate",,"cijisien"
"1043834","vesicated",,"arunerot"
"1043835","vesicates",,"cijision"
"1043836","vesicating",,"aruneran"
"1043837","vesication",,"eranora"
"1043838","vesications",,"eranoraven"
"1043839","vesicatories",,"ironuroci"
"1043840","vesicatory",,"eranorina"
"1043841","vesicle",,"cejesot"
"1043842","vesicles",,"cejeseo"
"1043843","vesico",,"ironatt"
"1043844","vesicoabdominal",,"eranohove"
"1043845","vesicoanal",,"eranohote"
"1043846","vesicoappendiceal",,"cujusosao"
"1043847","vesicobullous",,"cijisetuen"
"1043848","vesicocavernous",,"cijisevaet"
"1043849","vesicocele",,"cojosain"
"1043850","vesicocervical",,"cijisevuo"
"1043851","vesicoclysis",,"cejesuviu"
"1043852","vesicocolic",,"cejesuveun"
"1043853","vesicocolonic",,"ironuhece"
"1043854","vesicoenteral",,"ironuhijan"
"1043855","vesicoenteric",,"cejesupau"
"1043856","vesicofixation",,"orenihovi"
"1043857","vesicoileal",,"arunehifat"
"1043858","vesicointestinal",,"cijisetoe"
"1043859","vesicolithiasis",,"cajasipuot"
"1043860","vesicolitholapaxy",,"arunehevat"
"1043861","vesicomyid",,"cajasiin"
"1043862","vesicoprostatic",,"orenihobon"
"1043863","vesicoprostaticus",,"eranoheba"
"1043864","vesicopubic",,"urinahukin"
"1043865","vesicopustular",,"orenihoken"
"1043866","vesicopustule",,"cojosacian"
"1043867","vesicorectal",,"cujusowai"
"1043868","vesicorectostomy",,"cijisewuan"
"1043869","vesicorenal",,"cojosawien"
"1043870","vesicosigmoid",,"cejesubaen"
"1043871","vesicosigmoidostomy",,"orenihavet"
"1043872","vesicospinal",,"cujusobae"
"1043873","vesicostomy",,"cojosaboet"
"1043874","vesicotomy",,"cojosao"
"1043875","vesicoumbilical",,"cejesuguon"
"1043876","vesicouretal",,"cijisegein"
"1043877","vesicoureteral",,"arunehabu"
"1043878","vesicoureteric",,"cijisegeo"
"1043879","vesicourethral",,"cujusogoin"
"1043880","vesicouterine",,"cajasigaet"
"1043881","vesicouterovaginal",,"cijisegiot"
"1043882","vesicovaginal",,"cijisekaet"
"1043883","vesicovaginalis",,"cijisekaun"
"1043884","vesicovaginorectal",,"cujusokean"
"1043885","vesicovisceral",,"cijisekoen"
"1043886","vesicul",,"cejesa"
"1043887","vesicula",,"cojosee"
"1043888","vesiculae",,"cejesaen"
"1043889","vesicular",,"aruneden"
"1043890","vesicularia",,"eranodoto"
"1043891","vesicularias",,"eranodotet"
"1043892","vesicularities",,"cejesapio"
"1043893","vesicularity",,"cujusipeat"
"1043894","vesicularization",,"cujusipeet"
"1043895","vesicularize",,"cijisopain"
"1043896","vesicularized",,"arunedetun"
"1043897","vesicularizes",,"cijisopaa"
"1043898","vesicularizing",,"arunedeten"
"1043899","vesicularly",,"cijisopau"
"1043900","vesiculary",,"orenidana"
"1043901","vesiculase",,"cejesaon"
"1043902","vesiculata",,"arunedet"
"1043903","vesiculatae",,"urinadate"
"1043904","vesiculataes",,"urinadatin"
"1043905","vesiculatas",,"arunedeti"
"1043906","vesiculate",,"ironuda"
"1043907","vesiculated",,"cajasupou"
"1043908","vesiculates",,"ironuduten"
"1043909","vesiculating",,"cajasupoon"
"1043910","vesiculation",,"cejesapiin"
"1043911","vesiculations",,"cejesapia"
"1043912","vesicule",,"cajasuan"
"1043913","vesiculectomy",,"urinadafo"
"1043914","vesiculiferous",,"cijisopoi"
"1043915","vesiculiform",,"cijisopoet"
"1043916","vesiculigerous",,"arunedevo"
"1043917","vesiculin",,"eranodot"
"1043918","vesiculites",,"orenidive"
"1043919","vesiculitides",,"cujusipie"
"1043920","vesiculitis",,"ironuduvan"
"1043921","vesiculitises",,"orenidivo"
"1043922","vesiculitisses",,"orenidivet"
"1043923","vesiculo",,"cijisoi"
"1043924","vesiculobronchial",,"eranodocen"
"1043925","vesiculobullous",,"ironuduca"
"1043926","vesiculocavernous",,"ironuduco"
"1043927","vesiculogenesis",,"orenidici"
"1043928","vesiculogenic",,"ironuduce"
"1043929","vesiculogram",,"eranodoci"
"1043930","vesiculography",,"orenidicon"
"1043931","vesiculome",,"cajasuin"
"1043932","vesiculopapular",,"cejesapeet"
"1043933","vesiculoprostatitis",,"urinadacon"
"1043934","vesiculopustular",,"cojosepoa"
"1043935","vesiculosa",,"cujusiet"
"1043936","vesiculose",,"cojosea"
"1043937","vesiculosely",,"arunedecun"
"1043938","vesiculosome",,"cojosepoi"
"1043939","vesiculosus",,"cojosepoet"
"1043940","vesiculotomy",,"orenidicot"
"1043941","vesiculotubular",,"cejesapeen"
"1043942","vesiculotympanic",,"arunedecona"
"1043943","vesiculotympanitic",,"cojosepoia"
"1043944","vesiculoulcerative",,"cijisopie"
"1043945","vesiculous",,"cojoseo"
"1043946","vesiculously",,"arunedece"
"1043947","vesiculoviral",,"urinadacona"
"1043948","vesiculovirus",,"cejesapea"
"1043949","vesiculus",,"cajasue"
"1043950","vesicupapular",,"ironuditat"
"1043951","vesigia",,"ironoin"
"1043952","vesihiisi",,"cujunean"
"1043953","vesike",,"urinens"
"1043954","vesikko",,"eranueo"
"1043955","vesilahti",,"cijivie"
"1043956","vesivirus",,"urinise"
"1043957","veskit",,"cojuat"
"1043958","vesna",,"cojona"
"1043959","vesnarinone",,"erazaqujen"
"1043960","vesole",,"cijuaa"
"1043961","vesolowsky",,"cajeviot"
"1043962","vesosomal",,"cajeqiu"
"1043963","vesosome",,"orepihet"
"1043964","vesoul",,"cijuo"
"1043965","vesp",,"cajo"
"1043966","vespa",,"cejin"
"1043967","vespacide",,"orefeten"
"1043968","vespae",,"cajoo"
"1043969","vespal",,"orefota"
"1043970","vespas",,"cejiu"
"1043971","vespasian",,"orefewi"
"1043972","vespasians",,"orefewat"
"1043973","vespasianus",,"erafawuto"
"1043974","vespasienne",,"cujenetaon"
"1043975","vesper",,"orefin"
"1043976","vespera",,"irofeat"
"1043977","vesperal",,"cujevain"
"1043978","vesperality",,"irofequfet"
"1043979","vesperals",,"cujevaa"
"1043980","vesperate",,"cujevaina"
"1043981","vesperated",,"erafuqun"
"1043982","vesperates",,"cujevaaa"
"1043983","vesperating",,"erafuqogen"
"1043984","vesperer",,"cujevau"
"1043985","vesperest",,"cijavuon"
"1043986","vesperian",,"cijavuan"
"1043987","vespering",,"cijavuun"
"1043988","vesperrer",,"orefaqet"
"1043989","vesperrest",,"erafuqu"
"1043990","vespers",,"orefaaa"
"1043991","vespertide",,"arufiqen"
"1043992","vespertides",,"arufiquvon"
"1043993","vespertilian",,"cejivodain"
"1043994","vespertilii",,"arufiquve"
"1043995","vespertilio",,"orefaqevin"
"1043996","vespertilioes",,"erafuqavan"
"1043997","vespertiliones",,"cejivodaen"
"1043998","vespertilioness",,"cejivodaon"
"1043999","vespertilionid",,"urifoqivat"
"1044000","vespertilionidae",,"urifoqive"
"1044001","vespertilionidaes",,"urifoqivin"
"1044002","vespertilionids",,"urifoqivea"
"1044003","vespertilioninae",,"orefaqevun"
"1044004","vespertilioninaes",,"orefaqevu"
"1044005","vespertilionine",,"erafuqavot"
"1044006","vespertilionize",,"arufiquvet"
"1044007","vespertilionoid",,"erafuqavota"
"1044008","vespertiliophobia",,"cajoveduen"
"1044009","vespertilios",,"orefaqeva"
"1044010","vespertillionid",,"cajoveduin"
"1044011","vespertina",,"arufiqon"
"1044012","vespertinal",,"cejivodaun"
"1044013","vespertine",,"irofeqo"
"1044014","vespery",,"urifoen"
"1044015","vespetro",,"cejivuo"
"1044016","vespiaries",,"irofuren"
"1044017","vespiary",,"eraforun"
"1044018","vespid",,"orefote"
"1044019","vespidae",,"orefivo"
"1044020","vespidaes",,"orefivet"
"1044021","vespidous",,"irofuva"
"1044022","vespids",,"orefio"
"1044023","vespiform",,"cojureen"
"1044024","vespillo",,"cujeruen"
"1044025","vespina",,"erafoat"
"1044026","vespinas",,"erafofe"
"1044027","vespine",,"urifaon"
"1044028","vespoid",,"urifeon"
"1044029","vespoidea",,"urifesan"
"1044030","vespoideas",,"urifesun"
"1044031","vesps",,"cajoq"
"1044032","vespucci",,"cujebein"
"1044033","vespuccies",,"cijabaan"
"1044034","vespuccis",,"cujebea"
"1044035","vespucius",,"cijabaana"
"1044036","vespula",,"erafuan"
"1044037","vespulae",,"arufizot"
"1044038","vespulas",,"erafuzun"
"1044039","vessabh",,"irocoun"
"1044040","vessail",,"cijinet"
"1044041","vessails",,"cijinai"
"1044042","vessel",,"cejeu"
"1044043","vesseled",,"orecaza"
"1044044","vesselful",,"cajavau"
"1044045","vesseling",,"orecazat"
"1044046","vessell",,"orecao"
"1044047","vesselled",,"cijivion"
"1044048","vesselling",,"cijiviin"
"1044049","vesselness",,"arucizet"
"1044050","vessels",,"cejevot"
"1044051","vesses",,"arucun"
"1044052","vessets",,"cojovan"
"1044053","vessey",,"orecu"
"1044054","vessicnon",,"irocuto"
"1044055","vessie",,"arucen"
"1044056","vessignon",,"uricanin"
"1044057","vessonite",,"uricefun"
"1044058","vest",,"cijue"
"1044059","vesta",,"cujan"
"1044060","vestaburg",,"cajeneun"
"1044061","vestaburgs",,"cajeneu"
"1044062","vestae",,"cijuin"
"1044063","vestal",,"aruqene"
"1044064","vestaler",,"cojinoun"
"1044065","vestalest",,"cejoneen"
"1044066","vestalia",,"eraqazun"
"1044067","vestalian",,"cejoneon"
"1044068","vestalias",,"eraqazu"
"1044069","vestaller",,"iroqozota"
"1044070","vestallest",,"oreqezan"
"1044071","vestally",,"cijunion"
"1044072","vestals",,"aruquin"
"1044073","vestalship",,"oreqeze"
"1044074","vestan",,"uriqos"
"1044075","vestar",,"oreqine"
"1044076","vestas",,"cujaat"
"1044077","vestavia",,"eraqagat"
"1044078","vested",,"uriqota"
"1044079","vestee",,"cejoun"
"1044080","vestees",,"cejovu"
"1044081","vester",,"aruqune"
"1044082","vesteras",,"eraquqana"
"1044083","vesterass",,"eraququn"
"1044084","vestest",,"uriqoene"
"1044085","vesteth",,"cojivat"
"1044086","vestfold",,"oreqahon"
"1044087","vestian",,"uriqaon"
"1044088","vestiarian",,"cijurie"
"1044089","vestiarier",,"cujaruet"
"1044090","vestiaries",,"eraqorot"
"1044091","vestiariest",,"cijuriwou"
"1044092","vestiarium",,"uriqarin"
"1044093","vestiary",,"uriqarie"
"1044094","vestible",,"cejoroo"
"1044095","vestibul",,"cejoroen"
"1044096","vestibula",,"cojiriin"
"1044097","vestibular",,"aruqeson"
"1044098","vestibularis",,"aruqesafe"
"1044099","vestibularly",,"cijurugaot"
"1044100","vestibulary",,"oreqisofun"
"1044101","vestibulate",,"iroqusifen"
"1044102","vestibule",,"cajereun"
"1044103","vestibulectomy",,"uriqasufet"
"1044104","vestibuled",,"oreqisi"
"1044105","vestibules",,"cajereu"
"1044106","vestibuli",,"cejoroi"
"1044107","vestibuliferid",,"uriqasufan"
"1044108","vestibuling",,"oreqisofot"
"1044109","vestibulitis",,"iroqusifun"
"1044110","vestibulitises",,"oreqisofet"
"1044111","vestibulo",,"cijuruat"
"1044112","vestibuloacoustic",,"oreqisofat"
"1044113","vestibulocerebellar",,"oreqisofuna"
"1044114","vestibulocerebellum",,"cajeregoa"
"1044115","vestibulocochlear",,"oreqisofata"
"1044116","vestibulocochlearis",,"oreqisofota"
"1044117","vestibulocollic",,"cojiriguot"
"1044118","vestibulodynia",,"cijurugaet"
"1044119","vestibulogenic",,"iroqusifin"
"1044120","vestibulolingual",,"eraqosefen"
"1044121","vestibulolingually",,"cujarageu"
"1044122","vestibulomasseteric",,"cajeregoo"
"1044123","vestibulomotor",,"cajeregoun"
"1044124","vestibulonystagmography",,"iroqusifi"
"1044125","vestibuloocular",,"cujaragea"
"1044126","vestibulopathy",,"aruqesafa"
"1044127","vestibuloplasty",,"iroqusifot"
"1044128","vestibulospinal",,"uriqasufe"
"1044129","vestibulosympathetic",,"cujarageua"
"1044130","vestibulotomy",,"oreqisofo"
"1044131","vestibulotoxic",,"cojirigue"
"1044132","vestibulotoxicity",,"eraqosefo"
"1044133","vestibulourethral",,"uriqasufin"
"1044134","vestibulovegetative",,"cijurugain"
"1044135","vestibulum",,"cijurue"
"1044136","vestibulums",,"cijurugaina"
"1044137","vestie",,"cojii"
"1044138","vesties",,"cojirat"
"1044139","vestigal",,"eraqonu"
"1044140","vestigate",,"eraqonua"
"1044141","vestigated",,"cijuriat"
"1044142","vestigates",,"eraqonot"
"1044143","vestigating",,"cijurisio"
"1044144","vestige",,"cijuret"
"1044145","vestiges",,"cijurii"
"1044146","vestigia",,"cajerae"
"1044147","vestigial",,"eraqona"
"1044148","vestigiality",,"cajeratoi"
"1044149","vestigialization",,"cajeratoo"
"1044150","vestigialize",,"cujarutee"
"1044151","vestigialized",,"eraqonutan"
"1044152","vestigially",,"cujaruteun"
"1044153","vestigian",,"aruqeni"
"1044154","vestigians",,"aruqenata"
"1044155","vestigiary",,"aruqenan"
"1044156","vestigium",,"cejoreat"
"1044157","vestigiums",,"cejoree"
"1044158","vestigy",,"cejoro"
"1044159","vestiment",,"cojiriot"
"1044160","vestimental",,"uriqapujot"
"1044161","vestimentary",,"iroqupiji"
"1044162","vestimentiferan",,"uriqapujun"
"1044163","vestiments",,"cojirio"
"1044164","vestimentum",,"cujarapian"
"1044165","vesting",,"uriqaane"
"1044166","vestings",,"uriqafuna"
"1044167","vestini",,"iroquin"
"1044168","vestinian",,"cujareet"
"1044169","vestinians",,"cujarei"
"1044170","vestinis",,"iroqufa"
"1044171","vestiophobia",,"iroquhitun"
"1044172","vestiphobia",,"eraqojicet"
"1044173","vestipitant",,"cojiretoon"
"1044174","vestis",,"cijuoa"
"1044175","vestitol",,"cijurean"
"1044176","vestitone",,"cejoruon"
"1044177","vestitor",,"cajeriun"
"1044178","vestiture",,"cejoruet"
"1044179","vestitures",,"cejorui"
"1044180","vestland",,"oreqeren"
"1044181","vestless",,"iroqozu"
"1044182","vestlessness",,"cojivebeet"
"1044183","vestlet",,"cajevon"
"1044184","vestlike",,"oreqeson"
"1044185","vestmannaeyjar",,"cajezahuon"
"1044186","vestment",,"cojizee"
"1044187","vestmental",,"uriquzea"
"1044188","vestmentary",,"iroqizegen"
"1044189","vestmented",,"iroqizot"
"1044190","vestments",,"cojizein"
"1044191","vestock",,"cujafu"
"1044192","vestoid",,"orequoa"
"1044193","vestorian",,"cujafaen"
"1044194","vestpocket",,"cujahoen"
"1044195","vestra",,"oreqini"
"1044196","vestral",,"cijucen"
"1044197","vestralization",,"oreqorivet"
"1044198","vestrical",,"cijucaan"
"1044199","vestries",,"aruqasa"
"1044200","vestrification",,"cajeconue"
"1044201","vestrify",,"cojicuin"
"1044202","vestry",,"iroqane"
"1044203","vestrydom",,"cajeciun"
"1044204","vestryhood",,"oreqomat"
"1044205","vestryise",,"oreqomon"
"1044206","vestryises",,"oreqoman"
"1044207","vestryish",,"cejocui"
"1044208","vestryism",,"eraqemin"
"1044209","vestryize",,"cejocuen"
"1044210","vestryizes",,"cejocuon"
"1044211","vestryman",,"cojicain"
"1044212","vestrymanly",,"aruqamotan"
"1044213","vestrymans",,"cojicaa"
"1044214","vestrymanship",,"cujacofein"
"1044215","vestrymen",,"cajeciuna"
"1044216","vestrymens",,"cajeciu"
"1044217","vestryperson",,"cejocucoe"
"1044218","vestrys",,"iroqiun"
"1044219","vestrywoman",,"cojicaloen"
"1044220","vestrywomans",,"cojicaloon"
"1044221","vestrywomen",,"cajecilaot"
"1044222","vests",,"cijuq"
"1044223","vestspitsbergen",,"uriqajogan"
"1044224","vestuary",,"iroqerea"
"1044225","vestural",,"cojibie"
"1044226","vesture",,"uriqoeni"
"1044227","vestured",,"cejoboot"
"1044228","vesturer",,"cojibiun"
"1044229","vesturers",,"cojibiu"
"1044230","vestures",,"uriqoqona"
"1044231","vesturing",,"cejoboan"
"1044232","vesty",,"cajel"
"1044233","vestys",,"cajeen"
"1044234","vesuvian",,"oreweseta"
"1044235","vesuvianite",,"cijadasou"
"1044236","vesuvianites",,"cijadasoot"
"1044237","vesuvians",,"orewesi"
"1044238","vesuviate",,"irowosina"
"1044239","vesuviated",,"cajodoun"
"1044240","vesuviates",,"irowosa"
"1044241","vesuviating",,"cajodosaen"
"1044242","vesuvii",,"cejido"
"1044243","vesuvin",,"erawaat"
"1044244","vesuvine",,"aruwusa"
"1044245","vesuvio",,"cijadet"
"1044246","vesuvios",,"cijadai"
"1044247","vesuvite",,"orewesen"
"1044248","vesuvius",,"cajodoat"
"1044249","vesuviuses",,"cujedeen"
"1044250","vesuviuss",,"cajodoe"
"1044251","veszelyite",,"cijavian"
"1044252","veszpr",,"cojui"
"1044253","vet",,"cic"
"1044254","veta",,"cuco"
"1044255","vetala",,"eremeta"
"1044256","vetanda",,"cocapi"
"1044257","vetative",,"cecuwia"
"1044258","vetbact",,"cucinat"
"1044259","vetch",,"ereree"
"1044260","vetches",,"ararau"
"1044261","vetchier",,"cicinaon"
"1044262","vetchiest",,"coconuin"
"1044263","vetchlike",,"cacanau"
"1044264","vetchling",,"iririzet"
"1044265","vetchlings",,"iririzi"
"1044266","vetchworm",,"coconiot"
"1044267","vetchworms",,"coconio"
"1044268","vetchy",,"irirana"
"1044269","vete",,"cocua"
"1044270","vetehinen",,"urutusun"
"1044271","vetelline",,"iritoza"
"1044272","veter",,"aratara"
"1044273","veteran",,"cecicin"
"1044274","veterancy",,"cicaciet"
"1044275","veteraness",,"cacocaun"
"1044276","veterani",,"ceciceo"
"1044277","veteranise",,"cacocae"
"1044278","veteranises",,"cacocahuin"
"1044279","veteranize",,"uruturat"
"1044280","veteranized",,"cecicehaon"
"1044281","veteranizes",,"uruturove"
"1044282","veteranizing",,"cecicehain"
"1044283","veteranka",,"ceciceen"
"1044284","veteranos",,"cicacii"
"1044285","veterans",,"cecicea"
"1044286","veteranus",,"cacocaat"
"1044287","veterascent",,"orotorazi"
"1044288","veterate",,"cocucoan"
"1044289","veteration",,"arataron"
"1044290","vetere",,"urutoto"
"1044291","veterin",,"cacoci"
"1044292","veterina",,"cecicio"
"1044293","veterinaria",,"aratasitan"
"1044294","veterinarian",,"cacocohoen"
"1044295","veterinarianism",,"cicacahaat"
"1044296","veterinarians",,"cacocohoon"
"1044297","veterinaries",,"iritiseti"
"1044298","veterinarily",,"cocucuhui"
"1044299","veterinarium",,"eretesuton"
"1044300","veterinarius",,"iritisetan"
"1044301","veterinary",,"eretesin"
"1044302","veterinarys",,"eretesuta"
"1044303","veteriniatric",,"cecicihaot"
"1044304","veteriniatrics",,"cecicihao"
"1044305","vetero",,"orotino"
"1044306","veterotestamentary",,"cecicudoon"
"1044307","veters",,"aratuna"
"1044308","vetest",,"urutato"
"1044309","veth",,"eremto"
"1044310","vetica",,"cucuat"
"1044311","vetigastropod",,"cacamabai"
"1044312","vetispiradiene",,"ceceqatua"
"1044313","vetispirane",,"aranejibat"
"1044314","vetitive",,"cacawoat"
"1044315","vetitum",,"oronuen"
"1044316","vetivazulene",,"cocodorien"
"1044317","vetivene",,"cocodeun"
"1044318","vetivenol",,"erenazina"
"1044319","vetiver",,"cecedot"
"1044320","vetiveria",,"cocodein"
"1044321","vetiverias",,"cocodea"
"1044322","vetiverol",,"urunizun"
"1044323","vetivers",,"cecedao"
"1044324","vetivert",,"irinozue"
"1044325","vetiverts",,"irinozot"
"1044326","vetivone",,"cacadiat"
"1044327","vetka",,"cican"
"1044328","vetkoek",,"cocufun"
"1044329","vetkoeks",,"cocufeu"
"1044330","vetkousie",,"cocufeot"
"1044331","vetluga",,"aratiot"
"1044332","vetmb",,"uruvue"
"1044333","veto",,"cacea"
"1044334","vetoable",,"cucanau"
"1044335","vetocracy",,"erepoqat"
"1044336","vetoed",,"erepene"
"1044337","vetoer",,"oropini"
"1044338","vetoers",,"oropaaa"
"1044339","vetoes",,"cucaat"
"1044340","vetoing",,"erepoea"
"1044341","vetoism",,"cicuron"
"1044342","vetoist",,"oropiena"
"1044343","vetoistic",,"oropiwan"
"1044344","vetoistical",,"cucaredian"
"1044345","vetoless",,"arapuzaa"
"1044346","vetony",,"oropoti"
"1044347","vetoproof",,"arapiqi"
"1044348","vetrabutine",,"cacunegain"
"1044349","vetrano",,"cucinu"
"1044350","vetreno",,"cocevat"
"1044351","vetrina",,"cocerun"
"1044352","vetrovnjak",,"cecafeat"
"1044353","vets",,"cicia"
"1044354","vetsin",,"iricun"
"1044355","vettable",,"uruqiset"
"1044356","vette",,"uruqoa"
"1044357","vetted",,"cecoun"
"1044358","vettel",,"caceen"
"1044359","vetter",,"cocion"
"1044360","vetterli",,"iriqeqini"
"1044361","vetters",,"cocivan"
"1044362","vettese",,"iriqean"
"1044363","vettest",,"cecovin"
"1044364","vetting",,"cecoren"
"1044365","vettura",,"cicubo"
"1044366","vetturas",,"cicubuet"
"1044367","vetture",,"cecobin"
"1044368","vetturini",,"oroqaqat"
"1044369","vetturino",,"uruqoqe"
"1044370","vetula",,"uruwoa"
"1044371","vetulicolian",,"orowesaca"
"1044372","vetulicolid",,"iriwoseci"
"1044373","vetus",,"cocuq"
"1044374","vetusol",,"araweot"
"1044375","vetust",,"uruwoi"
"1044376","vetustity",,"cicaqean"
"1044377","vetusty",,"erewoi"
"1044378","vety",,"cacee"
"1044379","vetyver",,"cicuda"
"1044380","vetzel",,"cocuon"
"1044381","veuglaire",,"areluret"
"1044382","veun",,"caqae"
"1044383","veur",,"ciqoa"
"1044384","veurne",,"orijino"
"1044385","veurs",,"ciqoqa"
"1044386","veuse",,"uracoi"
"1044387","veuses",,"uracas"
"1044388","veut",,"coqie"
"1044389","veuve",,"caqiv"
"1044390","veuves",,"caqio"
"1044391","vevay",,"cawil"
"1044392","veve",,"cewi"
"1044393","vever",,"uretute"
"1044394","veverka",,"uretuena"
"1044395","vevey",,"ciwal"
"1044396","veveyse",,"cowulon"
"1044397","vevi",,"cowo"
"1044398","vevina",,"iranatn"
"1044399","vevine",,"erinona"
"1044400","vewy",,"erukt"
"1044401","vex",,"ced"
"1044402","vexable",,"cadiren"
"1044403","vexamen",,"urimuen"
"1044404","vexari",,"arumes"
"1044405","vexas",,"codaq"
"1044406","vexata",,"arumatn"
"1044407","vexation",,"ceduwien"
"1044408","vexations",,"ceduwion"
"1044409","vexatiou",,"arumosa"
"1044410","vexatious",,"arumosen"
"1044411","vexatiously",,"cidewajuu"
"1044412","vexatiousness",,"cudowejaun"
"1044413","vexatiousnesses",,"cidewajuet"
"1044414","vexatory",,"ceduwua"
"1044415","vexe",,"cadoa"
"1044416","vexed",,"oretura"
"1044417","vexedly",,"cadoten"
"1044418","vexedness",,"ceditia"
"1044419","vexednesses",,"cadotopuun"
"1044420","vexednesss",,"ceditien"
"1044421","vexeing",,"eratoata"
"1044422","vexel",,"eratara"
"1044423","vexer",,"irotinu"
"1044424","vexers",,"irotita"
"1044425","vexes",,"cadoq"
"1044426","vexest",,"oreturi"
"1044427","vexeth",,"cadoen"
"1044428","vexful",,"cadoon"
"1044429","vexil",,"oreneru"
"1044430","vexilla",,"cuduvin"
"1044431","vexillar",,"orenezon"
"1044432","vexillaries",,"eranazoben"
"1044433","vexillarious",,"ironozubun"
"1044434","vexillarius",,"eranazobet"
"1044435","vexillary",,"urinizun"
"1044436","vexillarys",,"urinizu"
"1044437","vexillate",,"arunuzen"
"1044438","vexillatio",,"ironozone"
"1044439","vexillation",,"cidivisia"
"1044440","vexillations",,"cidivisien"
"1044441","vexillator",,"cedeveat"
"1044442","vexillatry",,"cedevean"
"1044443","vexillifer",,"cuduvuan"
"1044444","vexilliferid",,"eranazuran"
"1044445","vexillise",,"codovoa"
"1044446","vexillised",,"urinizua"
"1044447","vexillises",,"codovoen"
"1044448","vexillising",,"urinizodon"
"1044449","vexillize",,"eranazine"
"1044450","vexillized",,"cidiviun"
"1044451","vexillizes",,"eranazae"
"1044452","vexillizing",,"cidivituen"
"1044453","vexillo",,"cadavat"
"1044454","vexillogic",,"cedevee"
"1044455","vexillogical",,"ironozose"
"1044456","vexillographer",,"cuduvujeo"
"1044457","vexillography",,"urinizisan"
"1044458","vexilloid",,"orenezati"
"1044459","vexillolatry",,"urinizifen"
"1044460","vexillologic",,"urinizifi"
"1044461","vexillological",,"cedevejii"
"1044462","vexillologies",,"ironozofot"
"1044463","vexillologist",,"cedevejion"
"1044464","vexillologists",,"cedevejian"
"1044465","vexillology",,"eranazafi"
"1044466","vexillomania",,"arunuzuhin"
"1044467","vexillomaniac",,"arunuzuhot"
"1044468","vexillophile",,"orenezeqen"
"1044469","vexillophiles",,"orenezeqon"
"1044470","vexillophilia",,"uriniziqun"
"1044471","vexillophiliac",,"uriniziqe"
"1044472","vexillophilist",,"cadavajeot"
"1044473","vexillophily",,"arunuzuqa"
"1044474","vexillum",,"cadavae"
"1044475","vexils",,"orenas"
"1044476","vexin",,"eranonu"
"1044477","vexing",,"orenote"
"1044478","vexingly",,"cadapae"
"1044479","vexingness",,"cedepeat"
"1044480","vexingnesses",,"cadapaheen"
"1044481","vexings",,"orenieta"
"1044482","vexo",,"cidu"
"1044483","vexsome",,"cadafon"
"1044484","vext",,"iroqti"
"1044485","veyed",,"cuget"
"1044486","veygoux",,"cagifi"
"1044487","veying",,"cuguu"
"1044488","veynes",,"cogoon"
"1044489","veyor",,"ciguc"
"1044490","veyoung",,"cageban"
"1044491","veyrat",,"urujaa"
"1044492","veys",,"iricsu"
"1044493","vezina",,"erononu"
"1044494","vezir",,"irunie"
"1044495","vezirs",,"irunato"
"1044496","vezirship",,"arenawi"
"1044497","vezza",,"arelut"
"1044498","vfat",,"udeqo"
"1044499","vfdf",,"corue"
"1044500","vfea",,"cesue"
"1044501","vfeliber",,"edotose"
"1044502","vfib",,"udinn"
"1044503","vflip",,"ceseh"
"1044504","vfliu",,"edinua"
"1044505","vfork",,"adajia"
"1044506","vftable",,"odomooa"
"1044507","vfutl",,"ciquv"
"1044508","vfws",,"cubua"
"1044509","vfxd",,"cidua"
"1044510","vfxed",,"codut"
"1044511","vfxing",,"codou"
"1044512","vfxs",,"edact"
"1044513","vgcp",,"cinue"
"1044514","vgetpt",,"ceseon"
"1044515","vgetswu",,"cosoqa"
"1044516","vgetu",,"cusub"
"1044517","vgetvm",,"iguqun"
"1044518","vgrep",,"ugoto"
"1044519","vgrepped",,"ugotoji"
"1044520","vgrepping",,"ugotojot"
"1044521","vgreps",,"ugotet"
"1044522","vgtu",,"cacei"
"1044523","vhangup",,"colamun"
"1044524","vharat",,"culean"
"1044525","vhcol",,"ikoponi"
"1044526","vhdl",,"caree"
"1044527","vhemt",,"ukave"
"1044528","vhfs",,"ukacna"
"1044529","vhll",,"cusau"
"1044530","vhml",,"ukotno"
"1044531","vhong",,"ikizos"
"1044532","vhost",,"ukuces"
"1044533","vhsic",,"cojas"
"1044534","vhstark",,"cojenat"
"1044535","via",,"ilade"
"1044536","viabilit",,"coliruen"
"1044537","viabilities",,"celoritia"
"1044538","viability",,"cularean"
"1044539","viable",,"elinoni"
"1044540","viableness",,"ciluvuu"
"1044541","viabler",,"colivu"
"1044542","viablest",,"celovoon"
"1044543","viablier",,"colivea"
"1044544","viabliest",,"celovaat"
"1044545","viably",,"ulenene"
"1044546","viacha",,"caloan"
"1044547","viachaslau",,"ilariren"
"1044548","viacheslav",,"celinoun"
"1044549","viacom",,"ilaruna"
"1044550","viacoms",,"ilarau"
"1044551","viaduct",,"elisuia"
"1044552","viaducted",,"calibuun"
"1044553","viaducts",,"elisutat"
"1044554","viadur",,"olusota"
"1044555","viaduto",,"ilasee"
"1044556","viae",,"olutre"
"1044557","viaeneite",,"olutizona"
"1044558","viaf",,"calua"
"1044559","viafore",,"elikiun"
"1044560","viage",,"ilalet"
"1044561","viaggiatory",,"alolusegu"
"1044562","viagra",,"celeen"
"1044563","viagram",,"culucen"
"1044564","viagraph",,"cilicau"
"1044565","viagras",,"celecon"
"1044566","viajaca",,"calinat"
"1044567","vial",,"coloa"
"1044568","vialatte",,"celeneon"
"1044569","vialed",,"aloteno"
"1044570","vialetto",,"colovoa"
"1044571","vialful",,"celelan"
"1044572","vialfuls",,"celeloun"
"1044573","vialing",,"aloteete"
"1044574","viall",,"alotuu"
"1044575","vialled",,"culuva"
"1044576","vialling",,"culuviat"
"1044577","vialmaker",,"uleture"
"1044578","vialmaking",,"ilatirat"
"1044579","vialogue",,"cilifae"
"1044580","vialpando",,"ilatero"
"1044581","vials",,"coloqa"
"1044582","viamently",,"ciluvou"
"1044583","viameter",,"ulevobi"
"1044584","viameters",,"ulevobat"
"1044585","vian",,"celie"
"1044586","viana",,"coluna"
"1044587","viand",,"alozoa"
"1044588","viande",,"ulezoo"
"1044589","vianden",,"colutu"
"1044590","viander",,"calotat"
"1044591","viandry",,"cilati"
"1044592","viands",,"alozue"
"1044593","vianesse",,"culevio"
"1044594","viangchan",,"celimae"
"1044595","vians",,"celiqa"
"1044596","viaont",,"olupo"
"1044597","viar",,"cula"
"1044598","viareggio",,"colivui"
"1044599","viareggios",,"colivuat"
"1044600","viary",,"celol"
"1044601","vias",,"ilacsa"
"1044602","viasat",,"culein"
"1044603","viasma",,"olucae"
"1044604","viatecture",,"calivuin"
"1044605","viatia",,"culoot"
"1044606","viatic",,"cileon"
"1044607","viatica",,"culora"
"1044608","viatical",,"oluqiton"
"1044609","viatically",,"cileroot"
"1044610","viaticals",,"oluqitan"
"1044611","viaticatia",,"uleqatu"
"1044612","viatication",,"cilerosaen"
"1044613","viatications",,"cilerosaon"
"1044614","viatich",,"ilaquina"
"1044615","viatichi",,"ilaquto"
"1044616","viatichian",,"colarean"
"1044617","viatici",,"cilerat"
"1044618","viaticum",,"caliruin"
"1044619","viaticums",,"calirua"
"1044620","viaticus",,"colarea"
"1044621","viaticuses",,"celuraun"
"1044622","viaticusses",,"celuragou"
"1044623","viation",,"oluqiona"
"1044624","viatka",,"cileona"
"1044625","viatometer",,"celufuun"
"1044626","viator",,"aloqin"
"1044627","viatores",,"uleqeqan"
"1044628","viatorial",,"califio"
"1044629","viatorially",,"aloqoqite"
"1044630","viators",,"aloqoa"
"1044631","viau",,"oluwnu"
"1044632","viavant",,"calanun"
"1044633","vibbert",,"olanaaa"
"1044634","vibe",,"comea"
"1044635","vibecession",,"alitezidan"
"1044636","vibecode",,"olatihae"
"1044637","vibecoded",,"comesou"
"1044638","vibecoder",,"cimosian"
"1044639","vibecodes",,"olatihena"
"1044640","vibecoding",,"comesoon"
"1044641","vibed",,"elutita"
"1044642","vibeflation",,"comelusuun"
"1044643","vibeke",,"camui"
"1044644","vibeless",,"ulotizi"
"1044645","viben",,"ulotas"
"1044646","vibert",,"comeun"
"1044647","vibes",,"comeqa"
"1044648","vibesate",,"elutorana"
"1044649","vibetoite",,"comewoo"
"1044650","vibeworking",,"camugawian"
"1044651","vibex",,"ulotane"
"1044652","vibey",,"cumil"
"1044653","vibeyness",,"alitofo"
"1044654","vibgyor",,"ilelaina"
"1044655","vibhava",,"cumana"
"1044656","vibhishana",,"ilemuwi"
"1044657","vibhor",,"cemoet"
"1044658","vibhu",,"olamas"
"1044659","vibhus",,"olamore"
"1044660","vibhuti",,"comiba"
"1044661","vibices",,"comusu"
"1044662","vibier",,"olananu"
"1044663","vibiest",,"elunuat"
"1044664","vibilia",,"olaneona"
"1044665","vibiness",,"ulonazat"
"1044666","vibing",,"elununn"
"1044667","vibioid",,"uloneana"
"1044668","vibissae",,"cimaqoat"
"1044669","vibist",,"olanou"
"1044670","vibists",,"olaniet"
"1044671","vibix",,"alines"
"1044672","vibo",,"cami"
"1044673","viborg",,"elupati"
"1044674","vibrable",,"olajesen"
"1044675","vibracious",,"alijuti"
"1044676","vibracore",,"cemonai"
"1044677","vibracoring",,"alijutube"
"1044678","vibracoustic",,"camenujion"
"1044679","vibracula",,"cimunoun"
"1044680","vibracular",,"ilejoto"
"1044681","vibracularia",,"ulojitufa"
"1044682","vibracularium",,"alijutafin"
"1044683","vibraculoid",,"ilejotifon"
"1044684","vibraculum",,"cumanian"
"1044685","vibraharp",,"cimuneu"
"1044686","vibraharpist",,"olajeriba"
"1044687","vibraharpists",,"olajeriben"
"1044688","vibraharps",,"cimuneot"
"1044689","vibraknife",,"elujavena"
"1044690","vibralactone",,"cominusian"
"1044691","vibram",,"olajau"
"1044692","vibrams",,"olajeen"
"1044693","vibramycin",,"cominaon"
"1044694","vibramycins",,"cominanian"
"1044695","vibrance",,"cemonaet"
"1044696","vibrances",,"cemonaia"
"1044697","vibrancies",,"cemonaun"
"1044698","vibrancy",,"cumanio"
"1044699","vibrant",,"elujaat"
"1044700","vibranter",,"cemonaan"
"1044701","vibrantest",,"camenua"
"1044702","vibrantlier",,"ulojififa"
"1044703","vibrantliest",,"ilejofofat"
"1044704","vibrantly",,"comineen"
"1044705","vibrants",,"elujafe"
"1044706","vibraphone",,"cameneen"
"1044707","vibraphones",,"camenesoon"
"1044708","vibraphonist",,"alijujocot"
"1044709","vibraphonists",,"alijujoco"
"1044710","vibraslap",,"alijuwet"
"1044711","vibrassa",,"alijuwa"
"1044712","vibratable",,"cimunie"
"1044713","vibrate",,"cimunon"
"1044714","vibrated",,"olajebo"
"1044715","vibrates",,"cimunian"
"1044716","vibratest",,"olajebon"
"1044717","vibrateth",,"cimuniea"
"1044718","vibratile",,"elujabin"
"1044719","vibratilities",,"cemonetaon"
"1044720","vibratility",,"cumanutiu"
"1044721","vibratin",,"elujabua"
"1044722","vibrating",,"olajebun"
"1044723","vibratingly",,"cimunituet"
"1044724","vibratio",,"cemonean"
"1044725","vibration",,"ilejoben"
"1044726","vibrational",,"cimunitaen"
"1044727","vibrationality",,"ulojibocat"
"1044728","vibrationally",,"ilejobecu"
"1044729","vibrationary",,"cominotuun"
"1044730","vibrationdampers",,"cimunitau"
"1044731","vibrationless",,"cemonetiet"
"1044732","vibrationlessness",,"olajebace"
"1044733","vibrations",,"ilejobon"
"1044734","vibratiuncle",,"cimuniteen"
"1044735","vibratiuncles",,"cimuniteon"
"1044736","vibratiuncula",,"cumanutoot"
"1044737","vibratiunculation",,"cimuniteo"
"1044738","vibratiuncule",,"cominotae"
"1044739","vibrative",,"elujabue"
"1044740","vibrato",,"cemonet"
"1044741","vibratode",,"ulojiban"
"1044742","vibratoless",,"ilejobofon"
"1044743","vibratome",,"cimuniee"
"1044744","vibratoming",,"olajebeha"
"1044745","vibratone",,"olajebi"
"1044746","vibrator",,"elujabe"
"1044747","vibrators",,"elujabina"
"1044748","vibratory",,"ilejoba"
"1044749","vibratos",,"cemonei"
"1044750","vibrindole",,"cameruen"
"1044751","vibrio",,"alijota"
"1044752","vibriobactin",,"cumarutiin"
"1044753","vibrioception",,"cameravie"
"1044754","vibriocidal",,"ulojahova"
"1044755","vibriocin",,"cimuriot"
"1044756","vibrioferrin",,"ulojahufi"
"1044757","vibrioid",,"cameraot"
"1044758","vibriolysin",,"ilejuhurun"
"1044759","vibrion",,"cimurun"
"1044760","vibrionacean",,"elujohutet"
"1044761","vibriones",,"comiroet"
"1044762","vibrionic",,"cimuriota"
"1044763","vibrions",,"cimuriu"
"1044764","vibriophage",,"ilejuhitat"
"1044765","vibrios",,"alijeo"
"1044766","vibrioses",,"ulojahe"
"1044767","vibriosis",,"alijehan"
"1044768","vibriosiss",,"alijehun"
"1044769","vibriostatic",,"alijehigu"
"1044770","vibriotic",,"camerao"
"1044771","vibriovirus",,"ilejuhuvat"
"1044772","vibrissa",,"ulojawate"
"1044773","vibrissae",,"ilejuwae"
"1044774","vibrissaes",,"ilejuweni"
"1044775","vibrissal",,"cimuroin"
"1044776","vibrissant",,"elujowoa"
"1044777","vibrissas",,"ulojawea"
"1044778","vibrissation",,"ilejuwete"
"1044779","vibrisseaceous",,"ilejuwefun"
"1044780","vibrissectomy",,"cumariboot"
"1044781","vibro",,"alijon"
"1044782","vibroabsorbing",,"ilejaradot"
"1044783","vibroacoustic",,"comifuvue"
"1044784","vibroactuator",,"cimufavaet"
"1044785","vibroarthrographic",,"cumafewea"
"1044786","vibroarthrography",,"cemofiwia"
"1044787","vibroblade",,"cumafoon"
"1044788","vibrocapillary",,"ilejatuqin"
"1044789","vibrocardiogram",,"cumafisuon"
"1044790","vibrocardiography",,"camefusaet"
"1044791","vibrocompaction",,"comifejoen"
"1044792","vibrocompactor",,"camefujae"
"1044793","vibrocore",,"comifeo"
"1044794","vibrocoring",,"elujitabi"
"1044795","vibrodiffusion",,"elujivura"
"1044796","vibrodissociation",,"comifotiat"
"1044797","vibroecholocation",,"olajuzatu"
"1044798","vibroflot",,"comifii"
"1044799","vibroflotation",,"comifipuet"
"1044800","vibroflotations",,"comifipui"
"1044801","vibrofluidized",,"cumafapoen"
"1044802","vibrogen",,"cimufae"
"1044803","vibrogram",,"cemofie"
"1044804","vibrograph",,"camefoon"
"1044805","vibrographs",,"camefowuan"
"1044806","vibrography",,"comifuweun"
"1044807","vibroid",,"camefe"
"1044808","vibroimpact",,"alijosoqun"
"1044809","vibrokinesis",,"cemofotoet"
"1044810","vibroknife",,"olajuvin"
"1044811","vibromassage",,"alijopede"
"1044812","vibromasseur",,"cimufesuen"
"1044813","vibromechanical",,"cemofupoan"
"1044814","vibrometer",,"elujipot"
"1044815","vibrometers",,"elujipego"
"1044816","vibrometric",,"olajupogu"
"1044817","vibrometry",,"ulojepu"
"1044818","vibromotive",,"olajupegin"
"1044819","vibromotor",,"olajupu"
"1044820","vibromyogram",,"cimufenai"
"1044821","vibron",,"cimui"
"1044822","vibronectin",,"cumafipae"
"1044823","vibronic",,"cimufoe"
"1044824","vibronically",,"cimufotuon"
"1044825","vibrophone",,"cemofoin"
"1044826","vibrorotational",,"comifajuet"
"1044827","vibroscope",,"cimufoin"
"1044828","vibroscopic",,"cumafivee"
"1044829","vibroscopically",,"cumafiveon"
"1044830","vibrosection",,"ilejawizat"
"1044831","vibroseis",,"ulojewe"
"1044832","vibroseismic",,"olajuwova"
"1044833","vibroslice",,"cimufoot"
"1044834","vibroslicer",,"ilejawuvi"
"1044835","vibrostimulation",,"alijowuvun"
"1044836","vibrotactile",,"cimufisuen"
"1044837","vibrotaction",,"camefasean"
"1044838","vibrotational",,"ulojebagi"
"1044839","vibrotaxis",,"ilejabeta"
"1044840","vibrotherapeutics",,"camefasio"
"1044841","vibrotherapy",,"ulojebefo"
"1044842","vibrothermography",,"elujibifon"
"1044843","vibrotome",,"cumafui"
"1044844","vibrotron",,"camefao"
"1044845","vibrown",,"cemofon"
"1044846","vibs",,"cima"
"1044847","viburna",,"cemacet"
"1044848","viburnic",,"camucuin"
"1044849","viburnin",,"olawofan"
"1044850","viburnitol",,"camucuon"
"1044851","viburnum",,"comeceo"
"1044852","viburnums",,"comeceet"
"1044853","viby",,"camia"
"1044854","vica",,"ilomro"
"1044855","vicaire",,"ciniri"
"1044856","vicambulate",,"cunuzogian"
"1044857","vicambulist",,"cunuzogie"
"1044858","vican",,"cenepa"
"1044859","vicar",,"cunuc"
"1044860","vicara",,"canai"
"1044861","vicarage",,"canacoe"
"1044862","vicarages",,"canacoin"
"1044863","vicaras",,"canacat"
"1044864","vicarate",,"ilomirea"
"1044865","vicarates",,"ilomirin"
"1044866","vicarchoral",,"elameticen"
"1044867","vicaress",,"cinicuan"
"1044868","vicaresses",,"conocio"
"1044869","vicargeneral",,"alumanajun"
"1044870","vicari",,"cunuot"
"1044871","vicariad",,"ulimusi"
"1044872","vicarial",,"ilomisot"
"1044873","vicarian",,"olemoson"
"1044874","vicariance",,"elamesine"
"1044875","vicariances",,"elamesoja"
"1044876","vicarianism",,"alumaseje"
"1044877","vicariant",,"conoceen"
"1044878","vicariantly",,"olemosiju"
"1044879","vicariants",,"conoceon"
"1044880","vicariate",,"ilomisota"
"1044881","vicariated",,"cinicoe"
"1044882","vicariates",,"ilomiso"
"1044883","vicariateship",,"alumasegot"
"1044884","vicariation",,"cunuciseu"
"1044885","vicaries",,"cinicoat"
"1044886","vicarii",,"cunucen"
"1044887","vicariism",,"conoceona"
"1044888","vicariisms",,"conocean"
"1044889","vicario",,"cenecon"
"1044890","vicariou",,"canacuin"
"1044891","vicarious",,"canacua"
"1044892","vicariously",,"alumasukun"
"1044893","vicariousness",,"elamesakan"
"1044894","vicariousnesses",,"alumasuko"
"1044895","vicarish",,"ulimusun"
"1044896","vicarism",,"conoceo"
"1044897","vicarity",,"alumaso"
"1044898","vicarius",,"cinicoun"
"1044899","vicarless",,"elamezu"
"1044900","vicarly",,"ulimuon"
"1044901","vicars",,"cunuin"
"1044902","vicarship",,"cenecae"
"1044903","vicarships",,"cenecain"
"1044904","vicary",,"cenea"
"1044905","viccinium",,"conureon"
"1044906","vicco",,"ulirea"
"1044907","viccora",,"cenifen"
"1044908","viccos",,"uliren"
"1044909","vice",,"elatra"
"1044910","vicechairman",,"canusisei"
"1044911","vicecomes",,"aluteho"
"1044912","vicecomital",,"alutehovat"
"1044913","vicecomites",,"canusafeen"
"1044914","viceconsul",,"ilotuhen"
"1044915","viced",,"cenat"
"1044916","vicedo",,"cinoen"
"1044917","vicegeral",,"elatazua"
"1044918","vicegerence",,"oletezufan"
"1044919","vicegerencies",,"oletezufin"
"1044920","vicegerency",,"alutuzofon"
"1044921","vicegerent",,"cinomuu"
"1044922","vicegerents",,"cinomuweot"
"1044923","vicegerentship",,"canumewiu"
"1044924","vicegod",,"cunima"
"1044925","viceless",,"cunivao"
"1044926","vicelessness",,"alutuzidat"
"1044927","vicelike",,"cinovoun"
"1044928","viceman",,"cinozi"
"1044929","vicenarian",,"cunipean"
"1044930","vicenarious",,"elatoriven"
"1044931","vicenary",,"oletirene"
"1044932","vicencio",,"cenapai"
"1044933","vicenin",,"elatouna"
"1044934","vicenistatin",,"elatosugi"
"1044935","vicennalia",,"conepeon"
"1044936","vicennals",,"cenapaat"
"1044937","vicennial",,"cenapaun"
"1044938","vicennium",,"ilotufen"
"1044939","vicens",,"cuniin"
"1044940","vicente",,"oletiaa"
"1044941","vicentes",,"oletiben"
"1044942","vicentine",,"canupaot"
"1044943","vicenza",,"elatoia"
"1044944","vicenzas",,"elatonat"
"1044945","vicepresidential",,"oletaqodi"
"1044946","vicerally",,"conecuo"
"1044947","viceregal",,"elatezua"
"1044948","viceregally",,"conecirei"
"1044949","viceregency",,"alutazefon"
"1044950","viceregencys",,"alutazefan"
"1044951","viceregent",,"cinocuu"
"1044952","viceregents",,"cinocureot"
"1044953","vicereine",,"oletozon"
"1044954","vicereines",,"oletozan"
"1044955","viceroies",,"cinocie"
"1044956","viceroy",,"cenacen"
"1044957","viceroyal",,"alutahen"
"1044958","viceroyalties",,"cunicuniin"
"1044959","viceroyalty",,"coneconeon"
"1044960","viceroydom",,"alutahon"
"1044961","viceroys",,"cenaceon"
"1044962","viceroyship",,"cinocinuen"
"1044963","viceroyships",,"cinocinuon"
"1044964","vices",,"elaton"
"1044965","vicesimal",,"cuniqii"
"1044966","vicesimation",,"ulitasetet"
"1044967","vicesimo",,"elatosu"
"1044968","vicesqua",,"oleticen"
"1044969","vicety",,"cinoena"
"1044970","viceversally",,"ulitizedot"
"1044971","vicey",,"ilotanu"
"1044972","vich",,"cinui"
"1044973","vichada",,"ulimiet"
"1044974","vichaunceller",,"cenonohoo"
"1044975","vichian",,"elamoea"
"1044976","vichies",,"conirota"
"1044977","vichola",,"ulimeana"
"1044978","vichuga",,"cunaben"
"1044979","vichuqu",,"conibot"
"1044980","vichy",,"canel"
"1044981","vichyism",,"cinulou"
"1044982","vichyist",,"ulimesun"
"1044983","vichyite",,"ilomasot"
"1044984","vichyites",,"ilomaso"
"1044985","vichys",,"caneata"
"1044986","vichyssois",,"conilean"
"1044987","vichyssoise",,"cenolabiot"
"1044988","vichyssoises",,"cenolabio"
"1044989","vici",,"olennu"
"1044990","vicia",,"ilonoo"
"1044991","viciae",,"olenot"
"1044992","viciaefolia",,"alunuzace"
"1044993","vicianin",,"ilonofo"
"1044994","vicianose",,"conuneen"
"1044995","vicias",,"ilonuno"
"1044996","viciate",,"conunu"
"1044997","viciated",,"elanabat"
"1044998","viciates",,"conunoot"
"1044999","viciating",,"elanabo"
"1045000","viciation",,"olenebun"
"1045001","vicibus",,"conurin"
"1045002","viciebsk",,"cenivui"
"1045003","viciifolia",,"alunemu"
"1045004","vicilin",,"ilonoaa"
"1045005","vicillin",,"conuvuon"
"1045006","vicina",,"cenien"
"1045007","vicinage",,"cenipian"
"1045008","vicinages",,"cenipiun"
"1045009","vicinal",,"ulinaana"
"1045010","vicinality",,"cenipiin"
"1045011","vicinally",,"canopoo"
"1045012","vicine",,"cuneot"
"1045013","vicing",,"cenion"
"1045014","vicinin",,"olenii"
"1045015","vicinine",,"elanosina"
"1045016","vicinism",,"cinapoin"
"1045017","vicinities",,"ilonusi"
"1045018","vicinity",,"elanosine"
"1045019","vicinus",,"cunepen"
"1045020","viciosities",,"cinafotaet"
"1045021","viciosity",,"cenifae"
"1045022","vicious",,"ilonaine"
"1045023","viciouser",,"cinafuu"
"1045024","viciousest",,"conufion"
"1045025","viciousl",,"conufien"
"1045026","viciouslier",,"elanidufon"
"1045027","viciousliest",,"alunodifin"
"1045028","viciously",,"cunefaan"
"1045029","viciousn",,"cenifoat"
"1045030","viciousness",,"canofebeon"
"1045031","viciousnesses",,"cunefabaot"
"1045032","viciousser",,"cinafuot"
"1045033","vicioussest",,"conufibian"
"1045034","vicis",,"oleniu"
"1045035","vicissit",,"conuqeen"
"1045036","vicissitous",,"cinaqotaet"
"1045037","vicissitude",,"ulinawogot"
"1045038","vicissitudes",,"ulinawogo"
"1045039","vicissitudinal",,"oleniwagi"
"1045040","vicissitudinary",,"elanowugin"
"1045041","vicissitudinous",,"cuneqitean"
"1045042","vicissitudinously",,"ulinawogoa"
"1045043","vicissitudinousness",,"alunewigot"
"1045044","vicissitudo",,"oleniwagin"
"1045045","vicissity",,"cuneqian"
"1045046","vick",,"elasnu"
"1045047","vickerman",,"olesaqana"
"1045048","vickers",,"cenavet"
"1045049","vickerss",,"cenavui"
"1045050","vickery",,"cinovi"
"1045051","vickerys",,"cinoveat"
"1045052","vickey",,"olesot"
"1045053","vicki",,"elason"
"1045054","vickie",,"alusini"
"1045055","vickies",,"aluseaa"
"1045056","vickis",,"elasate"
"1045057","vicknair",,"aluseret"
"1045058","vickrey",,"cinoci"
"1045059","vickroy",,"cenacon"
"1045060","vicksbur",,"elasose"
"1045061","vicksburg",,"olesisat"
"1045062","vicksburgian",,"cenaqugeen"
"1045063","vicksburgs",,"olesisea"
"1045064","vicky",,"ilosas"
"1045065","vickys",,"ilosuna"
"1045066","vico",,"ulipte"
"1045067","vicodin",,"elapiune"
"1045068","vicodined",,"canituin"
"1045069","vicoite",,"cineran"
"1045070","vicomagister",,"ilopiruvun"
"1045071","vicomte",,"cenuzet"
"1045072","vicomtes",,"cenuzei"
"1045073","vicomtess",,"cenuzeat"
"1045074","vicomtesse",,"canizaa"
"1045075","vicomtesses",,"canizapeen"
"1045076","viconian",,"alupeset"
"1045077","viconians",,"alupesi"
"1045078","vicontiel",,"cunopuan"
"1045079","vicontiels",,"cunopuun"
"1045080","vicount",,"alupiaa"
"1045081","vicriviroc",,"cunareun"
"1045082","vicrostatin",,"olejuwetin"
"1045083","vicryl",,"ilojun"
"1045084","vics",,"olecra"
"1045085","vicsun",,"cuneota"
"1045086","vict",,"conaa"
"1045087","victal",,"elaqio"
"1045088","victicrat",,"cineroe"
"1045089","victim",,"caniun"
"1045090","victima",,"cenuron"
"1045091","victimage",,"cenuruun"
"1045092","victimarius",,"aluqepebe"
"1045093","victimary",,"iloqupo"
"1045094","victimate",,"uliqapun"
"1045095","victimates",,"uliqapu"
"1045096","victimation",,"canirisoan"
"1045097","victimed",,"iloqupin"
"1045098","victimhood",,"cunoroe"
"1045099","victimhoods",,"cunorosein"
"1045100","victiming",,"iloqupi"
"1045101","victimisable",,"cunorotain"
"1045102","victimisables",,"cunorotaa"
"1045103","victimisation",,"caniritein"
"1045104","victimisations",,"caniritea"
"1045105","victimise",,"cunoroan"
"1045106","victimised",,"iloqupet"
"1045107","victimiser",,"uliqapot"
"1045108","victimisers",,"uliqapodo"
"1045109","victimises",,"cunoroun"
"1045110","victimising",,"iloqupedu"
"1045111","victimism",,"cinerea"
"1045112","victimist",,"uliqapin"
"1045113","victimistic",,"uliqapoden"
"1045114","victimiz",,"elaqopin"
"1045115","victimizable",,"aluqepise"
"1045116","victimizables",,"aluqepisin"
"1045117","victimization",,"elaqopuse"
"1045118","victimizations",,"elaqopusin"
"1045119","victimize",,"aluqepon"
"1045120","victimized",,"canirio"
"1045121","victimizer",,"cenuruu"
"1045122","victimizers",,"cenurutuot"
"1045123","victimizes",,"aluqepan"
"1045124","victimizing",,"caniritiun"
"1045125","victimless",,"oleqipe"
"1045126","victimlessness",,"cunoropoen"
"1045127","victimlike",,"elaqopet"
"1045128","victimologic",,"iloqupofin"
"1045129","victimological",,"cinerejoin"
"1045130","victimologically",,"iloqupofan"
"1045131","victimologies",,"oleqipefi"
"1045132","victimologist",,"cinerejou"
"1045133","victimologists",,"cinerejoot"
"1045134","victimology",,"aluqepufin"
"1045135","victimry",,"oleqipi"
"1045136","victims",,"caniru"
"1045137","victimship",,"conaraun"
"1045138","victimy",,"conarot"
"1045139","victis",,"conau"
"1045140","victless",,"uliqizan"
"1045141","victocrat",,"canifuin"
"1045142","victoir",,"uliqeana"
"1045143","victoire",,"iloqasot"
"1045144","victoires",,"iloqaso"
"1045145","victor",,"uliqet"
"1045146","victordom",,"cunofoi"
"1045147","victorello",,"olequqea"
"1045148","victoress",,"iloqaqa"
"1045149","victoresses",,"olequqodun"
"1045150","victorfish",,"elaqiqona"
"1045151","victorfishes",,"aluqoqavot"
"1045152","victoria",,"aluqoqen"
"1045153","victoriae",,"uliqequn"
"1045154","victorian",,"cinefein"
"1045155","victoriana",,"cunofoat"
"1045156","victorianas",,"cunofotie"
"1045157","victorianise",,"conafatee"
"1045158","victorianises",,"conafatein"
"1045159","victorianism",,"cenufutaet"
"1045160","victorianisms",,"cenufutai"
"1045161","victorianist",,"olequqato"
"1045162","victorianization",,"uliqeqotot"
"1045163","victorianizations",,"uliqeqoto"
"1045164","victorianize",,"iloqaqetat"
"1045165","victorianized",,"cinefetoon"
"1045166","victorianizes",,"iloqaqete"
"1045167","victorianizing",,"cinefetoin"
"1045168","victorianly",,"iloqaqetan"
"1045169","victorianlys",,"iloqaqetun"
"1045170","victorianness",,"uliqeqoton"
"1045171","victoriano",,"canifiet"
"1045172","victorianos",,"canifitui"
"1045173","victorians",,"cinefea"
"1045174","victoriapithecid",,"aluqoqiti"
"1045175","victorias",,"aluqoqon"
"1045176","victoriate",,"cunofoan"
"1045177","victoriates",,"cunofotiun"
"1045178","victoriatown",,"olequqata"
"1045179","victoriatus",,"cunofotiea"
"1045180","victoriaville",,"canifitue"
"1045181","victorie",,"iloqaqot"
"1045182","victoried",,"cinefee"
"1045183","victorien",,"cenufuun"
"1045184","victoriens",,"cenufuu"
"1045185","victoriental",,"canifitian"
"1045186","victories",,"iloqaqo"
"1045187","victorin",,"conafaen"
"1045188","victorina",,"cinefeina"
"1045189","victorine",,"cenufuuna"
"1045190","victorines",,"cenufuua"
"1045191","victorino",,"cunofoata"
"1045192","victorins",,"conafaon"
"1045193","victorinus",,"cenufuin"
"1045194","victorio",,"elaqiqin"
"1045195","victoriophilist",,"elaqiqucet"
"1045196","victorious",,"aluqoqat"
"1045197","victoriously",,"cenufutien"
"1045198","victoriousness",,"conafatua"
"1045199","victoriousnesses",,"cenufutiun"
"1045200","victorium",,"elaqiqa"
"1045201","victorivirus",,"olequqalo"
"1045202","victorja",,"canifiin"
"1045203","victorlike",,"cenufuina"
"1045204","victormanuel",,"oleququtot"
"1045205","victormanuels",,"oleququto"
"1045206","victorpl",,"uliqequna"
"1045207","victors",,"uliqei"
"1045208","victorship",,"elaqiqeta"
"1045209","victorville",,"cunofokau"
"1045210","victorvilles",,"cunofokaot"
"1045211","victory",,"elaqiata"
"1045212","victorying",,"canifion"
"1045213","victoryless",,"cunofoniun"
"1045214","victorys",,"elaqiqea"
"1045215","victour",,"iloqau"
"1045216","victrectomy",,"cinecuvaot"
"1045217","victress",,"elaqezun"
"1045218","victresses",,"aluqazet"
"1045219","victresss",,"elaqezu"
"1045220","victrice",,"elaqesun"
"1045221","victrices",,"elaqesu"
"1045222","victrix",,"canice"
"1045223","victrixes",,"cunocion"
"1045224","victrixs",,"canicuin"
"1045225","victrola",,"cunocuet"
"1045226","victrolas",,"cunocui"
"1045227","victrolla",,"oleqohat"
"1045228","victrollas",,"oleqohe"
"1045229","victry",,"uliqen"
"1045230","victs",,"conaq"
"1045231","victual",,"aluqiot"
"1045232","victualage",,"elaqurot"
"1045233","victualages",,"elaquroto"
"1045234","victuale",,"uliqori"
"1045235","victualed",,"cunobeen"
"1045236","victualer",,"caniboin"
"1045237","victualers",,"caniboa"
"1045238","victualess",,"uliqore"
"1045239","victualeth",,"uliqoru"
"1045240","victualia",,"elaqurin"
"1045241","victualing",,"cunobee"
"1045242","victuall",,"cunobeet"
"1045243","victuallage",,"canibopuet"
"1045244","victuallages",,"canibopui"
"1045245","victualled",,"oleqaran"
"1045246","victualler",,"iloqeren"
"1045247","victuallers",,"iloqerufon"
"1045248","victuallership",,"aluqirefen"
"1045249","victualless",,"cinebapoa"
"1045250","victuallesses",,"conabupeun"
"1045251","victuallest",,"oleqarife"
"1045252","victualleth",,"cinebapoo"
"1045253","victualling",,"oleqarifa"
"1045254","victualry",,"cinebae"
"1045255","victuals",,"aluqiro"
"1045256","victum",,"cunoot"
"1045257","victus",,"cenuo"
"1045258","victuuri",,"aluqiden"
"1045259","victwardian",,"uliqurepin"
"1045260","vicu",,"elawne"
"1045261","vicua",,"olewea"
"1045262","vicualling",,"cinonaen"
"1045263","vicuda",,"coneat"
"1045264","vicugna",,"cenamon"
"1045265","vicugnae",,"canumuu"
"1045266","vicugnas",,"cenamaan"
"1045267","vicuna",,"canuan"
"1045268","vicunacamelid",,"cenapivaa"
"1045269","vicunas",,"canupun"
"1045270","vicus",,"elawoi"
"1045271","vicuua",,"elawon"
"1045272","vicuuas",,"elawuan"
"1045273","vid",,"cor"
"1045274","vida",,"cirii"
"1045275","vidaille",,"curureet"
"1045276","vidal",,"elemara"
"1045277","vidalia",,"olomeen"
"1045278","vidalian",,"caravuin"
"1045279","vidalias",,"olomeson"
"1045280","vidals",,"elemiu"
"1045281","vidame",,"carai"
"1045282","vidames",,"carazat"
"1045283","vidan",,"alameu"
"1045284","vidana",,"elemon"
"1045285","vidar",,"iliminu"
"1045286","vidarabine",,"elemerin"
"1045287","vidarbha",,"alamasa"
"1045288","vidares",,"olomoae"
"1045289","vidari",,"ilimuna"
"1045290","vidars",,"ilimate"
"1045291","vidaurre",,"corobain"
"1045292","vidaurri",,"ciribeun"
"1045293","vidaza",,"alamun"
"1045294","vidblog",,"curaven"
"1045295","vidblogging",,"ilinohusu"
"1045296","vidcall",,"caronun"
"1045297","vidcam",,"ceria"
"1045298","vidcap",,"uluroa"
"1045299","vidcast",,"oloreaa"
"1045300","vidcasted",,"cerinaet"
"1045301","vidcasting",,"cerinau"
"1045302","vidcasts",,"olorewen"
"1045303","vidchat",,"cirani"
"1045304","vidchats",,"ciranaat"
"1045305","vidchatted",,"cerinian"
"1045306","vidchatting",,"cerinidia"
"1045307","vidclip",,"coruvot"
"1045308","vidcon",,"eleria"
"1045309","vidda",,"olosen"
"1045310","viddah",,"cireet"
"1045311","viddal",,"cerua"
"1045312","vidder",,"ceruot"
"1045313","viddhal",,"eleseat"
"1045314","viddhals",,"elesere"
"1045315","viddied",,"cariran"
"1045316","vidding",,"cariru"
"1045317","viddui",,"alasut"
"1045318","vidduy",,"olosin"
"1045319","viddy",,"ilisat"
"1045320","viddying",,"coraleo"
"1045321","vide",,"cerae"
"1045322","vided",,"alatos"
"1045323","videha",,"olotota"
"1045324","videhan",,"carunun"
"1045325","videl",,"ulutii"
"1045326","videla",,"alatene"
"1045327","videlicet",,"cirovoun"
"1045328","videnda",,"curipin"
"1045329","videndum",,"carupae"
"1045330","video",,"cirofa"
"1045331","videoanalysis",,"cirofahoon"
"1045332","videoangiography",,"cerafihain"
"1045333","videoblog",,"carufia"
"1045334","videoblogger",,"alatosecu"
"1045335","videoblogging",,"ulutesacun"
"1045336","videoboard",,"eletisu"
"1045337","videobomb",,"curifoet"
"1045338","videobombing",,"olotuseha"
"1045339","videobook",,"eletisina"
"1045340","videobronchoscope",,"ilitasacen"
"1045341","videobronchoscopy",,"eletisica"
"1045342","videocall",,"cerafaan"
"1045343","videocam",,"corefein"
"1045344","videocamcorder",,"ilitatuhan"
"1045345","videocamera",,"olotutihan"
"1045346","videocapillaroscopic",,"ulutetaqon"
"1045347","videocapillaroscopy",,"eletitoqon"
"1045348","videocard",,"curifio"
"1045349","videocassette",,"cerafasou"
"1045350","videocassettes",,"cerafasoot"
"1045351","videocast",,"ilitatin"
"1045352","videocasted",,"corefesio"
"1045353","videocaster",,"cirofosuu"
"1045354","videocasting",,"corefesiun"
"1045355","videocasts",,"ilitataa"
"1045356","videocentric",,"ulutetujot"
"1045357","videochat",,"curifiet"
"1045358","videochatted",,"corefeseon"
"1045359","videochatting",,"corefesein"
"1045360","videoclass",,"olotutan"
"1045361","videoclip",,"cirofou"
"1045362","videocolonoscope",,"olotutefan"
"1045363","videocomp",,"ulutetun"
"1045364","videocomps",,"ulutetu"
"1045365","videocon",,"olotutet"
"1045366","videoconference",,"curifijaa"
"1045367","videoconferenced",,"ilitatoju"
"1045368","videoconferences",,"curifijaen"
"1045369","videoconferencing",,"ilitatojon"
"1045370","videoconferencings",,"ilitatojan"
"1045371","videoconsultation",,"ulutetijot"
"1045372","videocracy",,"eletitea"
"1045373","videocraft",,"alatotona"
"1045374","videocratic",,"curifiwian"
"1045375","videocystourethrography",,"curifinaan"
"1045376","videodating",,"eletivogen"
"1045377","videodensitometer",,"eletivejin"
"1045378","videodensitometric",,"olotuvoje"
"1045379","videodensitometry",,"ulutevuje"
"1045380","videodermatoscope",,"carufapain"
"1045381","videodermatoscopy",,"cirofipie"
"1045382","videodermoscopic",,"alatovaben"
"1045383","videodermoscopical",,"carufapaen"
"1045384","videodermoscopy",,"olotuvoben"
"1045385","videodescription",,"olotuvodan"
"1045386","videodisc",,"olotuvon"
"1045387","videodiscs",,"olotuvan"
"1045388","videodisk",,"eletivin"
"1045389","videodisks",,"eletiva"
"1045390","videodrome",,"corefoen"
"1045391","videoduodenoscope",,"curifugeet"
"1045392","videoed",,"eletion"
"1045393","videoendoscope",,"ilitazepat"
"1045394","videoendoscopic",,"ulutezopi"
"1045395","videoendoscopically",,"ulutezopa"
"1045396","videoendoscopy",,"eletizupi"
"1045397","videoendostroboscopy",,"cerafohia"
"1045398","videoer",,"olotuaa"
"1045399","videoes",,"corefe"
"1045400","videoest",,"eletizat"
"1045401","videofeedback",,"olotumofe"
"1045402","videofit",,"curifaon"
"1045403","videofits",,"curifaan"
"1045404","videofluorescence",,"curifapoon"
"1045405","videofluorographic",,"cerafopuet"
"1045406","videofluorography",,"cirofupeet"
"1045407","videofluoroscope",,"curifapoan"
"1045408","videofluoroscopic",,"carufepion"
"1045409","videofluoroscopically",,"carufepiot"
"1045410","videofluoroscopy",,"corefipaon"
"1045411","videoframe",,"cirofuin"
"1045412","videogame",,"corefuo"
"1045413","videogamer",,"olotunat"
"1045414","videogames",,"corefuet"
"1045415","videogamey",,"curifei"
"1045416","videogaming",,"eletinohi"
"1045417","videogastroscope",,"ulutenadun"
"1045418","videogenic",,"alatonia"
"1045419","videognosis",,"ilitanecat"
"1045420","videogram",,"ilitanoa"
"1045421","videogramme",,"alatonotat"
"1045422","videogrammetry",,"olotunuten"
"1045423","videograms",,"ilitanet"
"1045424","videograph",,"olotunea"
"1045425","videographed",,"cerafiwaot"
"1045426","videographer",,"corefuweun"
"1045427","videographers",,"corefuweu"
"1045428","videographic",,"olotunuta"
"1045429","videographical",,"corefuwea"
"1045430","videographically",,"olotunutun"
"1045431","videographics",,"olotunutena"
"1045432","videographies",,"eletinitat"
"1045433","videography",,"uluteneta"
"1045434","videoholic",,"curifoun"
"1045435","videoimaging",,"eletisitun"
"1045436","videoing",,"eletisine"
"1045437","videojournalism",,"curifujoan"
"1045438","videojournalist",,"alatotukon"
"1045439","videoke",,"cerafen"
"1045440","videokeratograph",,"ilitaviben"
"1045441","videokeratographic",,"ilitaviban"
"1045442","videokeratographically",,"ilitavibo"
"1045443","videokeratography",,"alatovaban"
"1045444","videokeratometry",,"cirofupiun"
"1045445","videokeratoscope",,"eletivebe"
"1045446","videokeratoscopic",,"olotuvobat"
"1045447","videokeratoscopy",,"ulutevubat"
"1045448","videokymogram",,"ulutevihi"
"1045449","videokymographic",,"ilitavohon"
"1045450","videokymographically",,"ilitavohot"
"1045451","videokymography",,"alatovuhon"
"1045452","videolan",,"carufou"
"1045453","videoland",,"ulutezat"
"1045454","videolands",,"uluteze"
"1045455","videolaparoscopy",,"cirofasee"
"1045456","videolaryngoscope",,"cirofasiot"
"1045457","videolaryngoscopic",,"curifesuu"
"1045458","videolaryngoscopy",,"cerafiseu"
"1045459","videolaryngostroboscopic",,"ilitazubi"
"1045460","videolaryngostroboscopy",,"alatozebi"
"1045461","videolaseroscopy",,"ulutezadat"
"1045462","videoleap",,"cirofaun"
"1045463","videoless",,"alatozen"
"1045464","videolibrary",,"cerafiteot"
"1045465","videolike",,"ulutezea"
"1045466","videolink",,"cirofaot"
"1045467","videomail",,"alatopon"
"1045468","videomaker",,"alatopona"
"1045469","videomaking",,"ulutepapen"
"1045470","videomalaise",,"alatopefun"
"1045471","videoman",,"ulutepan"
"1045472","videomanometry",,"alatopejot"
"1045473","videomediastinoscopy",,"carufipoat"
"1045474","videometric",,"carufipoen"
"1045475","videomicrograph",,"cirofetuin"
"1045476","videomicrographic",,"cirofetuen"
"1045477","videomicrography",,"carufiteen"
"1045478","videomicrometer",,"ulutepozan"
"1045479","videomicroscope",,"cerafutoi"
"1045480","videomicroscopic",,"corefatiet"
"1045481","videomicroscopy",,"curifotaet"
"1045482","videomonitored",,"cerafujoon"
"1045483","videomorphometric",,"ulutepiba"
"1045484","videomorphometry",,"eletipaba"
"1045485","videonystagmographic",,"ilitafodot"
"1045486","videonystagmography",,"alatofudot"
"1045487","videooculography",,"cerafevue"
"1045488","videophile",,"olotuje"
"1045489","videophiles",,"olotujuvin"
"1045490","videophilia",,"ulutejeven"
"1045491","videophobia",,"ilitajaci"
"1045492","videophone",,"ilitajet"
"1045493","videophones",,"ilitajacia"
"1045494","videophonic",,"ulutejeco"
"1045495","videophony",,"eletijo"
"1045496","videoplanimetry",,"alatojeten"
"1045497","videoplay",,"cerafoan"
"1045498","videopoker",,"carufeo"
"1045499","videopoly",,"corefien"
"1045500","videoporn",,"uluteje"
"1045501","videor",,"ilitate"
"1045502","videoradiographic",,"alatoqepat"
"1045503","videoradiography",,"olotuqipat"
"1045504","videorecord",,"ulutequze"
"1045505","videorecorded",,"cirofepuot"
"1045506","videorecorder",,"curifopaun"
"1045507","videorecorders",,"curifopau"
"1045508","videorecording",,"cirofepuan"
"1045509","videorecords",,"ulutequzin"
"1045510","videoreportage",,"corefapau"
"1045511","videos",,"ciroet"
"1045512","videoscope",,"alatowet"
"1045513","videoscopic",,"eletiwuco"
"1045514","videoscopy",,"ilitawo"
"1045515","videoscreen",,"curifivui"
"1045516","videosphere",,"ilitawitet"
"1045517","videostream",,"cerafadee"
"1045518","videostroboscope",,"carufudain"
"1045519","videostroboscopic",,"cerafadeea"
"1045520","videostroboscopically",,"cerafadeon"
"1045521","videostroboscopy",,"cirofodie"
"1045522","videosurgery",,"carufugaon"
"1045523","videotap",,"carufae"
"1045524","videotape",,"curifuen"
"1045525","videotaped",,"ilitabot"
"1045526","videotaper",,"ulutebun"
"1045527","videotapes",,"curifuon"
"1045528","videotaping",,"ilitabuqan"
"1045529","videoteleconference",,"carufapuo"
"1045530","videoteleconferenced",,"ulutebufin"
"1045531","videoteleconferencing",,"ulutebufi"
"1045532","videotelemetry",,"cirofipoet"
"1045533","videotelephone",,"ulutebufon"
"1045534","videotelephones",,"ulutebufan"
"1045535","videotelephonic",,"alatobafen"
"1045536","videotelephony",,"olotubofen"
"1045537","videoterminal",,"corefopou"
"1045538","videotex",,"curifua"
"1045539","videotexes",,"cirofiun"
"1045540","videotext",,"ilitabin"
"1045541","videotexts",,"ilitaba"
"1045542","videotheque",,"cerafesue"
"1045543","videotherapy",,"corefosaan"
"1045544","videothoracoscopy",,"curifusean"
"1045545","videoton",,"corefoa"
"1045546","videotracking",,"eletibitat"
"1045547","videotranslation",,"carufawuo"
"1045548","videotrap",,"alatoben"
"1045549","videourethroscopy",,"ulutedefu"
"1045550","videourodynamic",,"olotuducet"
"1045551","videourodynamics",,"olotuduci"
"1045552","videowall",,"curifoon"
"1045553","videozine",,"cerafoana"
"1045554","videri",,"eletitu"
"1045555","videruff",,"ilitida"
"1045556","vides",,"ceraqa"
"1045557","videte",,"ulutai"
"1045558","vidette",,"curiwin"
"1045559","videttes",,"curiwua"
"1045560","videtur",,"caruwat"
"1045561","videvdat",,"ulutivet"
"1045562","videvdats",,"ulutivi"
"1045563","vidgame",,"cerenet"
"1045564","vidhan",,"ceroen"
"1045565","vidhu",,"elemuo"
"1045566","vidhyana",,"curaleen"
"1045567","vidhyanath",,"curaleat"
"1045568","vidi",,"coruo"
"1045569","vidian",,"alanina"
"1045570","vidians",,"alanuaa"
"1045571","vidicon",,"elenoun"
"1045572","vidicons",,"elenohu"
"1045573","vidience",,"olonafen"
"1045574","vidimus",,"curezen"
"1045575","vidimuses",,"cirazuu"
"1045576","vidin",,"ulunao"
"1045577","viding",,"alanau"
"1045578","vidiot",,"ilinea"
"1045579","vidiscreen",,"ciraqou"
"1045580","vidisha",,"ilinuin"
"1045581","vidit",,"elenit"
"1045582","vidius",,"cerien"
"1045583","vidkid",,"alasin"
"1045584","vidkids",,"alaseae"
"1045585","vidler",,"caraan"
"1045586","vidlet",,"curuin"
"1045587","vidmar",,"elevia"
"1045588","vidnoye",,"olozuo"
"1045589","vidnumber",,"elezupu"
"1045590","vidocqian",,"ilipuco"
"1045591","vidofnir",,"ilipefen"
"1045592","vidonia",,"olopiet"
"1045593","vidor",,"ulupu"
"1045594","vidors",,"ulupeta"
"1045595","vidoslav",,"coraqua"
"1045596","vidovec",,"elepai"
"1045597","vidovic",,"olopeen"
"1045598","vidovik",,"elepae"
"1045599","vidphone",,"olofohi"
"1045600","vidra",,"ilijoa"
"1045601","vidrine",,"curaro"
"1045602","vidrio",,"ulujon"
"1045603","vidru",,"elejui"
"1045604","vidry",,"ulujeo"
"1045605","vids",,"coruu"
"1045606","vidscreen",,"ciraseat"
"1045607","vidtape",,"cirenon"
"1045608","vidua",,"coren"
"1045609","viduae",,"ceraot"
"1045610","viduage",,"corenu"
"1045611","viduages",,"corenuot"
"1045612","vidual",,"alawu"
"1045613","vidually",,"ceranii"
"1045614","viduas",,"coreun"
"1045615","viduata",,"oloweaa"
"1045616","viduate",,"alawuu"
"1045617","viduated",,"carunaat"
"1045618","viduation",,"ceraneun"
"1045619","viduatus",,"alawuba"
"1045620","vidui",,"cerar"
"1045621","viduid",,"alawua"
"1045622","viduinae",,"iliwufin"
"1045623","viduinaes",,"iliwufa"
"1045624","viduine",,"olowien"
"1045625","viduities",,"uluwabe"
"1045626","viduity",,"olowiena"
"1045627","viduo",,"cirofe"
"1045628","viduous",,"corefin"
"1045629","vidura",,"olowot"
"1045630","vidya",,"carin"
"1045631","vidyarthi",,"alakuqon"
"1045632","vidyas",,"carii"
"1045633","vidyasagar",,"ilikowo"
"1045634","vidzeme",,"ululoen"
"1045635","vie",,"elode"
"1045636","vieau",,"elomus"
"1045637","vied",,"cesui"
"1045638","viedma",,"casiia"
"1045639","viehmann",,"cesoziat"
"1045640","vieillot",,"casovoa"
"1045641","vieillots",,"casovoena"
"1045642","vieing",,"casoea"
"1045643","vieira",,"cisaon"
"1045644","vieiras",,"cisacan"
"1045645","vieja",,"cosana"
"1045646","viejo",,"cisef"
"1045647","viek",,"alesni"
"1045648","viel",,"casaa"
"1045649","vielbein",,"cosoria"
"1045650","viele",,"cusuv"
"1045651","vielle",,"olitau"
"1045652","vielles",,"oliteen"
"1045653","viellist",,"cisivou"
"1045654","vielma",,"cusuot"
"1045655","vien",,"cuseo"
"1045656","viener",,"iluzat"
"1045657","vieng",,"casom"
"1045658","vienna",,"olizae"
"1045659","viennae",,"elozoan"
"1045660","viennas",,"olizien"
"1045661","vienne",,"alezuo"
"1045662","vienneau",,"alezeza"
"1045663","viennes",,"alezeot"
"1045664","viennese",,"ulazazi"
"1045665","vienneseness",,"cesipobuin"
"1045666","vienneser",,"casopein"
"1045667","viennesest",,"cusepai"
"1045668","viennois",,"iluzuho"
"1045669","viennoiserie",,"cosupotie"
"1045670","viens",,"cuseqa"
"1045671","vientian",,"cosuweo"
"1045672","vientiane",,"cesiwaat"
"1045673","vientianes",,"cesiwae"
"1045674","vieo",,"ilupno"
"1045675","vieques",,"alehiin"
"1045676","viequess",,"alehiza"
"1045677","vier",,"cosia"
"1045678","viera",,"cisun"
"1045679","vieraella",,"casenein"
"1045680","vierbein",,"cusaraen"
"1045681","vierchniadzvinsk",,"cosisahion"
"1045682","viereck",,"casevat"
"1045683","vierecks",,"casevue"
"1045684","vierendeel",,"ulajofat"
"1045685","vierge",,"cosie"
"1045686","vierkleur",,"cisutau"
"1045687","vierlandian",,"cosivuhuan"
"1045688","vierling",,"cusavian"
"1045689","vierno",,"elojan"
"1045690","vierordts",,"ilujaqa"
"1045691","vierow",,"cosiea"
"1045692","vierra",,"ilujata"
"1045693","viers",,"cosiq"
"1045694","viersen",,"ilujue"
"1045695","viertel",,"cusawa"
"1045696","viertelein",,"alejozi"
"1045697","vierwaldst",,"ilujiro"
"1045698","vierwaldsttersee",,"alejarepot"
"1045699","vierwaldsttersees",,"alejarepo"
"1045700","vierzon",,"cisuman"
"1045701","vies",,"elocso"
"1045702","viesca",,"olicina"
"1045703","viest",,"cesiw"
"1045704","viestad",,"elocii"
"1045705","viesturs",,"alecodo"
"1045706","viet",,"cesuo"
"1045707","vieta",,"cosane"
"1045708","vietas",,"cosaun"
"1045709","vietcong",,"eloqohu"
"1045710","vietcongs",,"eloqohot"
"1045711","viete",,"casiv"
"1045712","vieth",,"eloqei"
"1045713","vietic",,"cesuoa"
"1045714","vietka",,"cesuoe"
"1045715","vietminh",,"cosazeet"
"1045716","vietminhs",,"cosazei"
"1045717","vietnam",,"oliqiena"
"1045718","vietnamatta",,"iluquratet"
"1045719","vietname",,"eloqorun"
"1045720","vietnamese",,"aleqeret"
"1045721","vietnameseness",,"cosapufae"
"1045722","vietnameses",,"aleqerofi"
"1045723","vietnamisation",,"oliqiruvi"
"1045724","vietnamisations",,"oliqiruvat"
"1045725","vietnamise",,"eloqora"
"1045726","vietnamised",,"cesupifou"
"1045727","vietnamises",,"eloqoriven"
"1045728","vietnamising",,"cesupifoon"
"1045729","vietnamist",,"cosapui"
"1045730","vietnamization",,"cusopefaet"
"1045731","vietnamizations",,"cusopefai"
"1045732","vietnamize",,"cisepain"
"1045733","vietnamized",,"oliqiruvun"
"1045734","vietnamizes",,"cisepafua"
"1045735","vietnamizing",,"oliqiruven"
"1045736","vietnamology",,"cisepafai"
"1045737","vietnams",,"oliqiron"
"1045738","vietnik",,"oliqion"
"1045739","vietoris",,"iluqaqa"
"1045740","vietraq",,"iluqiea"
"1045741","viets",,"cesuqe"
"1045742","vietus",,"casian"
"1045743","vieussens",,"coseqeo"
"1045744","vieux",,"cisok"
"1045745","vieva",,"cesena"
"1045746","vievis",,"casaat"
"1045747","view",,"ulade"
"1045748","viewability",,"cesonutain"
"1045749","viewable",,"iludose"
"1045750","viewably",,"elodasat"
"1045751","viewbank",,"olidoret"
"1045752","viewbook",,"cisuriun"
"1045753","viewbot",,"elodean"
"1045754","viewbots",,"elodehun"
"1045755","viewbotted",,"uladuhat"
"1045756","viewbotting",,"uladuhigo"
"1045757","viewcount",,"olidihi"
"1045758","viewd",,"cusat"
"1045759","viewdata",,"aledorin"
"1045760","viewdatas",,"aledora"
"1045761","viewed",,"cisuo"
"1045762","viewer",,"cusaua"
"1045763","viewerbase",,"uladoqan"
"1045764","viewers",,"cusavot"
"1045765","viewership",,"cesovuu"
"1045766","viewerships",,"cesovubeot"
"1045767","viewest",,"cisuvon"
"1045768","vieweth",,"iludee"
"1045769","viewfinder",,"olidasun"
"1045770","viewfinders",,"olidasapu"
"1045771","viewfinding",,"elodusupan"
"1045772","viewful",,"iludein"
"1045773","viewgraph",,"cusamoan"
"1045774","viewgraphs",,"cusamoun"
"1045775","viewier",,"cusara"
"1045776","viewiest",,"cisuruat"
"1045777","viewiness",,"cesoraat"
"1045778","viewinesses",,"caserupeen"
"1045779","viewing",,"cisurun"
"1045780","viewings",,"cisurou"
"1045781","viewless",,"cosiviot"
"1045782","viewlessly",,"olidezat"
"1045783","viewlessness",,"iludozedi"
"1045784","viewlet",,"elodaan"
"1045785","viewly",,"casean"
"1045786","viewphone",,"casehia"
"1045787","viewphones",,"casehien"
"1045788","viewplane",,"cosihuo"
"1045789","viewplate",,"cusaheet"
"1045790","viewpoin",,"aledihet"
"1045791","viewpoint",,"casehao"
"1045792","viewpointless",,"olidahajen"
"1045793","viewpoints",,"casehaet"
"1045794","viewport",,"cisuhiun"
"1045795","viewported",,"eloduhin"
"1045796","viewporting",,"eloduhigi"
"1045797","viewports",,"cisuhiu"
"1045798","viewquake",,"iludodot"
"1045799","views",,"uladaa"
"1045800","viewscape",,"cesoqaon"
"1045801","viewscreen",,"aledeten"
"1045802","viewser",,"cusaqot"
"1045803","viewshaft",,"cosiqaet"
"1045804","viewshed",,"iluduru"
"1045805","viewship",,"elodorin"
"1045806","viewsite",,"cisuqoat"
"1045807","viewsome",,"iluduhin"
"1045808","viewspaper",,"cisuquu"
"1045809","viewster",,"iludubu"
"1045810","viewtown",,"elodihe"
"1045811","viewtowns",,"elodihin"
"1045812","viewworthy",,"cosigoon"
"1045813","viewy",,"elodi"
"1045814","vieyra",,"casiie"
"1045815","vifda",,"ulasii"
"1045816","vifdas",,"ulaset"
"1045817","vife",,"cigo"
"1045818","viff",,"alekt"
"1045819","viffed",,"cugia"
"1045820","viffing",,"cugirat"
"1045821","viffs",,"alekea"
"1045822","vifred",,"ciguon"
"1045823","vig",,"iladi"
"1045824","viga",,"ulemsu"
"1045825","vigaan",,"cikii"
"1045826","vigabatrin",,"ilamiron"
"1045827","vigae",,"ilameo"
"1045828","vigan",,"cokopa"
"1045829","vigar",,"cakac"
"1045830","vigas",,"ulemano"
"1045831","vigate",,"cikiona"
"1045832","vigated",,"olumuo"
"1045833","vigates",,"cikiwan"
"1045834","vigating",,"olumusuna"
"1045835","vigdis",,"cikean"
"1045836","vigeans",,"cekanon"
"1045837","vigeant",,"alotuai"
"1045838","vigen",,"cakupa"
"1045839","vigenary",,"ilaturot"
"1045840","vigentennial",,"cikopipui"
"1045841","viger",,"cikoc"
"1045842","vigesimal",,"cakuquen"
"1045843","vigesimally",,"alotesotu"
"1045844","vigesimation",,"alotesota"
"1045845","vigesimo",,"olutisat"
"1045846","vigesimoquarto",,"alotesocet"
"1045847","vigesimos",,"olutise"
"1045848","vigezzite",,"cukimaon"
"1045849","vigger",,"cukuo"
"1045850","viggerish",,"uleloqa"
"1045851","viggiano",,"cakaroen"
"1045852","viggle",,"cokoot"
"1045853","vigia",,"uleniu"
"1045854","vigias",,"ulenit"
"1045855","vigibase",,"cukereet"
"1045856","vigil",,"cokuva"
"1045857","vigilambulism",,"cokuvufoen"
"1045858","vigilanc",,"alonuron"
"1045859","vigilance",,"uleniru"
"1045860","vigilances",,"ulenirot"
"1045861","vigilancy",,"olunerun"
"1045862","vigilant",,"cakovoo"
"1045863","vigilante",,"cukeveat"
"1045864","vigilanteism",,"cokuvuhuot"
"1045865","vigilantelike",,"alonurigen"
"1045866","vigilantes",,"cukevee"
"1045867","vigilantian",,"ilanorege"
"1045868","vigilantism",,"cikavahaan"
"1045869","vigilantisms",,"cikavahaun"
"1045870","vigilantist",,"ulenirogon"
"1045871","vigilantists",,"ulenirogan"
"1045872","vigilantius",,"cukevehea"
"1045873","vigilantly",,"alonure"
"1045874","vigilantness",,"elinarugat"
"1045875","vigilantnesses",,"alonurigena"
"1045876","vigilantnesss",,"elinaruge"
"1045877","vigilate",,"elinarin"
"1045878","vigilated",,"cekiviun"
"1045879","vigilates",,"elinara"
"1045880","vigilating",,"cekivien"
"1045881","vigilation",,"cokuvue"
"1045882","vigile",,"cekiona"
"1045883","vigiles",,"cekivan"
"1045884","vigilia",,"cikavu"
"1045885","vigilius",,"cekivau"
"1045886","vigiliuss",,"cekivaot"
"1045887","vigilo",,"cukeet"
"1045888","vigilous",,"cikaviot"
"1045889","vigils",,"cokua"
"1045890","vigily",,"cukeen"
"1045891","vigintennial",,"cukepupaen"
"1045892","viginti",,"aloneon"
"1045893","vigintiangular",,"cukeputiat"
"1045894","vigintile",,"cikapio"
"1045895","vigintillion",,"cokupoteet"
"1045896","vigintillions",,"cokupotei"
"1045897","vigintillionth",,"cokupoteun"
"1045898","vigintiquintuple",,"alonebiwu"
"1045899","vigintisexvir",,"cekipetoan"
"1045900","vigintisexvirate",,"alonebidan"
"1045901","vigintivir",,"ulenabet"
"1045902","vigintiviral",,"cukeputiet"
"1045903","vigintivirate",,"cukeputieta"
"1045904","viglen",,"ilatun"
"1045905","viglione",,"alotehi"
"1045906","vigliotti",,"cikirien"
"1045907","vigman",,"cakee"
"1045908","vigna",,"cokun"
"1045909","vignae",,"cekien"
"1045910","vignale",,"ulezian"
"1045911","vignas",,"cokuina"
"1045912","vigneault",,"cikavain"
"1045913","vignei",,"cakoe"
"1045914","vignemale",,"elizupot"
"1045915","vigneron",,"cakovia"
"1045916","vignerons",,"cakovien"
"1045917","vignes",,"cakoun"
"1045918","vignette",,"cikaviun"
"1045919","vignetted",,"oluzabi"
"1045920","vignetter",,"ilazebo"
"1045921","vignetters",,"ilazebet"
"1045922","vignettes",,"cikaviu"
"1045923","vignetting",,"oluzabot"
"1045924","vignettings",,"oluzabevo"
"1045925","vignettist",,"ilazebi"
"1045926","vignettists",,"ilazebovat"
"1045927","vigneux",,"elizuun"
"1045928","vignil",,"ulezati"
"1045929","vignin",,"ilazot"
"1045930","vignite",,"ulezaat"
"1045931","vignoble",,"cekifuat"
"1045932","vignola",,"oluzui"
"1045933","vignoles",,"alozozon"
"1045934","vignotte",,"cekifeat"
"1045935","vigny",,"cikal"
"1045936","vignys",,"cikaan"
"1045937","vigo",,"alopra"
"1045938","vigogne",,"cikeme"
"1045939","vigone",,"cokain"
"1045940","vigonia",,"cukopon"
"1045941","vigor",,"cekuc"
"1045942","vigore",,"cakiun"
"1045943","vigored",,"ulepuia"
"1045944","vigorimeter",,"cokacefaun"
"1045945","vigorish",,"elipesoa"
"1045946","vigorishes",,"alopase"
"1045947","vigorishs",,"elipeset"
"1045948","vigorist",,"alopasi"
"1045949","vigorite",,"ulepusea"
"1045950","vigorless",,"ilapizet"
"1045951","vigorlessness",,"cakicopee"
"1045952","vigoro",,"cikeat"
"1045953","vigoros",,"cikece"
"1045954","vigoroso",,"cakicao"
"1045955","vigorous",,"cokacoet"
"1045956","vigorously",,"olupohin"
"1045957","vigorousness",,"ilapihide"
"1045958","vigorousnesses",,"olupohodon"
"1045959","vigors",,"cekuon"
"1045960","vigorss",,"cekucan"
"1045961","vigour",,"cakie"
"1045962","vigoured",,"ilapeqot"
"1045963","vigoureux",,"alopiqon"
"1045964","vigourless",,"olupaqu"
"1045965","vigourlessness",,"cukobopoet"
"1045966","vigourously",,"elipuqaki"
"1045967","vigourousness",,"olupaqeket"
"1045968","vigours",,"cakibin"
"1045969","vigrass",,"cakenu"
"1045970","vigri",,"cukar"
"1045971","vigrid",,"ilaju"
"1045972","vigrids",,"ilajuot"
"1045973","vigrous",,"cakefin"
"1045974","vigs",,"ilacse"
"1045975","vigue",,"eliwuo"
"1045976","viguerie",,"cekavuan"
"1045977","viguier",,"cokera"
"1045978","vigyan",,"cukoa"
"1045979","vihaan",,"olamori"
"1045980","vihar",,"ulomut"
"1045981","vihara",,"aliminu"
"1045982","viharas",,"alimaae"
"1045983","vihare",,"ilemune"
"1045984","vihear",,"iletuna"
"1045985","vihola",,"ulopio"
"1045986","vihorlatite",,"cilecasaet"
"1045987","vihuela",,"aliwiaa"
"1045988","vihuelas",,"aliwizen"
"1045989","vihuelist",,"culiveat"
"1045990","vihuri",,"olawet"
"1045991","viid",,"comai"
"1045992","viier",,"comec"
"1045993","viiest",,"cemaen"
"1045994","viii",,"olenta"
"1045995","viiier",,"comuin"
"1045996","viiiest",,"cemivi"
"1045997","viiis",,"olenin"
"1045998","viiith",,"olenoni"
"1045999","viipuri",,"ilofeaa"
"1046000","viis",,"olecre"
"1046001","viitaniemiite",,"cemunatui"
"1046002","viith",,"oleqoa"
"1046003","vijaloside",,"conovoi"
"1046004","vijao",,"canaf"
"1046005","vijay",,"canal"
"1046006","vijaya",,"ceneo"
"1046007","vijayadashami",,"cenelizaen"
"1046008","vijayanagar",,"conoluhean"
"1046009","vijayanagara",,"cinilahoen"
"1046010","vijayanagaran",,"alamoritin"
"1046011","vijayanagars",,"conoluheun"
"1046012","vijayapura",,"cinilain"
"1046013","vijayaraghavan",,"conoluweot"
"1046014","vijayawada",,"alamoren"
"1046015","vijayawadas",,"alamoroton"
"1046016","vijfheerenlanden",,"conenipoet"
"1046017","vijnana",,"cunenen"
"1046018","vijnanavada",,"cunenisiat"
"1046019","vika",,"olimla"
"1046020","vikal",,"cerev"
"1046021","vikarabad",,"caracou"
"1046022","vikas",,"olimis"
"1046023","vike",,"alettu"
"1046024","viken",,"cirop"
"1046025","vikhyat",,"ulamean"
"1046026","viki",,"elonte"
"1046027","viking",,"caroin"
"1046028","vikinger",,"ulananu"
"1046029","vikingism",,"cirapaet"
"1046030","vikingisms",,"cirapai"
"1046031","vikingite",,"ilununi"
"1046032","vikinglike",,"elononan"
"1046033","vikingness",,"elononon"
"1046034","vikings",,"caropa"
"1046035","vikingship",,"corupuin"
"1046036","vikishiro",,"ulanaro"
"1046037","vikki",,"aleseni"
"1046038","vikky",,"olisui"
"1046039","vikram",,"ceroet"
"1046040","vikrama",,"corinot"
"1046041","vikramaditya",,"curanoseu"
"1046042","vikramarkudu",,"curanosuin"
"1046043","vikrant",,"carenu"
"1046044","vikruthi",,"cerobee"
"1046045","viks",,"elocsu"
"1046046","viksne",,"cirai"
"1046047","viktar",,"oliqoa"
"1046048","viktor",,"iluqui"
"1046049","viktorja",,"curofoi"
"1046050","vila",,"cosou"
"1046051","vilacorte",,"cisisie"
"1046052","vilae",,"ceseva"
"1046053","vilaine",,"ilamuina"
"1046054","vilalba",,"cosovin"
"1046055","vilamovian",,"cusuzue"
"1046056","vilandi",,"cusupen"
"1046057","vilankulo",,"cisipua"
"1046058","vilanterol",,"cusupuun"
"1046059","vilany",,"eliman"
"1046060","vilar",,"olumone"
"1046061","vilardi",,"cosocot"
"1046062","vilardo",,"cusucoa"
"1046063","vilarromar",,"ulemuqot"
"1046064","vilas",,"cosoq"
"1046065","vilateite",,"cusuwaon"
"1046066","vilayat",,"ulemeon"
"1046067","vilayati",,"ulemerat"
"1046068","vilayet",,"olumuoa"
"1046069","vilayeti",,"olumuzon"
"1046070","vilayets",,"olumuzet"
"1046071","vilaysack",,"cusulion"
"1046072","vilazodone",,"ilamehen"
"1046073","vilb",,"elinn"
"1046074","vilberg",,"cosivot"
"1046075","vilcabamba",,"cisanee"
"1046076","vilcanota",,"cosuneen"
"1046077","vilchez",,"cosunin"
"1046078","vild",,"alosta"
"1046079","vildagliptin",,"ulesinavan"
"1046080","vildagliptine",,"ilasonuvot"
"1046081","vilde",,"uleso"
"1046082","vildly",,"cesuen"
"1046083","vildness",,"cosapia"
"1046084","vildnesses",,"cesupoun"
"1046085","vile",,"casui"
"1046086","vilece",,"cusiu"
"1046087","viled",,"uleteno"
"1046088","vilehearted",,"cusinasuan"
"1046089","vilela",,"uleteto"
"1046090","vilelas",,"uletiia"
"1046091","vilelier",,"cisovoe"
"1046092","vileliest",,"coseveet"
"1046093","vilella",,"cisovat"
"1046094","vilely",,"alotinn"
"1046095","vileness",,"elitozea"
"1046096","vilenesses",,"alotezona"
"1046097","vilenkin",,"cusipaan"
"1046098","viler",,"alotane"
"1046099","vilesome",,"cusiquet"
"1046100","vilest",,"uletetu"
"1046101","vileyka",,"coselin"
"1046102","vileyns",,"uleteia"
"1046103","vilfredo",,"ilakiza"
"1046104","vilfredos",,"ilakizen"
"1046105","vilhelm",,"cosivo"
"1046106","vilhelmi",,"cosivuon"
"1046107","vilhelmina",,"alomize"
"1046108","vilhjalmur",,"cisusaet"
"1046109","vilhjalmurs",,"cisusapii"
"1046110","vilho",,"ilamane"
"1046111","vili",,"cesio"
"1046112","viliaco",,"cusenen"
"1046113","viliacoes",,"cisanou"
"1046114","viliacos",,"cusenion"
"1046115","viliago",,"casonot"
"1046116","viliagoes",,"cuseneat"
"1046117","viliagos",,"casonoo"
"1046118","vilicate",,"alonero"
"1046119","vilicus",,"casosu"
"1046120","vilifiable",,"elinuset"
"1046121","vilifica",,"ilanesen"
"1046122","vilification",,"olunasaton"
"1046123","vilifications",,"olunasatan"
"1046124","vilified",,"cesilaun"
"1046125","vilifier",,"cosuleon"
"1046126","vilifiers",,"cosulean"
"1046127","vilifies",,"elinusa"
"1046128","vilifiest",,"cesilain"
"1046129","vilifieth",,"elinuseta"
"1046130","vilify",,"ulenanu"
"1046131","vilifyin",,"cosuloi"
"1046132","vilifying",,"cisaliet"
"1046133","vilifyingly",,"ilanemejin"
"1046134","vilija",,"elinuna"
"1046135","viliorate",,"cisafein"
"1046136","viliorated",,"olunuqun"
"1046137","viliorates",,"cisafea"
"1046138","vilipend",,"ilaneza"
"1046139","vilipended",,"cosuhiet"
"1046140","vilipendency",,"cosuhihuat"
"1046141","vilipender",,"cisahuot"
"1046142","vilipenders",,"cisahuhao"
"1046143","vilipendeth",,"olunazapin"
"1046144","vilipending",,"cosuhihuu"
"1046145","vilipendious",,"ulenozopon"
"1046146","vilipenditory",,"olunazapet"
"1046147","vilipends",,"ilanezen"
"1046148","vilis",,"cesiqa"
"1046149","vilitas",,"eliniea"
"1046150","vilities",,"ulenese"
"1046151","vility",,"olunenu"
"1046152","viljandi",,"ilarofo"
"1046153","viljev",,"cisei"
"1046154","viljevo",,"casivu"
"1046155","vilk",,"casuo"
"1046156","vilkavi",,"ulesiat"
"1046157","vilkija",,"aloseet"
"1046158","vilkovisky",,"elisigon"
"1046159","vilks",,"casuqa"
"1046160","vill",,"uletna"
"1046161","villa",,"alotut"
"1046162","villaba",,"cosonin"
"1046163","villablanca",,"cusunopiun"
"1046164","villach",,"ceseni"
"1046165","villache",,"casanuin"
"1046166","villachs",,"cesenaat"
"1046167","villacorta",,"ilatotet"
"1046168","villacres",,"casanuot"
"1046169","villada",,"cesenet"
"1046170","villadei",,"cusunuet"
"1046171","villadima",,"cusunuan"
"1046172","villadom",,"casanaot"
"1046173","villadoms",,"casanao"
"1046174","villae",,"uletetn"
"1046175","villaette",,"olutezi"
"1046176","villafan",,"alotumon"
"1046177","villafana",,"elitama"
"1046178","villafane",,"uletimu"
"1046179","villaflo",,"olutemun"
"1046180","villaflor",,"cisinuo"
"1046181","villaflores",,"cosonipue"
"1046182","villafranca",,"cosoniweat"
"1046183","villafranchian",,"casanewua"
"1046184","villafuerte",,"cusunagoe"
"1046185","village",,"alotuoe"
"1046186","villagedom",,"casanoet"
"1046187","villageful",,"uletino"
"1046188","villagehood",,"uletinuten"
"1046189","villageless",,"cisinapoen"
"1046190","villagelet",,"olutene"
"1046191","villagelike",,"cosonupee"
"1046192","villageman",,"cosonuan"
"1046193","villagemate",,"cisinapio"
"1046194","villageous",,"elitanen"
"1046195","villager",,"ceseniat"
"1046196","villageress",,"casanopaon"
"1046197","villageries",,"casanopai"
"1046198","villagers",,"cesenie"
"1046199","villagery",,"cisinain"
"1046200","villages",,"alotunet"
"1046201","villagest",,"casanoo"
"1046202","villaget",,"casanoot"
"1046203","villageward",,"uletinumot"
"1046204","villagewards",,"uletinumo"
"1046205","villagewide",,"cosonupoan"
"1046206","villagey",,"oluteni"
"1046207","villagio",,"ilatonet"
"1046208","villagioes",,"olutenin"
"1046209","villagios",,"ilatoni"
"1046210","villagisation",,"elitanudin"
"1046211","villagisations",,"elitanuda"
"1046212","villagise",,"alotunan"
"1046213","villagised",,"casanoeta"
"1046214","villagises",,"alotunun"
"1046215","villagising",,"casanoteu"
"1046216","villagism",,"uletinaa"
"1046217","villagization",,"cisinatee"
"1046218","villagizations",,"cisinatein"
"1046219","villagize",,"cosonuon"
"1046220","villagized",,"elitano"
"1046221","villagizes",,"cosonuana"
"1046222","villagizing",,"elitanusun"
"1046223","villagomez",,"cosonuane"
"1046224","villagr",,"cosono"
"1046225","villagran",,"alotunana"
"1046226","villagrana",,"elitanena"
"1046227","villagree",,"casanoa"
"1046228","villagrees",,"casanoen"
"1046229","villagutierre",,"cusunegeo"
"1046230","villagy",,"ilatoot"
"1046231","villahermosa",,"elitareban"
"1046232","villain",,"cisine"
"1046233","villainage",,"cusunie"
"1046234","villainages",,"cusunihiin"
"1046235","villaindom",,"olutesina"
"1046236","villained",,"elitasot"
"1046237","villainess",,"cosonean"
"1046238","villainesses",,"cesenahuo"
"1046239","villainesss",,"cosonehaun"
"1046240","villainhood",,"cosonehou"
"1046241","villainies",,"cosoneat"
"1046242","villaining",,"elitasan"
"1046243","villainisation",,"cisinohuot"
"1046244","villainise",,"cosoneata"
"1046245","villainises",,"cosonehie"
"1046246","villainising",,"elitasuvin"
"1046247","villainism",,"cesenao"
"1046248","villainist",,"olutesot"
"1046249","villainization",,"uletisovu"
"1046250","villainize",,"ilatosi"
"1046251","villainized",,"cisinohuen"
"1046252","villainizer",,"cusunihain"
"1046253","villainizes",,"ilatosevat"
"1046254","villainizing",,"cisinohue"
"1046255","villainly",,"ilatosone"
"1046256","villaino",,"casanuo"
"1046257","villainous",,"cusuniu"
"1046258","villainously",,"uletisoci"
"1046259","villainousness",,"alotusicet"
"1046260","villainousnesses",,"uletisocin"
"1046261","villainproof",,"alotusiqen"
"1046262","villainry",,"alotusan"
"1046263","villains",,"cisinoin"
"1046264","villainsplain",,"elitasudin"
"1046265","villainsplained",,"casanuheo"
"1046266","villainsplaining",,"casanuheun"
"1046267","villainsplains",,"elitasuda"
"1046268","villainy",,"casanua"
"1046269","villair",,"cesenan"
"1046270","villakin",,"cosonion"
"1046271","villal",,"cusuo"
"1046272","villalba",,"alotuzen"
"1046273","villalbas",,"alotuzon"
"1046274","villaless",,"cisinaina"
"1046275","villalike",,"cosonui"
"1046276","villalobos",,"ilatozi"
"1046277","villalon",,"ilatozen"
"1046278","villalona",,"uletizina"
"1046279","villalovos",,"elitazet"
"1046280","villalpando",,"alotuzate"
"1046281","villalta",,"uletizun"
"1046282","villaluz",,"uletizuna"
"1046283","villalva",,"ilatoza"
"1046284","villalvazo",,"cosonuia"
"1046285","villamaninite",,"cisinesuun"
"1046286","villamar",,"casaniot"
"1046287","villamaria",,"cesenuin"
"1046288","villamarias",,"cesenusea"
"1046289","villamart",,"uletipua"
"1046290","villamil",,"cosonaon"
"1046291","villamizar",,"elitapen"
"1046292","villamont",,"olutepe"
"1046293","villamonte",,"elitapena"
"1046294","villamonts",,"olutepin"
"1046295","villamor",,"cesenuun"
"1046296","villan",,"cisian"
"1046297","villanacaob",,"olutefize"
"1046298","villanage",,"cusunian"
"1046299","villanages",,"cusuniun"
"1046300","villancico",,"casanuet"
"1046301","villaneda",,"olutefi"
"1046302","villanel",,"alotufet"
"1046303","villanella",,"casanueta"
"1046304","villanellas",,"casanupui"
"1046305","villanelle",,"cisinoa"
"1046306","villanelles",,"cisinopoen"
"1046307","villanellist",,"ilatofifu"
"1046308","villanette",,"casanuoa"
"1046309","villani",,"cisinea"
"1046310","villanies",,"cosoneon"
"1046311","villanization",,"uletifosat"
"1046312","villanize",,"ilatofen"
"1046313","villanized",,"cisinoot"
"1046314","villanizes",,"ilatofona"
"1046315","villanizing",,"cisinotean"
"1046316","villano",,"casanin"
"1046317","villanous",,"cusuniat"
"1046318","villanously",,"uletifiken"
"1046319","villanov",,"ilatofo"
"1046320","villanova",,"uletifu"
"1046321","villanovan",,"cosoneana"
"1046322","villanovane",,"cesenajaot"
"1046323","villanovas",,"uletifot"
"1046324","villans",,"cisinun"
"1046325","villanuco",,"cusuniana"
"1046326","villanue",,"cesenaan"
"1046327","villanueva",,"alotufi"
"1046328","villanuevas",,"alotufafat"
"1046329","villany",,"casanu"
"1046330","villapando",,"cosoniia"
"1046331","villar",,"ceseeta"
"1046332","villard",,"alotuao"
"1046333","villards",,"alotuqen"
"1046334","villarea",,"cesenui"
"1046335","villareal",,"uletiqe"
"1046336","villarets",,"uletiqea"
"1046337","villari",,"cesenana"
"1046338","villarica",,"cosonaet"
"1046339","villaricas",,"cosonai"
"1046340","villarin",,"ilatoqena"
"1046341","villarre",,"alotuqena"
"1046342","villarreal",,"casanien"
"1046343","villarreals",,"casaniwion"
"1046344","villarrica",,"oluteqe"
"1046345","villarroel",,"cesenuina"
"1046346","villarruel",,"cisineaa"
"1046347","villars",,"cesenia"
"1046348","villarsia",,"cosonaona"
"1046349","villarsite",,"uletiqot"
"1046350","villarss",,"cesenuat"
"1046351","villas",,"alototi"
"1046352","villasana",,"casanuaa"
"1046353","villase",,"uletiie"
"1046354","villasenor",,"uletiwot"
"1046355","villasis",,"alotuwon"
"1046356","villasocorro",,"olutewezo"
"1046357","villate",,"cusuno"
"1046358","villatic",,"casanaota"
"1046359","villatoro",,"uletibin"
"1046360","villaume",,"elitadu"
"1046361","villaverde",,"cosonuen"
"1046362","villavicencio",,"olutegazen"
"1046363","villavicencios",,"olutegazon"
"1046364","villaviciosa",,"cosonutiu"
"1046365","villawood",,"cosonaeta"
"1046366","villayet",,"cesenei"
"1046367","villaz",,"cosoua"
"1046368","villazar",,"ilatonot"
"1046369","ville",,"ilateo"
"1046370","villechaize",,"alotitotat"
"1046371","villeda",,"cusuva"
"1046372","villefagnan",,"cisivusoon"
"1046373","villefranche",,"ilatematun"
"1046374","villegaignon",,"ilatenuvot"
"1046375","villegas",,"alotinet"
"1046376","villeggiatura",,"elitunove"
"1046377","villeggiaturas",,"elitunovin"
"1046378","villeggiature",,"uletonavan"
"1046379","villegiatura",,"alotinitin"
"1046380","villegiature",,"ilatenetun"
"1046381","villehardouin",,"ilaterubin"
"1046382","villein",,"cesevan"
"1046383","villeinage",,"cosovean"
"1046384","villeinages",,"cosoveheun"
"1046385","villeiness",,"casavuet"
"1046386","villeinhold",,"elitusutan"
"1046387","villeins",,"cesevaun"
"1046388","villeity",,"casavuot"
"1046389","villejuif",,"ilateti"
"1046390","villela",,"cisivat"
"1046391","villella",,"elituzin"
"1046392","villemite",,"casavio"
"1046393","villenage",,"cosoveet"
"1046394","villenages",,"cosovei"
"1046395","villeneuve",,"elitufot"
"1046396","villenous",,"cosoveon"
"1046397","villeperdue",,"cosovipoon"
"1046398","villers",,"cusuven"
"1046399","villerupt",,"cusuvoan"
"1046400","villes",,"ilateu"
"1046401","villette",,"elitubea"
"1046402","villettes",,"elitubin"
"1046403","villeurbanne",,"ilatedavan"
"1046404","villeurbannes",,"ilatedavun"
"1046405","villgrater",,"cesemuin"
"1046406","villi",,"uletato"
"1046407","villiaco",,"olutiran"
"1046408","villiago",,"ilaturet"
"1046409","villiagoes",,"olutirin"
"1046410","villiagos",,"ilaturia"
"1046411","villian",,"cisire"
"1046412","villianess",,"cosoruan"
"1046413","villianesses",,"ceserihuo"
"1046414","villianous",,"cusureu"
"1046415","villianously",,"uletaroci"
"1046416","villianousness",,"alotericet"
"1046417","villianousnesses",,"uletarocin"
"1046418","villiaumite",,"ceserigeo"
"1046419","villica",,"aloteoa"
"1046420","villicana",,"cusurian"
"1046421","villicate",,"cusuriia"
"1046422","villicated",,"ilatuten"
"1046423","villicates",,"cusuriata"
"1046424","villicating",,"ilatutuge"
"1046425","villication",,"uletataget"
"1046426","villications",,"uletatagi"
"1046427","villicus",,"ilatuto"
"1046428","villiers",,"cusurai"
"1046429","villiferous",,"elitomeban"
"1046430","villifies",,"casareon"
"1046431","villiform",,"elitomon"
"1046432","villiger",,"casaroo"
"1046433","villikinin",,"ilatuvu"
"1046434","villin",,"cosoae"
"1046435","villiplacental",,"ceseropaan"
"1046436","villiplacentalia",,"cosoripei"
"1046437","villiplacentalias",,"cosoripeat"
"1046438","villis",,"uletans"
"1046439","villisca",,"alotewet"
"1046440","villiscas",,"alotewi"
"1046441","villista",,"casarua"
"1046442","villitis",,"cusuruat"
"1046443","villmanstrand",,"cusuzehao"
"1046444","villoglandular",,"cisifapou"
"1046445","villoid",,"cesefan"
"1046446","villoma",,"alotoene"
"1046447","villomae",,"uletepun"
"1046448","villomas",,"alotopon"
"1046449","villomata",,"cesefue"
"1046450","villon",,"cusuena"
"1046451","villonian",,"olutufu"
"1046452","villonodular",,"uletefipon"
"1046453","villons",,"cusufon"
"1046454","villosa",,"olutuon"
"1046455","villose",,"alotooa"
"1046456","villosities",,"casafutoat"
"1046457","villositis",,"cesefao"
"1046458","villosity",,"cisifoa"
"1046459","villosulous",,"casafuguat"
"1046460","villosum",,"ilatawen"
"1046461","villota",,"cosofa"
"1046462","villote",,"casafu"
"1046463","villotta",,"elitibin"
"1046464","villous",,"alotoeni"
"1046465","villously",,"cesefou"
"1046466","vills",,"uletatu"
"1046467","villu",,"ilates"
"1046468","villus",,"ilatut"
"1046469","villusectomy",,"cusubipain"
"1046470","villusfe",,"cusubii"
"1046471","villuss",,"ilateot"
"1046472","villwock",,"ilatihoa"
"1046473","villyaellenite",,"ilatarifin"
"1046474","vilma",,"casene"
"1046475","vilmanian",,"cesonau"
"1046476","vilmas",,"caseun"
"1046477","vilmorins",,"cusafoe"
"1046478","vilmure",,"oluvaet"
"1046479","vilna",,"ulezie"
"1046480","vilnae",,"ilazun"
"1046481","vilnas",,"ulezona"
"1046482","vilner",,"cisaia"
"1046483","vilni",,"ilazui"
"1046484","vilnia",,"ulezii"
"1046485","vilnian",,"cosuro"
"1046486","vilniansk",,"cesiriin"
"1046487","vilnii",,"ilazota"
"1046488","vilnius",,"oluziia"
"1046489","vilniuses",,"elizoda"
"1046490","vilniusite",,"cesiroot"
"1046491","vilniuss",,"oluzidat"
"1046492","vilno",,"alozoi"
"1046493","vilnoes",,"ulezeana"
"1046494","vilnohirsk",,"alozorin"
"1046495","vilnos",,"alozai"
"1046496","vilobelimab",,"alopazevun"
"1046497","viloft",,"cusoena"
"1046498","vilomah",,"olupoi"
"1046499","vilonia",,"elipoua"
"1046500","vilonias",,"eliposota"
"1046501","viloria",,"ulepuat"
"1046502","viloxazine",,"uleparin"
"1046503","vilpa",,"ilafo"
"1046504","vilppula",,"olufadan"
"1046505","vils",,"cesiu"
"1046506","vilsaint",,"cusenii"
"1046507","viltolarsen",,"cusofesuu"
"1046508","vilun",,"oluwia"
"1046509","viluppuram",,"eliwujen"
"1046510","vilvoorde",,"olubuhan"
"1046511","vilwa",,"caseni"
"1046512","vily",,"cisea"
"1046513","vilya",,"cusona"
"1046514","vilyeyka",,"cusovuen"
"1046515","vilyui",,"cosain"
"1046516","vilyuis",,"cosaba"
"1046517","vilyujsk",,"alokiton"
"1046518","vilyuy",,"cusoot"
"1046519","vima",,"elumro"
"1046520","vimana",,"cataata"
"1046521","vimanas",,"catape"
"1046522","vimarsh",,"olamoona"
"1046523","vimba",,"cotin"
"1046524","vimean",,"citoon"
"1046525","vimeiro",,"cotera"
"1046526","vimen",,"cotep"
"1046527","vimentin",,"cutipui"
"1046528","vimeo",,"elutite"
"1046529","vimful",,"ulokan"
"1046530","vimiera",,"cetivon"
"1046531","vimina",,"cuteo"
"1046532","viminal",,"olaniii"
"1046533","viminalis",,"olaniru"
"1046534","viminaria",,"alineran"
"1046535","viminariae",,"ulonarot"
"1046536","viminarias",,"alinerun"
"1046537","viminea",,"citapat"
"1046538","vimineous",,"citapuot"
"1046539","viminol",,"ilenuoe"
"1046540","vimless",,"citivat"
"1046541","vimpa",,"citon"
"1046542","vimpas",,"citoi"
"1046543","vimpeli",,"ulofoat"
"1046544","vims",,"alicro"
"1046545","vimseltinib",,"alicizuvu"
"1046546","vimsite",,"cuteren"
"1046547","vimto",,"cotaf"
"1046548","vimvin",,"elubun"
"1046549","vimy",,"olako"
"1046550","vimys",,"olakia"
"1046551","vina",,"cevei"
"1046552","vinaceous",,"cevesoan"
"1046553","vinaconic",,"alumehon"
"1046554","vinage",,"ceveen"
"1046555","vinager",,"elamaun"
"1046556","vinagron",,"covomaet"
"1046557","vinagrous",,"ilomoqet"
"1046558","vinaigre",,"elamonin"
"1046559","vinaigres",,"elamonaa"
"1046560","vinaigrette",,"ulimanefa"
"1046561","vinaigretted",,"cuvurewou"
"1046562","vinaigrettes",,"ulimanefen"
"1046563","vinaigrier",,"covoruat"
"1046564","vinaigrous",,"ilomunan"
"1046565","vinal",,"ulimii"
"1046566","vinalhaven",,"cevevuu"
"1046567","vinalia",,"alumuoe"
"1046568","vinalias",,"alumuset"
"1046569","vinalon",,"cuvuvet"
"1046570","vinals",,"ulimonn"
"1046571","vinamra",,"alumaaa"
"1046572","vinarian",,"cavacuot"
"1046573","vinarterta",,"ceveceun"
"1046574","vinas",,"ceveq"
"1046575","vinasse",,"cavaqun"
"1046576","vinasses",,"cavaquu"
"1046577","vinata",,"elamio"
"1046578","vinatico",,"olemusi"
"1046579","vinaxanthone",,"alumerigu"
"1046580","vinay",,"civil"
"1046581","vinaya",,"cuvuin"
"1046582","vinayak",,"civilan"
"1046583","vinayaka",,"cuvuleen"
"1046584","vinbarbital",,"elanaqiven"
"1046585","vinblastin",,"covivuan"
"1046586","vinblastine",,"cevovibiot"
"1046587","vinblastines",,"cevovibio"
"1046588","vinburnine",,"cuvaboun"
"1046589","vinca",,"cevina"
"1046590","vincae",,"cavoi"
"1046591","vincaleucoblastin",,"elarazeka"
"1046592","vincaleucoblastine",,"aluruzakan"
"1046593","vincamajoridine",,"civanesau"
"1046594","vincamine",,"alurupon"
"1046595","vincanol",,"cuvenion"
"1046596","vincantril",,"covunean"
"1046597","vincas",,"cevio"
"1046598","vince",,"cuveve"
"1046599","vincelette",,"ulirozun"
"1046600","vincennes",,"civavoe"
"1046601","vincent",,"cevivet"
"1046602","vincenta",,"covuveot"
"1046603","vincente",,"cavovue"
"1046604","vincenti",,"cevivaan"
"1046605","vincentia",,"covuveen"
"1046606","vincentian",,"ulirofin"
"1046607","vincentians",,"ulirofiva"
"1046608","vincentio",,"civavoin"
"1046609","vincentisation",,"cevivadoan"
"1046610","vincentite",,"ulirofu"
"1046611","vincentization",,"olerafevon"
"1046612","vincentize",,"elarufot"
"1046613","vincentized",,"cevivadoe"
"1046614","vincentizes",,"elarufavo"
"1046615","vincentizing",,"cevivadoet"
"1046616","vincentown",,"ilorefet"
"1046617","vincentowns",,"ilorefoci"
"1046618","vincents",,"cevivai"
"1046619","vincenty",,"civavoat"
"1046620","vincentys",,"civavoea"
"1046621","vincenz",,"civavi"
"1046622","vincenzellus",,"civavoreen"
"1046623","vincenzo",,"cavovuu"
"1046624","vincenzos",,"cavovuot"
"1046625","vincere",,"iloreun"
"1046626","vinces",,"cuvein"
"1046627","vincetoxica",,"cuvevujaat"
"1046628","vincetoxicum",,"cavovajei"
"1046629","vincetoxicums",,"cavovajeat"
"1046630","vincetoxin",,"aluriban"
"1046631","vinchenzo",,"alurazon"
"1046632","vinchuca",,"alurado"
"1046633","vinci",,"cavor"
"1046634","vincian",,"iloruin"
"1046635","vincibilities",,"olerisafon"
"1046636","vincibility",,"aluresifu"
"1046637","vincibilitys",,"aluresifot"
"1046638","vincible",,"civareun"
"1046639","vincibleness",,"ulirasafo"
"1046640","vinciblenesses",,"ilorusufe"
"1046641","vinciblenesss",,"ulirasafet"
"1046642","vincibler",,"iloruso"
"1046643","vinciblest",,"olerisun"
"1046644","vincibly",,"ceviruan"
"1046645","vinciennite",,"olerizajin"
"1046646","vinciguerra",,"ceviriguot"
"1046647","vincilagnia",,"cuveresiot"
"1046648","vincinal",,"covureen"
"1046649","vincit",,"ulirona"
"1046650","vincke",,"civaon"
"1046651","vinclozolin",,"cavovaroat"
"1046652","vinclozoline",,"cuvevurea"
"1046653","vinco",,"covufa"
"1046654","vincoli",,"aluroen"
"1046655","vinconate",,"cuvefion"
"1046656","vincotto",,"civafie"
"1046657","vincristine",,"elaresugon"
"1046658","vincristines",,"elaresugan"
"1046659","vincture",,"civawuat"
"1046660","vinctus",,"ilorau"
"1046661","vincula",,"iloreu"
"1046662","vincular",,"cuvebeet"
"1046663","vinculariiform",,"cevibisee"
"1046664","vinculate",,"covubuo"
"1046665","vinculated",,"elaruzin"
"1046666","vinculates",,"covubuet"
"1046667","vinculating",,"elaruzogi"
"1046668","vinculation",,"olerazigot"
"1046669","vinculin",,"cavoboa"
"1046670","vinculine",,"cuvebean"
"1046671","vinculo",,"uliroan"
"1046672","vinculula",,"cevibiun"
"1046673","vinculum",,"ulirozuna"
"1046674","vinculums",,"ulirozu"
"1046675","vindalho",,"elasazin"
"1046676","vindaloo",,"civenae"
"1046677","vindaloos",,"civenain"
"1046678","vindalu",,"civenana"
"1046679","vindeburnol",,"elasuseben"
"1046680","vindelici",,"covavuet"
"1046681","vindelicis",,"covavui"
"1046682","vindeln",,"ulisoia"
"1046683","vindemial",,"cevuvuun"
"1046684","vindemiate",,"cevuvuuna"
"1046685","vindemiated",,"alusipiti"
"1046686","vindemiates",,"cevuvutau"
"1046687","vindemiating",,"alusipitot"
"1046688","vindemiation",,"elasuputan"
"1046689","vindemiatory",,"elasuputon"
"1046690","vindemiatrix",,"cavivituan"
"1046691","vindemiatrixs",,"cavivituun"
"1046692","vinderei",,"civeveat"
"1046693","vindesine",,"cavivuot"
"1046694","vindex",,"cevua"
"1046695","vindhya",,"civenane"
"1046696","vindhyachal",,"civenisuo"
"1046697","vindhyan",,"alusamen"
"1046698","vindhyans",,"alusamon"
"1046699","vindhyas",,"civeniun"
"1046700","vindicabilities",,"civerosiu"
"1046701","vindicability",,"cevuraseet"
"1046702","vindicable",,"ilosuto"
"1046703","vindicableness",,"cavirusaat"
"1046704","vindicably",,"elasotot"
"1046705","vindical",,"cuvoriet"
"1046706","vindicat",,"caviruu"
"1046707","vindicate",,"cuvorieta"
"1046708","vindicated",,"ilosuta"
"1046709","vindicates",,"cuvorii"
"1046710","vindicatest",,"ilosutuget"
"1046711","vindicateth",,"cuvoriseun"
"1046712","vindicating",,"ilosutugat"
"1046713","vindication",,"ulisatago"
"1046714","vindications",,"ulisataget"
"1046715","vindicative",,"olesitige"
"1046716","vindicatively",,"civerosaon"
"1046717","vindicativeness",,"cuvoriseen"
"1046718","vindicativenesses",,"civerosau"
"1046719","vindicator",,"olesitun"
"1046720","vindicatorily",,"civerosaan"
"1046721","vindicators",,"olesitigu"
"1046722","vindicatorship",,"ulisatagun"
"1046723","vindicatory",,"ulisatagot"
"1046724","vindicatress",,"ulisataga"
"1046725","vindicatresses",,"ilosutugun"
"1046726","vindicatrix",,"civerosao"
"1046727","vindices",,"ilosutin"
"1046728","vindico",,"elasouna"
"1046729","vindict",,"cuvoro"
"1046730","vindicta",,"caviruua"
"1046731","vindicti",,"cuvorion"
"1046732","vindictive",,"elasota"
"1046733","vindictively",,"covarediun"
"1046734","vindictiveness",,"civeroduan"
"1046735","vindictivenesses",,"covaredio"
"1046736","vindictivity",,"cuvoridaot"
"1046737","vindictivolence",,"ilosutovot"
"1046738","vindika",,"ulisaan"
"1046739","vindiola",,"cevureat"
"1046740","vindman",,"cevuzon"
"1046741","vindobna",,"alusoso"
"1046742","vindobon",,"elasisu"
"1046743","vindobona",,"olesusan"
"1046744","vindoline",,"elasiza"
"1046745","vindresser",,"ilosizoa"
"1046746","vine",,"cuvii"
"1046747","vinea",,"cavuna"
"1046748","vineae",,"cuviu"
"1046749","vineal",,"ilotuna"
"1046750","vineale",,"oleteo"
"1046751","vineatic",,"ulitiban"
"1046752","vineberg",,"cavureu"
"1046753","vineberry",,"elateze"
"1046754","vineburg",,"cavurein"
"1046755","vineburgs",,"cavurea"
"1046756","vined",,"ilotata"
"1046757","vinedom",,"ilotaue"
"1046758","vinedres",,"civotean"
"1046759","vinedresser",,"oletuqodat"
"1046760","vinedressers",,"oletuqode"
"1046761","vineds",,"ilotate"
"1046762","vineet",,"oletot"
"1046763","vinegar",,"elatauna"
"1046764","vinegared",,"cavumoin"
"1046765","vinegarer",,"cevamiat"
"1046766","vinegarette",,"ilotorafet"
"1046767","vinegarettes",,"ilotorafi"
"1046768","vinegariness",,"civomawuon"
"1046769","vinegarinesses",,"covemuwiot"
"1046770","vinegaring",,"cavumoi"
"1046771","vinegarish",,"covemuat"
"1046772","vinegarishly",,"oleteruven"
"1046773","vinegarishness",,"ilotorava"
"1046774","vinegarishnesses",,"oleteruvun"
"1046775","vinegarist",,"cevamiin"
"1046776","vinegarless",,"cuvimewie"
"1046777","vinegarlike",,"civomawoet"
"1046778","vinegarone",,"cavumoen"
"1046779","vinegaroon",,"civomao"
"1046780","vinegarrette",,"cuvimewue"
"1046781","vinegarrettes",,"cuvimewuin"
"1046782","vinegarroon",,"ilotorabat"
"1046783","vinegarroons",,"ilotorabe"
"1046784","vinegars",,"elataru"
"1046785","vinegarweed",,"covemuwoet"
"1046786","vinegarweedes",,"cevamiwein"
"1046787","vinegarweeds",,"covemuwoi"
"1046788","vinegary",,"ilotorota"
"1046789","vinegerone",,"civomuot"
"1046790","vinegret",,"cuvimoet"
"1046791","vinegrower",,"cavumien"
"1046792","vineity",,"aluteaa"
"1046793","vineland",,"aluturo"
"1046794","vinelands",,"aluturet"
"1046795","vineless",,"elatazea"
"1046796","vinelet",,"cevavet"
"1046797","vinelike",,"alutuset"
"1046798","vinemont",,"cevazeat"
"1046799","vinemonts",,"cevazee"
"1046800","viner",,"ulitus"
"1046801","vinerian",,"civocoe"
"1046802","vineries",,"ilotisot"
"1046803","viners",,"uliteti"
"1046804","vinervine",,"ulituge"
"1046805","vinery",,"elatine"
"1046806","vines",,"cuviq"
"1046807","vinescent",,"cavuquin"
"1046808","vinestalk",,"coveqoet"
"1046809","vinestem",,"alutebo"
"1046810","vinestock",,"ulitabe"
"1046811","vinet",,"ilotati"
"1046812","vineta",,"ulitenu"
"1046813","vinethene",,"uliterun"
"1046814","vinethenes",,"uliteru"
"1046815","vinetree",,"covewain"
"1046816","vinetta",,"cuviwa"
"1046817","vinette",,"covewu"
"1046818","vinew",,"coveg"
"1046819","vinewed",,"alutau"
"1046820","vinewing",,"alutason"
"1046821","vinewise",,"cevagai"
"1046822","vinewood",,"alutaho"
"1046823","vinework",,"ilotiha"
"1046824","vinews",,"covee"
"1046825","vinexin",,"cuviken"
"1046826","viney",,"ceval"
"1046827","vineyard",,"coveluin"
"1046828","vineyarder",,"elatiru"
"1046829","vineyarders",,"elatiripot"
"1046830","vineyarding",,"alutoropun"
"1046831","vineyardist",,"elatiripo"
"1046832","vineyardists",,"elatiripet"
"1046833","vineyards",,"covelua"
"1046834","vinfast",,"covenaa"
"1046835","vinflunine",,"civovuet"
"1046836","vinfosiltine",,"civofotoun"
"1046837","ving",,"ceveo"
"1046838","vinga",,"covone"
"1046839","vinge",,"cavave"
"1046840","vingean",,"ilolein"
"1046841","vingerho",,"civivein"
"1046842","vingerhoed",,"elaluqo"
"1046843","vingerpol",,"olelaqe"
"1046844","vingle",,"ilolua"
"1046845","vingoe",,"covoin"
"1046846","vingolf",,"civifin"
"1046847","vingolfs",,"civifaa"
"1046848","vingrau",,"elaleea"
"1046849","vingt",,"aluloa"
"1046850","vingtaine",,"civiwaot"
"1046851","vingtenier",,"elalizen"
"1046852","vingtieme",,"elalisa"
"1046853","vingtillion",,"covowepea"
"1046854","vingtun",,"covowo"
"1046855","vingty",,"olelena"
"1046856","vingulf",,"cavaba"
"1046857","vinh",,"alums"
"1046858","vinha",,"elamane"
"1046859","vinhatico",,"civuniot"
"1046860","vinhedo",,"cevovon"
"1046861","vinho",,"olemuu"
"1046862","vini",,"cavoo"
"1046863","vinia",,"cevine"
"1046864","vinic",,"cavos"
"1046865","vinica",,"cevien"
"1046866","viniconazole",,"elanohuti"
"1046867","vinicultural",,"cevisopien"
"1046868","viniculturalist",,"alunedegi"
"1046869","viniculturally",,"elanodogu"
"1046870","viniculture",,"alunedegun"
"1046871","vinicultures",,"alunedegu"
"1046872","viniculturist",,"cevisopii"
"1046873","viniculturists",,"cevisopiat"
"1046874","vinicunca",,"olenidan"
"1046875","vinie",,"cuvevi"
"1046876","vinier",,"ulinoni"
"1046877","vinies",,"cuvea"
"1046878","viniest",,"iloneina"
"1046879","vinifera",,"covulien"
"1046880","viniferas",,"covulion"
"1046881","viniferin",,"ilonezi"
"1046882","viniferous",,"covuliat"
"1046883","vinification",,"elanusute"
"1046884","vinifications",,"elanusutin"
"1046885","vinificator",,"ulinosotet"
"1046886","vinificators",,"ulinosoti"
"1046887","vinified",,"cavolua"
"1046888","vinifies",,"alunisi"
"1046889","vinifod",,"civale"
"1046890","vinify",,"ilonini"
"1046891","vinifying",,"covuloun"
"1046892","vininess",,"elanozin"
"1046893","vining",,"ilonota"
"1046894","vinings",,"ilonuoe"
"1046895","vinipote",,"covuhoen"
"1046896","vinisitahan",,"ulinasitet"
"1046897","vinit",,"ulinea"
"1046898","vinita",,"alunot"
"1046899","vinitha",,"ceviwan"
"1046900","vinitor",,"covuwo"
"1046901","vinitpt",,"alunoena"
"1046902","vink",,"cuvio"
"1046903","vinkemeier",,"ulisopin"
"1046904","vinkensport",,"cuviviboin"
"1046905","vinkovci",,"ulisege"
"1046906","vinland",,"elataune"
"1046907","vinlandic",,"elatafot"
"1046908","vinluan",,"cevebi"
"1046909","vinn",,"olezno"
"1046910","vinna",,"ilozoe"
"1046911","vinnewed",,"civavean"
"1046912","vinnexin",,"elazulin"
"1046913","vinnexon",,"ilozela"
"1046914","vinney",,"ilozun"
"1046915","vinni",,"olezit"
"1046916","vinnie",,"elazate"
"1046917","vinnied",,"ceviron"
"1046918","vinnifer",,"ilozumen"
"1046919","vinnitsa",,"civariu"
"1046920","vinny",,"ulizeu"
"1046921","vinnytsia",,"cavolao"
"1046922","vinnytsya",,"covuloen"
"1046923","vino",,"covae"
"1046924","vinoacetous",,"olepetoge"
"1046925","vinoba",,"ilopuna"
"1046926","vinobas",,"ilopiua"
"1046927","vinod",,"elapi"
"1046928","vinodh",,"covain"
"1046929","vinodol",,"covata"
"1046930","vinodolski",,"cevutea"
"1046931","vinogradari",,"alupuqepe"
"1046932","vinogradi",,"cuvomoat"
"1046933","vinogradoff",,"cuvomosea"
"1046934","vinogradovite",,"civemesaan"
"1046935","vinogradovs",,"ulipiqapo"
"1046936","vinok",,"cevut"
"1046937","vinolay",,"ilopoin"
"1046938","vinolence",,"cevuvoat"
"1046939","vinolency",,"cuvovai"
"1046940","vinolent",,"elapazin"
"1046941","vinologies",,"olepehot"
"1046942","vinologist",,"civevion"
"1046943","vinologists",,"civeviruan"
"1046944","vinology",,"alupuhi"
"1046945","vinomadefied",,"ulipurifo"
"1046946","vinometer",,"civezuu"
"1046947","vinometers",,"civezuot"
"1046948","vinomethylic",,"ulipuziton"
"1046949","vinophile",,"elapurena"
"1046950","vinophilic",,"olepara"
"1046951","vinorelbine",,"covacipoat"
"1046952","vinorine",,"cuvocii"
"1046953","vinos",,"covaq"
"1046954","vinose",,"cevuen"
"1046955","vinosities",,"alupesun"
"1046956","vinosity",,"ilopuso"
"1046957","vinosulphureous",,"cevuqopue"
"1046958","vinosus",,"cevuqi"
"1046959","vinotherapy",,"cevuwupeot"
"1046960","vinous",,"cevueta"
"1046961","vinouser",,"alupiwen"
"1046962","vinousest",,"ulipowe"
"1046963","vinously",,"elapuwin"
"1046964","vinousness",,"olepawe"
"1046965","vinousser",,"alupiwon"
"1046966","vinoussest",,"ulipowin"
"1046967","vinp",,"elafs"
"1046968","vinpocetine",,"ilofatigi"
"1046969","vinquish",,"aluhisi"
"1046970","vins",,"cavou"
"1046971","vinsome",,"cuvefen"
"1046972","vinson",,"ulici"
"1046973","vinsons",,"uliceat"
"1046974","vint",,"uliqti"
"1046975","vinta",,"aluque"
"1046976","vintafolide",,"cevunojaa"
"1046977","vintage",,"aluquaa"
"1046978","vintaged",,"cavinou"
"1046979","vintager",,"cevunian"
"1046980","vintagers",,"cevuniun"
"1046981","vintages",,"aluqunen"
"1046982","vintagest",,"cavinoa"
"1046983","vintagey",,"oleqenon"
"1046984","vintaging",,"cavinoon"
"1046985","vintagings",,"cavinoan"
"1046986","vintar",,"cevuena"
"1046987","vinted",,"civeet"
"1046988","vintem",,"elaqane"
"1046989","vintenar",,"oleqafon"
"1046990","vintenary",,"uliqofun"
"1046991","vintener",,"aluqifo"
"1046992","vinter",,"cuvoot"
"1046993","vinterha",,"aluqiqena"
"1046994","vintil",,"civeat"
"1046995","vintileasca",,"cuvorepiun"
"1046996","vintimille",,"iloqupat"
"1046997","vinting",,"civeru"
"1046998","vintlite",,"elaqasin"
"1046999","vintnephilist",,"cevupoceat"
"1047000","vintner",,"elaqoun"
"1047001","vintneress",,"aluqezi"
"1047002","vintners",,"elaqozu"
"1047003","vintnership",,"iloquzadun"
"1047004","vintnery",,"iloquzot"
"1047005","vinton",,"cuvoo"
"1047006","vintondale",,"covafeon"
"1047007","vintondales",,"covafezean"
"1047008","vintons",,"cuvofet"
"1047009","vintoperol",,"civefuo"
"1047010","vintress",,"cuvocaet"
"1047011","vintries",,"cuvocion"
"1047012","vintry",,"covau"
"1047013","vints",,"uliqai"
"1047014","vinului",,"elawau"
"1047015","vinum",,"covez"
"1047016","vinums",,"covein"
"1047017","vinv",,"ilobe"
"1047018","viny",,"covai"
"1047019","vinyard",,"civeni"
"1047020","vinyasa",,"cuvona"
"1047021","vinyl",,"aluku"
"1047022","vinylacetylene",,"cevuvivuo"
"1047023","vinylacetylenes",,"cevuvivuet"
"1047024","vinylal",,"cavivu"
"1047025","vinylaluminium",,"elakaroka"
"1047026","vinylaluminum",,"elakaroku"
"1047027","vinylamine",,"cevuviin"
"1047028","vinylarene",,"olekerat"
"1047029","vinylarginine",,"covavuweo"
"1047030","vinylate",,"cavivou"
"1047031","vinylated",,"ulikirat"
"1047032","vinylating",,"ulikiro"
"1047033","vinylation",,"alukurun"
"1047034","vinylations",,"alukuruvu"
"1047035","vinylbenzene",,"ulikisujot"
"1047036","vinylbenzenes",,"ulikisujo"
"1047037","vinylbital",,"caviviet"
"1047038","vinylcarbene",,"civevosia"
"1047039","vinylcarbenoid",,"alukutebot"
"1047040","vinylchloride",,"alukutofa"
"1047041","vinylcyanide",,"ulikitita"
"1047042","vinylcyanides",,"ulikititen"
"1047043","vinylcyclopropane",,"cevuvanou"
"1047044","vinylene",,"cevuvoi"
"1047045","vinylethylene",,"alukuzutin"
"1047046","vinylethylenes",,"alukuzuta"
"1047047","vinylglycine",,"ilokonure"
"1047048","vinylhalide",,"cuvovosiu"
"1047049","vinylic",,"alukuo"
"1047050","vinylidene",,"alukusi"
"1047051","vinylidenedifluoride",,"cavivuzie"
"1047052","vinylidenes",,"alukusufat"
"1047053","vinylimidazolium",,"civevofuen"
"1047054","vinylite",,"cuvovion"
"1047055","vinylites",,"cuvovian"
"1047056","vinylketene",,"ilokovigon"
"1047057","vinyllithium",,"cevuvitian"
"1047058","vinylog",,"ilokoaa"
"1047059","vinylogical",,"civeviruon"
"1047060","vinylogous",,"ulikiho"
"1047061","vinylogue",,"elakaha"
"1047062","vinylogy",,"alukuhon"
"1047063","vinylon",,"cavivin"
"1047064","vinylphenol",,"ulikijefet"
"1047065","vinylphosphine",,"civevusaot"
"1047066","vinylpolysiloxane",,"cavivejui"
"1047067","vinylporphyrin",,"elakajaba"
"1047068","vinylpyridine",,"alukujuba"
"1047069","vinylpyrrole",,"ulikijibet"
"1047070","vinylpyrrolidone",,"ilokojobon"
"1047071","vinyls",,"alukot"
"1047072","vinylsilane",,"elakawufon"
"1047073","vinylstannane",,"ilokowote"
"1047074","vinylstyrene",,"civevodaen"
"1047075","vinyltrialkoxysilane",,"elakabivu"
"1047076","vinyltributyltin",,"covavowian"
"1047077","vinyltriethoxysilane",,"covavowia"
"1047078","vinyltrimethylsilane",,"cuvovuwaon"
"1047079","vinyon",,"elakat"
"1047080","vinyons",,"elakie"
"1047081","vinys",,"covaqa"
"1047082","vinzant",,"uliliia"
"1047083","vinzolidine",,"civofataet"
"1047084","vinzons",,"cevafi"
"1047085","viocin",,"cozuin"
"1047086","viocins",,"cozura"
"1047087","viodentia",,"cezuvaat"
"1047088","viognier",,"ololisat"
"1047089","viol",,"cizi"
"1047090","viola",,"cuzun"
"1047091","violabilities",,"eletasufe"
"1047092","violability",,"ulutisofen"
"1047093","violabilitys",,"ulutisofon"
"1047094","violable",,"cozonaa"
"1047095","violableness",,"ilitosufan"
"1047096","violablenesses",,"olotesifo"
"1047097","violablenesss",,"ilitosufun"
"1047098","violabler",,"olotesan"
"1047099","violablest",,"eletasa"
"1047100","violably",,"cazaniin"
"1047101","violacea",,"cuzunio"
"1047102","violaceae",,"cizinoat"
"1047103","violaceaes",,"cizinoe"
"1047104","violacean",,"eletatu"
"1047105","violacein",,"alatuton"
"1047106","violaceous",,"cuzunian"
"1047107","violaceously",,"ulutituco"
"1047108","violaceus",,"cozoneo"
"1047109","violaines",,"alatusi"
"1047110","violaist",,"ilitoso"
"1047111","violal",,"oloteni"
"1047112","violales",,"eletazu"
"1047113","violaless",,"eletazot"
"1047114","violan",,"eletatn"
"1047115","violand",,"cezenon"
"1047116","violane",,"alatuaa"
"1047117","violaniline",,"eletafufan"
"1047118","violanin",,"cuzuniana"
"1047119","violante",,"cazanuin"
"1047120","violanthin",,"cuzuniin"
"1047121","violanthrone",,"alatufutot"
"1047122","violantin",,"ilitofon"
"1047123","violapyrone",,"eletajabet"
"1047124","violaquercitrin",,"cezeniguun"
"1047125","violar",,"ulutona"
"1047126","violarite",,"cizinein"
"1047127","violas",,"cuzua"
"1047128","violascent",,"cazanuo"
"1047129","violate",,"oloteen"
"1047130","violated",,"cozonoot"
"1047131","violater",,"ciziniun"
"1047132","violaters",,"ciziniu"
"1047133","violates",,"olotebon"
"1047134","violatest",,"cozonoen"
"1047135","violateth",,"olotebat"
"1047136","violatic",,"ilitoba"
"1047137","violatin",,"cezeneun"
"1047138","violating",,"cozonoan"
"1047139","violatio",,"alatubon"
"1047140","violation",,"cizinia"
"1047141","violational",,"olotebaca"
"1047142","violationism",,"cezenetii"
"1047143","violationist",,"olotebacet"
"1047144","violations",,"cizinien"
"1047145","violative",,"cezeneuna"
"1047146","violatively",,"eletabulet"
"1047147","violator",,"cezeneat"
"1047148","violators",,"cezenee"
"1047149","violatory",,"ciziniin"
"1047150","violature",,"cozonoena"
"1047151","violauma",,"cozonio"
"1047152","violax",,"eletann"
"1047153","violaxanthal",,"ulutilajet"
"1047154","violaxanthin",,"olotelijen"
"1047155","viold",,"olotue"
"1047156","viole",,"cozov"
"1047157","violed",,"eletira"
"1047158","violence",,"ilitefin"
"1047159","violenced",,"cizivoun"
"1047160","violences",,"ilitefa"
"1047161","violencing",,"cizivoen"
"1047162","violency",,"eletufe"
"1047163","violent",,"cuzuven"
"1047164","violenta",,"cazavuin"
"1047165","violented",,"olotafi"
"1047166","violenter",,"ilitefo"
"1047167","violentest",,"olotafuna"
"1047168","violenting",,"olotafot"
"1047169","violentl",,"olotafan"
"1047170","violentlier",,"cozovedeun"
"1047171","violentliest",,"cezevadaen"
"1047172","violently",,"ulutofu"
"1047173","violentness",,"alatifujun"
"1047174","violents",,"cuzuvion"
"1047175","violer",,"olotoni"
"1047176","violers",,"olotaet"
"1047177","violescent",,"cizivoin"
"1047178","violet",,"eletant"
"1047179","violeta",,"olotaena"
"1047180","violetear",,"cozovoo"
"1047181","violeter",,"cezevei"
"1047182","violetest",,"cazavaot"
"1047183","violetfu",,"cozovoen"
"1047184","violetish",,"cozovoi"
"1047185","violetlike",,"cizivio"
"1047186","violetness",,"ciziviot"
"1047187","violets",,"eletuuna"
"1047188","violett",,"cezevon"
"1047189","violetta",,"cozovoa"
"1047190","violette",,"cazavau"
"1047191","violetter",,"alatibet"
"1047192","violettest",,"ulutobua"
"1047193","violettfleischige",,"alatiburu"
"1047194","violetward",,"alatibon"
"1047195","violetwise",,"ilitebeta"
"1047196","violetwood",,"ciziviota"
"1047197","violety",,"iliteua"
"1047198","violin",,"alatono"
"1047199","violina",,"eletoue"
"1047200","violincello",,"ilitufefun"
"1047201","violincellos",,"ilitufefu"
"1047202","violine",,"ulutaat"
"1047203","violined",,"cuzurion"
"1047204","violinette",,"olotife"
"1047205","violing",,"eletoot"
"1047206","violinic",,"alatefi"
"1047207","violining",,"cuzuriin"
"1047208","violinis",,"alatefan"
"1047209","violinist",,"cazaruon"
"1047210","violinistic",,"cazaruteun"
"1047211","violinistically",,"cazaruteet"
"1047212","violinists",,"cazaruan"
"1047213","violinless",,"ciziroen"
"1047214","violinlike",,"cozoree"
"1047215","violinmaker",,"cizirofoon"
"1047216","violinmakers",,"cizirofoan"
"1047217","violinmaking",,"cozorefeen"
"1047218","violino",,"olotian"
"1047219","violinophone",,"cizirojeun"
"1047220","violins",,"alateet"
"1047221","violist",,"olotiia"
"1047222","violists",,"olotiwat"
"1047223","violle",,"alatotu"
"1047224","violles",,"alatuoe"
"1047225","viollet",,"cazavu"
"1047226","violmaker",,"alatari"
"1047227","violmaking",,"uluturet"
"1047228","viologen",,"olotunata"
"1047229","violon",,"oloteti"
"1047230","violoncelli",,"ilitafefun"
"1047231","violoncellist",,"cizifoveun"
"1047232","violoncellists",,"cizifoveu"
"1047233","violoncello",,"alatofifu"
"1047234","violoncellos",,"alatofifot"
"1047235","violone",,"eletiee"
"1047236","violones",,"eletifin"
"1047237","violotta",,"cazafaot"
"1047238","violous",,"cuzufet"
"1047239","viols",,"ciziq"
"1047240","violurate",,"cozobaen"
"1047241","violuric",,"olotaqan"
"1047242","viomellein",,"cazevoon"
"1047243","viomycin",,"cozileen"
"1047244","viomycins",,"cozileon"
"1047245","viopurpurin",,"cuzibocoot"
"1047246","viorna",,"ilijei"
"1047247","viorst",,"ulujona"
"1047248","viossa",,"alacina"
"1047249","viosterol",,"cuzewaan"
"1047250","viosterols",,"cuzewaun"
"1047251","vious",,"iliwua"
"1047252","vioxanthin",,"cizanoen"
"1047253","vioxx",,"ulugaa"
"1047254","viparious",,"elomesaa"
"1047255","vipass",,"capaat"
"1047256","vipassana",,"ulamawun"
"1047257","vipe",,"cipoi"
"1047258","viper",,"ilutio"
"1047259","vipera",,"ulaten"
"1047260","viperae",,"ilutiuna"
"1047261","viperan",,"copecin"
"1047262","viperas",,"ulatuon"
"1047263","vipere",,"olitotn"
"1047264","viperess",,"olitozet"
"1047265","viperfish",,"aletamat"
"1047266","viperfishes",,"ulatumoden"
"1047267","vipergic",,"ulatunun"
"1047268","viperian",,"copeceo"
"1047269","viperid",,"cipocan"
"1047270","viperidae",,"cipocoun"
"1047271","viperidaes",,"cipocou"
"1047272","viperidic",,"cipocoua"
"1047273","viperiform",,"aletase"
"1047274","viperin",,"cepaci"
"1047275","viperina",,"copeceoa"
"1047276","viperinae",,"cepacaat"
"1047277","viperinaes",,"cepacae"
"1047278","viperinas",,"copeceet"
"1047279","viperine",,"capucuin"
"1047280","viperish",,"cupicii"
"1047281","viperishly",,"ulatusa"
"1047282","viperishness",,"aletasitin"
"1047283","viperlike",,"capucoo"
"1047284","viperling",,"aletazata"
"1047285","viperoid",,"capucain"
"1047286","viperoidea",,"capucaa"
"1047287","viperoideas",,"capucatoen"
"1047288","viperous",,"ulatuhat"
"1047289","viperously",,"capucaen"
"1047290","viperousness",,"cepacegoa"
"1047291","vipers",,"ilutuno"
"1047292","vipery",,"aletus"
"1047293","vipit",,"ilunao"
"1047294","viplav",,"copou"
"1047295","vipolitic",,"cupoviun"
"1047296","vipoma",,"capiun"
"1047297","vipond",,"cipei"
"1047298","vipper",,"capuat"
"1047299","vipperman",,"elofuqot"
"1047300","vipresident",,"cupaviteun"
"1047301","viprostol",,"elojiwo"
"1047302","vips",,"cupea"
"1047303","vipsanius",,"elocafa"
"1047304","vipul",,"elowaa"
"1047305","vipw",,"copia"
"1047306","viqualine",,"ilawozen"
"1047307","viquarium",,"cefanue"
"1047308","viqueen",,"cifovi"
"1047309","viquelia",,"cefavian"
"1047310","viquidil",,"alowevona"
"1047311","vira",,"cuhun"
"1047312","virabhadrasana",,"elumeropi"
"1047313","virac",,"cuhus"
"1047314","viracide",,"olamisena"
"1047315","viracme",,"cehesen"
"1047316","viracocha",,"olamihi"
"1047317","viradis",,"ilemaue"
"1047318","viraemia",,"cohovaa"
"1047319","viraemias",,"cohovaen"
"1047320","viraemic",,"cehevui"
"1047321","viraemically",,"cehevutoa"
"1047322","virage",,"cuhuota"
"1047323","viragin",,"olameie"
"1047324","viraginian",,"cehemaa"
"1047325","viraginity",,"cuhumiu"
"1047326","viraginous",,"ilemosana"
"1047327","virago",,"cohoin"
"1047328","viragoes",,"cehemean"
"1047329","viragoish",,"olamehue"
"1047330","viragolike",,"ilemohan"
"1047331","viragos",,"cohoma"
"1047332","viragoship",,"cuhumuin"
"1047333","virak",,"cihit"
"1047334","viral",,"olamene"
"1047335","viraler",,"cohovin"
"1047336","virales",,"elumaat"
"1047337","viraless",,"elumazea"
"1047338","viralest",,"cehevoi"
"1047339","virality",,"cuhuvion"
"1047340","viralization",,"cuhuviria"
"1047341","viralize",,"cihivoun"
"1047342","viralized",,"olamesi"
"1047343","viralizes",,"cihivou"
"1047344","viralizing",,"olamesot"
"1047345","viraller",,"alimuzena"
"1047346","virallest",,"ulomizea"
"1047347","virally",,"cihivat"
"1047348","viralness",,"cuhuvii"
"1047349","virama",,"cihione"
"1047350","viramgam",,"cohozuen"
"1047351","viramidine",,"cihizoa"
"1047352","viramune",,"olamodon"
"1047353","viramunes",,"olamodan"
"1047354","viranda",,"cohopu"
"1047355","virandah",,"olamivon"
"1047356","virandas",,"cohopoot"
"1047357","virando",,"cihipan"
"1047358","virandos",,"cihipiun"
"1047359","virani",,"elumato"
"1047360","virar",,"ulomus"
"1047361","viras",,"cuhuqa"
"1047362","virason",,"ilemuina"
"1047363","virat",,"ilemane"
"1047364","viray",,"cehela"
"1047365","virazole",,"cahamau"
"1047366","virbalis",,"cihunae"
"1047367","virbius",,"olanieta"
"1047368","virbiuss",,"olanidi"
"1047369","vircator",,"cehinei"
"1047370","virch",,"ilerie"
"1047371","virchovian",,"olarohu"
"1047372","virchow",,"ileriin"
"1047373","virchowian",,"cohunoan"
"1047374","virchows",,"ileriha"
"1047375","virden",,"cuhoin"
"1047376","virdens",,"cuhovaa"
"1047377","vire",,"coheo"
"1047378","viread",,"olatinu"
"1047379","vired",,"elutiti"
"1047380","viredaz",,"cuhitin"
"1047381","virelai",,"elutaun"
"1047382","virelais",,"elutaru"
"1047383","virelay",,"iletoe"
"1047384","virelays",,"iletorin"
"1047385","virella",,"cahuve"
"1047386","virement",,"cehazoi"
"1047387","virements",,"cehazoat"
"1047388","viremia",,"cehazon"
"1047389","viremias",,"cehazaan"
"1047390","viremic",,"cahuze"
"1047391","viremogenic",,"ulotuhafo"
"1047392","viremogenicity",,"cehazeruan"
"1047393","viren",,"ulotani"
"1047394","virenamide",,"cohepuet"
"1047395","virendra",,"aliteva"
"1047396","virenium",,"elutosin"
"1047397","virenose",,"aliteho"
"1047398","virens",,"ulotete"
"1047399","virensic",,"ulotawat"
"1047400","virent",,"cuhiot"
"1047401","vireo",,"cuhife"
"1047402","vireonid",,"cehafaan"
"1047403","vireonidae",,"cehafaun"
"1047404","vireonidaes",,"cehafatiu"
"1047405","vireonine",,"cihofoin"
"1047406","vireonines",,"cihofoa"
"1047407","vireos",,"cuhiota"
"1047408","vires",,"coheq"
"1047409","virescence",,"olatiton"
"1047410","virescences",,"olatitojan"
"1047411","virescent",,"cihoqoun"
"1047412","virescently",,"iletutijet"
"1047413","vireton",,"cehawon"
"1047414","viretoni",,"cehaweat"
"1047415","viretot",,"cihowan"
"1047416","viretots",,"cihowiun"
"1047417","virg",,"cuhut"
"1047418","virga",,"cahane"
"1047419","virgal",,"ilelui"
"1047420","virgalieu",,"elulaza"
"1047421","virgas",,"cahaun"
"1047422","virgata",,"aliluaa"
"1047423","virgate",,"ileloua"
"1047424","virgated",,"cihiniat"
"1047425","virgately",,"cuhunuia"
"1047426","virgater",,"cuhunueta"
"1047427","virgates",,"ilelobot"
"1047428","virgation",,"cuhunuun"
"1047429","virgatosphinctin",,"cihinijuet"
"1047430","virgatotome",,"cahanajoi"
"1047431","virgatum",,"elulabin"
"1047432","virgavirus",,"cihinao"
"1047433","virge",,"cihive"
"1047434","virgel",,"elulata"
"1047435","virgen",,"alilot"
"1047436","virger",,"ileles"
"1047437","virgers",,"ileleina"
"1047438","virges",,"cihii"
"1047439","virgianum",,"ulolarot"
"1047440","virgie",,"cihiana"
"1047441","virgies",,"cihirun"
"1047442","virgil",,"olalon"
"1047443","virgiles",,"elulozot"
"1047444","virgilia",,"ileluzet"
"1047445","virgiliae",,"olalize"
"1047446","virgilian",,"ceheriot"
"1047447","virgilianism",,"cuhuretion"
"1047448","virgilias",,"ileluzi"
"1047449","virgilina",,"ceheriota"
"1047450","virgilinas",,"ceherio"
"1047451","virgilio",,"ulolazot"
"1047452","virgilism",,"alileze"
"1047453","virgilisms",,"alilezin"
"1047454","virgilite",,"ceheriin"
"1047455","virgilla",,"cohoruon"
"1047456","virgils",,"olalian"
"1047457","virgin",,"elulei"
"1047458","virgina",,"olalii"
"1047459","virginal",,"ceherae"
"1047460","virginale",,"caharuen"
"1047461","virginales",,"caharuon"
"1047462","virginalist",,"alilefefot"
"1047463","virginalists",,"alilefefo"
"1047464","virginality",,"olalififo"
"1047465","virginalled",,"cihirosoet"
"1047466","virginalling",,"cihirosou"
"1047467","virginalls",,"ulolafen"
"1047468","virginally",,"elulofon"
"1047469","virginals",,"ceherain"
"1047470","virginamycin",,"caharusae"
"1047471","virginaticum",,"cuhuriseo"
"1047472","virginbi",,"cohoreon"
"1047473","virgined",,"caharuot"
"1047474","virgineous",,"elulofet"
"1047475","virginer",,"ceheraun"
"1047476","virginest",,"caharuena"
"1047477","virginhead",,"elulofen"
"1047478","virginhood",,"alilefu"
"1047479","virginhoods",,"alilefocot"
"1047480","virginia",,"olalifun"
"1047481","virginiae",,"elulofo"
"1047482","virginial",,"ceheraot"
"1047483","virginiamycin",,"caharutuot"
"1047484","virginian",,"caharuona"
"1047485","virginiana",,"ceheraa"
"1047486","virginianae",,"caharutuan"
"1047487","virginians",,"caharuan"
"1047488","virginianum",,"cohoretein"
"1047489","virginianus",,"cuhuritia"
"1047490","virginias",,"olalifu"
"1047491","virginibus",,"ceheraaa"
"1047492","virginica",,"olalife"
"1047493","virginicum",,"ilelufat"
"1047494","virginicus",,"alilefe"
"1047495","virginid",,"ceheraea"
"1047496","virginids",,"ceheraina"
"1047497","virginie",,"alilefi"
"1047498","virginiensis",,"cihiroteun"
"1047499","virgining",,"caharuana"
"1047500","virginio",,"ilelufon"
"1047501","virginioside",,"cohoretuot"
"1047502","virginis",,"elulofoa"
"1047503","virginish",,"cohoreun"
"1047504","virginiss",,"elulofeta"
"1047505","virginit",,"ceheraua"
"1047506","virginite",,"caharuet"
"1047507","virginities",,"caharutoun"
"1047508","virginitiphobia",,"elulofugon"
"1047509","virginitis",,"ceheraena"
"1047510","virginity",,"cihiroo"
"1047511","virginityship",,"caharutoo"
"1047512","virginium",,"ilelufan"
"1047513","virginiums",,"ilelufun"
"1047514","virginize",,"cohorei"
"1047515","virginlike",,"cihiroon"
"1047516","virginly",,"cohoreona"
"1047517","virginner",,"ilelufona"
"1047518","virginnest",,"olalifin"
"1047519","virginney",,"caharuene"
"1047520","virginogenia",,"cohorejea"
"1047521","virginogeniae",,"ceherajaan"
"1047522","virginopara",,"olalifeqa"
"1047523","virginoparae",,"elulofaqan"
"1047524","virginoparous",,"olalifeqi"
"1047525","virgins",,"eluloin"
"1047526","virginship",,"ilelufe"
"1047527","virginville",,"ceherakoet"
"1047528","virginvilles",,"ceherakoi"
"1047529","virgivitiphobia",,"olaligagin"
"1047530","virgo",,"cehefa"
"1047531","virgoan",,"uloleat"
"1047532","virgoans",,"ulolere"
"1047533","virgoneza",,"cahafua"
"1047534","virgophrenia",,"cehefoseon"
"1047535","virgos",,"ceheon"
"1047536","virgouleuse",,"alilodefun"
"1047537","virgoxillin",,"cihifotoat"
"1047538","virgula",,"olalaon"
"1047539","virgular",,"cihibau"
"1047540","virgularia",,"cuhubee"
"1047541","virgularian",,"eluluzobi"
"1047542","virgularias",,"cuhubesuin"
"1047543","virgulariid",,"olalaziba"
"1047544","virgulariidae",,"olalaziben"
"1047545","virgulariidaes",,"olalazibon"
"1047546","virgulate",,"cehebiun"
"1047547","virgule",,"alilio"
"1047548","virgules",,"alilizet"
"1047549","virgultum",,"cihibaa"
"1047550","virguncule",,"cohobei"
"1047551","virgy",,"cehele"
"1047552","viri",,"cihan"
"1047553","virial",,"olanene"
"1047554","virialisation",,"olanezadi"
"1047555","virialise",,"elunaza"
"1047556","virialised",,"cehiniu"
"1047557","virialises",,"elunazen"
"1047558","virialising",,"cehinitoon"
"1047559","virialization",,"cuhenetoet"
"1047560","virialize",,"cihanain"
"1047561","virialized",,"olanezun"
"1047562","virializes",,"cihanaa"
"1047563","virializing",,"olanezasen"
"1047564","virials",,"olaneone"
"1047565","viriatus",,"olanebi"
"1047566","viribus",,"olanoeta"
"1047567","viricidal",,"cohuseet"
"1047568","viricide",,"elunose"
"1047569","viricides",,"elunosin"
"1047570","virid",,"olanut"
"1047571","viridaria",,"cahotoa"
"1047572","viridarium",,"cehitiin"
"1047573","viride",,"elunit"
"1047574","viridene",,"cihatuat"
"1047575","viridenomycin",,"ilenazecu"
"1047576","viridescence",,"cohutibion"
"1047577","viridescences",,"cohutibian"
"1047578","viridescens",,"cihatubuot"
"1047579","viridescent",,"olanuzazun"
"1047580","viridescently",,"cihatubuet"
"1047581","viridi",,"olaneni"
"1047582","viridian",,"cehitaat"
"1047583","viridians",,"cehitae"
"1047584","viridibufagin",,"cihatotee"
"1047585","viridigenous",,"cehitaruet"
"1047586","viridin",,"cahotin"
"1047587","viridine",,"cuhetion"
"1047588","viridiofungin",,"cehitajue"
"1047589","viridiplant",,"alinosafu"
"1047590","viridis",,"olanuona"
"1047591","viridissa",,"ilenasena"
"1047592","viridite",,"cehitaan"
"1047593","viridites",,"cehitaun"
"1047594","viridities",,"cehitain"
"1047595","viriditoxin",,"cuhetideot"
"1047596","viridity",,"cuhetiona"
"1047597","viridly",,"cihatat"
"1047598","viridness",,"cuhetii"
"1047599","viridofulvin",,"ulonehukan"
"1047600","virific",,"ulonoun"
"1047601","virify",,"elununt"
"1047602","virile",,"alinoti"
"1047603","virilely",,"cehivoat"
"1047604","virileness",,"cohuvii"
"1047605","viriler",,"cehivi"
"1047606","virilescence",,"cehivoboin"
"1047607","virilescences",,"cehivoboa"
"1047608","virilescent",,"elunazuzen"
"1047609","virilest",,"cahoveot"
"1047610","virilia",,"olanei"
"1047611","virilian",,"cahovuo"
"1047612","virilified",,"elunasona"
"1047613","virilifies",,"cohuvee"
"1047614","virilify",,"cahovuen"
"1047615","virilifying",,"ilenosirot"
"1047616","viriliously",,"cihavojei"
"1047617","virilis",,"elunain"
"1047618","virilisation",,"elunasute"
"1047619","virilisations",,"elunasutin"
"1047620","virilise",,"alinusona"
"1047621","virilised",,"cahovuoa"
"1047622","virilises",,"alinusana"
"1047623","virilising",,"cahovuun"
"1047624","virilism",,"ulonisina"
"1047625","virilisms",,"ulonisa"
"1047626","virilist",,"cehivae"
"1047627","viriliter",,"alinusane"
"1047628","virilities",,"cahovui"
"1047629","virility",,"cihavoin"
"1047630","virilization",,"cihavoroat"
"1047631","virilizations",,"cihavoroe"
"1047632","virilize",,"cohuveen"
"1047633","virilized",,"elunasot"
"1047634","virilizer",,"olanesune"
"1047635","virilizes",,"cohuveon"
"1047636","virilizing",,"elunasan"
"1047637","virilocal",,"cihaviot"
"1047638","virilocality",,"ulonihoton"
"1047639","virilocally",,"ilenohetat"
"1047640","viriloid",,"cihaviin"
"1047641","virine",,"ulonono"
"1047642","viring",,"eluneo"
"1047643","virino",,"olanete"
"1047644","virinos",,"olaniio"
"1047645","viriome",,"cohufa"
"1047646","virion",,"olaneti"
"1047647","virionic",,"olanufat"
"1047648","virions",,"olanuia"
"1047649","virioplankton",,"elunijotin"
"1047650","virioplasm",,"cuhefau"
"1047651","viripotency",,"ulonohifa"
"1047652","viripotent",,"cohuhoan"
"1047653","viritoot",,"cehiweun"
"1047654","viritope",,"cahowaot"
"1047655","viritrate",,"olanuqan"
"1047656","virivore",,"cihadie"
"1047657","virivorous",,"cahodaon"
"1047658","virivory",,"cehideat"
"1047659","viriya",,"cehien"
"1047660","virje",,"elurui"
"1047661","virk",,"cohen"
"1047662","virko",,"cuhifi"
"1047663","virl",,"elutne"
"1047664","virled",,"cahaana"
"1047665","virls",,"elutotu"
"1047666","virmilion",,"cuhareu"
"1047667","virnelli",,"eluzuzot"
"1047668","virnig",,"eluze"
"1047669","viro",,"cahie"
"1047670","virobiome",,"ulopusu"
"1047671","viroc",,"cahis"
"1047672","virocap",,"olapien"
"1047673","virocell",,"cehusoan"
"1047674","viroceptor",,"olapizun"
"1047675","virocidal",,"cuhosii"
"1047676","virocontrol",,"cahisahoan"
"1047677","virodhi",,"cahitin"
"1047678","virodiversity",,"cuhotikoa"
"1047679","virogene",,"elupazu"
"1047680","virogenes",,"elupazot"
"1047681","virogenesis",,"elupazufon"
"1047682","virogenic",,"olapezun"
"1047683","virogenomic",,"olapezaca"
"1047684","virogenomics",,"olapezacen"
"1047685","viroid",,"uloponi"
"1047686","viroidal",,"cuhoruon"
"1047687","viroidlike",,"cehureot"
"1047688","viroids",,"ulopaan"
"1047689","viroimmunological",,"alipepoka"
"1047690","viroimmunology",,"ciherefea"
"1047691","virokine",,"alipison"
"1047692","virokinetic",,"cahituhian"
"1047693","virokinetics",,"cahituhiun"
"1047694","virol",,"ilepos"
"1047695","virolactia",,"cahivoen"
"1047696","virolahti",,"ulopirot"
"1047697","virole",,"olapote"
"1047698","viroled",,"cohavin"
"1047699","virologic",,"elupahen"
"1047700","virological",,"cehuveroen"
"1047701","virologically",,"elupahovu"
"1047702","virologies",,"alipuhe"
"1047703","virologist",,"cehuveo"
"1047704","virologists",,"cehuveroet"
"1047705","virology",,"ilepohen"
"1047706","virolysis",,"alipuman"
"1047707","virolytic",,"cahivao"
"1047708","virome",,"cohau"
"1047709","virometric",,"cohazii"
"1047710","virometry",,"cuhozai"
"1047711","viromic",,"cihezun"
"1047712","viromics",,"cihezou"
"1047713","viron",,"olapin"
"1047714","vironegative",,"alipezetu"
"1047715","vironeutralisation",,"cahipegoat"
"1047716","viropause",,"alipiret"
"1047717","viropexia",,"cuhohai"
"1047718","viropexis",,"cihehuina"
"1047719","virophage",,"ciheheot"
"1047720","virophagy",,"cehuhuu"
"1047721","viroplasm",,"cuhoheat"
"1047722","viroplasmic",,"cuhohesain"
"1047723","viroplasmin",,"elupuzodan"
"1047724","viroporin",,"elupuhen"
"1047725","viropositive",,"alipihivot"
"1047726","viroqua",,"cehujon"
"1047727","viroquas",,"cehujoan"
"1047728","virose",,"cuhoot"
"1047729","virosecurinine",,"olapizakon"
"1047730","viroses",,"cuhoqo"
"1047731","virosis",,"cahiqin"
"1047732","virosiss",,"cahiqua"
"1047733","virosomal",,"ulopahina"
"1047734","virosomally",,"cahiqafuan"
"1047735","virosome",,"cuhoquon"
"1047736","virosphere",,"alipejan"
"1047737","virostatic",,"cahiqaen"
"1047738","virotherapeutic",,"uloperubat"
"1047739","virotherapeutically",,"uloperuben"
"1047740","virotherapy",,"cuhowopue"
"1047741","virotic",,"ulopean"
"1047742","virotoxin",,"elupihoa"
"1047743","virotype",,"cohawoa"
"1047744","virous",,"cuhoa"
"1047745","viroviti",,"cihedoin"
"1047746","virovitica",,"cuhodiun"
"1047747","virovore",,"cahidain"
"1047748","virovory",,"cihedie"
"1047749","virrat",,"cuhaot"
"1047750","virrueta",,"cohibiota"
"1047751","virs",,"cihat"
"1047752","virsaitis",,"ilecoset"
"1047753","virsc",,"cihas"
"1047754","virsen",,"uloceti"
"1047755","virss",,"cihaqi"
"1047756","virstatin",,"alicori"
"1047757","virsuoso",,"cehibeat"
"1047758","virt",,"olaqtu"
"1047759","virtanen",,"olaqefon"
"1047760","virtanens",,"olaqefan"
"1047761","virtel",,"cahiata"
"1047762","virtis",,"olaqen"
"1047763","virton",,"cohain"
"1047764","virtopsy",,"cihefue"
"1047765","virts",,"olaqin"
"1047766","virtu",,"eluquo"
"1047767","virtual",,"cehubon"
"1047768","virtualbox",,"cehubie"
"1047769","virtualdub",,"cahiboa"
"1047770","virtualenv",,"cehubiea"
"1047771","virtualer",,"aliqiret"
"1047772","virtualest",,"uloqoru"
"1047773","virtualisable",,"cahibopeat"
"1047774","virtualisation",,"cehubipoat"
"1047775","virtualise",,"cahiboen"
"1047776","virtualised",,"uloqoravot"
"1047777","virtualiser",,"aliqirevun"
"1047778","virtualises",,"cahibopeon"
"1047779","virtualising",,"uloqoravan"
"1047780","virtualism",,"cuhobee"
"1047781","virtualisms",,"cuhobepain"
"1047782","virtualist",,"aliqirat"
"1047783","virtualists",,"aliqireve"
"1047784","virtualities",,"uloqoravet"
"1047785","virtuality",,"olaqare"
"1047786","virtualizable",,"eluqurovi"
"1047787","virtualization",,"olaqarivi"
"1047788","virtualize",,"eluqura"
"1047789","virtualized",,"cehubipou"
"1047790","virtualizer",,"cohabupian"
"1047791","virtualizes",,"eluquroven"
"1047792","virtualizing",,"cehubipoon"
"1047793","virtuall",,"uloqorun"
"1047794","virtualler",,"cuhobeat"
"1047795","virtuallest",,"cihebapoo"
"1047796","virtuallier",,"cuhobepiu"
"1047797","virtualliest",,"cihebapoon"
"1047798","virtually",,"eluqurot"
"1047799","virtualness",,"olaqariju"
"1047800","virtuate",,"cehubion"
"1047801","virtuated",,"aliqiro"
"1047802","virtuates",,"cehubian"
"1047803","virtuating",,"aliqirun"
"1047804","virtue",,"alique"
"1047805","virtuecrat",,"eluquzin"
"1047806","virtued",,"cahibat"
"1047807","virtuefied",,"aliqizi"
"1047808","virtuefies",,"cehubou"
"1047809","virtuefy",,"cuhobaet"
"1047810","virtuefying",,"olaqazora"
"1047811","virtueless",,"cihebuin"
"1047812","virtuelessness",,"uloqozafon"
"1047813","virtuelessnesss",,"uloqozafan"
"1047814","virtuelle",,"eluquzina"
"1047815","virtueproof",,"cihebuciet"
"1047816","virtues",,"aliqiot"
"1047817","virtuless",,"cuhobei"
"1047818","virtuosa",,"uloqohat"
"1047819","virtuosas",,"uloqohe"
"1047820","virtuose",,"olaqahon"
"1047821","virtuosi",,"ileqeho"
"1047822","virtuosic",,"ileqehen"
"1047823","virtuosically",,"ileqehevu"
"1047824","virtuosis",,"ileqehet"
"1047825","virtuosities",,"cohabobiu"
"1047826","virtuosity",,"cahibaet"
"1047827","virtuosly",,"cuhobuan"
"1047828","virtuoso",,"aliqihet"
"1047829","virtuosos",,"aliqihi"
"1047830","virtuosoship",,"olaqahacet"
"1047831","virtuosoships",,"olaqahaci"
"1047832","virtuous",,"olaqahi"
"1047833","virtuouser",,"cohaboon"
"1047834","virtuousest",,"cehubegoin"
"1047835","virtuouslier",,"aliqihadin"
"1047836","virtuousliest",,"uloqohudi"
"1047837","virtuouslike",,"cuhobugaa"
"1047838","virtuously",,"cihebia"
"1047839","virtuousness",,"cuhobugain"
"1047840","virtuousnesses",,"cihebiguan"
"1047841","virtuousser",,"cohabogian"
"1047842","virtuoussest",,"cehubegoa"
"1047843","virtus",,"eluqani"
"1047844","virtuss",,"eluquun"
"1047845","virtute",,"cahibun"
"1047846","virtuti",,"cehubi"
"1047847","virtutis",,"cehubeat"
"1047848","viru",,"cohet"
"1047849","virucidal",,"cehasaat"
"1047850","virucide",,"aliwesa"
"1047851","virucides",,"aliwesen"
"1047852","virucopria",,"cohesoi"
"1047853","virudhachalam",,"cohetasiu"
"1047854","virudhunagar",,"cohetagie"
"1047855","viruela",,"aliwiot"
"1047856","viruet",,"aliwui"
"1047857","virulence",,"cehavoan"
"1047858","virulences",,"cehavoun"
"1047859","virulencies",,"cehavohoin"
"1047860","virulency",,"cuhivaon"
"1047861","virulent",,"eluwazua"
"1047862","virulented",,"cahuvea"
"1047863","virulently",,"cohevii"
"1047864","virulentness",,"cihovuhaet"
"1047865","viruliferous",,"olawesofen"
"1047866","viruliferousness",,"cuhivinoun"
"1047867","virulizin",,"ulowisot"
"1047868","virulome",,"ulowihun"
"1047869","virulotype",,"ulowihin"
"1047870","virulotyped",,"cuhivudeun"
"1047871","virulotyping",,"cuhivudeen"
"1047872","virunga",,"eluwoe"
"1047873","viruria",,"ilewiina"
"1047874","virus",,"coheqa"
"1047875","viruscidal",,"cehaqae"
"1047876","viruscide",,"aliweten"
"1047877","virused",,"aliwein"
"1047878","virusemia",,"cahuqea"
"1047879","virusemic",,"cuhiqai"
"1047880","viruses",,"cehaqet"
"1047881","virusing",,"aliwesi"
"1047882","virusless",,"ulowaze"
"1047883","viruslike",,"ilewuzet"
"1047884","virusoid",,"ilewuha"
"1047885","virusoids",,"ilewuhen"
"1047886","virusproof",,"ulowajo"
"1047887","viruss",,"coheua"
"1047888","virussy",,"cuhiqo"
"1047889","virustatic",,"coheqoon"
"1047890","viruttam",,"cahuwain"
"1047891","virvidaki",,"ceheree"
"1047892","visa",,"ilomru"
"1047893","visable",,"elamean"
"1047894","visad",,"cijit"
"1047895","visaed",,"cojoat"
"1047896","visage",,"ilomuna"
"1047897","visaged",,"cijimi"
"1047898","visages",,"ilomou"
"1047899","visaginas",,"cijimoot"
"1047900","visagist",,"cujumii"
"1047901","visagiste",,"cijimoin"
"1047902","visagistes",,"cijimoa"
"1047903","visagists",,"cujumiat"
"1047904","visagraph",,"cijimeot"
"1047905","visahari",,"alumaret"
"1047906","visaing",,"cojoro"
"1047907","visakhapatnam",,"olemariqen"
"1047908","visakhapatnams",,"olemariqon"
"1047909","visaless",,"cejevoi"
"1047910","visalia",,"cijivat"
"1047911","visalias",,"cijivoe"
"1047912","visammin",,"cojozaet"
"1047913","visamminol",,"olemopot"
"1047914","visar",,"cujuc"
"1047915","visard",,"ilomata"
"1047916","visarded",,"cojocou"
"1047917","visarding",,"cojocoon"
"1047918","visards",,"ilomiea"
"1047919","visarga",,"cejecon"
"1047920","visas",,"ilomut"
"1047921","visavis",,"cojodot"
"1047922","visaya",,"elamone"
"1047923","visayan",,"cujula"
"1047924","visayans",,"cujuleen"
"1047925","visayanss",,"cujuleon"
"1047926","visayas",,"elamiana"
"1047927","visbor",,"alunine"
"1047928","visbreaker",,"cojicien"
"1047929","visbreaking",,"cejocosua"
"1047930","visby",,"cajela"
"1047931","visc",,"olerna"
"1047932","visca",,"iloroa"
"1047933","viscaceae",,"olereto"
"1047934","viscaceaes",,"oleretet"
"1047935","viscaceous",,"ilorota"
"1047936","viscacha",,"cajonue"
"1047937","viscachas",,"cajonuin"
"1047938","viscachera",,"uliritun"
"1047939","viscacheras",,"uliritefu"
"1047940","viscaino",,"cijanoe"
"1047941","viscance",,"cajonuun"
"1047942","viscardi",,"iloroqin"
"1047943","viscaria",,"cajoniu"
"1047944","viscarias",,"cajoniot"
"1047945","viscarra",,"aluruqa"
"1047946","viscera",,"cijavon"
"1047947","viscerad",,"oleraqo"
"1047948","visceral",,"elaruqun"
"1047949","visceralgia",,"ilorequfi"
"1047950","visceralise",,"aluriqefan"
"1047951","visceralising",,"cajovisuu"
"1047952","visceralism",,"uliroqafa"
"1047953","viscerality",,"cijavesoa"
"1047954","visceralization",,"cijavesoe"
"1047955","visceralize",,"cojuvaseon"
"1047956","visceralizing",,"elaruqofun"
"1047957","viscerally",,"cojuvaet"
"1047958","visceralness",,"cijavesoo"
"1047959","viscerate",,"elaruquna"
"1047960","viscerated",,"cejivui"
"1047961","viscerates",,"elaruqu"
"1047962","viscerating",,"cejivusiot"
"1047963","visceration",,"cojuvasuan"
"1047964","viscerimotor",,"cujevotuot"
"1047965","visceripericardial",,"iloreqeqon"
"1047966","viscero",,"cujeva"
"1047967","visceroatrial",,"uliroqitet"
"1047968","viscerobranchiomotor",,"cijavejiat"
"1047969","visceroception",,"iloreqozu"
"1047970","visceroceptive",,"elaruqazi"
"1047971","visceroceptor",,"elaruqazon"
"1047972","viscerocranial",,"oleraqezen"
"1047973","viscerocranium",,"cajovijee"
"1047974","viscerocutaneous",,"cejivujoi"
"1047975","viscerofugal",,"cajovijiat"
"1047976","viscerogenic",,"elaruqason"
"1047977","viscerograph",,"iloreqosun"
"1047978","viscerography",,"aluriqusot"
"1047979","visceroinhibitory",,"elaruqavon"
"1047980","viscerology",,"oleraqefin"
"1047981","visceromegaly",,"iloreqohun"
"1047982","visceromotor",,"cejivujeo"
"1047983","visceroparietal",,"cajovijiu"
"1047984","visceropathy",,"iloreqoqan"
"1047985","visceropericardial",,"aluriquqan"
"1047986","visceroperitioneal",,"oleraqeqin"
"1047987","visceroperitoneal",,"oleraqequn"
"1047988","visceropleural",,"cojuvajain"
"1047989","visceroptoses",,"cejivujuo"
"1047990","visceroptosis",,"cojuvajaina"
"1047991","visceroptotic",,"elaruqaqan"
"1047992","viscerosensitive",,"oleraqedan"
"1047993","viscerosensorial",,"oleraqedat"
"1047994","viscerosensory",,"cajovijeun"
"1047995","visceroskeletal",,"iloreqodin"
"1047996","visceroskeleton",,"iloreqodot"
"1047997","viscerosomatic",,"uliroqidi"
"1047998","viscerotome",,"oleraqege"
"1047999","viscerotomy",,"aluriqugat"
"1048000","viscerotonia",,"cujevojein"
"1048001","viscerotonias",,"cujevojea"
"1048002","viscerotonic",,"cijavejaet"
"1048003","viscerotopic",,"cojuvajuun"
"1048004","viscerotrophic",,"cijavejaun"
"1048005","viscerotropic",,"oleraqego"
"1048006","viscerotropics",,"oleraqeget"
"1048007","viscerotropism",,"aluriqugen"
"1048008","viscerous",,"cijavee"
"1048009","viscid",,"cojue"
"1048010","viscidation",,"cojurosuat"
"1048011","viscidder",,"cejirei"
"1048012","visciddest",,"cajoraot"
"1048013","viscider",,"elarovun"
"1048014","viscidest",,"alureven"
"1048015","viscidities",,"alurevigun"
"1048016","viscidity",,"iloruvo"
"1048017","viscidium",,"cujeruan"
"1048018","viscidize",,"olerivi"
"1048019","viscidized",,"cojuroen"
"1048020","viscidizes",,"olerivat"
"1048021","viscidizing",,"cojurotae"
"1048022","viscidlier",,"cajoraen"
"1048023","viscidliest",,"cujerupae"
"1048024","viscidly",,"olerivon"
"1048025","viscidness",,"iloruven"
"1048026","viscidnesses",,"olerivafu"
"1048027","viscidnesss",,"iloruvefon"
"1048028","viscidone",,"alurevet"
"1048029","viscidosis",,"cujeruun"
"1048030","viscidulous",,"alurevafun"
"1048031","viscim",,"alurot"
"1048032","viscin",,"cajoun"
"1048033","viscins",,"cajoru"
"1048034","viscious",,"iloruha"
"1048035","viscivorus",,"olerige"
"1048036","viscma",,"elari"
"1048037","visco",,"uliree"
"1048038","viscoadaptive",,"ulirerito"
"1048039","viscoamylograph",,"alurorori"
"1048040","viscoamylolytic",,"cejififiat"
"1048041","viscoanalyzer",,"alurorite"
"1048042","viscocanalostomy",,"cejifasoun"
"1048043","viscoela",,"cijafuat"
"1048044","viscoelastic",,"oleruzitin"
"1048045","viscoelastically",,"oleruzitan"
"1048046","viscoelasticities",,"cejifopau"
"1048047","viscoelasticity",,"cujefapiet"
"1048048","viscoelasticplastic",,"cijafupoet"
"1048049","viscoelastometric",,"elarizota"
"1048050","viscoelastometry",,"ilorazuta"
"1048051","viscoelastoplastic",,"cajofepuon"
"1048052","viscoelastoplasticity",,"elarizote"
"1048053","viscoexpression",,"elarizuqu"
"1048054","viscoid",,"cujefo"
"1048055","viscoidal",,"iloraso"
"1048056","viscolize",,"ilorazo"
"1048057","viscomet",,"cejifui"
"1048058","viscometer",,"aluropon"
"1048059","viscometers",,"aluropagan"
"1048060","viscometric",,"elaripegen"
"1048061","viscometrical",,"cejifupien"
"1048062","viscometrically",,"elaripegu"
"1048063","viscometries",,"aluropage"
"1048064","viscometry",,"ilorapen"
"1048065","viscometrys",,"ilorapigon"
"1048066","viscomital",,"elaripen"
"1048067","viscontal",,"cejifaun"
"1048068","visconti",,"elarifin"
"1048069","viscontial",,"cejifain"
"1048070","viscontis",,"elarifa"
"1048071","viscoplastic",,"cajofepuan"
"1048072","viscoplasticity",,"elarijotin"
"1048073","viscoresistive",,"cejifupoon"
"1048074","viscosa",,"aluroot"
"1048075","viscoscope",,"cojufeet"
"1048076","viscose",,"ilorae"
"1048077","viscoser",,"cujefien"
"1048078","viscoses",,"ilorawin"
"1048079","viscosest",,"cijafoe"
"1048080","viscosified",,"ulireworo"
"1048081","viscosifier",,"alurowiru"
"1048082","viscosifies",,"cajofutian"
"1048083","viscosify",,"cijafoot"
"1048084","viscosifying",,"elariwure"
"1048085","viscosimeter",,"alurowihe"
"1048086","viscosimeters",,"alurowihin"
"1048087","viscosimetric",,"elariwuhat"
"1048088","viscosimetrical",,"cejifateat"
"1048089","viscosimetrically",,"elariwuhen"
"1048090","viscosimetries",,"alurowiho"
"1048091","viscosimetry",,"ilorawehat"
"1048092","viscosin",,"cojufeen"
"1048093","viscosinamide",,"ulirewojon"
"1048094","viscosissimum",,"ulirewodat"
"1048095","viscosit",,"cujefion"
"1048096","viscosities",,"cijafotaen"
"1048097","viscosity",,"cejifauna"
"1048098","viscosum",,"elariwu"
"1048099","viscosupplement",,"cijafogee"
"1048100","viscosupplementation",,"cijafogeat"
"1048101","viscosurgical",,"ulirewubi"
"1048102","viscotaxis",,"olerubun"
"1048103","viscotoxin",,"cejifein"
"1048104","viscotoxins",,"cejifejoa"
"1048105","viscount",,"aluroden"
"1048106","viscountal",,"cajofeen"
"1048107","viscountcies",,"uliredogo"
"1048108","viscountcy",,"olerudat"
"1048109","viscountcys",,"olerudage"
"1048110","viscountess",,"uliredogot"
"1048111","viscountesses",,"iloradegat"
"1048112","viscountesss",,"uliredogoa"
"1048113","viscounties",,"uliredoga"
"1048114","viscounts",,"alurodon"
"1048115","viscountship",,"olerudagen"
"1048116","viscountships",,"olerudagon"
"1048117","viscounty",,"olerudana"
"1048118","viscous",,"iloraua"
"1048119","viscouser",,"cijafue"
"1048120","viscousest",,"cojufiet"
"1048121","viscousless",,"cejifobain"
"1048122","viscously",,"cujefai"
"1048123","viscousness",,"cajofebeet"
"1048124","viscousnesses",,"cujefabain"
"1048125","viscousser",,"cijafuin"
"1048126","viscoussest",,"cojufibii"
"1048127","viscs",,"oleria"
"1048128","visct",,"cojuw"
"1048129","viscts",,"cojuea"
"1048130","viscum",,"uliret"
"1048131","viscumin",,"cojubaen"
"1048132","viscums",,"uliroi"
"1048133","viscus",,"elaria"
"1048134","viscuso",,"iloreua"
"1048135","vise",,"elatre"
"1048136","visean",,"cajuan"
"1048137","vised",,"cejata"
"1048138","viseed",,"cajuon"
"1048139","visegr",,"cijoia"
"1048140","viseing",,"cajurin"
"1048141","viseite",,"cajurun"
"1048142","viselike",,"cijovoe"
"1048143","viseman",,"cijozan"
"1048144","viseme",,"ilotato"
"1048145","visement",,"alutazo"
"1048146","visemic",,"ulituia"
"1048147","visenomy",,"cejapean"
"1048148","viserka",,"cojecin"
"1048149","vises",,"elatot"
"1048150","viseu",,"alutio"
"1048151","viseus",,"alutune"
"1048152","visfatin",,"cojenoet"
"1048153","visfatine",,"cejanee"
"1048154","visgy",,"aluloe"
"1048155","vish",,"cijui"
"1048156","vishakanya",,"ulimivin"
"1048157","vishakha",,"ulimive"
"1048158","vishakhapatnam",,"cijunusoe"
"1048159","vishal",,"olemene"
"1048160","vishap",,"alumota"
"1048161","vishaya",,"cojinin"
"1048162","visher",,"olemou"
"1048163","vishing",,"elamoota"
"1048164","vishinsky",,"elamofen"
"1048165","vishnavite",,"ilomurona"
"1048166","vishnavites",,"ilomuruvan"
"1048167","vishnevite",,"elamozo"
"1048168","vishnevka",,"cijupuin"
"1048169","vishniac",,"elamosin"
"1048170","vishniacs",,"elamosa"
"1048171","vishnu",,"ulimio"
"1048172","vishnuism",,"olemidu"
"1048173","vishnuisms",,"olemidot"
"1048174","vishnuite",,"cijupuot"
"1048175","vishnuites",,"cijupuo"
"1048176","vishnupriya",,"ulimaduben"
"1048177","vishnus",,"ulimaat"
"1048178","vishnuvite",,"elamoden"
"1048179","vishnuvites",,"elamodovon"
"1048180","vishu",,"cojib"
"1048181","vishvakarma",,"cojiduzeat"
"1048182","vishvjee",,"cujaduet"
"1048183","vishvjit",,"alumuti"
"1048184","vishwamitra",,"cejogifoa"
"1048185","vishwas",,"cojigot"
"1048186","visibiity",,"ulinusin"
"1048187","visibili",,"elanesa"
"1048188","visibilia",,"olenosea"
"1048189","visibilities",,"cajorupee"
"1048190","visibility",,"cijaroen"
"1048191","visibilize",,"cojurean"
"1048192","visibilized",,"elanesovet"
"1048193","visibilizes",,"cojurepiun"
"1048194","visibilizing",,"elanesovu"
"1048195","visible",,"alunaaa"
"1048196","visibleness",,"cojurupian"
"1048197","visiblenesses",,"cejiripoo"
"1048198","visibler",,"cejirian"
"1048199","visibles",,"alunazen"
"1048200","visiblest",,"cajoroa"
"1048201","visiblier",,"cejirie"
"1048202","visibliest",,"cajoroet"
"1048203","visiblize",,"cojuruet"
"1048204","visiblized",,"elaneza"
"1048205","visiblizes",,"cojurui"
"1048206","visiblizing",,"elanezusat"
"1048207","visibly",,"iloniina"
"1048208","visie",,"elanua"
"1048209","visied",,"cejio"
"1048210","visieing",,"cajovuo"
"1048211","visier",,"cojuu"
"1048212","visiere",,"cejivet"
"1048213","visiers",,"cojuvot"
"1048214","visies",,"elanan"
"1048215","visigoth",,"alunuhan"
"1048216","visigothian",,"cujemuduo"
"1048217","visigothic",,"alunuhu"
"1048218","visigothically",,"alunuhuti"
"1048219","visigoths",,"alunuhun"
"1048220","visile",,"cajouna"
"1048221","visiles",,"cajovu"
"1048222","visilizumab",,"cejivarua"
"1048223","visine",,"cujea"
"1048224","visines",,"cujepen"
"1048225","vising",,"cejii"
"1048226","visinin",,"olenian"
"1048227","visio",,"ulinei"
"1048228","visiogenic",,"cojufuat"
"1048229","visiomotor",,"elanipon"
"1048230","vision",,"cojuot"
"1048231","visional",,"elanifot"
"1048232","visionally",,"cojufeat"
"1048233","visionar",,"ilonafo"
"1048234","visionaries",,"olenufibot"
"1048235","visionarily",,"cujefisuot"
"1048236","visionariness",,"cajofusau"
"1048237","visionarinesses",,"cujefisui"
"1048238","visionary",,"alunofi"
"1048239","visionarys",,"alunofat"
"1048240","visioned",,"alunofen"
"1048241","visioneer",,"alunofon"
"1048242","visioneering",,"cujefipoo"
"1048243","visioner",,"elanifin"
"1048244","visioners",,"elanifa"
"1048245","visionic",,"cojufeeta"
"1048246","visionics",,"cojufei"
"1048247","visioning",,"alunofe"
"1048248","visionings",,"alunofin"
"1048249","visionise",,"cejifau"
"1048250","visionises",,"cejifaot"
"1048251","visionist",,"elanifen"
"1048252","visionists",,"elanifon"
"1048253","visionize",,"olenufun"
"1048254","visionizes",,"olenufu"
"1048255","visionless",,"ulinefa"
"1048256","visionlessness",,"cejifapuan"
"1048257","visionlike",,"ilonafat"
"1048258","visionmonger",,"cajofufou"
"1048259","visionos",,"cujefian"
"1048260","visionphone",,"olenufoto"
"1048261","visionproof",,"ulinefubi"
"1048262","visions",,"cojufo"
"1048263","visionwise",,"cujefie"
"1048264","visiophone",,"cajofei"
"1048265","visiophones",,"cajofesoat"
"1048266","visiospatial",,"cejifacaet"
"1048267","visiphone",,"cijahea"
"1048268","visiphoned",,"olenaru"
"1048269","visiphones",,"cijaheen"
"1048270","visiphoning",,"olenarejon"
"1048271","visiplate",,"cojuhuet"
"1048272","visiscreen",,"ilonuten"
"1048273","visistadvaita",,"olenibipa"
"1048274","visit",,"cojuwa"
"1048275","visita",,"cijai"
"1048276","visitability",,"ilonarave"
"1048277","visitable",,"cejiwiat"
"1048278","visitacion",,"olenuru"
"1048279","visitador",,"cajowoa"
"1048280","visitandine",,"elanirupet"
"1048281","visitandines",,"elanirupi"
"1048282","visitant",,"cajowoot"
"1048283","visitants",,"cajowoo"
"1048284","visitate",,"elanire"
"1048285","visitati",,"olenuran"
"1048286","visitation",,"cojuwuat"
"1048287","visitational",,"elaniravat"
"1048288","visitations",,"cojuwudie"
"1048289","visitative",,"cajowoen"
"1048290","visitator",,"cajowooa"
"1048291","visitatorial",,"ulinericon"
"1048292","visitators",,"cajowoet"
"1048293","visitatrix",,"alunorata"
"1048294","visite",,"cejiena"
"1048295","visited",,"alunoot"
"1048296","visitedst",,"cajoweot"
"1048297","visitee",,"cajowun"
"1048298","visitees",,"cajoweu"
"1048299","visiter",,"elaniune"
"1048300","visiters",,"elanizu"
"1048301","visites",,"cejiwon"
"1048302","visitest",,"alunozena"
"1048303","visiteth",,"cejiwoat"
"1048304","visiting",,"alunosan"
"1048305","visitings",,"alunosun"
"1048306","visitment",,"cejiwue"
"1048307","visitor",,"ulineata"
"1048308","visitoress",,"ilonahon"
"1048309","visitorial",,"cujewuu"
"1048310","visitors",,"ulinehe"
"1048311","visitorship",,"elanihidat"
"1048312","visitour",,"ilonaho"
"1048313","visitress",,"elaniqot"
"1048314","visitresses",,"alunoqadat"
"1048315","visitrix",,"cajowia"
"1048316","visits",,"cojuin"
"1048317","visive",,"cajoat"
"1048318","viskanta",,"alusufen"
"1048319","vislinsky",,"ulitafot"
"1048320","visme",,"ulivoi"
"1048321","vismin",,"cijuat"
"1048322","vismirnovite",,"oleviqacen"
"1048323","vismodegib",,"olevuve"
"1048324","visna",,"cejina"
"1048325","visnadi",,"aluzua"
"1048326","visnadin",,"cijanie"
"1048327","visnadine",,"cojunoen"
"1048328","visnafylline",,"cijanunoan"
"1048329","visnagin",,"ulizinu"
"1048330","visnas",,"cejiene"
"1048331","visne",,"cujev"
"1048332","visnea",,"cajoan"
"1048333","visnes",,"cujeot"
"1048334","visness",,"cujevo"
"1048335","visney",,"cejioa"
"1048336","visnomie",,"cujefoi"
"1048337","visnomies",,"cujefoat"
"1048338","visnomy",,"cojufa"
"1048339","visnu",,"cujeb"
"1048340","viso",,"ulipti"
"1048341","visoko",,"alupau"
"1048342","visometer",,"alupazet"
"1048343","visometry",,"ilopizo"
"1048344","visomotoric",,"elapehaci"
"1048345","vison",,"cojap"
"1048346","visons",,"cojain"
"1048347","visopsys",,"cijehoe"
"1048348","visor",,"cajic"
"1048349","visorbearer",,"alupasati"
"1048350","visored",,"ilopie"
"1048351","visoring",,"ilopiset"
"1048352","visorless",,"olepozat"
"1048353","visorlike",,"elapezo"
"1048354","visors",,"cajiun"
"1048355","visory",,"cojau"
"1048356","visotoner",,"cijewiin"
"1048357","visotoners",,"cijewia"
"1048358","visour",,"cujoaa"
"1048359","visp",,"cuji"
"1048360","vispi",,"cujir"
"1048361","visqueen",,"cijibuat"
"1048362","viss",,"olecri"
"1048363","vissarionovich",,"uliciqoce"
"1048364","visscher",,"oleciron"
"1048365","vist",,"coja"
"1048366","vista",,"cijena"
"1048367","vistadome",,"elaqavu"
"1048368","vistaed",,"elaqai"
"1048369","vistaing",,"elaqasot"
"1048370","vistal",,"elaqani"
"1048371","vistaless",,"aluquzet"
"1048372","vistamente",,"cejunuun"
"1048373","vistaril",,"cojanaen"
"1048374","vistas",,"cijeon"
"1048375","vistavision",,"cejunitoo"
"1048376","vistepite",,"cejuvoat"
"1048377","vistica",,"cijeran"
"1048378","vistlik",,"uliqiun"
"1048379","visto",,"cujof"
"1048380","vistos",,"cujoae"
"1048381","vistr",,"oleqoe"
"1048382","vistula",,"aluqiaa"
"1048383","vistulae",,"uliqozan"
"1048384","vistulan",,"cijebae"
"1048385","vistulanian",,"elaquzojon"
"1048386","vistulas",,"aluqizen"
"1048387","vistulian",,"cijebaot"
"1048388","vistulians",,"cijebao"
"1048389","visu",,"elawni"
"1048390","visual",,"cejaene"
"1048391","visualer",,"aluwuzo"
"1048392","visualest",,"uliwizun"
"1048393","visualfea",,"olewezan"
"1048394","visualisable",,"cajunotei"
"1048395","visualisation",,"cejanitoi"
"1048396","visualisations",,"cejanitoat"
"1048397","visualise",,"cajunoa"
"1048398","visualised",,"uliwizu"
"1048399","visualiser",,"aluwuzan"
"1048400","visualisers",,"aluwuzidun"
"1048401","visualises",,"cajunoen"
"1048402","visualising",,"uliwizodon"
"1048403","visualism",,"cujineat"
"1048404","visualist",,"aluwuzi"
"1048405","visualistics",,"aluwuzidin"
"1048406","visualists",,"aluwuzat"
"1048407","visualities",,"uliwizogo"
"1048408","visuality",,"olewezata"
"1048409","visualiz",,"olewezi"
"1048410","visualizability",,"cujinetoi"
"1048411","visualizable",,"elawazuset"
"1048412","visualizably",,"uliwizoso"
"1048413","visualization",,"olewezaset"
"1048414","visualizational",,"cojenutaet"
"1048415","visualizations",,"olewezasi"
"1048416","visualize",,"elawazin"
"1048417","visualized",,"cejaniun"
"1048418","visualizer",,"cojenuon"
"1048419","visualizers",,"cojenutaan"
"1048420","visualizes",,"elawaza"
"1048421","visualizing",,"cejanituen"
"1048422","visuall",,"uliwian"
"1048423","visualler",,"cujinei"
"1048424","visuallest",,"cijonaot"
"1048425","visuallier",,"cujineun"
"1048426","visualliest",,"cijonapuen"
"1048427","visually",,"elawazua"
"1048428","visualness",,"olewezun"
"1048429","visualnesses",,"elawazufet"
"1048430","visualphone",,"elawazeton"
"1048431","visuals",,"cejanon"
"1048432","visucentric",,"cijosuhaa"
"1048433","visum",,"uliwu"
"1048434","visuo",,"ilowa"
"1048435","visuoauditory",,"cojefuguu"
"1048436","visuocentric",,"cajufupei"
"1048437","visuocentrism",,"cijofopuan"
"1048438","visuocognitive",,"cejafajaat"
"1048439","visuoconstruction",,"cejafajoot"
"1048440","visuoconstructional",,"aluwotujot"
"1048441","visuoconstructive",,"cujifijaat"
"1048442","visuocortical",,"cajufujaun"
"1048443","visuoecological",,"aluwozicon"
"1048444","visuogestural",,"cojefupiin"
"1048445","visuognosis",,"cujifehea"
"1048446","visuographic",,"cijofawoan"
"1048447","visuoguided",,"elawineven"
"1048448","visuohaptic",,"cejafusua"
"1048449","visuokinesthetic",,"olewuvaje"
"1048450","visuolexic",,"ilowazet"
"1048451","visuomanual",,"ilowapujan"
"1048452","visuometer",,"uliwepu"
"1048453","visuomotor",,"aluwopun"
"1048454","visuomotoric",,"aluwopugot"
"1048455","visuoparietal",,"uliwejabon"
"1048456","visuoperception",,"cujifapuon"
"1048457","visuoperceptive",,"cojefipoot"
"1048458","visuoperceptual",,"cijofupiat"
"1048459","visuopostural",,"aluwojuda"
"1048460","visuopractical",,"aluwojota"
"1048461","visuoproprioceptive",,"cujifawea"
"1048462","visuopsychic",,"olewujara"
"1048463","visuosensory",,"uliwewujen"
"1048464","visuospatial",,"cajufucuat"
"1048465","visuospatially",,"aluwowaten"
"1048466","visuotactile",,"cejafesoa"
"1048467","visuotemporal",,"ilowabihu"
"1048468","visuotopic",,"elawiben"
"1048469","visuotopically",,"elawibaqu"
"1048470","visuotopy",,"ilowaben"
"1048471","visuoverbal",,"elawigebo"
"1048472","visuovestibular",,"cajufopein"
"1048473","visuscope",,"cujiqion"
"1048474","visuvabharathy",,"elawaritat"
"1048475","visvanat",,"cajanuu"
"1048476","visviri",,"elabou"
"1048477","visvly",,"elaban"
"1048478","viswa",,"elada"
"1048479","viswamit",,"cujanoon"
"1048480","viswanathan",,"ilodofugi"
"1048481","vita",,"cicie"
"1048482","vitaceae",,"cocosie"
"1048483","vitaceaes",,"cocosiin"
"1048484","vitaceous",,"cicisuun"
"1048485","vitadynamic",,"cecetehau"
"1048486","vitae",,"cocov"
"1048487","vitaflex",,"ulumozat"
"1048488","vitaglass",,"ilimozen"
"1048489","vitaglasss",,"ilimozon"
"1048490","vitagliano",,"cicimaen"
"1048491","vitagonist",,"cicimien"
"1048492","vitagraph",,"olomequn"
"1048493","vitakinesis",,"ilimesefat"
"1048494","vital",,"elemare"
"1048495","vitalba",,"cicivi"
"1048496","vitale",,"alamui"
"1048497","vitaler",,"cecevet"
"1048498","vitalest",,"cacaveu"
"1048499","vitalez",,"cocovu"
"1048500","vitali",,"elematn"
"1048501","vitalian",,"cacavuot"
"1048502","vitaliano",,"cocoveon"
"1048503","vitalians",,"cacavuo"
"1048504","vitalic",,"elemaune"
"1048505","vitalis",,"elemaee"
"1048506","vitalisation",,"elemasutat"
"1048507","vitalisations",,"elemasute"
"1048508","vitalise",,"alamusen"
"1048509","vitalised",,"cacavuota"
"1048510","vitaliser",,"cecevaun"
"1048511","vitalisers",,"cecevau"
"1048512","vitalises",,"alamuson"
"1048513","vitalising",,"cacavuan"
"1048514","vitalisingly",,"alamusivo"
"1048515","vitalisings",,"cacavubeun"
"1048516","vitalism",,"ulumise"
"1048517","vitalisms",,"ulumisin"
"1048518","vitalist",,"cecevaat"
"1048519","vitalistic",,"cecevain"
"1048520","vitalistically",,"cecevabian"
"1048521","vitalists",,"cecevae"
"1048522","vitalities",,"cacavuet"
"1048523","vitality",,"cicivoe"
"1048524","vitalium",,"ilimoso"
"1048525","vitaliums",,"ilimoset"
"1048526","vitaliy",,"ilimoin"
"1048527","vitalization",,"cicivoroi"
"1048528","vitalizations",,"cicivoroat"
"1048529","vitalize",,"cocovea"
"1048530","vitalized",,"elemasu"
"1048531","vitalizer",,"olomesana"
"1048532","vitalizers",,"olomesuna"
"1048533","vitalizes",,"cocoveen"
"1048534","vitalizing",,"elemason"
"1048535","vitalizingly",,"cocoveriot"
"1048536","vitalizings",,"elemasevan"
"1048537","vitaller",,"ulumizat"
"1048538","vitallest",,"ilimozo"
"1048539","vitallier",,"ulumizu"
"1048540","vitalliest",,"ilimozona"
"1048541","vitallium",,"cocovui"
"1048542","vitalliums",,"cocovuat"
"1048543","vitally",,"cocovot"
"1048544","vitalness",,"cicivou"
"1048545","vitalnesses",,"cocovepii"
"1048546","vitalnesss",,"cicivoot"
"1048547","vitalometer",,"ulumihefot"
"1048548","vitalometry",,"olomehufu"
"1048549","vitals",,"elemant"
"1048550","vitaly",,"ilimune"
"1048551","vitam",,"cecez"
"1048552","vitamer",,"alamaot"
"1048553","vitameric",,"alamazet"
"1048554","vitamers",,"alamazo"
"1048555","vitamin",,"ilimiota"
"1048556","vitamine",,"olomosia"
"1048557","vitamined",,"cocozeen"
"1048558","vitaminergic",,"cucuzihoa"
"1048559","vitamines",,"olomosat"
"1048560","vitaminful",,"olomosot"
"1048561","vitaminic",,"ilimiset"
"1048562","vitamining",,"cocozee"
"1048563","vitaminisation",,"ilimiseven"
"1048564","vitaminise",,"olomosua"
"1048565","vitaminised",,"cocozehiat"
"1048566","vitaminises",,"olomosavot"
"1048567","vitaminising",,"cocozehio"
"1048568","vitaminization",,"cacazuhea"
"1048569","vitaminize",,"cucuziun"
"1048570","vitaminized",,"ilimisevi"
"1048571","vitaminizes",,"cucuzihau"
"1048572","vitaminizing",,"ilimisevot"
"1048573","vitaminless",,"cecezahaa"
"1048574","vitaminlike",,"cacazuhuat"
"1048575","vitaminogenic",,"cicizohaun"
"1048576","vitaminoid",,"cacazuon"
"1048577","vitaminological",,"elemesucen"
"1048578","vitaminologist",,"elemesuco"
"1048579","vitaminology",,"cucuziheen"
"1048580","vitaminosis",,"alamasicin"
"1048581","vitaminous",,"ulumusaa"
"1048582","vitamins",,"ilimiso"
"1048583","vitamise",,"cacazuin"
"1048584","vitamiser",,"alamasona"
"1048585","vitamizer",,"cocozeena"
"1048586","vitan",,"alames"
"1048587","vitanda",,"cecepen"
"1048588","vitanition",,"ulumasoa"
"1048589","vitapath",,"alamiren"
"1048590","vitapathic",,"alamiran"
"1048591","vitapathist",,"cacahodai"
"1048592","vitapathy",,"olomaran"
"1048593","vitaperk",,"cicihuun"
"1048594","vitaphone",,"ilimeren"
"1048595","vitaphones",,"ilimeron"
"1048596","vitas",,"ciciq"
"1048597","vitascope",,"alameten"
"1048598","vitascopes",,"alameton"
"1048599","vitascopic",,"elemotaa"
"1048600","vitasphere",,"ilimujen"
"1048601","vitasti",,"olomieta"
"1048602","vitative",,"cacawuu"
"1048603","vitativeness",,"elemisofet"
"1048604","vitativenesses",,"alamosefin"
"1048605","vitazyme",,"ilimemu"
"1048606","vite",,"cecae"
"1048607","viteazu",,"oloteaa"
"1048608","vitebsk",,"alataot"
"1048609","vitek",,"cacut"
"1048610","vitela",,"alatuno"
"1048611","vitell",,"cicoi"
"1048612","vitellaria",,"alatuzan"
"1048613","vitellarial",,"cucivesuu"
"1048614","vitellarian",,"cicovasien"
"1048615","vitellarium",,"eletazobon"
"1048616","vitellariums",,"eletazoban"
"1048617","vitellary",,"eletazin"
"1048618","vitelli",,"cicovun"
"1048619","vitellicle",,"alatuzana"
"1048620","vitellicles",,"alatuzizun"
"1048621","vitelliferous",,"cacuvotiu"
"1048622","vitelliform",,"cacuvotiun"
"1048623","vitelligene",,"ulutizoso"
"1048624","vitelligenous",,"eletazuse"
"1048625","vitelligerous",,"ulutizosan"
"1048626","vitellin",,"alatuzon"
"1048627","vitellina",,"eletaza"
"1048628","vitellinate",,"cacuvoteon"
"1048629","vitelline",,"ulutizu"
"1048630","vitellines",,"ulutizot"
"1048631","vitellins",,"alatuzane"
"1048632","vitellis",,"cicovau"
"1048633","vitellius",,"cocevuon"
"1048634","vitello",,"cacuvu"
"1048635","vitellocyte",,"alatuzuzan"
"1048636","vitellogen",,"olotezua"
"1048637","vitellogene",,"eletazaset"
"1048638","vitellogeneses",,"alatuzusa"
"1048639","vitellogenesis",,"eletazasu"
"1048640","vitellogenetic",,"cecavijai"
"1048641","vitellogenic",,"olotezeso"
"1048642","vitellogenin",,"cacuvojue"
"1048643","vitellogenins",,"cacuvojuin"
"1048644","vitellogenous",,"ilitozosin"
"1048645","vitellointestinal",,"olotezevot"
"1048646","vitellolutein",,"ilitozofin"
"1048647","vitellolysis",,"alatuzufot"
"1048648","vitellolytic",,"cacuvojuat"
"1048649","vitellophage",,"cicovajei"
"1048650","vitellorubin",,"olotezebo"
"1048651","vitellose",,"cucivei"
"1048652","vitellus",,"cocevuo"
"1048653","vitelluses",,"cecavie"
"1048654","vitelluss",,"cocevuet"
"1048655","viter",,"eletes"
"1048656","viterbi",,"cocecin"
"1048657","viterbite",,"alatasena"
"1048658","viterbo",,"cucica"
"1048659","viteri",,"eletans"
"1048660","viternity",,"alatafon"
"1048661","vites",,"cecaq"
"1048662","vitespen",,"cuciqaen"
"1048663","vitesse",,"cacuqat"
"1048664","vitesses",,"cacuque"
"1048665","vitex",,"ilitui"
"1048666","vitexes",,"olotiaa"
"1048667","vitexicarpin",,"cucikiviin"
"1048668","vitexin",,"cecakon"
"1048669","vith",,"olomt"
"1048670","vithafni",,"olomemuna"
"1048671","vithar",,"cucaa"
"1048672","vithares",,"cicuneun"
"1048673","vitharr",,"ulumiana"
"1048674","vitharres",,"ilimoqo"
"1048675","vitharrs",,"ulumiqun"
"1048676","vithars",,"cucanen"
"1048677","vithayasai",,"olomemune"
"1048678","vithi",,"olomine"
"1048679","vithiana",,"cociruen"
"1048680","vithis",,"olometi"
"1048681","viti",,"cocue"
"1048682","vitia",,"cicana"
"1048683","vitiable",,"cecinui"
"1048684","vitial",,"elenate"
"1048685","vitiate",,"elenaat"
"1048686","vitiated",,"cecineon"
"1048687","vitiates",,"elenabe"
"1048688","vitiating",,"cecinein"
"1048689","vitiation",,"cocunoi"
"1048690","vitiations",,"cocunoat"
"1048691","vitiator",,"caconaot"
"1048692","vitiators",,"caconao"
"1048693","viticeta",,"elenozun"
"1048694","viticetum",,"olonizan"
"1048695","viticetums",,"olonizuna"
"1048696","viticide",,"alaneso"
"1048697","viticides",,"alaneset"
"1048698","viticole",,"elenohua"
"1048699","viticoline",,"cucesue"
"1048700","viticolous",,"ilinuhi"
"1048701","viticosterone",,"elenohugan"
"1048702","viticulose",,"alanedan"
"1048703","viticultural",,"cicasupaon"
"1048704","viticulturalist",,"olonidigat"
"1048705","viticulturally",,"ilinudugot"
"1048706","viticulture",,"olonidigu"
"1048707","viticulturer",,"cicasupaet"
"1048708","viticulturers",,"cicasupai"
"1048709","viticultures",,"olonidigot"
"1048710","viticulturist",,"cicasupaat"
"1048711","viticulturists",,"cicasupae"
"1048712","vitidaceae",,"elenire"
"1048713","vitidaceaes",,"elenirufin"
"1048714","vitides",,"alanoote"
"1048715","vitiello",,"cacovoa"
"1048716","vitiferous",,"cucelae"
"1048717","vitifoleae",,"cicalia"
"1048718","vitifolia",,"cacolaon"
"1048719","vitilago",,"uluniru"
"1048720","vitiligines",,"cicavoruan"
"1048721","vitiliginous",,"cacovureot"
"1048722","vitiligo",,"ilinoson"
"1048723","vitiligoid",,"cicavoon"
"1048724","vitiligoidea",,"cicavoraan"
"1048725","vitiligos",,"ilinosan"
"1048726","vitiligous",,"olonesaa"
"1048727","vitilitigate",,"alanusuva"
"1048728","vitilitigated",,"cacovudeu"
"1048729","vitilitigates",,"alanusuven"
"1048730","vitilitigating",,"cacovudeon"
"1048731","vitilitigation",,"cecivadoin"
"1048732","vitilitigations",,"cecivadoa"
"1048733","vitilla",,"cacovin"
"1048734","vitim",,"cacoz"
"1048735","vitimite",,"iliniso"
"1048736","vitims",,"cacoe"
"1048737","vitioarei",,"ulunerua"
"1048738","vitiosities",,"olonuwaga"
"1048739","vitiosity",,"alanowan"
"1048740","vitiosus",,"cicafou"
"1048741","vitious",,"cicafun"
"1048742","vitiously",,"ilinadet"
"1048743","vitis",,"cocuqa"
"1048744","vitises",,"ceciqon"
"1048745","vitisin",,"ulunauna"
"1048746","vitislabrusca",,"oloniziva"
"1048747","vitispirane",,"elenojubon"
"1048748","vitisses",,"ceciqaan"
"1048749","vitisvinifera",,"cacoqotein"
"1048750","vitita",,"olonoa"
"1048751","vitium",,"cuceo"
"1048752","vitivinicultural",,"cucedihae"
"1048753","vitivirus",,"cacoduen"
"1048754","vitja",,"oloree"
"1048755","vitki",,"cecar"
"1048756","vitkin",,"ilisine"
"1048757","vitko",,"cicof"
"1048758","vitkov",,"elesat"
"1048759","vitkun",,"olosena"
"1048760","vitn",,"uluzn"
"1048761","vitna",,"alazua"
"1048762","vitnav",,"cuceot"
"1048763","vitnv",,"cicad"
"1048764","vito",,"cucoa"
"1048765","vitochemic",,"eleporoa"
"1048766","vitochemical",,"cecusupeo"
"1048767","vitolo",,"ulupie"
"1048768","vitology",,"olopehat"
"1048769","vitomir",,"olopoi"
"1048770","vitomire",,"elepesin"
"1048771","viton",,"elepoe"
"1048772","vitoria",,"alapao"
"1048773","vitos",,"cucoq"
"1048774","vitosha",,"alapeo"
"1048775","vitr",,"oloji"
"1048776","vitra",,"ilijoe"
"1048777","vitrage",,"ilijoua"
"1048778","vitrages",,"ilijonot"
"1048779","vitrail",,"cocina"
"1048780","vitrailed",,"alajuset"
"1048781","vitrailist",,"elejaset"
"1048782","vitrailled",,"cucaniat"
"1048783","vitraillist",,"cacenupuat"
"1048784","vitraillists",,"cacenupue"
"1048785","vitrain",,"ceconi"
"1048786","vitrains",,"ceconaat"
"1048787","vitrand",,"alajuot"
"1048788","vitrandosol",,"cicunozaen"
"1048789","vitrano",,"cicunat"
"1048790","vitrarius",,"cicunein"
"1048791","vitraux",,"cacenun"
"1048792","vitreal",,"cecovet"
"1048793","vitreally",,"elejurin"
"1048794","vitrean",,"cacevun"
"1048795","vitrectome",,"cacevua"
"1048796","vitrectomies",,"cacevudoi"
"1048797","vitrectomise",,"cacevudoia"
"1048798","vitrectomised",,"ulujoticen"
"1048799","vitrectomize",,"elejutacet"
"1048800","vitrectomized",,"cecovadia"
"1048801","vitrectomizes",,"elejutaci"
"1048802","vitrectomizing",,"cecovadiat"
"1048803","vitrectomy",,"cicuvoin"
"1048804","vitrector",,"ilijeta"
"1048805","vitrein",,"cucaven"
"1048806","vitreitis",,"cecovae"
"1048807","vitrella",,"ulujozat"
"1048808","vitremyte",,"caceviin"
"1048809","vitreo",,"ilijun"
"1048810","vitreocapsulitis",,"cicuvivoot"
"1048811","vitreocentesis",,"ilijehefe"
"1048812","vitreodentin",,"elejuhafon"
"1048813","vitreodentinal",,"cecovezuon"
"1048814","vitreodentine",,"alajihufu"
"1048815","vitreoelectric",,"cacevapuat"
"1048816","vitreofoveal",,"cucavunein"
"1048817","vitreograph",,"cicuviriet"
"1048818","vitreographic",,"cicuviriat"
"1048819","vitreography",,"cacevaraat"
"1048820","vitreology",,"cocivoan"
"1048821","vitreolysis",,"cucavupeu"
"1048822","vitreomacular",,"elejuhiti"
"1048823","vitreopapillary",,"cicuvicou"
"1048824","vitreopathy",,"cicuvicoo"
"1048825","vitreoretinal",,"ulujohefon"
"1048826","vitreoretinochoroidopathy",,"cicuviwei"
"1048827","vitreoretinopathy",,"elejuhifen"
"1048828","vitreosities",,"cocivobie"
"1048829","vitreosity",,"cacevaen"
"1048830","vitreotome",,"cocivoon"
"1048831","vitreous",,"olojahon"
"1048832","vitreouser",,"cocivoet"
"1048833","vitreouses",,"elejuhot"
"1048834","vitreousest",,"cecovegou"
"1048835","vitreouslike",,"cucavugaot"
"1048836","vitreously",,"cicuviot"
"1048837","vitreousness",,"cucavugau"
"1048838","vitreousnesses",,"cicuvigui"
"1048839","vitreousser",,"cocivogii"
"1048840","vitreoussest",,"cecovegoot"
"1048841","vitrescence",,"cocivevaen"
"1048842","vitrescences",,"cocivevaon"
"1048843","vitrescency",,"cacevuvia"
"1048844","vitrescent",,"olojawan"
"1048845","vitrescibilities",,"cucavivaat"
"1048846","vitrescibility",,"cocivevia"
"1048847","vitrescible",,"ulujowovin"
"1048848","vitreum",,"ilijeu"
"1048849","vitreums",,"ilijedot"
"1048850","vitria",,"ilijeo"
"1048851","vitrial",,"cocira"
"1048852","vitrias",,"ilijuin"
"1048853","vitric",,"olojoa"
"1048854","vitricole",,"cocireet"
"1048855","vitricolous",,"cucarijiin"
"1048856","vitricophobia",,"cacerujiu"
"1048857","vitrics",,"olojiet"
"1048858","vitricus",,"elejotu"
"1048859","vitrifaction",,"cucarasao"
"1048860","vitrifactions",,"cucarasaet"
"1048861","vitrifacture",,"cicurusuet"
"1048862","vitrifactures",,"cicurusui"
"1048863","vitrifiabilities",,"olojimatot"
"1048864","vitrifiability",,"alajemiti"
"1048865","vitrifiabilitys",,"alajemitat"
"1048866","vitrifiable",,"cicurutoet"
"1048867","vitrificable",,"cicurutuon"
"1048868","vitrificacious",,"cecorotoat"
"1048869","vitrificate",,"ilijumezan"
"1048870","vitrificated",,"cicurutuet"
"1048871","vitrificates",,"ilijumezun"
"1048872","vitrificating",,"cicurutuu"
"1048873","vitrification",,"cucarataon"
"1048874","vitrifications",,"cucarataan"
"1048875","vitrified",,"olojimun"
"1048876","vitrifies",,"cicurua"
"1048877","vitriform",,"ulujama"
"1048878","vitrify",,"cecoran"
"1048879","vitrifying",,"ulujamet"
"1048880","vitrimer",,"caceriot"
"1048881","vitrina",,"cecori"
"1048882","vitrinas",,"cecoraat"
"1048883","vitrine",,"cucaren"
"1048884","vitrines",,"cucarion"
"1048885","vitrinid",,"ulujafe"
"1048886","vitrinite",,"ilijufet"
"1048887","vitrinitic",,"ulujafoa"
"1048888","vitrinoid",,"elejofo"
"1048889","vitriol",,"cicure"
"1048890","vitriolage",,"cucarue"
"1048891","vitriolate",,"olojihe"
"1048892","vitriolated",,"cociropean"
"1048893","vitriolates",,"olojihitin"
"1048894","vitriolating",,"cociropea"
"1048895","vitriolation",,"cicuripoat"
"1048896","vitriolations",,"cicuripoe"
"1048897","vitrioled",,"elejohot"
"1048898","vitrioli",,"cicuriot"
"1048899","vitriolic",,"cicuria"
"1048900","vitriolical",,"olojihiva"
"1048901","vitriolically",,"cicuripuun"
"1048902","vitriolick",,"cociroun"
"1048903","vitrioline",,"ulujaho"
"1048904","vitrioling",,"elejohan"
"1048905","vitriolisable",,"cociropiot"
"1048906","vitriolisables",,"cociropio"
"1048907","vitriolisation",,"cicuripuot"
"1048908","vitriolisations",,"cicuripuo"
"1048909","vitriolise",,"cociroat"
"1048910","vitriolised",,"elejohovon"
"1048911","vitrioliser",,"olojihivaa"
"1048912","vitriolisers",,"olojihiven"
"1048913","vitriolises",,"cociropie"
"1048914","vitriolising",,"elejohovin"
"1048915","vitriolism",,"cecoreo"
"1048916","vitriolizable",,"ilijuhuvu"
"1048917","vitriolizables",,"ilijuhuvot"
"1048918","vitriolization",,"ulujahavu"
"1048919","vitriolizations",,"ulujahavot"
"1048920","vitriolize",,"ilijuhi"
"1048921","vitriolized",,"cicuripuen"
"1048922","vitriolizer",,"cucarupain"
"1048923","vitriolizers",,"cucarupaa"
"1048924","vitriolizes",,"ilijuhuvat"
"1048925","vitriolizing",,"cicuripue"
"1048926","vitriolled",,"caceraet"
"1048927","vitriolling",,"cacerapuu"
"1048928","vitriolous",,"cucaruu"
"1048929","vitriols",,"cicuriin"
"1048930","vitripictor",,"cecorotoo"
"1048931","vitrite",,"cecoron"
"1048932","vitritis",,"cociroet"
"1048933","vitro",,"ulujes"
"1048934","vitrobasalt",,"cacefiseet"
"1048935","vitroceramic",,"cicufopien"
"1048936","vitroclastic",,"ilijatutat"
"1048937","vitrodentin",,"olojuvojin"
"1048938","vitrolite",,"elejiza"
"1048939","vitronectin",,"cicufopuen"
"1048940","vitrophyre",,"cicufua"
"1048941","vitrophyric",,"cucafasein"
"1048942","vitroplant",,"olojuju"
"1048943","vitropression",,"cacefewiu"
"1048944","vitropressure",,"cucafawoot"
"1048945","vitrosin",,"cocifeet"
"1048946","vitrosol",,"cacefua"
"1048947","vitrotype",,"elejibin"
"1048948","vitrous",,"ilijain"
"1048949","vitrum",,"ulujone"
"1048950","vitrums",,"ulujoan"
"1048951","vitruvian",,"ilijegen"
"1048952","vitruvianism",,"elejugutat"
"1048953","vitruvianisms",,"elejugute"
"1048954","vitruvians",,"ilijegon"
"1048955","vitruviu",,"cucabeon"
"1048956","vitruvius",,"cucabean"
"1048957","vitruviuss",,"cucabeun"
"1048958","vitry",,"ulujena"
"1048959","vitrys",,"ulujeta"
"1048960","vits",,"cocui"
"1048961","vitsebsk",,"alaciso"
"1048962","vitsyebsk",,"olocuzi"
"1048963","vitt",,"eleqnu"
"1048964","vitta",,"oloqeo"
"1048965","vittae",,"eleqon"
"1048966","vittaforma",,"alaqumat"
"1048967","vittal",,"cecuen"
"1048968","vittaria",,"cuconoet"
"1048969","vittariaceae",,"cicenetoot"
"1048970","vittariaceaes",,"cicenetoo"
"1048971","vittariaceous",,"cuconotiin"
"1048972","vittariae",,"cicenee"
"1048973","vittarias",,"cuconoi"
"1048974","vittate",,"cecunen"
"1048975","vittatus",,"cecunei"
"1048976","vitti",,"eleqou"
"1048977","vittin",,"cucoo"
"1048978","vittitow",,"cecureat"
"1048979","vittle",,"cucoot"
"1048980","vittled",,"iliqoe"
"1048981","vittles",,"cucovo"
"1048982","vittling",,"iliqoset"
"1048983","vittore",,"cicefan"
"1048984","vittores",,"cicefeun"
"1048985","vittoria",,"cacifiot"
"1048986","vittorini",,"eleqiqena"
"1048987","vittorio",,"cecufuun"
"1048988","vittorioso",,"cicefeen"
"1048989","vitucci",,"cecaset"
"1048990","vitug",,"cocem"
"1048991","vitular",,"cecavon"
"1048992","vitulary",,"cicovaun"
"1048993","vitulina",,"cicovou"
"1048994","vituline",,"cecavaat"
"1048995","vitullo",,"cacuvin"
"1048996","vitulus",,"iliwoin"
"1048997","vitumnus",,"alawafet"
"1048998","vituper",,"cocehin"
"1048999","vituperable",,"cecahowae"
"1049000","vituperance",,"uluwozetu"
"1049001","vituperate",,"elewuzin"
"1049002","vituperated",,"cecahowaun"
"1049003","vituperates",,"elewuzita"
"1049004","vituperatest",,"cecahowain"
"1049005","vituperateth",,"elewuzitet"
"1049006","vituperating",,"cecahowaen"
"1049007","vituperation",,"cocehiwee"
"1049008","vituperations",,"cocehiwein"
"1049009","vituperatiou",,"iliwezatat"
"1049010","vituperative",,"cacuhewuon"
"1049011","vituperatively",,"alawizotot"
"1049012","vituperativeness",,"elewuzitu"
"1049013","vituperativenesses",,"alawizoti"
"1049014","vituperator",,"cacuhewuet"
"1049015","vituperators",,"cacuhewui"
"1049016","vituperatory",,"cocehiweat"
"1049017","vituperious",,"cicohuwuen"
"1049018","vituperium",,"cucihaun"
"1049019","vituperous",,"cicohuot"
"1049020","vituperously",,"iliwezacat"
"1049021","vituperousness",,"uluwozeci"
"1049022","vitupery",,"cucihaen"
"1049023","vituria",,"olowoet"
"1049024","viturias",,"olowosi"
"1049025","vitus",,"cecaqa"
"1049026","vitusite",,"uluwasat"
"1049027","vituss",,"cecaen"
"1049028","vitv",,"alabi"
"1049029","vity",,"cucoe"
"1049030","vityaz",,"elekon"
"1049031","vitz",,"ilils"
"1049032","vitznau",,"cecapet"
"1049033","viua",,"olimle"
"1049034","viura",,"ciqun"
"1049035","viure",,"ceqov"
"1049036","viuva",,"ceqen"
"1049037","viva",,"cowoa"
"1049038","vivaan",,"alomua"
"1049039","vivace",,"ceweot"
"1049040","vivacer",,"elimoia"
"1049041","vivaces",,"ceweso"
"1049042","vivacest",,"alomezot"
"1049043","vivaciou",,"ciwisoun"
"1049044","vivacious",,"ciwisou"
"1049045","vivaciously",,"ilamusoki"
"1049046","vivaciousness",,"ulemasiket"
"1049047","vivaciousnesses",,"ilamusokin"
"1049048","vivacissimo",,"cowosebiun"
"1049049","vivacities",,"alomesi"
"1049050","vivacity",,"ilamusin"
"1049051","vivaed",,"alomuna"
"1049052","vivaing",,"alomeen"
"1049053","vivaks",,"ceween"
"1049054","vivaldi",,"cawave"
"1049055","vivaldian",,"ilamovo"
"1049056","vivaldis",,"cawavain"
"1049057","vivamente",,"cawazein"
"1049058","vivamus",,"cuwuzo"
"1049059","vivanco",,"elimoata"
"1049060","vivandi",,"cuwupo"
"1049061","vivandiares",,"ulemavotin"
"1049062","vivandier",,"ilamuva"
"1049063","vivandiere",,"olumivan"
"1049064","vivandieres",,"olumivafun"
"1049065","vivandiers",,"ilamuven"
"1049066","vivandire",,"ilamuvaa"
"1049067","vivandis",,"cuwupuet"
"1049068","vivant",,"cuwuot"
"1049069","vivants",,"cuwupoa"
"1049070","vivapain",,"cowohuo"
"1049071","vivaparous",,"cewehie"
"1049072","vivar",,"olumoni"
"1049073","vivarais",,"ilamirot"
"1049074","vivaria",,"ilamiu"
"1049075","vivaries",,"elimese"
"1049076","vivariia",,"ilamisaa"
"1049077","vivariiums",,"ulemusa"
"1049078","vivarium",,"ulemusun"
"1049079","vivariums",,"ulemusu"
"1049080","vivarta",,"ciwici"
"1049081","vivarvaria",,"ilamigen"
"1049082","vivary",,"ulemena"
"1049083","vivas",,"cowoq"
"1049084","vivat",,"elimis"
"1049085","vivation",,"cewewaat"
"1049086","vivats",,"elimini"
"1049087","vivax",,"ulemanu"
"1049088","vivaxes",,"ilamuune"
"1049089","vivaxis",,"ulemaia"
"1049090","vivda",,"elisau"
"1049091","vivdas",,"elisona"
"1049092","vive",,"cawua"
"1049093","viveca",,"cewaot"
"1049094","vivek",,"cuwit"
"1049095","vivekananda",,"elituruta"
"1049096","vivekanandas",,"elituruten"
"1049097","vivelle",,"cewavet"
"1049098","vively",,"alotus"
"1049099","vivencies",,"elitotu"
"1049100","vivency",,"uletaeta"
"1049101","vivendi",,"cowepin"
"1049102","vivens",,"olutane"
"1049103","viver",,"alotani"
"1049104","viverette",,"olutozet"
"1049105","vivero",,"olutani"
"1049106","viverra",,"cowecu"
"1049107","viverrae",,"cewacuet"
"1049108","viverral",,"alotaqo"
"1049109","viverras",,"cowecaot"
"1049110","viverravid",,"cawucia"
"1049111","viverricula",,"uletuqozot"
"1049112","viverriculae",,"ilatiqezi"
"1049113","viverriculas",,"uletuqozo"
"1049114","viverrid",,"alotaqoa"
"1049115","viverridae",,"alotaqet"
"1049116","viverridaes",,"alotaqipi"
"1049117","viverridous",,"elitequpen"
"1049118","viverrids",,"alotaqeta"
"1049119","viverriform",,"ciwoceteon"
"1049120","viverrinae",,"ilatiqen"
"1049121","viverrinaes",,"ilatiqejon"
"1049122","viverrine",,"olutoqan"
"1049123","viverrines",,"olutoqun"
"1049124","viverrinus",,"olutoqea"
"1049125","vivers",,"alotune"
"1049126","vives",,"cawuq"
"1049127","vivess",,"cawuan"
"1049128","viveur",,"uletenu"
"1049129","vivi",,"cewia"
"1049130","vivia",,"cowun"
"1049131","vivian",,"ulenonn"
"1049132","viviana",,"alonuaa"
"1049133","viviane",,"ilanou"
"1049134","vivianite",,"ciwanoin"
"1049135","vivianites",,"ciwanoa"
"1049136","vivianna",,"ciwanoe"
"1049137","vivianne",,"cewinaan"
"1049138","viviano",,"elinaea"
"1049139","vivians",,"ulenian"
"1049140","vivica",,"cowue"
"1049141","vivication",,"cewisiin"
"1049142","vivicremation",,"ilanuqihu"
"1049143","vivid",,"alonos"
"1049144","vivider",,"cawotun"
"1049145","vividest",,"cuwetaen"
"1049146","vividialysis",,"cowuteseu"
"1049147","vividiffusion",,"cowutenaet"
"1049148","vividissection",,"ilanasedot"
"1049149","vividities",,"cuwetiun"
"1049150","vividity",,"cowuteo"
"1049151","vividitys",,"cowuteet"
"1049152","vividlier",,"ilanazen"
"1049153","vividliest",,"olunuze"
"1049154","vividly",,"cewiton"
"1049155","vividnes",,"cowutea"
"1049156","vividness",,"cowuteen"
"1049157","vividnesses",,"cewitapou"
"1049158","vivie",,"cawov"
"1049159","vivien",,"olunoa"
"1049160","viviene",,"elinuat"
"1049161","vivienne",,"cuweviet"
"1049162","viviennes",,"cuwevii"
"1049163","vivier",,"alonini"
"1049164","viviers",,"aloniaa"
"1049165","vivific",,"olunai"
"1049166","vivifical",,"cowulei"
"1049167","vivificant",,"alonisuna"
"1049168","vivificate",,"cowuleia"
"1049169","vivificated",,"elinusuten"
"1049170","vivificates",,"cowuleveat"
"1049171","vivificating",,"elinusute"
"1049172","vivification",,"olunasatet"
"1049173","vivifications",,"olunasati"
"1049174","vivificative",,"alonisitin"
"1049175","vivificator",,"alonisitu"
"1049176","vivificus",,"elinusoa"
"1049177","vivified",,"cewilaat"
"1049178","vivifier",,"cowuleet"
"1049179","vivifiers",,"cowuleie"
"1049180","vivifies",,"elinusot"
"1049181","vivifieth",,"elinusen"
"1049182","vivify",,"ulenis"
"1049183","vivifying",,"ciwalien"
"1049184","vivimus",,"ciwazun"
"1049185","vivinus",,"olunion"
"1049186","vivipara",,"cawohoin"
"1049187","viviparae",,"cuweheon"
"1049188","viviparid",,"ilaneren"
"1049189","viviparies",,"ciwahaa"
"1049190","viviparism",,"cowuhuat"
"1049191","viviparisms",,"cowuhuwie"
"1049192","viviparities",,"olunaruvo"
"1049193","viviparity",,"alonirat"
"1049194","viviparous",,"cawohoet"
"1049195","viviparously",,"alonirocin"
"1049196","viviparousness",,"elinurice"
"1049197","viviparousnesses",,"alonirocon"
"1049198","viviparousnesss",,"elinuricin"
"1049199","viviparum",,"cewihie"
"1049200","viviparus",,"ciwahain"
"1049201","vivipary",,"cewihian"
"1049202","vivipation",,"olunarin"
"1049203","viviperception",,"elinuzize"
"1049204","viviperfuse",,"elinuziret"
"1049205","viviperous",,"ciwahua"
"1049206","viviscal",,"aloneten"
"1049207","vivisect",,"ulenazan"
"1049208","vivisectable",,"ilanuzegon"
"1049209","vivisected",,"ciwaque"
"1049210","vivisectible",,"olunizagin"
"1049211","vivisecting",,"ciwaquvaet"
"1049212","vivisection",,"cuweqaveu"
"1049213","vivisectional",,"ilanuzegu"
"1049214","vivisectionally",,"cuweqavei"
"1049215","vivisectionist",,"ilanuzega"
"1049216","vivisectionists",,"ilanuzegen"
"1049217","vivisections",,"cuweqaveot"
"1049218","vivisective",,"cowuqivui"
"1049219","vivisector",,"cowuqion"
"1049220","vivisectorium",,"cuweqaveo"
"1049221","vivisectoriums",,"cuweqaveet"
"1049222","vivisectors",,"cowuqivuan"
"1049223","vivisects",,"ulenazun"
"1049224","vivisepulture",,"cowuqicau"
"1049225","vivisepultures",,"cowuqicaot"
"1049226","vivitrol",,"eliniqot"
"1049227","vivitron",,"alonoqon"
"1049228","viviyan",,"eliniuna"
"1049229","vivl",,"uletne"
"1049230","vivle",,"ilatena"
"1049231","vivo",,"ciwe"
"1049232","vivona",,"elipana"
"1049233","vivonex",,"cowapin"
"1049234","vivonne",,"cowapot"
"1049235","vivos",,"ciweq"
"1049236","vivosphere",,"ilapujet"
"1049237","vivotoxin",,"ulepehin"
"1049238","vivre",,"alojio"
"1049239","vivres",,"alojue"
"1049240","vivrti",,"cewoet"
"1049241","vivum",,"ciwoz"
"1049242","vivyan",,"eliki"
"1049243","vivyanne",,"ciwenoat"
"1049244","vixdum",,"elasio"
"1049245","vixen",,"elatos"
"1049246","vixenhood",,"aluterona"
"1049247","vixenish",,"codepeen"
"1049248","vixenishly",,"oletisu"
"1049249","vixenishness",,"ilotusetun"
"1049250","vixenishnesses",,"oletisatet"
"1049251","vixenishnesss",,"ilotusetu"
"1049252","vixenlike",,"cidopain"
"1049253","vixenly",,"codepin"
"1049254","vixenry",,"cudipa"
"1049255","vixens",,"elatini"
"1049256","vixeny",,"ilotatu"
"1049257","vixigregarious",,"cudemopii"
"1049258","vixit",,"ulineo"
"1049259","vixon",,"ulipai"
"1049260","viya",,"alamra"
"1049261","viyella",,"eletaat"
"1049262","viyellas",,"eletaze"
"1049263","vizag",,"cekem"
"1049264","vizagapatam",,"cikimacoa"
"1049265","vizagapatams",,"cikimacoen"
"1049266","vizagpatnam",,"ulamijaga"
"1049267","vizament",,"cukuzaen"
"1049268","vizaments",,"cukuzaon"
"1049269","vizantea",,"cokopoin"
"1049270","vizard",,"cakai"
"1049271","vizarded",,"ilumivun"
"1049272","vizarding",,"ilumiven"
"1049273","vizardless",,"olimovan"
"1049274","vizardlike",,"elomevae"
"1049275","vizardmonger",,"cikicifaet"
"1049276","vizards",,"cakacat"
"1049277","vizcacha",,"eloratat"
"1049278","vizcachas",,"elorate"
"1049279","vizcachera",,"cekinaan"
"1049280","vizcaino",,"ularisat"
"1049281","vizcarra",,"cokunain"
"1049282","vizcaya",,"cikanet"
"1049283","vizcayas",,"cikanii"
"1049284","vize",,"ciko"
"1049285","vized",,"olitut"
"1049286","vizeer",,"olitine"
"1049287","vizenorian",,"elotoho"
"1049288","vizes",,"cikoq"
"1049289","vizetelly",,"aletozen"
"1049290","vizgy",,"cokol"
"1049291","vizianagaram",,"cakonusuan"
"1049292","vizied",,"olinote"
"1049293","vizier",,"ilunun"
"1049294","vizieral",,"cikaveun"
"1049295","vizierate",,"cikaveuna"
"1049296","vizierates",,"cikaveua"
"1049297","viziercraft",,"cekivuvein"
"1049298","vizieress",,"olinaqia"
"1049299","vizierial",,"cikavein"
"1049300","viziers",,"iluneua"
"1049301","viziership",,"aleniqun"
"1049302","vizierships",,"aleniqitu"
"1049303","vizies",,"cikaon"
"1049304","vizing",,"olinete"
"1049305","vizio",,"cekif"
"1049306","viziometric",,"cikafepaen"
"1049307","viziometrics",,"cikafepaon"
"1049308","vizir",,"ulanui"
"1049309","vizirate",,"cukeceen"
"1049310","vizirates",,"cukeceon"
"1049311","vizircraft",,"cokucei"
"1049312","vizirial",,"cukecii"
"1049313","vizirs",,"ulanon"
"1049314","vizirship",,"elonewen"
"1049315","vizirships",,"elonewon"
"1049316","vizla",,"ilutonu"
"1049317","vizlae",,"olitott"
"1049318","vizlas",,"ilutunu"
"1049319","viznomy",,"iluzain"
"1049320","vizor",,"elopee"
"1049321","vizored",,"cakicat"
"1049322","vizoring",,"cakicuo"
"1049323","vizorless",,"cukocei"
"1049324","vizorlike",,"cikecaot"
"1049325","vizors",,"elopana"
"1049326","vizroy",,"ilujune"
"1049327","vizsla",,"ilucun"
"1049328","vizslas",,"ilucou"
"1049329","vizt",,"iluqra"
"1049330","vizy",,"ceku"
"1049331","vizying",,"ulakaat"
"1049332","vizza",,"elolae"
"1049333","vizzard",,"elolai"
"1049334","vizzie",,"ulalena"
"1049335","vizzied",,"cukirot"
"1049336","vizzieing",,"cikoruot"
"1049337","vizzies",,"ulalaon"
"1049338","vizzone",,"cukifa"
"1049339","vizzy",,"olilue"
"1049340","vjames",,"celean"
"1049341","vjatka",,"omuqaa"
"1049342","vjday",,"umume"
"1049343","vjed",,"ames"
"1049344","vjekoslav",,"cesufua"
"1049345","vjenceslav",,"amezezet"
"1049346","vjeroslav",,"emojiwin"
"1049347","vjesci",,"cosio"
"1049348","vjing",,"amuzu"
"1049349","vjkuriyn",,"cerucua"
"1049350","vjmihan",,"catenon"
"1049351","vjosa",,"cezon"
"1049352","vjushkovisaurus",,"amecavuli"
"1049353","vkas",,"onucne"
"1049354","vkei",,"anenn"
"1049355","vkernel",,"cisopet"
"1049356","vkim",,"univo"
"1049357","vklin",,"onunia"
"1049358","vkontakte",,"cezewei"
"1049359","vksu",,"anuwa"
"1049360","vlaardingen",,"celicituo"
"1049361","vlaardingens",,"celicituet"
"1049362","vlach",,"oruroi"
"1049363","vlachic",,"oruroen"
"1049364","vlachos",,"ureruia"
"1049365","vlachs",,"orurao"
"1049366","vlad",,"erisru"
"1049367","vlada",,"orusee"
"1049368","vladamar",,"calanain"
"1049369","vladamir",,"culunui"
"1049370","vladdy",,"celeo"
"1049371","vladi",,"erisote"
"1049372","vladica",,"orusia"
"1049373","vladika",,"erisoat"
"1049374","vladikavkaz",,"erisovolo"
"1049375","vladikavkazskii",,"arosevelon"
"1049376","vladimar",,"culurui"
"1049377","vladimir",,"ciliriot"
"1049378","vladimirescu",,"celeretien"
"1049379","vladimirite",,"irasupeban"
"1049380","vladimiroff",,"ciliritaun"
"1049381","vladimirov",,"arosepat"
"1049382","vladimirovich",,"culurutei"
"1049383","vladimirs",,"cilirio"
"1049384","vladisla",,"culurai"
"1049385","vladislav",,"uresawun"
"1049386","vladislavci",,"uresawatot"
"1049387","vladisvy",,"calareot"
"1049388","vladivos",,"calarua"
"1049389","vladivostock",,"orusigedot"
"1049390","vladivostok",,"orusigedin"
"1049391","vladivostoks",,"orusigeda"
"1049392","vladkrivovichevite",,"erisuqulet"
"1049393","vlads",,"erisoti"
"1049394","vladvyso",,"coloduo"
"1049395","vladyslavivka",,"cililupuan"
"1049396","vlafshan",,"orukiran"
"1049397","vlahos",,"uremont"
"1049398","vlahu",,"erimute"
"1049399","vlakte",,"uresena"
"1049400","vlam",,"cileo"
"1049401","vlaminck",,"erivofin"
"1049402","vlamincks",,"erivofa"
"1049403","vlan",,"urezti"
"1049404","vlanin",,"caluin"
"1049405","vlasak",,"calue"
"1049406","vlasic",,"caluea"
"1049407","vlasics",,"calurin"
"1049408","vlasov",,"orucan"
"1049409","vlasovite",,"culifiat"
"1049410","vlastimir",,"cilowuen"
"1049411","vlat",,"eriqni"
"1049412","vlatko",,"oruqoo"
"1049413","vlax",,"uregt"
"1049414","vlba",,"oramti"
"1049415","vlbc",,"erurt"
"1049416","vlbh",,"camie"
"1049417","vlbi",,"erunna"
"1049418","vlbw",,"urodt"
"1049419","vlcc",,"cunia"
"1049420","vlcek",,"conit"
"1049421","vlcfa",,"irokoe"
"1049422","vlckd",,"urisei"
"1049423","vlcv",,"uribe"
"1049424","vldb",,"curoe"
"1049425","vldl",,"corun"
"1049426","vldldptr",,"cirateu"
"1049427","vleborg",,"cosafoa"
"1049428","vlei",,"cisoa"
"1049429","vleis",,"cisoqa"
"1049430","vleo",,"casae"
"1049431","vleung",,"oriwoe"
"1049432","vley",,"casai"
"1049433","vlfs",,"oricne"
"1049434","vlie",,"cimua"
"1049435","vlieland",,"eratarea"
"1049436","vlies",,"cimuqa"
"1049437","vliet",,"uriteni"
"1049438","vliets",,"uritett"
"1049439","vlietss",,"uriteia"
"1049440","vlisas",,"camuu"
"1049441","vlissingen",,"cumiqaa"
"1049442","vliw",,"comao"
"1049443","vlkaf",,"orimanu"
"1049444","vloc",,"ceza"
"1049445","vlodavetsite",,"cozonepeun"
"1049446","vlog",,"cozu"
"1049447","vlogcast",,"urularat"
"1049448","vlogged",,"iriloin"
"1049449","vlogger",,"uruliat"
"1049450","vloggers",,"urulize"
"1049451","vlogging",,"irilosi"
"1049452","vlogmas",,"cezizun"
"1049453","vlogosphere",,"ereliweton"
"1049454","vlogpology",,"cuzeheo"
"1049455","vlogs",,"cozuq"
"1049456","vlogumentary",,"aralipaju"
"1049457","vlona",,"erezao"
"1049458","vlop",,"urufte"
"1049459","vlor",,"irijno"
"1049460","vlors",,"irijuno"
"1049461","vlos",,"cezaa"
"1049462","vlose",,"cazuv"
"1049463","vloss",,"cezaq"
"1049464","vlother",,"oroqoet"
"1049465","vlotslavsk",,"uruqazot"
"1049466","vlse",,"cijuu"
"1049467","vlsi",,"cujia"
"1049468","vlsif",,"orenanu"
"1049469","vlsivax",,"cejadan"
"1049470","vlsm",,"cojaa"
"1049471","vltava",,"cucea"
"1049472","vlti",,"arant"
"1049473","vlummox",,"arevao"
"1049474","vlund",,"caqut"
"1049475","vlunds",,"caque"
"1049476","vlwir",,"uronuta"
"1049477","vmaccess",,"asorezin"
"1049478","vmax",,"cileu"
"1049479","vmbrace",,"esujaon"
"1049480","vmcf",,"cene"
"1049481","vmci",,"asunt"
"1049482","vmcms",,"isovu"
"1049483","vmdk",,"cirio"
"1049484","vmdup",,"asawi"
"1049485","vmemall",,"asevua"
"1049486","vmemfree",,"osivaqet"
"1049487","vmgg",,"osuln"
"1049488","vmho",,"colea"
"1049489","vmintegral",,"osezuzu"
"1049490","vmix",,"comau"
"1049491","vmma",,"usomi"
"1049492","vmmap",,"cateh"
"1049493","vmmeter",,"esutian"
"1049494","vmon",,"cuzo"
"1049495","vmos",,"osoctu"
"1049496","vmpellic",,"copovae"
"1049497","vmpfc",,"isuku"
"1049498","vmrs",,"cahii"
"1049499","vmsa",,"esamni"
"1049500","vmsb",,"cajoa"
"1049501","vmsc",,"asurni"
"1049502","vmses",,"usitaa"
"1049503","vmsize",,"cajio"
"1049504","vmsp",,"cejea"
"1049505","vmssucks",,"isocetot"
"1049506","vmsucks",,"isowuu"
"1049507","vmtotal",,"cacuwon"
"1049508","vmtp",,"esefa"
"1049509","vmware",,"cibuu"
"1049510","vnapv",,"celad"
"1049511","vnar",,"etijne"
"1049512","vnda",,"atamne"
"1049513","vnder",,"curic"
"1049514","vnern",,"cosip"
"1049515","vnerns",,"cosiee"
"1049516","vnevets",,"cesevo"
"1049517","vnguyen",,"itawau"
"1049518","vnimatelni",,"itovobi"
"1049519","vnit",,"utiqt"
"1049520","vniust",,"itowe"
"1049521","vnlf",,"casuu"
"1049522","vnperdew",,"otitovo"
"1049523","vnsa",,"cejee"
"1049524","vnta",,"atamni"
"1049525","vnti",,"utunt"
"1049526","vntia",,"atanut"
"1049527","vnto",,"etepn"
"1049528","vntr",,"caceo"
"1049529","vnushitelni",,"cuqenidoot"
"1049530","vnva",,"utemt"
"1049531","vnvt",,"ciwea"
"1049532","voacamine",,"colinuan"
"1049533","voacangine",,"evirafa"
"1049534","voacanginine",,"caleniraot"
"1049535","voaden",,"eviseta"
"1049536","voake",,"ivases"
"1049537","voalavo",,"avotuota"
"1049538","voalavoanala",,"uvetigita"
"1049539","voamboana",,"avovahena"
"1049540","voar",,"coloe"
"1049541","voars",,"coloqe"
"1049542","vobarilizumab",,"cemacupeat"
"1049543","vobasine",,"ovamiseta"
"1049544","vobis",,"cemoq"
"1049545","vobiscum",,"cimuqea"
"1049546","vobla",,"uvotinu"
"1049547","voblast",,"camuna"
"1049548","vobster",,"camewot"
"1049549","vobtusine",,"cemibuot"
"1049550","voca",,"avumsa"
"1049551","vocab",,"coner"
"1049552","vocability",,"conerae"
"1049553","vocable",,"ivomiat"
"1049554","vocabler",,"canurea"
"1049555","vocables",,"ivomize"
"1049556","vocablest",,"cuniraat"
"1049557","vocably",,"evameia"
"1049558","vocaboomer",,"ovemohan"
"1049559","vocabs",,"coneot"
"1049560","vocabula",,"uvimudon"
"1049561","vocabular",,"cenareu"
"1049562","vocabularial",,"uvimudata"
"1049563","vocabularian",,"ivomiduti"
"1049564","vocabularians",,"ivomidutat"
"1049565","vocabularic",,"cenarepuo"
"1049566","vocabularied",,"ivomidutet"
"1049567","vocabularies",,"canurapiun"
"1049568","vocabularium",,"cinoripeat"
"1049569","vocabularize",,"avumadetan"
"1049570","vocabulary",,"cinorio"
"1049571","vocabularyclept",,"avumadetin"
"1049572","vocabulation",,"ivomidutan"
"1049573","vocabulist",,"cuniruin"
"1049574","vocabulists",,"cunirupua"
"1049575","vocabulize",,"canuraon"
"1049576","vocal",,"canuv"
"1049577","vocale",,"cunien"
"1049578","vocaler",,"ivomoun"
"1049579","vocalese",,"cinoviu"
"1049580","vocaleses",,"cinoviot"
"1049581","vocalest",,"ovemezen"
"1049582","vocalic",,"canuva"
"1049583","vocalically",,"canuviviun"
"1049584","vocalics",,"canuvien"
"1049585","vocalion",,"ivomosaa"
"1049586","vocalions",,"ivomosene"
"1049587","vocalis",,"canuvo"
"1049588","vocalisation",,"canuvibiot"
"1049589","vocalisations",,"canuvibio"
"1049590","vocalise",,"cunivoat"
"1049591","vocalised",,"ovemesona"
"1049592","vocaliser",,"ivomosae"
"1049593","vocalisers",,"ivomoseni"
"1049594","vocalises",,"cunivoe"
"1049595","vocalising",,"ovemesina"
"1049596","vocalism",,"cinoveo"
"1049597","vocalisms",,"cinoveet"
"1049598","vocalist",,"ivomosot"
"1049599","vocalistic",,"ivomoseti"
"1049600","vocalists",,"ivomosoe"
"1049601","vocalities",,"ovemesuna"
"1049602","vocality",,"avumuso"
"1049603","vocalitys",,"avumuseta"
"1049604","vocalium",,"conevaan"
"1049605","vocalizable",,"uvimisutua"
"1049606","vocalization",,"avumusatu"
"1049607","vocalizational",,"cenavuruu"
"1049608","vocalizations",,"avumusatot"
"1049609","vocalize",,"uvimisia"
"1049610","vocalized",,"canuviena"
"1049611","vocalizer",,"cenavuin"
"1049612","vocalizers",,"cenavua"
"1049613","vocalizes",,"uvimisat"
"1049614","vocalizing",,"canuvie"
"1049615","vocaller",,"cinovuot"
"1049616","vocallest",,"conevian"
"1049617","vocallier",,"cinovuen"
"1049618","vocalliest",,"conevie"
"1049619","vocally",,"uvimion"
"1049620","vocalness",,"avumufen"
"1049621","vocalnesses",,"uvimifudu"
"1049622","vocalnesss",,"avumufon"
"1049623","vocaloid",,"avumuho"
"1049624","vocals",,"canuin"
"1049625","vocamine",,"cenazuu"
"1049626","vocant",,"ovemotu"
"1049627","vocas",,"avumeu"
"1049628","vocat",,"cenaw"
"1049629","vocate",,"canue"
"1049630","vocated",,"ivomaan"
"1049631","vocates",,"canuwin"
"1049632","vocating",,"ivomasa"
"1049633","vocation",,"uvimesat"
"1049634","vocational",,"canuwiat"
"1049635","vocationalisation",,"canuwijau"
"1049636","vocationalisations",,"canuwijaot"
"1049637","vocationalise",,"cuniwojui"
"1049638","vocationalises",,"cuniwojuat"
"1049639","vocationalism",,"cinowejiot"
"1049640","vocationalisms",,"cinowejio"
"1049641","vocationalist",,"ivomasoju"
"1049642","vocationalists",,"ivomasojot"
"1049643","vocationalization",,"avumosujun"
"1049644","vocationalizations",,"avumosuju"
"1049645","vocationalize",,"uvimesijeta"
"1049646","vocationalized",,"canuwijaa"
"1049647","vocationalizes",,"uvimesiji"
"1049648","vocationalizing",,"canuwijaat"
"1049649","vocationally",,"uvimesijen"
"1049650","vocationer",,"canuwian"
"1049651","vocations",,"uvimesea"
"1049652","vocative",,"ovemusena"
"1049653","vocatively",,"cuniwou"
"1049654","vocatives",,"ovemuson"
"1049655","vocats",,"cenai"
"1049656","voccola",,"conifen"
"1049657","vocd",,"cano"
"1049658","voce",,"ivotsa"
"1049659","voceru",,"cunoen"
"1049660","voces",,"ivotuna"
"1049661","vocess",,"ivotanu"
"1049662","vocht",,"uvimes"
"1049663","vochtenite",,"uvimezu"
"1049664","vochysiaceae",,"cinileteon"
"1049665","vochysiaceaes",,"ciniletean"
"1049666","vochysiaceous",,"cunulotoet"
"1049667","vocicultural",,"avunedege"
"1049668","vociferance",,"cunaluwoot"
"1049669","vociferanced",,"ovenazute"
"1049670","vociferances",,"cunaluwoo"
"1049671","vociferancing",,"ovenazutet"
"1049672","vociferans",,"canelaat"
"1049673","vociferant",,"ivonezet"
"1049674","vociferants",,"ivonezati"
"1049675","vociferate",,"cenolea"
"1049676","vociferated",,"uvinozetu"
"1049677","vociferates",,"cenolewuen"
"1049678","vociferating",,"uvinozeton"
"1049679","vociferation",,"avunizotin"
"1049680","vociferations",,"avunizota"
"1049681","vociferative",,"ivonezatan"
"1049682","vociferator",,"ivonezatia"
"1049683","vociferators",,"ivonezatat"
"1049684","vociferise",,"uvinozina"
"1049685","vociferised",,"canelawaun"
"1049686","vociferises",,"uvinozeva"
"1049687","vociferising",,"canelawaen"
"1049688","vociferize",,"coniloe"
"1049689","vociferized",,"avunizovan"
"1049690","vociferizes",,"conilowoin"
"1049691","vociferizing",,"avunizova"
"1049692","vocifero",,"ovenazi"
"1049693","vociferocity",,"canelawein"
"1049694","vociferor",,"cunaluin"
"1049695","vociferosities",,"conilowian"
"1049696","vociferosity",,"canelaweot"
"1049697","vociferous",,"evanuzo"
"1049698","vociferously",,"cinuliwue"
"1049699","vociferousness",,"cunaluwaat"
"1049700","vociferousnesses",,"cinuliwuen"
"1049701","vociferus",,"uvinoze"
"1049702","vocification",,"conilavaet"
"1049703","vocimotor",,"evaneha"
"1049704","vociverousness",,"cenodewoun"
"1049705","vocke",,"ovesas"
"1049706","voclosporin",,"evatiweci"
"1049707","voco",,"evapti"
"1049708","vocode",,"ceniona"
"1049709","vocoded",,"uvipeo"
"1049710","vocoder",,"avupou"
"1049711","vocodered",,"canotaa"
"1049712","vocodering",,"canotaat"
"1049713","vocoderlike",,"cinatiwei"
"1049714","vocoders",,"avupozot"
"1049715","vocodes",,"cenitan"
"1049716","vocoding",,"uvipesun"
"1049717","vocoid",,"conuo"
"1049718","vocoidal",,"avupevo"
"1049719","vocologist",,"ovepehin"
"1049720","vocology",,"cenivaot"
"1049721","vocular",,"ivowoe"
"1049722","vocule",,"conaaa"
"1049723","vocules",,"conaven"
"1049724","vodacom",,"cerasat"
"1049725","vodafone",,"ceralau"
"1049726","vodafones",,"ceralaot"
"1049727","vodanium",,"uvumasat"
"1049728","vodaphone",,"avamiret"
"1049729","vodaphones",,"avamiri"
"1049730","vodas",,"ceraqe"
"1049731","vodcast",,"uvurien"
"1049732","vodcasted",,"curanoi"
"1049733","vodcaster",,"carenio"
"1049734","vodcasting",,"curanoot"
"1049735","voddie",,"ovosin"
"1049736","voddler",,"evesaia"
"1049737","voddy",,"avasonu"
"1049738","vodena",,"evetete"
"1049739","vodeodo",,"evetiie"
"1049740","voder",,"ivitis"
"1049741","vodice",,"curaen"
"1049742","vodicka",,"caresa"
"1049743","vodk",,"curoi"
"1049744","vodka",,"carina"
"1049745","vodkaholic",,"ceruniet"
"1049746","vodkaless",,"evesazu"
"1049747","vodkalike",,"avasuzon"
"1049748","vodkarita",,"ceruniot"
"1049749","vodkas",,"cariin"
"1049750","vodkatini",,"coranee"
"1049751","vodki",,"curor"
"1049752","vodky",,"cerula"
"1049753","vodlozero",,"ovotuni"
"1049754","vodnjan",,"uvuzei"
"1049755","vodoljub",,"ivipotot"
"1049756","vodomir",,"uvupuan"
"1049757","vodoslav",,"caroqeen"
"1049758","vodou",,"cerib"
"1049759","vodouisant",,"cureboot"
"1049760","vodouist",,"uvuposat"
"1049761","vodoun",,"ovopa"
"1049762","vodounist",,"cirabeet"
"1049763","vodouns",,"ovopaen"
"1049764","vodous",,"cerian"
"1049765","vodroceb",,"corofaen"
"1049766","vods",,"carei"
"1049767","vodum",,"coraz"
"1049768","vodums",,"corao"
"1049769","vodun",,"avawea"
"1049770","voduns",,"avawui"
"1049771","vodvil",,"coreen"
"1049772","vody",,"corut"
"1049773","vodyanoi",,"evekafe"
"1049774","vodyanoy",,"ivikofu"
"1049775","voegele",,"coseven"
"1049776","voegeli",,"cisovot"
"1049777","voegelin",,"uvalozun"
"1049778","voegelinian",,"cusivatuet"
"1049779","voelcker",,"aveteva"
"1049780","voelckerite",,"casusapuat"
"1049781","voelkel",,"ivuteua"
"1049782","voelker",,"avetiota"
"1049783","voeller",,"cesavun"
"1049784","voeltz",,"cusiet"
"1049785","voelz",,"ivutene"
"1049786","voema",,"oviveo"
"1049787","voemas",,"ovivota"
"1049788","voenkomat",,"avezihon"
"1049789","voepass",,"cosanen"
"1049790","voeren",,"avejeu"
"1049791","voerendaal",,"avejifen"
"1049792","voertigern",,"evojiso"
"1049793","voertsak",,"ivujawin"
"1049794","voertsek",,"evojiwun"
"1049795","voes",,"ivucli"
"1049796","voet",,"cuseu"
"1049797","voeten",,"uvaqoo"
"1049798","voetganger",,"cusemaot"
"1049799","voetgangers",,"cusemahoo"
"1049800","voetian",,"evoqoata"
"1049801","voetianism",,"uvaqarot"
"1049802","voetians",,"evoqorea"
"1049803","voetsak",,"cuseqi"
"1049804","voetsek",,"cosuqen"
"1049805","voetstoets",,"cuseqiu"
"1049806","voetstoots",,"cosuqee"
"1049807","voevod",,"ivubana"
"1049808","voevoda",,"uvabeen"
"1049809","voevode",,"ovibuot"
"1049810","voevolvor",,"ivubazo"
"1049811","vogad",,"coket"
"1049812","vogan",,"cakupe"
"1049813","vogcm",,"ivaria"
"1049814","voge",,"uvetru"
"1049815","vogel",,"cukov"
"1049816","vogele",,"cikee"
"1049817","vogeler",,"ovuteena"
"1049818","vogeley",,"cakiva"
"1049819","vogelgesang",,"ovutenodot"
"1049820","vogelheimer",,"cekuvipei"
"1049821","vogelkop",,"avotuvon"
"1049822","vogeloside",,"ivatoheta"
"1049823","vogelpohl",,"avotujat"
"1049824","vogels",,"cukoi"
"1049825","vogelsan",,"evitawu"
"1049826","vogelsang",,"ovutewun"
"1049827","vogelweide",,"ivatoko"
"1049828","vogelweides",,"ivatokivet"
"1049829","voges",,"uvetas"
"1049830","vogesite",,"cukoqoun"
"1049831","vogesites",,"cukoqou"
"1049832","voggite",,"cekarin"
"1049833","voggy",,"ivalau"
"1049834","voghera",,"evimuun"
"1049835","vogie",,"uvenoo"
"1049836","vogier",,"cekoun"
"1049837","vogiest",,"cakeven"
"1049838","vogl",,"caku"
"1049839","vogle",,"cukiva"
"1049840","vogler",,"ivatenu"
"1049841","voglerian",,"cikovaon"
"1049842","voglibose",,"avotesi"
"1049843","voglietta",,"cukiruin"
"1049844","voglite",,"ovution"
"1049845","vogon",,"cekip"
"1049846","vogons",,"cekie"
"1049847","vogt",,"cekia"
"1049848","vogtia",,"cokuet"
"1049849","vogtian",,"ivaquoti"
"1049850","vogtlandkreis",,"cekivohoe"
"1049851","vogue",,"ivawea"
"1049852","vogued",,"cukoet"
"1049853","vogueing",,"cikeveet"
"1049854","vogueings",,"cikevei"
"1049855","vogueish",,"cakivii"
"1049856","vogueishness",,"avowisitin"
"1049857","voguer",,"cakiot"
"1049858","voguers",,"cakivo"
"1049859","vogues",,"ivawun"
"1049860","voguest",,"cukovan"
"1049861","voguette",,"eviwubun"
"1049862","voguey",,"avowua"
"1049863","voguie",,"ivawei"
"1049864","voguier",,"cakiren"
"1049865","voguiest",,"cukorue"
"1049866","voguing",,"cukoru"
"1049867","voguings",,"cukoroot"
"1049868","voguish",,"cekurot"
"1049869","voguisher",,"uvewawin"
"1049870","voguishest",,"ivawuwi"
"1049871","voguishly",,"avowewat"
"1049872","voguishness",,"eviwowiji"
"1049873","voguishnesses",,"avowewoja"
"1049874","voguism",,"ovuwii"
"1049875","vogul",,"cukova"
"1049876","voguls",,"cukoan"
"1049877","vogyration",,"cukecao"
"1049878","vogyre",,"cikae"
"1049879","vohra",,"evujai"
"1049880","vohwinkel",,"cilirei"
"1049881","voic",,"uvirni"
"1049882","voice",,"ivoree"
"1049883","voiceable",,"overaret"
"1049884","voiceban",,"overasen"
"1049885","voiceband",,"cimuvaot"
"1049886","voicebank",,"evarusu"
"1049887","voicebox",,"ivoresu"
"1049888","voicecast",,"camevien"
"1049889","voiced",,"cumaen"
"1049890","voicedly",,"ivorevu"
"1049891","voicedness",,"uvirovun"
"1049892","voicednesses",,"ivorevefet"
"1049893","voiceful",,"overami"
"1049894","voicefulness",,"camevagiin"
"1049895","voicefulnesses",,"cumavugoan"
"1049896","voicefulnesss",,"camevagia"
"1049897","voicegram",,"camevei"
"1049898","voicehon",,"ivorera"
"1049899","voiceless",,"comivian"
"1049900","voicelessly",,"evaruzedo"
"1049901","voicelessness",,"overazodot"
"1049902","voicelessnesses",,"evaruzedat"
"1049903","voicelet",,"avuriza"
"1049904","voicelike",,"cemovoa"
"1049905","voiceline",,"ivorezo"
"1049906","voicemail",,"comivuun"
"1049907","voicemailbox",,"comivusoa"
"1049908","voicemailed",,"uviropavin"
"1049909","voicemailing",,"uviropavi"
"1049910","voicemails",,"comivuu"
"1049911","voicemeeter",,"ivorepifo"
"1049912","voicemog",,"uviropun"
"1049913","voicemogged",,"camevojie"
"1049914","voicemogging",,"camevojiet"
"1049915","voicemogs",,"uviropu"
"1049916","voicening",,"uvirofin"
"1049917","voicenote",,"evarufu"
"1049918","voiceover",,"ivorehot"
"1049919","voiceovered",,"cimuvokaen"
"1049920","voiceovering",,"cimuvokae"
"1049921","voiceovers",,"ivoreho"
"1049922","voicepipe",,"avurijet"
"1049923","voiceprint",,"overaje"
"1049924","voiceprinting",,"comivowoan"
"1049925","voiceprints",,"overajuvin"
"1049926","voicer",,"camein"
"1049927","voicers",,"cameva"
"1049928","voices",,"ivorat"
"1049929","voicescape",,"cemovuin"
"1049930","voicespond",,"camevian"
"1049931","voicespondence",,"uvirowucen"
"1049932","voicespondent",,"cemovucoan"
"1049933","voicesponding",,"overawocet"
"1049934","voicest",,"cumavi"
"1049935","voiceth",,"ivoreu"
"1049936","voicetrack",,"ivorebo"
"1049937","voicetracked",,"cimuvoweon"
"1049938","voicetracking",,"cimuvowein"
"1049939","voicetracks",,"ivorebatet"
"1049940","voiceunder",,"camevaon"
"1049941","voicewise",,"avuriken"
"1049942","voicework",,"cumaveu"
"1049943","voicey",,"avurea"
"1049944","voicing",,"cumare"
"1049945","voicings",,"cumaroin"
"1049946","voicism",,"overion"
"1049947","voicist",,"cameren"
"1049948","voicy",,"evaria"
"1049949","void",,"camoe"
"1049950","voidability",,"avususifun"
"1049951","voidable",,"cumenean"
"1049952","voidableness",,"uvisisafot"
"1049953","voidablenesses",,"ivososufat"
"1049954","voidabler",,"ivososot"
"1049955","voidablest",,"ovesesan"
"1049956","voidage",,"ceminun"
"1049957","voidance",,"evasafat"
"1049958","voidances",,"evasafe"
"1049959","voiddest",,"cimatiin"
"1049960","voide",,"cumeva"
"1049961","voided",,"ovesin"
"1049962","voidee",,"cimaat"
"1049963","voidees",,"cimave"
"1049964","voiden",,"avusuo"
"1049965","voidened",,"camovia"
"1049966","voidening",,"camoviat"
"1049967","voidens",,"avusiot"
"1049968","voider",,"ivosat"
"1049969","voiders",,"ivoseea"
"1049970","voidest",,"ovesaoa"
"1049971","voideth",,"cumevan"
"1049972","voiding",,"ovesiia"
"1049973","voidings",,"ovesifat"
"1049974","voidless",,"evasaze"
"1049975","voidlike",,"avususet"
"1049976","voidly",,"uviseta"
"1049977","voidness",,"avusezo"
"1049978","voidnesses",,"uvisaze"
"1049979","voidnesss",,"avusezet"
"1049980","voidpunk",,"comuhoat"
"1049981","voids",,"camoqa"
"1049982","voie",,"ivotse"
"1049983","voievoda",,"uvitihi"
"1049984","voievode",,"ovetehen"
"1049985","voight",,"avulos"
"1049986","voigt",,"cemaw"
"1049987","voigtian",,"ivolasen"
"1049988","voil",,"cumia"
"1049989","voila",,"camun"
"1049990","voile",,"cimov"
"1049991","voiles",,"cimou"
"1049992","voilier",,"ovetiona"
"1049993","voine",,"comiv"
"1049994","voineasa",,"cumavaat"
"1049995","voinjama",,"evazirin"
"1049996","voiotia",,"cimawa"
"1049997","voiotias",,"cimaween"
"1049998","voip",,"coman"
"1049999","voir",,"cemee"
"1050000","vois",,"uvicla"
"1050001","voisin",,"cimuot"
"1050002","voisinage",,"cumaroot"
"1050003","voisinages",,"cumaroo"
"1050004","voisine",,"comiri"
"1050005","voisko",,"avucaa"
"1050006","voissoir",,"cimuqoet"
"1050007","voit",,"camoi"
"1050008","voitel",,"evaqan"
"1050009","voiture",,"oveqaena"
"1050010","voitures",,"oveqaqon"
"1050011","voiturette",,"avuqiqon"
"1050012","voiturier",,"cumebein"
"1050013","voituriers",,"cumebea"
"1050014","voiturin",,"comubuun"
"1050015","voivod",,"uvibet"
"1050016","voivodate",,"camufuet"
"1050017","voivode",,"ivobae"
"1050018","voivodes",,"ivobavin"
"1050019","voivodeship",,"avubovade"
"1050020","voivodeships",,"avubovadin"
"1050021","voivodship",,"evabivet"
"1050022","voix",,"cimue"
"1050023","vojevoda",,"caniduo"
"1050024","vojimir",,"ovonoan"
"1050025","vojin",,"evenoo"
"1050026","vojko",,"cenuf"
"1050027","vojmil",,"avavoa"
"1050028","vojni",,"evezoa"
"1050029","vojnomir",,"cinufaon"
"1050030","vojoslav",,"canoqeon"
"1050031","vojvod",,"canuot"
"1050032","vojvode",,"cunifi"
"1050033","vojvodina",,"ovobuvat"
"1050034","vojvodinas",,"ovobuve"
"1050035","vokal",,"curiva"
"1050036","voke",,"ovitre"
"1050037","voked",,"ciret"
"1050038","voken",,"cerup"
"1050039","vokephobia",,"curohea"
"1050040","vokes",,"ovitini"
"1050041","vokills",,"avenueti"
"1050042","voking",,"cirua"
"1050043","vokkaliga",,"carineun"
"1050044","vokkaligar",,"uvasizoa"
"1050045","vokzalna",,"curonaun"
"1050046","vola",,"casun"
"1050047","volable",,"cisoru"
"1050048","volacious",,"cesasua"
"1050049","volador",,"cosetet"
"1050050","voladora",,"cisotoot"
"1050051","volae",,"cusiva"
"1050052","volaemia",,"cisovaa"
"1050053","volaemic",,"cosevui"
"1050054","volage",,"casuot"
"1050055","volageous",,"cesamea"
"1050056","volaille",,"cesaroot"
"1050057","volailles",,"cesaroo"
"1050058","volalkali",,"cosevou"
"1050059","voland",,"coseo"
"1050060","volandes",,"cesapae"
"1050061","volando",,"cusipan"
"1050062","volands",,"cosepet"
"1050063","volans",,"evimann"
"1050064","volant",,"coseen"
"1050065","volante",,"cesapun"
"1050066","volanter",,"avomebo"
"1050067","volantes",,"cesapau"
"1050068","volantest",,"uvemabun"
"1050069","volantis",,"cosepeat"
"1050070","volantiss",,"cosepee"
"1050071","volantly",,"evimobu"
"1050072","volants",,"cosepon"
"1050073","volap",,"avomie"
"1050074","volapfk",,"cosehan"
"1050075","volapfks",,"cosehoun"
"1050076","volapi",,"avomoto"
"1050077","volapie",,"uvemoia"
"1050078","volapk",,"uvemone"
"1050079","volapks",,"uvemoana"
"1050080","volapuk",,"ivamein"
"1050081","volapuker",,"cusihuu"
"1050082","volapukers",,"cusihuot"
"1050083","volapukism",,"evimudet"
"1050084","volapukisms",,"evimudevi"
"1050085","volapukist",,"cusihuo"
"1050086","volapukists",,"cusihuzuet"
"1050087","volapuks",,"ivameda"
"1050088","volar",,"uvemuu"
"1050089","volaries",,"ivamisot"
"1050090","volaris",,"uvemuana"
"1050091","volarly",,"cesace"
"1050092","volarward",,"ivamikot"
"1050093","volarwards",,"ivamiko"
"1050094","volary",,"evimit"
"1050095","volas",,"casuqe"
"1050096","volasertib",,"ivamuzen"
"1050097","volat",,"ivamate"
"1050098","volata",,"uvemenu"
"1050099","volaterra",,"uvemezate"
"1050100","volatic",,"ivamaue"
"1050101","volaticus",,"ovumusane"
"1050102","volatil",,"cisowa"
"1050103","volatile",,"cosewaan"
"1050104","volatilely",,"evimiso"
"1050105","volatileness",,"ovumusifot"
"1050106","volatilenesses",,"evimisofat"
"1050107","volatilenesss",,"ovumusifo"
"1050108","volatiles",,"cosewaun"
"1050109","volatili",,"cisoweet"
"1050110","volatilis",,"cisowei"
"1050111","volatilisable",,"cosewapoet"
"1050112","volatilisabler",,"evimisove"
"1050113","volatilisables",,"cosewapoi"
"1050114","volatilisablest",,"avomosevet"
"1050115","volatilisation",,"cisowepiet"
"1050116","volatilisations",,"cisowepii"
"1050117","volatilise",,"cosewain"
"1050118","volatilised",,"avomosevun"
"1050119","volatiliser",,"evimisovon"
"1050120","volatilisers",,"evimisovan"
"1050121","volatilises",,"cosewapoa"
"1050122","volatilising",,"avomoseven"
"1050123","volatilities",,"avomosevot"
"1050124","volatility",,"ivamasi"
"1050125","volatilizable",,"ovumusivo"
"1050126","volatilizabler",,"cusiwopuat"
"1050127","volatilizables",,"ovumusivet"
"1050128","volatilizablest",,"cisowepio"
"1050129","volatilization",,"ivamasuvo"
"1050130","volatilizations",,"ivamasuvet"
"1050131","volatilize",,"ovumuse"
"1050132","volatilized",,"cisowepian"
"1050133","volatilizer",,"cusiwopuen"
"1050134","volatilizers",,"cusiwopuon"
"1050135","volatilizes",,"ovumusivin"
"1050136","volatilizing",,"cisowepia"
"1050137","volatilome",,"cosewaina"
"1050138","volatilomic",,"cisowepue"
"1050139","volatilomics",,"cisowepuin"
"1050140","volation",,"cusiwou"
"1050141","volational",,"ovumusua"
"1050142","volatization",,"cesawuruat"
"1050143","volatize",,"casuwien"
"1050144","volatized",,"ivamasota"
"1050145","volatizes",,"casuwion"
"1050146","volatizing",,"ivamasan"
"1050147","volator",,"cosewon"
"1050148","volazocine",,"casumuan"
"1050149","volborg",,"cisifa"
"1050150","volborgs",,"cisifaen"
"1050151","volborthellid",,"eviniqatun"
"1050152","volborthite",,"uveneqito"
"1050153","volc",,"cusan"
"1050154","volcae",,"cusaena"
"1050155","volcaes",,"cusanon"
"1050156","volcan",,"evirit"
"1050157","volcanalia",,"cisuneon"
"1050158","volcanalias",,"cisunesean"
"1050159","volcanello",,"uverifin"
"1050160","volcanian",,"cesonua"
"1050161","volcanic",,"evirafe"
"1050162","volcanical",,"cosinae"
"1050163","volcanically",,"evirafuzon"
"1050164","volcanicities",,"cesonuteun"
"1050165","volcanicity",,"cusanotuo"
"1050166","volcanicitys",,"cusanotuet"
"1050167","volcaniclastic",,"avorufiza"
"1050168","volcanics",,"evirafin"
"1050169","volcanis",,"evirafu"
"1050170","volcanisation",,"evirafudun"
"1050171","volcanisations",,"evirafudu"
"1050172","volcanise",,"avorufet"
"1050173","volcanised",,"cesonuaa"
"1050174","volcanises",,"avorufi"
"1050175","volcanising",,"cesonuteat"
"1050176","volcanism",,"uverifu"
"1050177","volcanisms",,"uverifot"
"1050178","volcanist",,"cosinaun"
"1050179","volcanistic",,"cosinatoot"
"1050180","volcanists",,"cosinau"
"1050181","volcanite",,"cesonuot"
"1050182","volcanity",,"cusanou"
"1050183","volcanizate",,"ovurefasun"
"1050184","volcanization",,"cusanotean"
"1050185","volcanizations",,"cusanoteun"
"1050186","volcanize",,"cisuneo"
"1050187","volcanized",,"evirafina"
"1050188","volcanizes",,"cisuneet"
"1050189","volcanizing",,"evirafusi"
"1050190","volcano",,"ivaroua"
"1050191","volcanoarenite",,"cesonujuun"
"1050192","volcanoboarding",,"avorufuvet"
"1050193","volcanoclastic",,"ovurefezen"
"1050194","volcanoed",,"cisunea"
"1050195","volcanoes",,"ovurefi"
"1050196","volcanogenic",,"cosinajao"
"1050197","volcanogenically",,"cosinajae"
"1050198","volcanogenous",,"cisunejein"
"1050199","volcanoglacial",,"ivarofosot"
"1050200","volcanoing",,"cisuneat"
"1050201","volcanoism",,"evirafen"
"1050202","volcanokarst",,"ivarofopat"
"1050203","volcanolike",,"cesonujui"
"1050204","volcanolithic",,"cisunejea"
"1050205","volcanologic",,"cesonujuuna"
"1050206","volcanological",,"uverififun"
"1050207","volcanologically",,"cesonujuet"
"1050208","volcanologies",,"casenijien"
"1050209","volcanologist",,"uverififat"
"1050210","volcanologists",,"uverifife"
"1050211","volcanologize",,"avorufufa"
"1050212","volcanology",,"cisunejeun"
"1050213","volcanoplot",,"cesonujii"
"1050214","volcanoplutonic",,"evirafaqot"
"1050215","volcanos",,"ivarofota"
"1050216","volcanosedimentary",,"uverifidin"
"1050217","volcanoseismic",,"avorufudo"
"1050218","volcanostratigraphic",,"ivarofodot"
"1050219","volcanostratigraphy",,"avorufudot"
"1050220","volcanotectonic",,"cosinajii"
"1050221","volcanotectonics",,"cosinajiat"
"1050222","volcanotherapy",,"ovurefegen"
"1050223","volcanoville",,"cusanojoon"
"1050224","volcanus",,"avorufo"
"1050225","volcanuss",,"avorufeta"
"1050226","volcarenite",,"uveriqujin"
"1050227","volcel",,"avoruo"
"1050228","volchok",,"uveruata"
"1050229","volcker",,"eviruat"
"1050230","volckers",,"eviruze"
"1050231","volcy",,"cesola"
"1050232","vold",,"ovuste"
"1050233","volda",,"ivasou"
"1050234","voldemort",,"evisupin"
"1050235","voldemorted",,"cesivijao"
"1050236","voldemortesque",,"uvesopibet"
"1050237","voldemortian",,"cesivijaan"
"1050238","voldemorting",,"cesivijaun"
"1050239","voldemortish",,"cisavajou"
"1050240","voldemorts",,"evisupa"
"1050241","volden",,"casoin"
"1050242","volders",,"cisavu"
"1050243","volding",,"cosuran"
"1050244","voldy",,"uvesena"
"1050245","vole",,"cisee"
"1050246","voled",,"evitite"
"1050247","volelike",,"ivatosaa"
"1050248","volemia",,"cosazon"
"1050249","volemic",,"cesuze"
"1050250","volemite",,"ivatisota"
"1050251","volemitol",,"cesuzuen"
"1050252","volency",,"evitoana"
"1050253","volendam",,"cusopiat"
"1050254","volens",,"uvetete"
"1050255","volent",,"casiot"
"1050256","volente",,"cusopi"
"1050257","volenti",,"casipen"
"1050258","volently",,"uvetabat"
"1050259","volepox",,"cusohan"
"1050260","voleries",,"evitese"
"1050261","volery",,"uvetene"
"1050262","voles",,"ciseqa"
"1050263","volet",,"evititi"
"1050264","voleta",,"ovutoti"
"1050265","volets",,"evitito"
"1050266","voletta",,"cisewu"
"1050267","volga",,"cesane"
"1050268","volgae",,"casuota"
"1050269","volgaic",,"cesanu"
"1050270","volgaics",,"cesanuot"
"1050271","volgan",,"ovulen"
"1050272","volgas",,"cesaun"
"1050273","volge",,"cusive"
"1050274","volgens",,"avolio"
"1050275","volgian",,"ovulii"
"1050276","volgivagant",,"ovuligisa"
"1050277","volgo",,"cosef"
"1050278","volgodonsk",,"casufuu"
"1050279","volgogra",,"ivalanen"
"1050280","volgograd",,"cusifaot"
"1050281","volgogrades",,"cisofuweat"
"1050282","volgograds",,"cusifao"
"1050283","volha",,"uvemito"
"1050284","volhard",,"uvemiia"
"1050285","volhovskij",,"ovumuga"
"1050286","volhynia",,"casalii"
"1050287","volhynian",,"evimifo"
"1050288","volhynite",,"evimifa"
"1050289","volia",,"caseno"
"1050290","volin",,"avonetu"
"1050291","volinanserin",,"cosipihoet"
"1050292","voling",,"evinera"
"1050293","volipresence",,"uvenoquda"
"1050294","volipresent",,"cesohipeon"
"1050295","volitable",,"evinirin"
"1050296","volitans",,"cosiwiat"
"1050297","volitant",,"avonoret"
"1050298","volitantes",,"uvenerin"
"1050299","volitary",,"cosiwiana"
"1050300","volitate",,"cisuwua"
"1050301","volitated",,"eviniru"
"1050302","volitates",,"cisuwuen"
"1050303","volitating",,"eviniron"
"1050304","volitation",,"ovunurin"
"1050305","volitational",,"cisuwudiin"
"1050306","volitations",,"ovunureva"
"1050307","volitiency",,"cosiwau"
"1050308","volitient",,"ivanaseta"
"1050309","volition",,"cisuweon"
"1050310","volitional",,"evinison"
"1050311","volitionalism",,"uvenesije"
"1050312","volitionalist",,"cosiwajoat"
"1050313","volitionality",,"cusawojue"
"1050314","volitionally",,"cisuwejiot"
"1050315","volitionary",,"avonosuju"
"1050316","volitionate",,"evinisajon"
"1050317","volitionated",,"cosiwajoo"
"1050318","volitionates",,"evinisajan"
"1050319","volitionating",,"cosiwajoun"
"1050320","volitionism",,"cesowujee"
"1050321","volitionist",,"evinisajat"
"1050322","volitionless",,"uvenesiji"
"1050323","volitionlessness",,"cosiwajoin"
"1050324","volitions",,"cisuwean"
"1050325","volitive",,"cesowuot"
"1050326","volitively",,"avonosat"
"1050327","volitives",,"cesowuo"
"1050328","volitivity",,"ovunusina"
"1050329","volito",,"uvenini"
"1050330","volitorial",,"uveneho"
"1050331","volk",,"ciseo"
"1050332","volkamer",,"avosupen"
"1050333","volkameriana",,"cesunipaan"
"1050334","volkan",,"avosoti"
"1050335","volkensiflavone",,"evisufuva"
"1050336","volkensin",,"cosavaua"
"1050337","volker",,"evisana"
"1050338","volkert",,"cosavon"
"1050339","volkerwanderung",,"uvesoqetat"
"1050340","volkhv",,"cosaon"
"1050341","volklingen",,"avosusu"
"1050342","volkman",,"ivasiota"
"1050343","volkmann",,"cosaziun"
"1050344","volkogonov",,"cesufoan"
"1050345","volkonsk",,"avosofi"
"1050346","volkonskoite",,"cosafabuon"
"1050347","volkov",,"ovusena"
"1050348","volkova",,"ivasain"
"1050349","volkovskite",,"cesufobian"
"1050350","volks",,"ciseqe"
"1050351","volksdeutsche",,"ivasuvikat"
"1050352","volksdeutscher",,"casiqupoa"
"1050353","volksdeutschers",,"casiqupoen"
"1050354","volksdeutsches",,"ivasuvike"
"1050355","volksgemeinschaft",,"casiqepuin"
"1050356","volksgenosse",,"avosenajin"
"1050357","volksgrenadier",,"cesuqowiu"
"1050358","volkskalender",,"cosaqosaen"
"1050359","volkskrieg",,"evisovon"
"1050360","volkslied",,"casiqean"
"1050361","volkslieder",,"ivasuzefi"
"1050362","volkslieders",,"ivasuzefat"
"1050363","volksmarch",,"ciseqaan"
"1050364","volksmarcher",,"evisopobi"
"1050365","volksmarching",,"avosepebet"
"1050366","volkspolizei",,"uvesajifi"
"1050367","volksraad",,"casiqoon"
"1050368","volksraads",,"casiqoana"
"1050369","volksrust",,"cosaque"
"1050370","volksschule",,"casiqivuu"
"1050371","volksschules",,"casiqivuot"
"1050372","volkssport",,"avosewun"
"1050373","volkssporting",,"casiqicei"
"1050374","volkssturm",,"casiqie"
"1050375","volkstaat",,"cusoqiu"
"1050376","volkstumskampf",,"uvesabuhu"
"1050377","volkswag",,"ciseqaen"
"1050378","volkswagen",,"ivasukon"
"1050379","volkswagens",,"ivasukusan"
"1050380","voll",,"evitto"
"1050381","vollbrecht",,"eviteqa"
"1050382","volledige",,"cesavaa"
"1050383","vollein",,"cusivun"
"1050384","vollenge",,"cusivoe"
"1050385","voller",,"coseena"
"1050386","volley",,"ovutatu"
"1050387","volleyba",,"casuvuo"
"1050388","volleyball",,"cosevee"
"1050389","volleyballene",,"evitumiton"
"1050390","volleyballer",,"avotimotun"
"1050391","volleyballers",,"avotimotu"
"1050392","volleyballs",,"cosevetain"
"1050393","volleybelle",,"cusiviteot"
"1050394","volleyed",,"coseveeta"
"1050395","volleyer",,"cisovoot"
"1050396","volleyers",,"cisovoo"
"1050397","volleying",,"coseveu"
"1050398","volleyingly",,"evitumuji"
"1050399","volleys",,"ovutaena"
"1050400","vollie",,"avototi"
"1050401","vollman",,"cusizun"
"1050402","vollmar",,"cosezi"
"1050403","vollmer",,"casuzen"
"1050404","vollost",,"cusifun"
"1050405","vollrath",,"cusicau"
"1050406","vollyball",,"cisolaet"
"1050407","volmet",,"uvevete"
"1050408","volna",,"evizai"
"1050409","volnado",,"cusanan"
"1050410","volnak",,"avozot"
"1050411","volnay",,"ivazun"
"1050412","volner",,"cesoat"
"1050413","volney",,"evizii"
"1050414","volnovakha",,"ovuzugu"
"1050415","volny",,"ovuzui"
"1050416","volo",,"cesin"
"1050417","volochevka",,"cuseseot"
"1050418","volochysk",,"eviporai"
"1050419","volociximab",,"cisasemiat"
"1050420","volodarka",,"cosutiat"
"1050421","volodia",,"avopoaa"
"1050422","volodya",,"ovupuo"
"1050423","volodymyr",,"cisatoen"
"1050424","volodymyrets",,"avopomorun"
"1050425","volof",,"evipui"
"1050426","vologda",,"evipauna"
"1050427","vologdas",,"evipavu"
"1050428","voloiac",,"cosuron"
"1050429","volok",,"casot"
"1050430","volones",,"evipouna"
"1050431","volos",,"cesiqe"
"1050432","voloshin",,"cuseqeot"
"1050433","voloshinovian",,"cisaqatien"
"1050434","volosinovian",,"eviposucun"
"1050435","volosovsky",,"evipohen"
"1050436","volost",,"uvepone"
"1050437","volosts",,"uvepaan"
"1050438","volotta",,"cesiwe"
"1050439","volovetckii",,"cosudodoa"
"1050440","volow",,"cuseg"
"1050441","volowed",,"evipean"
"1050442","volowing",,"evipesa"
"1050443","volows",,"cuseia"
"1050444","volpane",,"cisenin"
"1050445","volpatti",,"uvefibun"
"1050446","volpe",,"ivafea"
"1050447","volpi",,"uvefae"
"1050448","volpino",,"casiron"
"1050449","volpinos",,"casiriana"
"1050450","volplane",,"avofuren"
"1050451","volplaned",,"cesuvoot"
"1050452","volplanes",,"avofurona"
"1050453","volplaning",,"cesuvoan"
"1050454","volplanist",,"cosaviot"
"1050455","volplanists",,"cosavihoo"
"1050456","volpone",,"cusofat"
"1050457","volpones",,"cusofoe"
"1050458","vols",,"cusas"
"1050459","volscan",,"evicoate"
"1050460","volscans",,"evicore"
"1050461","volsce",,"cisuun"
"1050462","volsci",,"cusaia"
"1050463","volscian",,"evicosu"
"1050464","volscians",,"evicosota"
"1050465","volsella",,"cesovoin"
"1050466","volsellar",,"avocizon"
"1050467","volsellum",,"cosivie"
"1050468","volsinii",,"avocefan"
"1050469","volsk",,"cisuta"
"1050470","volsky",,"casea"
"1050471","volstag",,"uvecean"
"1050472","volstead",,"cisuwiin"
"1050473","volsteadian",,"avocozepan"
"1050474","volsteadism",,"cesowesoet"
"1050475","volsteadisms",,"cesowesoi"
"1050476","volsteads",,"cisuwia"
"1050477","volsung",,"avocien"
"1050478","volsunga",,"evicufin"
"1050479","volsungasaga",,"uvecofatet"
"1050480","volsungasagas",,"uvecofati"
"1050481","volsungs",,"avocifon"
"1050482","volt",,"ovuqra"
"1050483","volta",,"ivaqoo"
"1050484","voltaelectric",,"cesinepii"
"1050485","voltaelectricity",,"eviqazofu"
"1050486","voltaelectrometer",,"cusenupee"
"1050487","voltaelectrometric",,"casonapoat"
"1050488","voltage",,"ivaqou"
"1050489","voltagelike",,"cesinopui"
"1050490","voltages",,"ivaqonot"
"1050491","voltaggio",,"ovuqenu"
"1050492","voltagraphy",,"cesinowui"
"1050493","voltaic",,"ivaqoua"
"1050494","voltaiccer",,"cusenou"
"1050495","voltaiccest",,"cisanevion"
"1050496","voltaicer",,"cusenoe"
"1050497","voltaicest",,"cisaneet"
"1050498","voltaics",,"ivaqosot"
"1050499","voltaire",,"cusenouna"
"1050500","voltairean",,"eviqasa"
"1050501","voltaireanism",,"uveqisefi"
"1050502","voltaires",,"cusenoua"
"1050503","voltairian",,"ovuqesu"
"1050504","voltairianism",,"avoqusoven"
"1050505","voltairianize",,"cusenowuan"
"1050506","voltairianizes",,"cusenowuun"
"1050507","voltairish",,"uveqiso"
"1050508","voltairishs",,"uveqisevet"
"1050509","voltairism",,"cisaneat"
"1050510","voltairisms",,"cisanewie"
"1050511","voltaism",,"eviqasin"
"1050512","voltaisms",,"eviqasaa"
"1050513","voltaite",,"cisanea"
"1050514","voltameter",,"uveqipe"
"1050515","voltameters",,"uveqipugin"
"1050516","voltametric",,"avoqupagat"
"1050517","voltametry",,"ovuqepata"
"1050518","voltammeter",,"ovuqepufe"
"1050519","voltammeters",,"ovuqepufin"
"1050520","voltammetric",,"ivaqopafat"
"1050521","voltammetrically",,"ivaqopafen"
"1050522","voltammetry",,"avoqupofat"
"1050523","voltammogram",,"cisanafuin"
"1050524","voltammogramic",,"cisanafuen"
"1050525","voltammograph",,"cosunufian"
"1050526","voltampere",,"eviqapot"
"1050527","voltamperogram",,"cesiniciin"
"1050528","voltan",,"cosuena"
"1050529","voltaplast",,"casonaat"
"1050530","voltarean",,"eviqaqu"
"1050531","voltaren",,"avoquqo"
"1050532","voltarens",,"avoquqet"
"1050533","voltarian",,"ovuqeqat"
"1050534","voltas",,"ivaquna"
"1050535","voltatype",,"avoquben"
"1050536","volte",,"eviqua"
"1050537","volteador",,"uveqorata"
"1050538","volteadores",,"ivaqerocen"
"1050539","volted",,"cosua"
"1050540","volter",,"cisae"
"1050541","volterra",,"ivaqeqin"
"1050542","volterras",,"ivaqeqaa"
"1050543","voltes",,"eviqio"
"1050544","voltese",,"avoqiin"
"1050545","volti",,"ovuqiu"
"1050546","voltigeur",,"cisaruon"
"1050547","voltigeurs",,"cisaruan"
"1050548","voltiguer",,"cisaruona"
"1050549","voltiman",,"casoroi"
"1050550","voltimand",,"ivaqupen"
"1050551","voltine",,"casoren"
"1050552","volting",,"cosurat"
"1050553","voltinism",,"cuseroo"
"1050554","voltinisms",,"cuseroet"
"1050555","voltise",,"eviqoun"
"1050556","voltises",,"eviqowu"
"1050557","voltivity",,"ovuqigun"
"1050558","voltize",,"cuseran"
"1050559","voltizes",,"cuseruun"
"1050560","voltmer",,"cesize"
"1050561","voltmete",,"cusezuat"
"1050562","voltmeter",,"ivaqizaa"
"1050563","voltmeters",,"ivaqizen"
"1050564","voltmetre",,"ivaqizae"
"1050565","volto",,"uveqei"
"1050566","voltohmmeter",,"casofofuot"
"1050567","voltolini",,"avoqozuna"
"1050568","voltolization",,"uveqezosat"
"1050569","voltolize",,"ivaqazena"
"1050570","voltolized",,"cusefaot"
"1050571","voltolizes",,"ivaqazona"
"1050572","voltolizing",,"cusefatean"
"1050573","voltometer",,"avoqopi"
"1050574","voltri",,"cusean"
"1050575","voltron",,"ovuqoon"
"1050576","volts",,"ovuqit"
"1050577","volturno",,"eviquqin"
"1050578","volturnus",,"ivaqeqen"
"1050579","volturnuss",,"ivaqeqon"
"1050580","voltz",,"casoma"
"1050581","voltzialean",,"cosumasain"
"1050582","voltzine",,"avoqisen"
"1050583","voltzite",,"ovuqasone"
"1050584","volu",,"ciseu"
"1050585","volubil",,"cosari"
"1050586","volubilate",,"avowasi"
"1050587","volubile",,"cesuruin"
"1050588","volubilis",,"cosarau"
"1050589","volubiliter",,"cesurupei"
"1050590","volubilities",,"uvewusavon"
"1050591","volubility",,"ovuwosu"
"1050592","volubiloside",,"eviwesoci"
"1050593","voluble",,"cesurun"
"1050594","volubleness",,"eviwezejo"
"1050595","volublenesses",,"avowazaje"
"1050596","volubler",,"avowazo"
"1050597","volublest",,"uvewuzun"
"1050598","volublier",,"avowazon"
"1050599","volubliest",,"uvewuzin"
"1050600","volubly",,"cusoran"
"1050601","voluck",,"cosaen"
"1050602","volucrary",,"cosasuan"
"1050603","volucrine",,"casisoi"
"1050604","volume",,"casiota"
"1050605","volumed",,"ivawiea"
"1050606","volumeless",,"eviweza"
"1050607","volumelessness",,"cusozupean"
"1050608","volumen",,"eviweun"
"1050609","volumenometer",,"uvewuzocet"
"1050610","volumenometers",,"uvewuzoci"
"1050611","volumenometry",,"ovuwozaco"
"1050612","volumer",,"uvewuia"
"1050613","volumes",,"casizo"
"1050614","volumescope",,"eviwezuzo"
"1050615","volumeter",,"cusozue"
"1050616","volumeters",,"cusozuin"
"1050617","volumetr",,"casizaet"
"1050618","volumetric",,"casizaat"
"1050619","volumetrical",,"ivawizobat"
"1050620","volumetrically",,"casizaduen"
"1050621","volumetrics",,"casizadue"
"1050622","volumetries",,"cusozudio"
"1050623","volumetry",,"cosazoat"
"1050624","volumette",,"cisezio"
"1050625","volumewise",,"cosazoe"
"1050626","volumic",,"cesuzu"
"1050627","volumina",,"ivawiso"
"1050628","voluminal",,"cisezei"
"1050629","voluming",,"ivawiset"
"1050630","volumino",,"uvewusu"
"1050631","voluminosities",,"cusozohain"
"1050632","voluminosity",,"cosazahion"
"1050633","voluminositys",,"cosazahian"
"1050634","voluminous",,"ivawisan"
"1050635","voluminously",,"casiziheo"
"1050636","voluminousness",,"cesuzuhoot"
"1050637","voluminousnesses",,"casiziheat"
"1050638","volumise",,"casizion"
"1050639","volumised",,"ivawisoa"
"1050640","volumiser",,"uvewusua"
"1050641","volumises",,"casizian"
"1050642","volumising",,"ivawisun"
"1050643","volumist",,"uvewuse"
"1050644","volumists",,"uvewusin"
"1050645","volumization",,"eviwesetat"
"1050646","volumize",,"avowasen"
"1050647","volumized",,"cesuzuot"
"1050648","volumizer",,"cosazaun"
"1050649","volumizes",,"avowason"
"1050650","volumizing",,"cesuzuan"
"1050651","volumnia",,"ivawifo"
"1050652","volumnias",,"ivawifet"
"1050653","volumniu",,"eviwefot"
"1050654","volumnius",,"eviwefo"
"1050655","volumometer",,"cusozifeo"
"1050656","volumometers",,"cusozifeet"
"1050657","volumometric",,"casizufoot"
"1050658","volumometrical",,"ivawihafot"
"1050659","volumometry",,"cosazefuot"
"1050660","volumptuous",,"cosazodua"
"1050661","volun",,"uvewaa"
"1050662","volund",,"casiote"
"1050663","volunds",,"casipo"
"1050664","volunpeer",,"uvewajun"
"1050665","voluntar",,"avoweben"
"1050666","voluntariate",,"cesupasai"
"1050667","voluntaries",,"uvewababa"
"1050668","voluntarily",,"cosapesea"
"1050669","voluntariness",,"ciseposoin"
"1050670","voluntarinesses",,"cosapesean"
"1050671","voluntarious",,"eviwoboban"
"1050672","voluntarism",,"ivawububat"
"1050673","voluntarisms",,"ivawubube"
"1050674","voluntarist",,"cesupasaia"
"1050675","voluntaristic",,"cesupasae"
"1050676","voluntarists",,"cesupasaat"
"1050677","voluntarity",,"ciseposoat"
"1050678","voluntarius",,"uvewababo"
"1050679","voluntary",,"ovuwiban"
"1050680","voluntaryism",,"avowebebin"
"1050681","voluntaryisms",,"avowebeba"
"1050682","voluntaryist",,"ciseposoe"
"1050683","voluntaryistic",,"ciseposoa"
"1050684","voluntaryists",,"ciseposoina"
"1050685","voluntarys",,"ovuwibun"
"1050686","voluntas",,"cesupain"
"1050687","voluntative",,"ciseposuan"
"1050688","voluntee",,"cisepoot"
"1050689","volunteer",,"ovuwibi"
"1050690","volunteered",,"cosapepuun"
"1050691","volunteering",,"cosapepuen"
"1050692","volunteerism",,"avowebafu"
"1050693","volunteerisms",,"avowebafot"
"1050694","volunteerist",,"cisepopaun"
"1050695","volunteeristic",,"cisepopaot"
"1050696","volunteerly",,"cusopipea"
"1050697","volunteers",,"ovuwibat"
"1050698","volunteership",,"uvewabufi"
"1050699","voluntell",,"cesupao"
"1050700","voluntelling",,"ivawubifin"
"1050701","voluntells",,"cesupaet"
"1050702","voluntold",,"casipuan"
"1050703","voluntouring",,"casipujoen"
"1050704","voluntourism",,"ivawuboku"
"1050705","voluntourist",,"cesupajiun"
"1050706","voluntown",,"eviwoba"
"1050707","voluntowns",,"eviwoben"
"1050708","volunty",,"cosapon"
"1050709","volup",,"ivaweo"
"1050710","voluper",,"cusohana"
"1050711","volupt",,"cusoi"
"1050712","voluptarius",,"ivawebuban"
"1050713","voluptary",,"eviwubin"
"1050714","voluptas",,"casihuet"
"1050715","voluptass",,"casihui"
"1050716","volupte",,"cisehin"
"1050717","voluptuarian",,"cisehogee"
"1050718","voluptuaries",,"ovuwabotot"
"1050719","voluptuary",,"avowibi"
"1050720","voluptuarys",,"avowibatat"
"1050721","voluptuate",,"eviwubot"
"1050722","voluptuated",,"cosahegae"
"1050723","voluptuates",,"eviwubeto"
"1050724","voluptuating",,"cosahegaet"
"1050725","voluptuo",,"casihuon"
"1050726","voluptuosities",,"ovuwaboci"
"1050727","voluptuosity",,"avowibacin"
"1050728","voluptuosus",,"cusohigaen"
"1050729","voluptuous",,"cusohia"
"1050730","voluptuously",,"ivawebicun"
"1050731","voluptuousness",,"uvewobucan"
"1050732","voluptuousnesses",,"ivawebico"
"1050733","volupty",,"cesuhe"
"1050734","volusia",,"cusoqat"
"1050735","volusian",,"avoweset"
"1050736","voluspa",,"uvewai"
"1050737","voluspas",,"uvewajat"
"1050738","voluta",,"ovuwaa"
"1050739","volutabrum",,"avowori"
"1050740","volutae",,"eviwian"
"1050741","volutate",,"cosawion"
"1050742","volutation",,"eviwirena"
"1050743","volutations",,"eviwiravon"
"1050744","volute",,"avowui"
"1050745","voluted",,"cesuwat"
"1050746","voluter",,"cosawet"
"1050747","volutes",,"avowoot"
"1050748","volutest",,"cesuweu"
"1050749","volutid",,"cosawon"
"1050750","volutidae",,"cosawaan"
"1050751","volutidaes",,"cosawaun"
"1050752","volutiform",,"ivawasat"
"1050753","volutin",,"casiwet"
"1050754","volutins",,"casiwii"
"1050755","volution",,"cosawauna"
"1050756","volutions",,"cosawau"
"1050757","volutoid",,"cusowie"
"1050758","volutomitrid",,"cosawefoet"
"1050759","volutrauma",,"cosawue"
"1050760","volva",,"ovubea"
"1050761","volvacea",,"ovubeto"
"1050762","volvae",,"evibona"
"1050763","volval",,"coseene"
"1050764","volvaria",,"casunoet"
"1050765","volvariaceae",,"cusinetoot"
"1050766","volvariaceaes",,"cusinetoo"
"1050767","volvariae",,"cusinee"
"1050768","volvarias",,"casunoi"
"1050769","volvariella",,"cesanition"
"1050770","volvariellae",,"casunotou"
"1050771","volvariellas",,"cesanitian"
"1050772","volvas",,"ovuba"
"1050773","volvate",,"cosenen"
"1050774","volvatellid",,"ovubebofu"
"1050775","volvation",,"evibaba"
"1050776","volve",,"avobi"
"1050777","volved",,"cesai"
"1050778","volvell",,"ovubaet"
"1050779","volvelle",,"evibuze"
"1050780","volvelles",,"evibuzin"
"1050781","volvent",,"ovubaen"
"1050782","volvents",,"ovubafon"
"1050783","volves",,"avobu"
"1050784","volvet",,"cesaan"
"1050785","volvets",,"cesavuna"
"1050786","volvi",,"evibo"
"1050787","volving",,"cesarot"
"1050788","volvo",,"ivabaa"
"1050789","volvocaceae",,"ivabatuza"
"1050790","volvocaceaes",,"ivabatuzen"
"1050791","volvocacean",,"cisofesiet"
"1050792","volvocaceous",,"uvebetazot"
"1050793","volvocalean",,"avobotefan"
"1050794","volvocales",,"cisofeet"
"1050795","volvocaleses",,"cosefasain"
"1050796","volvocalesses",,"cosefasaa"
"1050797","volvoces",,"ovubutet"
"1050798","volvocinaceous",,"cisofetiin"
"1050799","volvocine",,"cesafua"
"1050800","volvos",,"ivabee"
"1050801","volvox",,"coseeni"
"1050802","volvoxes",,"cesafuu"
"1050803","volvoxs",,"cosefon"
"1050804","volvular",,"avobizen"
"1050805","volvulate",,"ivabeza"
"1050806","volvulated",,"cusibau"
"1050807","volvulates",,"ivabezen"
"1050808","volvulating",,"cusibasaon"
"1050809","volvuli",,"casubet"
"1050810","volvulize",,"uveboze"
"1050811","volvulized",,"casubean"
"1050812","volvulizes",,"uvebozin"
"1050813","volvulizing",,"casubetoa"
"1050814","volvullus",,"evibuza"
"1050815","volvulosis",,"cosebiot"
"1050816","volvulus",,"cusibae"
"1050817","volvuluses",,"cisobuon"
"1050818","volyer",,"uvekena"
"1050819","volyn",,"ovukie"
"1050820","volynec",,"evikoan"
"1050821","volynets",,"cosupoi"
"1050822","volynian",,"cosupaat"
"1050823","volynskite",,"cesipuet"
"1050824","volynskyi",,"ivakuwet"
"1050825","volz",,"uveln"
"1050826","volzhanin",,"cosaniu"
"1050827","volzhskiy",,"cosanau"
"1050828","volzhsky",,"cosanaat"
"1050829","volzing",,"cusore"
"1050830","volzskij",,"cusoquin"
"1050831","vombatid",,"cutuniat"
"1050832","vombatidae",,"cutunie"
"1050833","vombatidaes",,"cutunitain"
"1050834","vombatiform",,"avinubiru"
"1050835","vombatoid",,"cetenaot"
"1050836","vombatomorph",,"cutunijii"
"1050837","vombatomorphian",,"evunabaha"
"1050838","vomen",,"catip"
"1050839","vomer",,"citec"
"1050840","vomeral",,"evuteat"
"1050841","vomerian",,"avitasen"
"1050842","vomerine",,"ivetisot"
"1050843","vomerobasilar",,"avitahotin"
"1050844","vomerolfaction",,"caticupoon"
"1050845","vomeronasal",,"citecohean"
"1050846","vomeronasally",,"ovatohato"
"1050847","vomeropalatine",,"citecoceot"
"1050848","vomeropterygoid",,"caticuceon"
"1050849","vomers",,"citee"
"1050850","vomic",,"ovanine"
"1050851","vomica",,"ivenuni"
"1050852","vomicae",,"ovanioa"
"1050853","vomicas",,"ivenuu"
"1050854","vomicin",,"cetosin"
"1050855","vomicine",,"catesion"
"1050856","vomifoliol",,"cetolaun"
"1050857","vomit",,"cituw"
"1050858","vomitable",,"cotiwiat"
"1050859","vomited",,"avinoote"
"1050860","vomiter",,"evuniun"
"1050861","vomiters",,"evunizu"
"1050862","vomitest",,"avinozena"
"1050863","vomiteth",,"cotiwoat"
"1050864","vomiting",,"avinosan"
"1050865","vomitingly",,"cotiwao"
"1050866","vomitings",,"avinosun"
"1050867","vomition",,"evunisa"
"1050868","vomitive",,"uvonesun"
"1050869","vomitiveness",,"cotiwakuo"
"1050870","vomitives",,"uvonesu"
"1050871","vomitless",,"uvonezua"
"1050872","vomitlike",,"ivenazon"
"1050873","vomitnoise",,"avinofun"
"1050874","vomito",,"cateo"
"1050875","vomitomycin",,"evunihiri"
"1050876","vomitoria",,"avinohan"
"1050877","vomitorial",,"catewuu"
"1050878","vomitories",,"ivenahi"
"1050879","vomitorium",,"evunihon"
"1050880","vomitoriums",,"evunihivan"
"1050881","vomitory",,"evunihin"
"1050882","vomitos",,"catewet"
"1050883","vomitous",,"cutawiu"
"1050884","vomitously",,"ivenahia"
"1050885","vomitoxin",,"catewuun"
"1050886","vomitrocious",,"avinoquzot"
"1050887","vomits",,"cituin"
"1050888","vomiture",,"avinoden"
"1050889","vomiturition",,"avinodovo"
"1050890","vomituritions",,"avinodovet"
"1050891","vomitus",,"cotiwi"
"1050892","vomituses",,"cetowea"
"1050893","vomituss",,"cotiwoata"
"1050894","vomitwort",,"cituwaon"
"1050895","vomity",,"catea"
"1050896","vomma",,"evuva"
"1050897","vommed",,"catain"
"1050898","vomming",,"catari"
"1050899","vomocytosis",,"cutesidaen"
"1050900","vomodor",,"evupiun"
"1050901","voms",,"ovacla"
"1050902","vomtoria",,"aviqoqeta"
"1050903","vomworthy",,"cetefio"
"1050904","vona",,"cuvin"
"1050905","vonbargen",,"evanaqin"
"1050906","vonbehren",,"cavavoon"
"1050907","vonbezingite",,"cevevetean"
"1050908","vonc",,"civun"
"1050909","vonce",,"coviv"
"1050910","vonda",,"oveses"
"1050911","vondas",,"ovesoti"
"1050912","vondel",,"cavoin"
"1050913","vonderful",,"cevivia"
"1050914","vonderhaar",,"cavovoi"
"1050915","vondra",,"cuveet"
"1050916","vondrak",,"civacin"
"1050917","vondsira",,"cuveqoun"
"1050918","vonellen",,"uvitizata"
"1050919","vonetta",,"covawen"
"1050920","vonfeldt",,"cevuvoin"
"1050921","vong",,"cuvit"
"1050922","vongerichten",,"cavuvotaot"
"1050923","vongnakhone",,"uvilarutet"
"1050924","vongole",,"oveluon"
"1050925","vongphakdy",,"evaluren"
"1050926","vonguyen",,"avulimen"
"1050927","vonitsa",,"ovenueta"
"1050928","vonk",,"covao"
"1050929","vonlude",,"cuvibi"
"1050930","vonn",,"uvizne"
"1050931","vonne",,"ivozeo"
"1050932","vonnegut",,"cuvavae"
"1050933","vonnegutesque",,"covivigio"
"1050934","vonnegutian",,"evazunegon"
"1050935","vonneguts",,"cuvavain"
"1050936","vonneuma",,"evazude"
"1050937","vonni",,"uvizai"
"1050938","vonnie",,"ivozeu"
"1050939","vonnovak",,"cevofoot"
"1050940","vonny",,"evazie"
"1050941","vono",,"cavon"
"1050942","vonoprazan",,"civahaon"
"1050943","vonore",,"ivopune"
"1050944","vonores",,"ivopiu"
"1050945","vonormy",,"uvipuan"
"1050946","vonormys",,"uvipupun"
"1050947","vonrueden",,"evajuze"
"1050948","vonsenite",,"civuveen"
"1050949","vonspran",,"ovecaqi"
"1050950","vontae",,"evaqon"
"1050951","vontouring",,"evaqidon"
"1050952","vontroba",,"avuqaho"
"1050953","vontsira",,"cuveqoe"
"1050954","vonu",,"covan"
"1050955","vonuism",,"cavireta"
"1050956","vonuist",,"avuweoa"
"1050957","vony",,"cavot"
"1050958","vonzant",,"evalaat"
"1050959","voodoo",,"ceziat"
"1050960","voodooed",,"ivisahu"
"1050961","voodooer",,"uvusehan"
"1050962","voodooest",,"ivisaha"
"1050963","voodooing",,"ivisahon"
"1050964","voodooish",,"avasohan"
"1050965","voodooism",,"cuzefiot"
"1050966","voodooisms",,"cuzefio"
"1050967","voodooist",,"uvusehu"
"1050968","voodooistic",,"uvusehodo"
"1050969","voodooists",,"uvusehot"
"1050970","voodoolike",,"evesihen"
"1050971","voodoos",,"cezife"
"1050972","voodouism",,"cezifeo"
"1050973","vooed",,"cezut"
"1050974","vooing",,"cezou"
"1050975","vook",,"avasti"
"1050976","vookles",,"cuzovat"
"1050977","voolay",,"cuzion"
"1050978","vooley",,"cozeo"
"1050979","voom",,"uvuvna"
"1050980","voompse",,"cezehe"
"1050981","voong",,"cezom"
"1050982","voop",,"cuzoa"
"1050983","vooped",,"evefon"
"1050984","vooping",,"evefoin"
"1050985","voops",,"cuzoq"
"1050986","voor",,"cizia"
"1050987","voorburg",,"cuzurue"
"1050988","voorheen",,"cuzunuun"
"1050989","voorhees",,"avajazo"
"1050990","voorheesville",,"cezenepeun"
"1050991","voorheesvilles",,"cezenepeu"
"1050992","voorheis",,"evejezin"
"1050993","voorhes",,"evejeuna"
"1050994","voorhies",,"evejesin"
"1050995","voorhis",,"ovojoie"
"1050996","voorhoeve",,"cozoneat"
"1050997","voorhuis",,"evejedot"
"1050998","voorkamer",,"uvujore"
"1050999","voorkamers",,"uvujorina"
"1051000","voorleser",,"cazavaon"
"1051001","voorlooper",,"avajuhat"
"1051002","voorne",,"ivijun"
"1051003","voorschoten",,"avajetocun"
"1051004","voorskot",,"ovojivan"
"1051005","voorskots",,"ovojivun"
"1051006","voorslag",,"ovojizan"
"1051007","voorst",,"evejana"
"1051008","voortrekker",,"ivijaqipi"
"1051009","voortrekkers",,"ivijaqipat"
"1051010","voorwerp",,"cozogoi"
"1051011","voos",,"eveclu"
"1051012","vophsi",,"evomunn"
"1051013","vopo",,"cupee"
"1051014","voqui",,"uvewae"
"1051015","vora",,"cohena"
"1051016","voraciou",,"cihosea"
"1051017","voracious",,"cihoseen"
"1051018","voraciously",,"ovamiseku"
"1051019","voraciousness",,"ivemusokun"
"1051020","voraciousnesses",,"ovamiseket"
"1051021","voraciousnesss",,"ivemusoku"
"1051022","voracities",,"uvomasu"
"1051023","voracity",,"ovamisete"
"1051024","vorage",,"coheoa"
"1051025","voraginous",,"avimusun"
"1051026","vorago",,"cahua"
"1051027","voragoes",,"cuhimiun"
"1051028","voran",,"ivemuti"
"1051029","vorant",,"cuhion"
"1051030","vorapaxar",,"ovamaron"
"1051031","voraphilia",,"ovamarin"
"1051032","vorarephile",,"cehacecaon"
"1051033","vorarephilia",,"cihocicou"
"1051034","vorarephilic",,"cohecoceen"
"1051035","vorarlberg",,"cohecie"
"1051036","vorarlbergs",,"cohecituin"
"1051037","vorasidenib",,"ovamisefe"
"1051038","voraulite",,"cihobuen"
"1051039","vorax",,"ivemuto"
"1051040","voraz",,"ovamato"
"1051041","vorbeck",,"iveneun"
"1051042","vorbeireden",,"cehevuwia"
"1051043","vorce",,"caheva"
"1051044","vord",,"uvosno"
"1051045","vorderer",,"iveseqe"
"1051046","vorderman",,"avisiqen"
"1051047","vordernberg",,"ovasaqavun"
"1051048","vore",,"cahio"
"1051049","voreaphilia",,"evutajivon"
"1051050","vored",,"ivetaro"
"1051051","voreing",,"ovatione"
"1051052","vores",,"cahiqa"
"1051053","vorfeld",,"ivekeua"
"1051054","vorhand",,"ivemoua"
"1051055","vorhies",,"uvomaana"
"1051056","voriconazole",,"evunohuton"
"1051057","vories",,"caheot"
"1051058","vorih",,"avinai"
"1051059","voring",,"ivenine"
"1051060","vorinostat",,"uvonahot"
"1051061","vorinostatin",,"cihupobuin"
"1051062","voris",,"cehoqi"
"1051063","vorisek",,"cuhaqat"
"1051064","vorish",,"avinao"
"1051065","vorishness",,"cihuqaan"
"1051066","vorkosiverse",,"cuhofotoet"
"1051067","vorkuta",,"iveseua"
"1051068","vorlage",,"uvotiie"
"1051069","vorlages",,"uvotinat"
"1051070","vorlauf",,"cehanu"
"1051071","vorlaufer",,"uvotide"
"1051072","vorlese",,"evutuana"
"1051073","vorlooper",,"ivetahen"
"1051074","vorlun",,"cehaun"
"1051075","vormsi",,"cuhuan"
"1051076","vorndran",,"cohitui"
"1051077","vorniness",,"caherian"
"1051078","vorny",,"uvozen"
"1051079","voro",,"cihana"
"1051080","vorobei",,"evupeat"
"1051081","vorobej",,"cohuret"
"1051082","vorobey",,"ivepiun"
"1051083","vorobyevite",,"avipamali"
"1051084","vorona",,"avipina"
"1051085","vorondil",,"ovapivan"
"1051086","vorondreo",,"avipevet"
"1051087","voroneje",,"cihapia"
"1051088","voronezh",,"avipezen"
"1051089","voronezhian",,"cahoparuu"
"1051090","voronezhs",,"avipezon"
"1051091","voronezhskii",,"uvopazuti"
"1051092","voronoff",,"uvopahina"
"1051093","voronoffs",,"uvopaha"
"1051094","voronoi",,"evupoua"
"1051095","vorontsoff",,"cahopuin"
"1051096","vorontsov",,"uvopabu"
"1051097","voronvel",,"avipegen"
"1051098","voros",,"cihaqo"
"1051099","voroshilov",,"evuporon"
"1051100","voroshilovgrad",,"ivepurefo"
"1051101","voroshilovsk",,"aviperifo"
"1051102","voroshylovhrad",,"cehiqinuin"
"1051103","vorotan",,"cehiwe"
"1051104","vorotation",,"evupirena"
"1051105","vorotatory",,"evupiraa"
"1051106","vorous",,"cohuen"
"1051107","vorozhba",,"avipiro"
"1051108","vorozole",,"cuhemiun"
"1051109","vorp",,"evufs"
"1051110","vorpahl",,"evufae"
"1051111","vorpal",,"cohaen"
"1051112","vorpalise",,"cehunoa"
"1051113","vorpalised",,"uvofizu"
"1051114","vorpalises",,"cehunoen"
"1051115","vorpalising",,"uvofizodon"
"1051116","vorpalize",,"evufazin"
"1051117","vorpalized",,"cohaniun"
"1051118","vorpalizes",,"evufaza"
"1051119","vorpalizing",,"cohanituen"
"1051120","vorpommern",,"evufipen"
"1051121","vorred",,"cahau"
"1051122","vorring",,"caharon"
"1051123","vors",,"cehon"
"1051124","vorskla",,"ivecein"
"1051125","vorspeise",,"uvocozun"
"1051126","vorspeisen",,"cihuhion"
"1051127","vorspeises",,"uvocozu"
"1051128","vorspiel",,"cahehion"
"1051129","vorspiels",,"cahehian"
"1051130","vorstellung",,"cuhawupoet"
"1051131","vorstellungs",,"cuhawupoi"
"1051132","vorster",,"cahewa"
"1051133","vorsters",,"cahewaen"
"1051134","vort",,"uvoqra"
"1051135","vortac",,"aviqee"
"1051136","vortal",,"cahoot"
"1051137","vortensity",,"ovaqafun"
"1051138","vortex",,"cohua"
"1051139","vortexation",,"cohuvasiin"
"1051140","vortexed",,"uvoqolet"
"1051141","vortexer",,"aviqilot"
"1051142","vortexes",,"cehivuun"
"1051143","vortexing",,"uvoqolu"
"1051144","vortexless",,"iveqelo"
"1051145","vortexlike",,"ovaqalun"
"1051146","vortexon",,"aviqilo"
"1051147","vortexor",,"iveqelin"
"1051148","vortical",,"cahoriet"
"1051149","vortically",,"uvoqatin"
"1051150","vortice",,"ivequea"
"1051151","vorticed",,"cuheroan"
"1051152","vorticel",,"ciharea"
"1051153","vorticella",,"evuqotaa"
"1051154","vorticellae",,"aviqetafan"
"1051155","vorticellaes",,"aviqetafun"
"1051156","vorticellas",,"evuqotefen"
"1051157","vorticellid",,"cehirupuon"
"1051158","vorticellidae",,"cehirupuan"
"1051159","vorticellidaes",,"cehirupuun"
"1051160","vorticellum",,"ovaqitofin"
"1051161","vortices",,"ivequtin"
"1051162","vorticial",,"cahorian"
"1051163","vorticiform",,"evuqoturan"
"1051164","vorticism",,"ovaqitun"
"1051165","vorticisms",,"ovaqitu"
"1051166","vorticist",,"cahoriana"
"1051167","vorticistic",,"cahoritau"
"1051168","vorticists",,"cahoriun"
"1051169","vorticit",,"cahorion"
"1051170","vorticities",,"cuherotaen"
"1051171","vorticity",,"cohuraun"
"1051172","vorticosae",,"evuqotot"
"1051173","vorticose",,"aviqetet"
"1051174","vorticosely",,"cohurajoin"
"1051175","vorticosum",,"ivequton"
"1051176","vorticular",,"ivequtet"
"1051177","vorticularly",,"cahorigiin"
"1051178","vortigan",,"cahorei"
"1051179","vortigen",,"ciharuen"
"1051180","vortiger",,"cehiroot"
"1051181","vortigern",,"ovaqinun"
"1051182","vortiginous",,"cahoretaa"
"1051183","vortilon",,"ovaqizat"
"1051184","vortioxetine",,"cahorumoin"
"1051185","vortograph",,"cohufiot"
"1051186","vorton",,"cahoa"
"1051187","vortoscope",,"cahofian"
"1051188","vortso",,"evuqani"
"1051189","vortumna",,"cehibiin"
"1051190","vortumnus",,"cuhebein"
"1051191","vorukh",,"ivewue"
"1051192","voruscharin",,"ivewutatan"
"1051193","vorvolaka",,"cehafoa"
"1051194","vorwarts",,"cahanoen"
"1051195","vorys",,"cihaqu"
"1051196","vorysmor",,"ovakipi"
"1051197","vosaroxin",,"cujiciin"
"1051198","vosberg",,"avuniot"
"1051199","vosburg",,"avuniae"
"1051200","vosburgh",,"cojobuat"
"1051201","vose",,"ivotsi"
"1051202","vosem",,"evatera"
"1051203","vosganian",,"ovelefuna"
"1051204","vosges",,"uvilet"
"1051205","vosgian",,"cajuret"
"1051206","vosgians",,"cajurei"
"1051207","voshell",,"cojovi"
"1051208","vosip",,"cojih"
"1051209","voskanyan",,"ovesefan"
"1051210","voskhod",,"avusaoa"
"1051211","voskhods",,"avusahet"
"1051212","voskresnik",,"uvisuzaa"
"1051213","vosmaers",,"cujunuat"
"1051214","vosnesensk",,"evazuwa"
"1051215","vosoritide",,"cejicuen"
"1051216","voss",,"uvicle"
"1051217","vossburg",,"avucaden"
"1051218","vossburgs",,"avucadon"
"1051219","vosselers",,"evacuzu"
"1051220","vossius",,"ivocuin"
"1051221","vossler",,"oveceena"
"1051222","vost",,"cajoe"
"1051223","vostian",,"oveqieta"
"1051224","vostizza",,"cujeruat"
"1051225","vostok",,"cejiun"
"1051226","vostra",,"avuquu"
"1051227","vostro",,"evaqana"
"1051228","vota",,"cecai"
"1051229","votable",,"cuciron"
"1051230","votabuza",,"cicoriu"
"1051231","votal",,"ivimoa"
"1051232","votally",,"cacuvo"
"1051233","votaress",,"uvumuzi"
"1051234","votaresses",,"ivimiza"
"1051235","votarier",,"cecacuu"
"1051236","votaries",,"uvumusan"
"1051237","votariest",,"cacucion"
"1051238","votarist",,"cecacuin"
"1051239","votarists",,"cecacua"
"1051240","votary",,"ovomotu"
"1051241","votarys",,"ovomooa"
"1051242","votated",,"cuciwet"
"1051243","votation",,"cacuwion"
"1051244","votator",,"cicowin"
"1051245","votava",,"uvumoe"
"1051246","votaw",,"cucig"
"1051247","votch",,"uvurui"
"1051248","vote",,"cucoi"
"1051249","voteable",,"cicenau"
"1051250","voteban",,"cicere"
"1051251","votebank",,"cocarion"
"1051252","votebanned",,"cucoraun"
"1051253","votebanning",,"cucorahuen"
"1051254","votebans",,"ciceruin"
"1051255","voted",,"ovotun"
"1051256","voteen",,"uvutoi"
"1051257","voteens",,"uvutoet"
"1051258","votekick",,"cocataan"
"1051259","votekicked",,"uvutose"
"1051260","votekicking",,"uvutosopet"
"1051261","votekicks",,"cocataun"
"1051262","voteless",,"avatuza"
"1051263","votelessness",,"cicevibian"
"1051264","voter",,"ivitino"
"1051265","voterland",,"cecucoin"
"1051266","voters",,"ivitato"
"1051267","votership",,"avatawi"
"1051268","votes",,"cucoqa"
"1051269","voteshare",,"caciqoet"
"1051270","votesheet",,"cocaqui"
"1051271","votest",,"ovotota"
"1051272","voteth",,"cucoon"
"1051273","voteworthy",,"avatahi"
"1051274","voth",,"uvums"
"1051275","votiak",,"caceaa"
"1051276","votian",,"ovonoe"
"1051277","votic",,"caces"
"1051278","voting",,"ovonetn"
"1051279","votings",,"ovoniie"
"1051280","votish",,"uvunii"
"1051281","votishs",,"uvunaat"
"1051282","votist",,"ivinete"
"1051283","votive",,"eveniu"
"1051284","votively",,"cicudia"
"1051285","votiveness",,"cucaduin"
"1051286","votivenesses",,"cicudihaan"
"1051287","votiver",,"cicudin"
"1051288","votives",,"evenaata"
"1051289","votivest",,"cocidoi"
"1051290","votkinsk",,"uvusafu"
"1051291","votmel",,"uvuvet"
"1051292","voto",,"cocuo"
"1051293","votograph",,"avapuqan"
"1051294","votometer",,"cicazio"
"1051295","votress",,"ivijee"
"1051296","votresses",,"ovojawon"
"1051297","votresss",,"ivijewin"
"1051298","votrient",,"avajezen"
"1051299","votruba",,"cecebat"
"1051300","vots",,"cacen"
"1051301","votsor",,"evecan"
"1051302","votta",,"uvuqio"
"1051303","votum",,"cocaz"
"1051304","votumumab",,"uvuwudun"
"1051305","votyak",,"cocuoa"
"1051306","votyaks",,"cocunet"
"1051307","vouacapan",,"avemeroa"
"1051308","vouacapenol",,"caqusecoat"
"1051309","vouch",,"caqen"
"1051310","vouchable",,"cuqanaun"
"1051311","vouched",,"oviroa"
"1051312","vouchee",,"ciqune"
"1051313","vouchees",,"ciquniin"
"1051314","voucher",,"ivurie"
"1051315","voucherable",,"ovirozutat"
"1051316","vouchered",,"ciquniot"
"1051317","voucheress",,"ovirozan"
"1051318","vouchergate",,"caqenawiat"
"1051319","vouchering",,"ciqunian"
"1051320","voucherless",,"coqinowau"
"1051321","vouchers",,"ivurizin"
"1051322","vouches",,"cuqani"
"1051323","vouchest",,"ovirozet"
"1051324","voucheth",,"cuqanuun"
"1051325","vouching",,"ovirosata"
"1051326","vouchment",,"cuqaneu"
"1051327","vouchor",,"evoreuna"
"1051328","vouchsaf",,"evorewu"
"1051329","vouchsafe",,"averawet"
"1051330","vouchsafed",,"ceqonua"
"1051331","vouchsafement",,"uvaruwaret"
"1051332","vouchsafements",,"uvaruwari"
"1051333","vouchsafer",,"coqinae"
"1051334","vouchsafes",,"averawi"
"1051335","vouchsafest",,"ceqonusiet"
"1051336","vouchsafeth",,"averawerun"
"1051337","vouchsafing",,"ceqonusiat"
"1051338","vouchsafings",,"ceqonusie"
"1051339","voudon",,"ovisane"
"1051340","voudons",,"ovisuen"
"1051341","voudou",,"caqoin"
"1051342","voudoued",,"ovisudo"
"1051343","voudouing",,"ovisuduna"
"1051344","voudoun",,"evosiata"
"1051345","voudouns",,"evoside"
"1051346","voudous",,"caqofa"
"1051347","vouga",,"avelua"
"1051348","vouge",,"ivulei"
"1051349","vougeot",,"ceqave"
"1051350","vougeots",,"ceqavain"
"1051351","vouges",,"ivulun"
"1051352","vought",,"uvalia"
"1051353","voughts",,"uvaluate"
"1051354","vouk",,"ovistu"
"1051355","voul",,"ciqoe"
"1051356","voula",,"cuqin"
"1051357","vould",,"evotit"
"1051358","voulge",,"ciqou"
"1051359","voulges",,"ciqomot"
"1051360","voulgier",,"ovitesan"
"1051361","vouli",,"ciqor"
"1051362","voulis",,"ciqoin"
"1051363","voulon",,"evotatu"
"1051364","voulu",,"coqeb"
"1051365","vourukas",,"cuqubuun"
"1051366","vous",,"ivuclo"
"1051367","voused",,"ciquat"
"1051368","vouses",,"ovicot"
"1051369","vousing",,"ciquro"
"1051370","voussior",,"coqiqaat"
"1051371","voussoir",,"coqiqeat"
"1051372","voussoired",,"uvacahu"
"1051373","voussoiring",,"uvacahobon"
"1051374","voussoirs",,"coqiqee"
"1051375","voussure",,"ciquqiot"
"1051376","voussures",,"ciquqio"
"1051377","voust",,"cuqaw"
"1051378","vouster",,"ovicuo"
"1051379","vousty",,"ceqoan"
"1051380","vousvoie",,"cuqadiun"
"1051381","vousvoied",,"ovicehi"
"1051382","vousvoies",,"cuqadiu"
"1051383","vousvoyer",,"avecuhen"
"1051384","vousvoyered",,"caqedunoi"
"1051385","vousvoyering",,"caqedunoot"
"1051386","vousvoyers",,"avecuhon"
"1051387","vousvoying",,"uvaciha"
"1051388","voutsafe",,"uvaqaran"
"1051389","voutsafed",,"caqoqeet"
"1051390","voutsafes",,"uvaqarun"
"1051391","voutsafing",,"caqoqeu"
"1051392","vouvary",,"avebuin"
"1051393","vouvoie",,"cuqifan"
"1051394","vouvoy",,"coqeo"
"1051395","vouvoyed",,"uvabemon"
"1051396","vouvoyer",,"aveboma"
"1051397","vouvoyered",,"caqufuet"
"1051398","vouvoyering",,"caqufupuu"
"1051399","vouvoyers",,"avebomen"
"1051400","vouvoying",,"uvabemin"
"1051401","vouvoys",,"coqefet"
"1051402","vouvray",,"avebain"
"1051403","vouvrays",,"avebara"
"1051404","vovchansk",,"cowiniun"
"1051405","vovin",,"avonera"
"1051406","vovinam",,"uvenaan"
"1051407","vovk",,"ciwee"
"1051408","vow",,"ovadi"
"1051409","vowchurch",,"cubanuu"
"1051410","vowe",,"evutsa"
"1051411","vowed",,"cobat"
"1051412","vowedst",,"avitoua"
"1051413","vowel",,"cebuv"
"1051414","voweled",,"ivetoat"
"1051415","vowelhood",,"cabivoi"
"1051416","voweling",,"ivetoso"
"1051417","vowelisation",,"cebuvubuat"
"1051418","vowelisations",,"cebuvubue"
"1051419","vowelise",,"cabivien"
"1051420","vowelised",,"ivetosota"
"1051421","vowelises",,"cabivion"
"1051422","vowelish",,"avituseta"
"1051423","vowelising",,"ivetosana"
"1051424","vowelism",,"cubovoe"
"1051425","vowelist",,"uvotisat"
"1051426","vowelization",,"evutaseti"
"1051427","vowelizations",,"evutasetat"
"1051428","vowelize",,"avitusa"
"1051429","vowelized",,"cebuvuu"
"1051430","vowelizes",,"avitusena"
"1051431","vowelizing",,"cebuvuon"
"1051432","vowell",,"ivetunn"
"1051433","vowelled",,"cibevuin"
"1051434","vowelless",,"ovatezi"
"1051435","vowellessness",,"cabivepain"
"1051436","vowellike",,"evutazota"
"1051437","vowelling",,"cibevui"
"1051438","vowelly",,"avituot"
"1051439","vowels",,"cebuan"
"1051440","vowely",,"cibeun"
"1051441","vower",,"cibec"
"1051442","vowers",,"cibeuna"
"1051443","vowess",,"evutoni"
"1051444","vowesses",,"avitewot"
"1051445","vowest",,"cobaa"
"1051446","voweth",,"evutis"
"1051447","vowinckel",,"evunotot"
"1051448","vowinckels",,"evunoto"
"1051449","vowing",,"cobion"
"1051450","vowles",,"cebaan"
"1051451","vowless",,"cebavun"
"1051452","vowlessness",,"evutuwujo"
"1051453","vowmaker",,"cebeneu"
"1051454","vowmaking",,"cabanaun"
"1051455","vows",,"ovacle"
"1051456","vowson",,"cibuua"
"1051457","vox",,"cid"
"1051458","voxel",,"uvitio"
"1051459","voxelate",,"cadivea"
"1051460","voxelated",,"ivotoru"
"1051461","voxelates",,"cadiveen"
"1051462","voxelating",,"ivotoron"
"1051463","voxelation",,"uvitirine"
"1051464","voxelisation",,"uvitisotet"
"1051465","voxelise",,"ivotosina"
"1051466","voxelised",,"cudovoun"
"1051467","voxelization",,"codavarao"
"1051468","voxelize",,"ceduvue"
"1051469","voxelized",,"uvitisana"
"1051470","voxelizes",,"ceduvuin"
"1051471","voxelizing",,"uvitisaa"
"1051472","voxelotor",,"ivotoho"
"1051473","voxels",,"uvitene"
"1051474","voxelscape",,"codavaan"
"1051475","voxelsize",,"ceduvuina"
"1051476","voxelwise",,"evataku"
"1051477","voxforge",,"codafuat"
"1051478","voxie",,"codiv"
"1051479","voxilaprevir",,"evanarebi"
"1051480","voxmap",,"ovevaa"
"1051481","voxpop",,"cideu"
"1051482","voxs",,"cidue"
"1051483","voyage",,"ovomotn"
"1051484","voyageable",,"evemazu"
"1051485","voyaged",,"cigome"
"1051486","voyagedst",,"evemazea"
"1051487","voyager",,"cugimi"
"1051488","voyagers",,"cugimuat"
"1051489","voyages",,"ovomeoa"
"1051490","voyagest",,"cigomiot"
"1051491","voyageth",,"ovomezon"
"1051492","voyageur",,"cigomiota"
"1051493","voyageurs",,"cigomio"
"1051494","voyaging",,"cigomeet"
"1051495","voyagings",,"cigomei"
"1051496","voyah",,"cugin"
"1051497","voyance",,"cagupin"
"1051498","voyce",,"avarii"
"1051499","voyced",,"cegoet"
"1051500","voycing",,"cegoru"
"1051501","voyd",,"cogu"
"1051502","voyde",,"cegiv"
"1051503","voyded",,"uvusote"
"1051504","voyder",,"avasun"
"1051505","voyding",,"uvusaane"
"1051506","voyds",,"coguq"
"1051507","voyeur",,"cegui"
"1051508","voyeuress",,"cagiboen"
"1051509","voyeurism",,"cugobeu"
"1051510","voyeurisms",,"cugobeot"
"1051511","voyeurist",,"uvutoqun"
"1051512","voyeuristic",,"uvutoqodot"
"1051513","voyeuristical",,"cagibotaot"
"1051514","voyeuristically",,"uvutoqodat"
"1051515","voyeurs",,"cegubat"
"1051516","voyeuse",,"iviteat"
"1051517","voyeuses",,"ivitewe"
"1051518","voyevoda",,"evetahan"
"1051519","voyevode",,"uvutihet"
"1051520","voyle",,"caguv"
"1051521","voyles",,"caguina"
"1051522","voynichese",,"ovozitat"
"1051523","voynichmanuscript",,"evezotihet"
"1051524","voyol",,"cigav"
"1051525","voyseyan",,"cogiveet"
"1051526","voyt",,"cogua"
"1051527","voyts",,"coguqa"
"1051528","voyvod",,"evebon"
"1051529","voyvoda",,"ovobua"
"1051530","voyvode",,"avabou"
"1051531","voyvodina",,"cegafaot"
"1051532","voyvodship",,"ivibavon"
"1051533","vozel",,"ivutone"
"1051534","vozhd",,"cokot"
"1051535","vozhds",,"cokoo"
"1051536","vozhminite",,"avemasuna"
"1051537","voznesenivka",,"ovizawojin"
"1051538","voznesensk",,"cukavoin"
"1051539","vpaf",,"eziku"
"1051540","vpaktos",,"azosoa"
"1051541","vpasspt",,"ciliqet"
"1051542","vpassvm",,"ezicoat"
"1051543","vpbpmdndib",,"cimazeun"
"1051544","vpbpnodviv",,"cumepoon"
"1051545","vpbpnoti",,"comupaot"
"1051546","vpbpnovg",,"comupaota"
"1051547","vpbpnoviv",,"ozafihat"
"1051548","vpbpnozm",,"comupain"
"1051549","vpfc",,"azero"
"1051550","vpgijtz",,"azonoen"
"1051551","vphd",,"celoe"
"1051552","vpip",,"azufe"
"1051553","vpirna",,"camuia"
"1051554","vpisu",,"camab"
"1051555","vplion",,"cusuota"
"1051556","vpna",,"ozemna"
"1051557","vpon",,"izizt"
"1051558","vpop",,"ozoft"
"1051559","vpotus",,"uzuqet"
"1051560","vppa",,"ezomna"
"1051561","vppon",,"copip"
"1051562","vpright",,"azinuet"
"1051563","vpsingha",,"cejepean"
"1051564","vpso",,"cijun"
"1051565","vpvbs",,"cawuqa"
"1051566","vrabec",,"ifanoni"
"1051567","vrabel",,"celiat"
"1051568","vrablik",,"celivot"
"1051569","vrachasi",,"aforaro"
"1051570","vrack",,"colat"
"1051571","vraconian",,"celufeen"
"1051572","vraic",,"ciles"
"1051573","vraick",,"colaona"
"1051574","vraicker",,"ofunivet"
"1051575","vraickers",,"ofunivia"
"1051576","vraicking",,"efinovo"
"1051577","vraickings",,"efinovet"
"1051578","vraicqueur",,"ofunican"
"1051579","vraics",,"cilein"
"1051580","vraisemblance",,"ofunizuvin"
"1051581","vraisemblances",,"ofunizuva"
"1051582","vraka",,"cilin"
"1051583","vram",,"celii"
"1051584","vramin",,"ufevona"
"1051585","vran",,"efizta"
"1051586","vrana",,"ofuzei"
"1051587","vrancea",,"efizoon"
"1051588","vranch",,"celue"
"1051589","vranesevich",,"ifazewilet"
"1051590","vrangelya",,"colamue"
"1051591","vranyo",,"afozui"
"1051592","vrastogi",,"eficihin"
"1051593","vrat",,"ifaqnu"
"1051594","vrata",,"ufeqii"
"1051595","vrati",,"ifaqui"
"1051596","vratsa",,"ufeqo"
"1051597","vrba",,"ufomta"
"1051598","vrbaite",,"comiron"
"1051599","vrbanja",,"ofamio"
"1051600","vrbas",,"ufomau"
"1051601","vrbje",,"cemav"
"1051602","vrbl",,"cemo"
"1051603","vrbovec",,"comedet"
"1051604","vrbovsko",,"cumiduin"
"1051605","vrcn",,"afuzni"
"1051606","vrddhi",,"ofosa"
"1051607","vrddhied",,"carunaet"
"1051608","vrechain",,"casinii"
"1051609","vredenburg",,"cisovion"
"1051610","vredenburgh",,"ufasofekin"
"1051611","vredenburghs",,"ufasofeka"
"1051612","vredenburgite",,"ofisafukin"
"1051613","vreeland",,"ofitero"
"1051614","vreelands",,"ofiteret"
"1051615","vregbody",,"cesoroin"
"1051616","vregmain",,"ufalurun"
"1051617","vregsubj",,"cesoqia"
"1051618","vregsum",,"cusaqe"
"1051619","vrek",,"casao"
"1051620","vrelpt",,"efotiu"
"1051621","vrelswu",,"ofitioa"
"1051622","vrelu",,"ufatoe"
"1051623","vrelvm",,"cesoe"
"1051624","vreneli",,"cesuvina"
"1051625","vres",,"cesuu"
"1051626","vress",,"cesuqi"
"1051627","vreux",,"ifuwua"
"1051628","vrgorac",,"ofupoen"
"1051629","vrhovine",,"afipuset"
"1051630","vricht",,"comaia"
"1051631","vriddhi",,"ofesuet"
"1051632","vries",,"cemeqa"
"1051633","vriesea",,"cemeqe"
"1051634","vriesia",,"comoqan"
"1051635","vriesian",,"afutesen"
"1051636","vrij",,"ofer"
"1051637","vrikshasan",,"cemeqaan"
"1051638","vril",,"efatni"
"1051639","vrille",,"cimuaa"
"1051640","vrilled",,"ifotou"
"1051641","vrilles",,"cimuven"
"1051642","vrilling",,"ifotoson"
"1051643","vrils",,"efatou"
"1051644","vrindaban",,"cumotoin"
"1051645","vrindavan",,"comatae"
"1051646","vrio",,"cumie"
"1051647","vrion",,"ofepiu"
"1051648","vripos",,"efafata"
"1051649","vriscourse",,"ifocuhen"
"1051650","vriskourse",,"ofecahe"
"1051651","vrit",,"ofeqni"
"1051652","vrita",,"ifoqoe"
"1051653","vritas",,"ifoqun"
"1051654","vritra",,"cimoot"
"1051655","vrla",,"ofumno"
"1051656","vrlika",,"efinat"
"1051657","vrmartin",,"ufomubun"
"1051658","vrml",,"ufotno"
"1051659","vrna",,"efamnu"
"1051660","vrobel",,"cozuet"
"1051661","vrocht",,"cuzoat"
"1051662","vrock",,"cizet"
"1051663","vroliks",,"ofotiia"
"1051664","vrom",,"cozua"
"1051665","vroman",,"efevan"
"1051666","vromindoline",,"cezirezuin"
"1051667","vrona",,"ifizoi"
"1051668","vroom",,"cuziz"
"1051669","vrooman",,"ifipiin"
"1051670","vroomed",,"ifipie"
"1051671","vrooming",,"ifipiset"
"1051672","vrooms",,"cuziun"
"1051673","vros",,"cuzoe"
"1051674","vrot",,"ufuqnu"
"1051675","vrother",,"ufuqui"
"1051676","vrou",,"cizie"
"1051677","vrous",,"ciziqa"
"1051678","vrouw",,"cezeg"
"1051679","vrouwen",,"ifiwie"
"1051680","vrouws",,"cezee"
"1051681","vrow",,"cozue"
"1051682","vrows",,"cozuqa"
"1051683","vrpn",,"cepu"
"1051684","vrpolje",,"ifupoin"
"1051685","vrrr",,"cihane"
"1051686","vrsa",,"cijut"
"1051687","vrsar",,"ufimui"
"1051688","vrtra",,"cicane"
"1051689","vrtx",,"cucou"
"1051690","vrubel",,"cuqei"
"1051691","vrulja",,"caqeen"
"1051692","vruljas",,"caqeson"
"1051693","vrutok",,"ofiqoa"
"1051694","vryburg",,"cagobet"
"1051695","vrykolaka",,"afasozon"
"1051696","vrykolakas",,"afasozan"
"1051697","vrystater",,"ufuceran"
"1051698","vsam",,"ehivn"
"1051699","vsan",,"celio"
"1051700","vsat",,"cilen"
"1051701","vsby",,"camii"
"1051702","vschunk",,"ihomein"
"1051703","vsco",,"uhipu"
"1051704","vscode",,"cineo"
"1051705","vsdjhvodnvodji",,"curonejeet"
"1051706","vsdjhvodnvodjin",,"eheregapot"
"1051707","vsdjhvodudib",,"cerunijiot"
"1051708","vsdjhvoduzy",,"uhurugipin"
"1051709","vsdjhvodxvggt",,"uhurugipi"
"1051710","vsed",,"cesun"
"1051711","vsekhsvy",,"ehosewe"
"1051712","vsepr",,"ihufi"
"1051713","vsevolod",,"cosofuot"
"1051714","vsexpand",,"ihugere"
"1051715","vsic",,"oherno"
"1051716","vsinstal",,"cumequon"
"1051717","vsirna",,"ehajan"
"1051718","vsiv",,"cemei"
"1051719","vslock",,"cosau"
"1051720","vsop",,"cezae"
"1051721","vspan",,"ohimia"
"1051722","vsrg",,"cuhuna"
"1051723","vssp",,"cujie"
"1051724","vssrank",,"ahujuaa"
"1051725","vsss",,"ohecnu"
"1051726","vsswap",,"cijuet"
"1051727","vstb",,"ohona"
"1051728","vsterbottensost",,"cecacujion"
"1051729","vsterbottensosts",,"cecacujian"
"1051730","vstgtaost",,"cacawoa"
"1051731","vstgtaosts",,"cacawoen"
"1051732","vstodb",,"cucoua"
"1051733","vstol",,"ohopea"
"1051734","vsunlock",,"ihuzoha"
"1051735","vswir",,"cebic"
"1051736","vswr",,"ceboa"
"1051737","vsxalloc",,"cadavou"
"1051738","vsxfree",,"caducat"
"1051739","vsync",,"cogus"
"1051740","vtable",,"coloot"
"1051741","vtam",,"coloi"
"1051742","vtan",,"ajozna"
"1051743","vtani",,"ajozea"
"1051744","vtarj",,"culus"
"1051745","vtav",,"ejiba"
"1051746","vtbl",,"comee"
"1051747","vtcs",,"cinuo"
"1051748","vted",,"ajeso"
"1051749","vtehsta",,"cisiqu"
"1051750","vtern",,"casap"
"1051751","vterns",,"casain"
"1051752","vtes",,"cosii"
"1051753","vtesse",,"cesoon"
"1051754","vtesses",,"cesoqan"
"1051755","vtest",,"ajecoa"
"1051756","vteve",,"ijube"
"1051757","vthl",,"colee"
"1051758","vtia",,"cumii"
"1051759","vtian",,"ajumee"
"1051760","vtiavn",,"camuot"
"1051761","vtid",,"ejasu"
"1051762","vtih",,"ojeme"
"1051763","vtiha",,"ijomoi"
"1051764","vtin",,"ujizna"
"1051765","vtina",,"ajuzuu"
"1051766","vting",,"ajuzun"
"1051767","vtinv",,"cumad"
"1051768","vtinva",,"cameot"
"1051769","vtiv",,"ajub"
"1051770","vtivan",,"camuota"
"1051771","vtlm",,"ijava"
"1051772","vtms",,"cetoa"
"1051773","vtna",,"ajums"
"1051774","vtnav",,"cavud"
"1051775","vtnet",,"cuvow"
"1051776","vtni",,"ujino"
"1051777","vtnia",,"ajunua"
"1051778","vtnv",,"cuvis"
"1051779","vtoc",,"cazea"
"1051780","vtod",,"ijiss"
"1051781","vtol",,"ojotna"
"1051782","vtolport",,"cozeheat"
"1051783","vtols",,"ojotii"
"1051784","vtopte",,"caziin"
"1051785","vtopus",,"ujufet"
"1051786","vtosl",,"ojocea"
"1051787","vtserf",,"cujoon"
"1051788","vtuber",,"coqoot"
"1051789","vtubing",,"ceqeru"
"1051790","vtunix",,"coqien"
"1051791","vtvl",,"cawue"
"1051792","vtvm",,"ijave"
"1051793","vuagnatite",,"colapoo"
"1051794","vuca",,"ocemto"
"1051795","vuck",,"acusne"
"1051796","vuckeel",,"cuneve"
"1051797","vucom",,"ecapee"
"1051798","vucoms",,"ecapia"
"1051799","vudatha",,"cariwon"
"1051800","vude",,"corus"
"1051801","vudimir",,"ucunuan"
"1051802","vudine",,"oconote"
"1051803","vuelta",,"ucatoo"
"1051804","vueltas",,"ucateeta"
"1051805","vuerometer",,"cesafoon"
"1051806","vug",,"ocule"
"1051807","vugg",,"icalt"
"1051808","vuggier",,"cakirun"
"1051809","vuggiest",,"cukorien"
"1051810","vugginess",,"cokaruen"
"1051811","vuggs",,"icalui"
"1051812","vuggy",,"acoloe"
"1051813","vugh",,"cakua"
"1051814","vughier",,"ocumion"
"1051815","vughiest",,"ecimozin"
"1051816","vughs",,"cakuq"
"1051817","vught",,"ocumuu"
"1051818","vughy",,"cokel"
"1051819","vugly",,"cakil"
"1051820","vugs",,"ocucre"
"1051821","vugular",,"eciwaun"
"1051822","vuhledar",,"acitiva"
"1051823","vuhlehirsk",,"ucotoro"
"1051824","vuia",,"ocemtu"
"1051825","vuilgoed",,"ecatahu"
"1051826","vuillard",,"ucitirat"
"1051827","vuillardian",,"camivawaen"
"1051828","vuillards",,"ucitire"
"1051829","vuit",,"cimuo"
"1051830","vuitton",,"comiwu"
"1051831","vuittons",,"comiwaot"
"1051832","vuji",,"cini"
"1051833","vujicic",,"cinison"
"1051834","vujicsics",,"cinisaun"
"1051835","vuka",,"ecomre"
"1051836","vukac",,"ecomou"
"1051837","vukadin",,"icumau"
"1051838","vukmir",,"cerao"
"1051839","vukomir",,"ciruzan"
"1051840","vukoslav",,"acepezen"
"1051841","vukovar",,"ocipeen"
"1051842","vukovarsko",,"icuporon"
"1051843","vukovi",,"ciruet"
"1051844","vukovian",,"ucapisun"
"1051845","vukovic",,"cirudon"
"1051846","vuladdore",,"ecimivun"
"1051847","vulc",,"coson"
"1051848","vulcan",,"icarat"
"1051849","vulcana",,"ucerieta"
"1051850","vulcanalia",,"cesenian"
"1051851","vulcanalial",,"ocurefifu"
"1051852","vulcanalials",,"ocurefifot"
"1051853","vulcanalian",,"ecirafofen"
"1051854","vulcanalians",,"ecirafofon"
"1051855","vulcanalias",,"cesenisiun"
"1051856","vulcanian",,"cusuneen"
"1051857","vulcanic",,"icarofin"
"1051858","vulcanicities",,"cusunetiu"
"1051859","vulcanicity",,"cosonuteet"
"1051860","vulcanics",,"icarofa"
"1051861","vulcanisable",,"ocurefadu"
"1051862","vulcanisabler",,"casanotuet"
"1051863","vulcanisables",,"ocurefadot"
"1051864","vulcanisablest",,"cusunetiua"
"1051865","vulcanisate",,"casanotuot"
"1051866","vulcanisates",,"casanotuo"
"1051867","vulcanisation",,"icarofedu"
"1051868","vulcanisations",,"icarofedot"
"1051869","vulcanise",,"ocurefi"
"1051870","vulcanised",,"cusuneena"
"1051871","vulcaniser",,"casanoin"
"1051872","vulcanisers",,"casanotua"
"1051873","vulcanises",,"ocurefat"
"1051874","vulcanising",,"cusunetie"
"1051875","vulcanism",,"ecirafot"
"1051876","vulcanisms",,"ecirafo"
"1051877","vulcanist",,"casanou"
"1051878","vulcanists",,"casanoota"
"1051879","vulcanite",,"cusuneo"
"1051880","vulcanites",,"cusuneet"
"1051881","vulcanizable",,"cesenitoun"
"1051882","vulcanizabler",,"ucerifoso"
"1051883","vulcanizables",,"cesenitou"
"1051884","vulcanizablest",,"icarofesun"
"1051885","vulcanizate",,"ucerifosu"
"1051886","vulcanizates",,"ucerifosot"
"1051887","vulcanization",,"cosonutiun"
"1051888","vulcanizations",,"cosonutiua"
"1051889","vulcanize",,"ceseniet"
"1051890","vulcanized",,"icarofaa"
"1051891","vulcanizer",,"ucerifea"
"1051892","vulcanizers",,"ucerifosin"
"1051893","vulcanizes",,"cesenii"
"1051894","vulcanizing",,"icarofesat"
"1051895","vulcano",,"acoruot"
"1051896","vulcanodon",,"ucerifua"
"1051897","vulcanodontid",,"icarofopun"
"1051898","vulcanoid",,"cosonuot"
"1051899","vulcanologic",,"cusunejeu"
"1051900","vulcanological",,"ecirafafu"
"1051901","vulcanologies",,"cisinajaon"
"1051902","vulcanologist",,"ecirafafe"
"1051903","vulcanologists",,"ecirafafin"
"1051904","vulcanology",,"cesenijiu"
"1051905","vulcanotherapy",,"ucerifigon"
"1051906","vulcans",,"icaroe"
"1051907","vulcanus",,"ocurefet"
"1051908","vulg",,"cisen"
"1051909","vulgar",,"oculoe"
"1051910","vulgare",,"ecilaat"
"1051911","vulgarer",,"cusonaa"
"1051912","vulgarest",,"cisenuat"
"1051913","vulgarian",,"cisenue"
"1051914","vulgarians",,"cisenuin"
"1051915","vulgarily",,"casineot"
"1051916","vulgaris",,"oculeqan"
"1051917","vulgarisation",,"oculeqadon"
"1051918","vulgarisations",,"oculeqadan"
"1051919","vulgarise",,"ecilaqot"
"1051920","vulgarised",,"cisenuea"
"1051921","vulgariser",,"cusonai"
"1051922","vulgarisers",,"cusonatiat"
"1051923","vulgarises",,"ecilaqo"
"1051924","vulgarish",,"casinea"
"1051925","vulgarising",,"cisenutoet"
"1051926","vulgarism",,"acoluqan"
"1051927","vulgarisms",,"acoluqun"
"1051928","vulgarist",,"cusonaon"
"1051929","vulgariter",,"ecilaqoa"
"1051930","vulgarities",,"cisenutia"
"1051931","vulgarity",,"cesunoan"
"1051932","vulgarization",,"cesunotoen"
"1051933","vulgarizations",,"cesunotoon"
"1051934","vulgarize",,"casineu"
"1051935","vulgarized",,"oculeqat"
"1051936","vulgarizer",,"icaloqet"
"1051937","vulgarizers",,"icaloqesi"
"1051938","vulgarizes",,"casineota"
"1051939","vulgarizing",,"oculeqaso"
"1051940","vulgarlier",,"acoluqat"
"1051941","vulgarliest",,"uceliqavo"
"1051942","vulgarlike",,"cesunoe"
"1051943","vulgarly",,"casinee"
"1051944","vulgarness",,"cesunoat"
"1051945","vulgarnesses",,"casineheen"
"1051946","vulgarnesss",,"cesunohoe"
"1051947","vulgars",,"oculeet"
"1051948","vulgarwise",,"uceliqin"
"1051949","vulgata",,"oculeen"
"1051950","vulgate",,"acoluot"
"1051951","vulgated",,"cosanae"
"1051952","vulgates",,"acolubo"
"1051953","vulgation",,"ciseneu"
"1051954","vulgaxanthin",,"acolulejot"
"1051955","vulgivagus",,"acolegun"
"1051956","vulgo",,"casif"
"1051957","vulgus",,"cosauna"
"1051958","vulguses",,"cesubiet"
"1051959","vulkano",,"ucesian"
"1051960","vullo",,"acotou"
"1051961","vuln",,"ocuzni"
"1051962","vulnary",,"cisinet"
"1051963","vulned",,"cisia"
"1051964","vulnerab",,"icazequ"
"1051965","vulnerabilities",,"acoziqevet"
"1051966","vulnerability",,"icazequve"
"1051967","vulnerable",,"cisivuat"
"1051968","vulnerableness",,"ocuzaqiva"
"1051969","vulnerablenesses",,"ecizuqovun"
"1051970","vulnerably",,"cesevoi"
"1051971","vulneral",,"ecizuqe"
"1051972","vulnerant",,"cosoviot"
"1051973","vulneraria",,"ucezoqu"
"1051974","vulneraries",,"ocuzaqibe"
"1051975","vulnerary",,"acoziqen"
"1051976","vulnerate",,"ecizuqea"
"1051977","vulnerated",,"cisivuan"
"1051978","vulnerates",,"ecizuqin"
"1051979","vulnerating",,"cisivusia"
"1051980","vulneration",,"cusuvasuat"
"1051981","vulnerations",,"cusuvasue"
"1051982","vulnerative",,"cosovisoen"
"1051983","vulnero",,"cesevoa"
"1051984","vulnerose",,"casavee"
"1051985","vulnibactin",,"cisirusoot"
"1051986","vulnific",,"ceseraan"
"1051987","vulnifical",,"icazuman"
"1051988","vulning",,"cisirat"
"1051989","vulnology",,"casafaa"
"1051990","vulnose",,"icazau"
"1051991","vulns",,"ocuzio"
"1051992","vulnurable",,"cisibuun"
"1051993","vulnus",,"ecizan"
"1051994","vulose",,"cisuoa"
"1051995","vulpanser",,"ucefifun"
"1051996","vulpe",,"acofi"
"1051997","vulpecidal",,"ucefote"
"1051998","vulpecide",,"cesivien"
"1051999","vulpecula",,"cesiviet"
"1052000","vulpeculae",,"casovoe"
"1052001","vulpeculaes",,"casovogoin"
"1052002","vulpecular",,"ucefotea"
"1052003","vulpeculid",,"ocufatat"
"1052004","vulpeculids",,"ocufatofe"
"1052005","vulpeni",,"casovat"
"1052006","vulpes",,"acofua"
"1052007","vulpeses",,"ucefowi"
"1052008","vulpess",,"acofiot"
"1052009","vulpesses",,"ucefowat"
"1052010","vulpian",,"cosuru"
"1052011","vulpic",,"ecifan"
"1052012","vulpicidal",,"acofetan"
"1052013","vulpicide",,"cosuruot"
"1052014","vulpicides",,"cosuruo"
"1052015","vulpicidism",,"cesiritein"
"1052016","vulpid",,"cisaen"
"1052017","vulpiform",,"icafumi"
"1052018","vulpinae",,"cesiriet"
"1052019","vulpinaes",,"cesirii"
"1052020","vulpinary",,"ocufifat"
"1052021","vulpine",,"casorat"
"1052022","vulpinely",,"icafufen"
"1052023","vulpiner",,"icafufa"
"1052024","vulpinest",,"ocufifata"
"1052025","vulpinic",,"cesiriia"
"1052026","vulpinism",,"cuserean"
"1052027","vulpinisms",,"cusereun"
"1052028","vulpinist",,"icafufona"
"1052029","vulpinite",,"ocufifuna"
"1052030","vulpinites",,"ocufifu"
"1052031","vulpinous",,"cosuruen"
"1052032","vulpinus",,"casorou"
"1052033","vulscombe",,"ucecahat"
"1052034","vulsella",,"cusuvua"
"1052035","vulsellae",,"cisivian"
"1052036","vulsellum",,"casavain"
"1052037","vulsinite",,"cisirae"
"1052038","vulsinites",,"cisirain"
"1052039","vult",,"uceqta"
"1052040","vultaggio",,"uceqinot"
"1052041","vulticulus",,"cisurau"
"1052042","vultr",,"cosic"
"1052043","vultuosus",,"uceqohe"
"1052044","vultur",,"cesoota"
"1052045","vulture",,"casebi"
"1052046","vulturebird",,"icaqeqivet"
"1052047","vultured",,"ocuqaqen"
"1052048","vulturel",,"eciquqe"
"1052049","vulturelike",,"uceqoqufa"
"1052050","vultureling",,"cosibipuan"
"1052051","vultureni",,"acoqiqon"
"1052052","vultures",,"casebeat"
"1052053","vulturewise",,"cosibipaen"
"1052054","vulturidae",,"icaqeqoa"
"1052055","vulturidaes",,"icaqeqepet"
"1052056","vulturinae",,"eciquqa"
"1052057","vulturinaes",,"eciququjen"
"1052058","vulturine",,"acoqiqona"
"1052059","vulturing",,"ocuqaqe"
"1052060","vulturish",,"uceqoqin"
"1052061","vulturism",,"cusabaon"
"1052062","vulturisms",,"cusabaan"
"1052063","vulturn",,"eciquun"
"1052064","vulturns",,"eciququ"
"1052065","vulturous",,"cosibia"
"1052066","vulturs",,"cesobo"
"1052067","vulturu",,"caseban"
"1052068","vultus",,"icaqun"
"1052069","vulund",,"cisao"
"1052070","vulunds",,"cisapet"
"1052071","vulva",,"ucebia"
"1052072","vulvae",,"icaban"
"1052073","vulvaed",,"casinet"
"1052074","vulval",,"casion"
"1052075","vulvaler",,"ocubezet"
"1052076","vulvaless",,"cusonuo"
"1052077","vulvalest",,"ecibazu"
"1052078","vulvalike",,"ciseniun"
"1052079","vulvaller",,"ciseniat"
"1052080","vulvallest",,"cosanoo"
"1052081","vulvar",,"cosaan"
"1052082","vulvarer",,"ucebiqi"
"1052083","vulvarest",,"icaboqot"
"1052084","vulvaria",,"cisenui"
"1052085","vulvarrer",,"cosaniin"
"1052086","vulvarrest",,"cesunoi"
"1052087","vulvas",,"uceben"
"1052088","vulvate",,"casinon"
"1052089","vulvectomies",,"cisevadiot"
"1052090","vulvectomy",,"cesuvii"
"1052091","vulvectomyes",,"casivodaa"
"1052092","vulvectomys",,"cesuvideat"
"1052093","vulvic",,"icabun"
"1052094","vulviform",,"acobemat"
"1052095","vulvismus",,"acobewi"
"1052096","vulvitis",,"casiriu"
"1052097","vulvitises",,"cusoroi"
"1052098","vulvo",,"acoboa"
"1052099","vulvocrural",,"cosafuwiet"
"1052100","vulvodynia",,"acobovi"
"1052101","vulvoplasty",,"casifupoo"
"1052102","vulvouterine",,"cosafedii"
"1052103","vulvovaginal",,"casifasoi"
"1052104","vulvovaginitides",,"ecibigoso"
"1052105","vulvovaginitis",,"casifasoin"
"1052106","vulvovaginitiss",,"casifasoa"
"1052107","vulvular",,"ocubazon"
"1052108","vum",,"ucoo"
"1052109","vummed",,"citoa"
"1052110","vumming",,"citorat"
"1052111","vums",,"ucocro"
"1052112","vuna",,"covat"
"1052113","vundtia",,"cevowa"
"1052114","vunerable",,"ocetoret"
"1052115","vunjo",,"acuroe"
"1052116","vuokho",,"cozuea"
"1052117","vuoksi",,"ocosena"
"1052118","vuong",,"cuzum"
"1052119","vuonnemite",,"cezepaat"
"1052120","vuorelainenite",,"cozevosee"
"1052121","vurld",,"cohat"
"1052122","vurnon",,"cehea"
"1052123","vurp",,"iceft"
"1052124","vurped",,"cuheat"
"1052125","vurping",,"cuhero"
"1052126","vurps",,"icefua"
"1052127","vurry",,"ucojeu"
"1052128","vurtoxin",,"iceqala"
"1052129","vusa",,"ocemra"
"1052130","vushka",,"cujiu"
"1052131","vusize",,"cujuun"
"1052132","vutad",,"ecemiu"
"1052133","vuteen",,"eceteta"
"1052134","vuthy",,"icimai"
"1052135","vutrax",,"cocei"
"1052136","vutrisiran",,"acajewat"
"1052137","vuttier",,"cocirun"
"1052138","vuttiest",,"cecoraen"
"1052139","vutty",,"ocoquo"
"1052140","vutukuri",,"iciweda"
"1052141","vuvuzela",,"cewimaa"
"1052142","vuvuzelas",,"cewimaen"
"1052143","vuvuzelist",,"ocuwazat"
"1052144","vuzeer",,"ecotenn"
"1052145","vuzz",,"ucalt"
"1052146","vvan",,"uqezn"
"1052147","vvattach",,"oququren"
"1052148","vvdriver",,"corareo"
"1052149","vvedenskii",,"cisivuo"
"1052150","vvelzer",,"uqatoen"
"1052151","vver",,"aqejo"
"1052152","vvgzi",,"iqalu"
"1052153","vvidenti",,"eqasufe"
"1052154","vvin",,"iqozi"
"1052155","vvinfo",,"camuote"
"1052156","vvinit",,"cemaan"
"1052157","vvint",,"cemawa"
"1052158","vvioctl",,"cumuson"
"1052159","vvip",,"oqef"
"1052160","vvll",,"cesit"
"1052161","vvlls",,"cesiqi"
"1052162","vvmji",,"iqeru"
"1052163","vvmyqvmf",,"citijoot"
"1052164","vvmyrjga",,"cetecie"
"1052165","vvna",,"uqimi"
"1052166","vvoia",,"cozen"
"1052167","vvoutput",,"eqewije"
"1052168","vvprobe",,"uqajeet"
"1052169","vvprt",,"oqijua"
"1052170","vvreset",,"cohiqin"
"1052171","vvrint",,"iqene"
"1052172","vvsetadd",,"uqiteren"
"1052173","vvsop",,"uqipo"
"1052174","vvss",,"cujii"
"1052175","vvstart",,"eqaqaan"
"1052176","vvstd",,"cijita"
"1052177","vvtina",,"coceot"
"1052178","vvvaithe",,"uqemaban"
"1052179","vvvv",,"cewie"
"1052180","vvvvv",,"eqiba"
"1052181","vvvvvv",,"ciwai"
"1052182","vvvvvvv",,"iqaboun"
"1052183","vvvvvvvv",,"cawoduin"
"1052184","vvwatchd",,"uqometon"
"1052185","vvwong",,"uqopon"
"1052186","vvxint",,"aqunin"
"1052187","vwap",,"coloo"
"1052188","vwoop",,"cazuh"
"1052189","vwooped",,"uwupoet"
"1052190","vwooping",,"uwuposu"
"1052191","vwoops",,"cazuen"
"1052192","vworp",,"uwujo"
"1052193","vwsi",,"awuna"
"1052194","vwviyji",,"awonoo"
"1052195","vwviyjivwdgdot",,"iwanatelin"
"1052196","vwviyjivwgz",,"uwenetolo"
"1052197","vwviyjiy",,"owunuti"
"1052198","vwviyjiz",,"cewuloo"
"1052199","vwviyjizy",,"ciwelui"
"1052200","vwvxf",,"cowal"
"1052201","vwvxj",,"cawis"
"1052202","vxer",,"ubaju"
"1052203","vxse",,"cujio"
"1052204","vyac",,"adora"
"1052205","vyachaslau",,"adoraret"
"1052206","vyachesl",,"idarizu"
"1052207","vyacheslav",,"culanue"
"1052208","vyacheslavite",,"edirezufet"
"1052209","vyakarana",,"adosuqo"
"1052210","vyalsovite",,"culiqiin"
"1052211","vyanjanabhakti",,"oduzuratet"
"1052212","vyantara",,"celowoun"
"1052213","vyapakatva",,"cilenio"
"1052214","vyaragav",,"odujenen"
"1052215","vyas",,"adocte"
"1052216","vyasa",,"edica"
"1052217","vyase",,"udecoo"
"1052218","vyatich",,"adoqeot"
"1052219","vyatichi",,"adoqeten"
"1052220","vyatichian",,"caloriat"
"1052221","vyatka",,"celiia"
"1052222","vyavaharika",,"cilonasoi"
"1052223","vyaz",,"cilet"
"1052224","vyazma",,"colaot"
"1052225","vyborg",,"idepun"
"1052226","vychegda",,"aduminot"
"1052227","vycor",,"cinac"
"1052228","vycors",,"cinaun"
"1052229","vydra",,"adaju"
"1052230","vyed",,"cusen"
"1052231","vyernyi",,"idujuea"
"1052232","vyernyis",,"idujumin"
"1052233","vyes",,"iducne"
"1052234","vygie",,"udenoa"
"1052235","vygotskian",,"udepewa"
"1052236","vygotskyan",,"edipiwo"
"1052237","vygour",,"cikau"
"1052238","vygozero",,"adopizo"
"1052239","vyimka",,"odevo"
"1052240","vying",,"cumam"
"1052241","vyingly",,"idozoot"
"1052242","vyings",,"cumaan"
"1052243","vyjayant",,"cenaloe"
"1052244","vyksa",,"udacia"
"1052245","vyky",,"adeki"
"1052246","vyle",,"ciset"
"1052247","vylkove",,"edisiat"
"1052248","vyllu",,"adotii"
"1052249","vymazalov",,"cetamoin"
"1052250","vynegre",,"edataan"
"1052251","vyner",,"edatea"
"1052252","vynnyky",,"odezuen"
"1052253","vynnytsia",,"civuloen"
"1052254","vynnytsya",,"caveluet"
"1052255","vynohradiv",,"cavonoat"
"1052256","vyolette",,"cizovoin"
"1052257","vyom",,"uduvu"
"1052258","vyomanaut",,"odovefi"
"1052259","vyomesh",,"cazavo"
"1052260","vyrene",,"adituna"
"1052261","vyrenes",,"aditeu"
"1052262","vyrka",,"cehune"
"1052263","vyrnwy",,"odazot"
"1052264","vyron",,"udopae"
"1052265","vyrros",,"odajaa"
"1052266","vyrypaevskii",,"cohuhipaa"
"1052267","vysar",,"cojec"
"1052268","vyse",,"idotno"
"1052269","vyshesla",,"idomewin"
"1052270","vyshhorod",,"udimuhu"
"1052271","vyshinsky",,"idomufet"
"1052272","vyshinskys",,"idomufi"
"1052273","vyshneve",,"cajapao"
"1052274","vyshnia",,"idomuin"
"1052275","vyshnivchyk",,"odemisizot"
"1052276","vyshyvanka",,"cajalean"
"1052277","vyska",,"udisi"
"1052278","vysokaya",,"udipori"
"1052279","vysoke",,"udipen"
"1052280","vysotskite",,"idopawet"
"1052281","vyssotsk",,"cejofain"
"1052282","vytasa",,"coceota"
"1052283","vytautas",,"udumobon"
"1052284","vytegra",,"adatuin"
"1052285","vytin",,"edenoi"
"1052286","vytkiv",,"edesan"
"1052287","vytok",,"cecit"
"1052288","vytorin",,"cacocen"
"1052289","vytshegdosuchus",,"uducuzapat"
"1052290","vyuntspakhkite",,"ceqowucuin"
"1052291","vyvyan",,"idakan"
"1052292","vyvyans",,"idakoun"
"1052293","vyzhnytsia",,"edomoma"
"1052294","vzryf",,"cahel"
"1052295","vzvar",,"cewuc"
,,,
"Language",,,
"Meaning is Universal. Language is Merely the surface.",,,
"? hzvidib dn pidqzmnvg gvibpvbz dn hzmzgt ocz npmavxz",,,
"? Erozeun ih Utuboqu. Navobuo ih Uretuna ih Ucakeata.",,,
,,,
"Same meaning. Three layers. Zero noise.",,,
"marsji.com",,,
