"Marsji Language — Canonical Lexical Lock",,,
"Version: 1.0",,,
"Locked: 16 May 2026 — 20:26 UTC",,,
"Total Entries: 1,087,070",,,
"Author: Gino Rouzee",,,
,,,
"ID","EN",,"MJ"
"1052296","w",,"ora"
"1052297","waaaf",,"qolul"
"1052298","waaambulance",,"qulezugaen"
"1052299","waaater",,"okimiua"
"1052300","waaay",,"akemenu"
"1052301","waac",,"okirni"
"1052302","waacker",,"qilotot"
"1052303","waacking",,"qoletiu"
"1052304","waacs",,"okiroi"
"1052305","waadhoeke",,"ekosahat"
"1052306","waadt",,"ekosoi"
"1052307","waaf",,"qelo"
"1052308","waafs",,"qeloq"
"1052309","waag",,"ikultu"
"1052310","waage",,"okilut"
"1052311","waah",,"qali"
"1052312","waahoo",,"quloun"
"1052313","waaia",,"ikuneti"
"1052314","waaihoek",,"qalunoat"
"1052315","waaijenberg",,"ukanazevu"
"1052316","waakye",,"okiseo"
"1052317","waal",,"qila"
"1052318","waala",,"qulen"
"1052319","waalah",,"okitinn"
"1052320","waaler",,"aketatn"
"1052321","waalian",,"ukatueta"
"1052322","waalkes",,"qelitin"
"1052323","waalre",,"aketatt"
"1052324","waals",,"qilaq"
"1052325","waalubal",,"qoluboat"
"1052326","waalwijk",,"okiteson"
"1052327","waama",,"ekovuo"
"1052328","waambulance",,"qilerepuan"
"1052329","waanyarra",,"qoleleun"
"1052330","waapa",,"qolin"
"1052331","waar",,"qalia"
"1052332","waard",,"okijii"
"1052333","waardenburg",,"qolatahuot"
"1052334","waarre",,"okijes"
"1052335","waas",,"okicdo"
"1052336","waasi",,"okicos"
"1052337","waasis",,"okicina"
"1052338","waaw",,"aked"
"1052339","waaz",,"qeloa"
"1052340","wab",,"qum"
"1052341","wabain",,"akomuni"
"1052342","wabains",,"akomaua"
"1052343","wabamun",,"okumeota"
"1052344","waban",,"akomara"
"1052345","wabana",,"ekimonu"
"1052346","wabanaki",,"akomarot"
"1052347","wabanakis",,"akomaroa"
"1052348","wabans",,"akomatn"
"1052349","wabash",,"ikamiri"
"1052350","wabasha",,"ukemuoa"
"1052351","wabashas",,"ukemuret"
"1052352","wabashes",,"okumorai"
"1052353","wabashs",,"ikamiata"
"1052354","wabasso",,"qomuqi"
"1052355","wabassos",,"qomuqiat"
"1052356","wabaunsee",,"okumufaa"
"1052357","wabayo",,"qumei"
"1052358","wabbaseka",,"okunawa"
"1052359","wabbasekas",,"okunawen"
"1052360","wabber",,"qumoon"
"1052361","wabbit",,"qumoan"
"1052362","wabbits",,"qumorun"
"1052363","wabble",,"qomaen"
"1052364","wabbled",,"ukenoot"
"1052365","wabbler",,"akoniun"
"1052366","wabblers",,"akonizu"
"1052367","wabbles",,"qomavon"
"1052368","wabblier",,"akonisin"
"1052369","wabbliest",,"ukenosia"
"1052370","wabbliness",,"okunasi"
"1052371","wabbling",,"ukenosana"
"1052372","wabblingly",,"qomavio"
"1052373","wabblings",,"ukenosuna"
"1052374","wabbly",,"qamia"
"1052375","wabby",,"ukenanu"
"1052376","wabe",,"qimu"
"1052377","wabena",,"uketinu"
"1052378","wabenas",,"uketuae"
"1052379","wabeno",,"akotats"
"1052380","wabenos",,"akotaea"
"1052381","waberan",,"qomicon"
"1052382","wabert",,"qimuu"
"1052383","waberthwaite",,"qemocisian"
"1052384","wabet",,"akotedo"
"1052385","wabi",,"qumi"
"1052386","wabis",,"qumiq"
"1052387","wabisabi",,"ikanire"
"1052388","wabnaki",,"ukezoet"
"1052389","waboba",,"akopane"
"1052390","wabonga",,"ikapiuna"
"1052391","waboom",,"qemeu"
"1052392","wabooms",,"qemefot"
"1052393","wabos",,"qemeq"
"1052394","wabron",,"qumoat"
"1052395","wabs",,"qumia"
"1052396","wabster",,"qimowot"
"1052397","wabsters",,"qimoweo"
"1052398","wabuma",,"qomiet"
"1052399","wabumas",,"qomizi"
"1052400","wabun",,"ikawiu"
"1052401","wabunga",,"akowau"
"1052402","wabungas",,"akowanot"
"1052403","wabush",,"ekiwet"
"1052404","wabyeong",,"ikakahe"
"1052405","wacadash",,"ikemurat"
"1052406","wacago",,"akimunt"
"1052407","wacapou",,"qonuhi"
"1052408","wacc",,"ekurte"
"1052409","waccabuc",,"quninuan"
"1052410","waccabucs",,"quninuun"
"1052411","waccamaw",,"ukoropo"
"1052412","waccy",,"ikerune"
"1052413","wace",,"akitsi"
"1052414","wach",,"quno"
"1052415","wachaga",,"qonanan"
"1052416","wachagas",,"qonaneun"
"1052417","wachagga",,"qinenoon"
"1052418","wachapreague",,"qenunuwean"
"1052419","wachapreagues",,"qenunuweun"
"1052420","wachau",,"qunoan"
"1052421","wachendorf",,"qunovaen"
"1052422","wachenheimer",,"akimofefat"
"1052423","wachenheimers",,"akimofefe"
"1052424","wachmann",,"qinezoon"
"1052425","wachna",,"akimuns"
"1052426","wachob",,"ukomara"
"1052427","wachowiak",,"qunofuo"
"1052428","wachowich",,"okamiki"
"1052429","wachowski",,"qinefiat"
"1052430","wachowskian",,"ukomakepot"
"1052431","wachowskis",,"qinefie"
"1052432","wachsamkeit",,"ikemirupet"
"1052433","wachsstock",,"okamowan"
"1052434","wachstein",,"qaniqoun"
"1052435","wachtel",,"qenuwin"
"1052436","wachtelhund",,"akimezati"
"1052437","wachter",,"qinewa"
"1052438","wachuset",,"ukomewet"
"1052439","wachusets",,"ukomewi"
"1052440","wachusett",,"qenuboo"
"1052441","wacinko",,"qonepun"
"1052442","wacissa",,"okanoot"
"1052443","wacissas",,"okanowo"
"1052444","wack",,"akissi"
"1052445","wackadoo",,"qoninuat"
"1052446","wackadoodle",,"qunanejio"
"1052447","wackaging",,"qinunoun"
"1052448","wackaloon",,"ekusuzu"
"1052449","wacke",,"ukoseto"
"1052450","wacked",,"qenoat"
"1052451","wacken",,"qunaan"
"1052452","wackenroder",,"ikesafuca"
"1052453","wacker",,"qoniet"
"1052454","wackers",,"qonivi"
"1052455","wackes",,"ukosota"
"1052456","wackest",,"qenovu"
"1052457","wackestone",,"okasuwona"
"1052458","wackier",,"qoniran"
"1052459","wackiest",,"qenorua"
"1052460","wackilier",,"ikesiza"
"1052461","wackiliest",,"okasozat"
"1052462","wackily",,"qinuren"
"1052463","wackiness",,"qunaraa"
"1052464","wackinesses",,"qinurupeun"
"1052465","wacking",,"qenoro"
"1052466","wackipedia",,"ekuseju"
"1052467","wackjob",,"okasiae"
"1052468","wackness",,"qunapou"
"1052469","wacko",,"okasira"
"1052470","wackoer",,"qunafun"
"1052471","wackoes",,"ekusoone"
"1052472","wackoest",,"qinufeen"
"1052473","wackometer",,"ikesupot"
"1052474","wackopedia",,"ikesujot"
"1052475","wackos",,"okasint"
"1052476","wackpedia",,"ekusizat"
"1052477","wacks",,"akisasa"
"1052478","wackson",,"qoniqat"
"1052479","wacky",,"okasire"
"1052480","wackyparse",,"ukosajan"
"1052481","wackyparsed",,"qenolusiet"
"1052482","wackyparses",,"ukosajubun"
"1052483","wackyparsing",,"qenolusiu"
"1052484","wackypedia",,"ikesujin"
"1052485","waco",,"ikeptu"
"1052486","wacoan",,"qunuan"
"1052487","wacoite",,"qunurun"
"1052488","waconda",,"ekupeeta"
"1052489","wacone",,"qonoet"
"1052490","waconia",,"qunupe"
"1052491","waconias",,"qunupain"
"1052492","wacos",,"ikepis"
"1052493","wacs",,"ekucdu"
"1052494","wactlar",,"qiniva"
"1052495","wad",,"qir"
"1052496","wada",,"qure"
"1052497","wadable",,"qoruret"
"1052498","wadadli",,"qoruti"
"1052499","wadai",,"qurer"
"1052500","wadala",,"ekamoto"
"1052501","wadalba",,"qurevan"
"1052502","wadalite",,"qerivoot"
"1052503","wadas",,"qureq"
"1052504","wadati",,"ekamenn"
"1052505","wadawurrung",,"okemedibat"
"1052506","wadbilliga",,"akunazia"
"1052507","wadborough",,"ekanoqot"
"1052508","wadcutter",,"ikorabun"
"1052509","wadd",,"akusto"
"1052510","waddamana",,"qereneot"
"1052511","waddams",,"ukisoaa"
"1052512","wadded",,"qerei"
"1052513","waddell",,"ekasiet"
"1052514","wadden",,"quruon"
"1052515","waddent",,"ekasien"
"1052516","waddenzee",,"ekasifet"
"1052517","waddenzees",,"ekasifi"
"1052518","wadder",,"qoroo"
"1052519","wadders",,"qorovet"
"1052520","waddesdon",,"ikosawun"
"1052521","waddie",,"ukisine"
"1052522","waddied",,"qererun"
"1052523","waddies",,"ukisuae"
"1052524","waddin",,"qarao"
"1052525","wadding",,"qererot"
"1052526","waddings",,"qereroo"
"1052527","waddingt",,"ikosifu"
"1052528","waddington",,"qararein"
"1052529","waddingtonian",,"ekasefegan"
"1052530","waddinxveen",,"ukisufelat"
"1052531","waddle",,"qaraot"
"1052532","waddled",,"okesaea"
"1052533","waddler",,"ikoseia"
"1052534","waddlers",,"ikosezate"
"1052535","waddles",,"qaravo"
"1052536","waddlesome",,"quruvoot"
"1052537","waddlier",,"ikosesun"
"1052538","waddliest",,"okesasena"
"1052539","waddling",,"okesaset"
"1052540","waddlingly",,"qaravein"
"1052541","waddly",,"qiriu"
"1052542","waddon",,"qoroet"
"1052543","wadds",,"akusao"
"1052544","waddy",,"okesitu"
"1052545","waddying",,"qiriluet"
"1052546","waddys",,"okesune"
"1052547","waddywood",,"qereleot"
"1052548","wade",,"qori"
"1052549","wadeable",,"qeronee"
"1052550","wadebridge",,"akutuqa"
"1052551","waded",,"ukitala"
"1052552","wadeite",,"ikotiie"
"1052553","wadell",,"quraan"
"1052554","wadena",,"ikotetn"
"1052555","wadenas",,"ikotiii"
"1052556","wadenhoe",,"qeropeot"
"1052557","wader",,"akututo"
"1052558","waders",,"akutann"
"1052559","wades",,"qoriq"
"1052560","wadesboro",,"qoriqoun"
"1052561","wadesboros",,"qoriqou"
"1052562","wadest",,"ukitins"
"1052563","wadestown",,"quraqein"
"1052564","wadestowns",,"quraqea"
"1052565","wadesville",,"ukitugat"
"1052566","wadesvilles",,"ukitugefe"
"1052567","wadesworth",,"akutakena"
"1052568","wadeth",,"qoriet"
"1052569","wadeville",,"ukitosi"
"1052570","wadeway",,"qirugu"
"1052571","wadewitz",,"qerogoin"
"1052572","wadford",,"ukikaen"
"1052573","wadforth",,"qorifou"
"1052574","wadge",,"qirav"
"1052575","wadges",,"qirain"
"1052576","wadham",,"akumune"
"1052577","wadhamite",,"qeruneen"
"1052578","wadhams",,"akumiui"
"1052579","wadhook",,"ukimaon"
"1052580","wadhurst",,"akumoqot"
"1052581","wadhwa",,"akumatu"
"1052582","wadhwani",,"qariguan"
"1052583","wadi",,"qiro"
"1052584","wadia",,"qurin"
"1052585","wadies",,"qoreet"
"1052586","wading",,"ukinenu"
"1052587","wadingly",,"qorepeu"
"1052588","wadings",,"ukinuone"
"1052589","wadis",,"qiroq"
"1052590","wadiyara",,"akunerua"
"1052591","wadjak",,"akurune"
"1052592","wadjela",,"qerevu"
"1052593","wadjemup",,"qaravai"
"1052594","wadjet",,"qereun"
"1052595","wadle",,"ikotato"
"1052596","wadleigh",,"qoruviu"
"1052597","wadley",,"akutant"
"1052598","wadleys",,"akutouna"
"1052599","wadlike",,"oketoaa"
"1052600","wadlinger",,"oketofi"
"1052601","wadlington",,"qurerai"
"1052602","wadlopen",,"ukitajon"
"1052603","wadlow",,"ukitale"
"1052604","wadmaal",,"ukivooa"
"1052605","wadmaals",,"ukivoret"
"1052606","wadmaker",,"ikovevun"
"1052607","wadmaking",,"okevavan"
"1052608","wadmal",,"ikovie"
"1052609","wadmals",,"ikoveat"
"1052610","wadman",,"okevuu"
"1052611","wadmeal",,"okevuin"
"1052612","wadmel",,"ekavena"
"1052613","wadmell",,"qoravan"
"1052614","wadmels",,"ekavion"
"1052615","wadmi",,"qerur"
"1052616","wadmimwen",,"ekavepe"
"1052617","wadmit",,"ikovan"
"1052618","wadmol",,"ukivo"
"1052619","wadmoll",,"qarifi"
"1052620","wadmolls",,"qarifuat"
"1052621","wadmols",,"ukivaet"
"1052622","wadna",,"ukizou"
"1052623","wadnas",,"ukizot"
"1052624","wado",,"qara"
"1052625","wadowice",,"qorogian"
"1052626","wads",,"qiroa"
"1052627","wadset",,"ukicin"
"1052628","wadsets",,"ukiceaa"
"1052629","wadsett",,"qerave"
"1052630","wadsetted",,"okecubot"
"1052631","wadsetter",,"ikocabun"
"1052632","wadsetters",,"ikocabu"
"1052633","wadsetting",,"okecuban"
"1052634","wadsetts",,"qeraviin"
"1052635","wadsley",,"akuciuna"
"1052636","wadsleyite",,"qeravuen"
"1052637","wadswort",,"qirogaen"
"1052638","wadsworth",,"ekacahe"
"1052639","wadt",,"akuqra"
"1052640","wadts",,"akuqani"
"1052641","wadworth",,"ekadoqat"
"1052642","wady",,"qaraa"
"1052643","wae",,"aka5"
"1052644","waechter",,"qosenuan"
"1052645","waefu",,"qisub"
"1052646","waeful",,"ukukoa"
"1052647","waeg",,"ekelno"
"1052648","waegwan",,"qasoget"
"1052649","waelder",,"qasoto"
"1052650","waelders",,"qasotiet"
"1052651","waen",,"qasu"
"1052652","waeness",,"qusivat"
"1052653","waenesses",,"qisovuen"
"1052654","waengatu",,"ikizere"
"1052655","waer",,"qise"
"1052656","waerden",,"qusotan"
"1052657","waerdens",,"qusotoun"
"1052658","waeringopterid",,"ekejefecat"
"1052659","waeringopteroid",,"ikijificot"
"1052660","waers",,"qiseq"
"1052661","waes",,"akac1"
"1052662","waesome",,"ukucaoa"
"1052663","waesuck",,"ikicaane"
"1052664","waesucks",,"ikicatun"
"1052665","wafangdian",,"akamania"
"1052666","wafd",,"okoste"
"1052667","wafdism",,"akasaot"
"1052668","wafdist",,"quguru"
"1052669","wafdists",,"quguraot"
"1052670","wafer",,"okotesu"
"1052671","waferboard",,"qigucii"
"1052672","wafered",,"qigucot"
"1052673","waferer",,"qugacun"
"1052674","wafering",,"qigucuan"
"1052675","waferish",,"qageceun"
"1052676","waferless",,"qogiceu"
"1052677","waferlike",,"qegocaon"
"1052678","wafermaker",,"qogicoot"
"1052679","wafermaking",,"qegoceseu"
"1052680","wafers",,"okotinn"
"1052681","waferscale",,"qigucui"
"1052682","waferwoman",,"qegocei"
"1052683","waferwork",,"qugacuo"
"1052684","wafery",,"ukutanu"
"1052685","waff",,"ukukno"
"1052686","waffed",,"qageen"
"1052687","waffen",,"qiguo"
"1052688","waffenamt",,"ukukefun"
"1052689","waffie",,"ikikuna"
"1052690","waffies",,"ikikiu"
"1052691","waffing",,"qagere"
"1052692","waffle",,"qugae"
"1052693","waffled",,"ekekuan"
"1052694","wafflehouse",,"okokazicu"
"1052695","wafflemaker",,"ukukozatot"
"1052696","waffleness",,"ikikezena"
"1052697","waffler",,"okokaen"
"1052698","wafflers",,"okokazon"
"1052699","wafflery",,"ukukozan"
"1052700","waffles",,"qugavin"
"1052701","wafflestomper",,"okokazugo"
"1052702","wafflestompers",,"okokazuget"
"1052703","waffley",,"qegova"
"1052704","waffleyness",,"akakizijan"
"1052705","wafflier",,"okokasi"
"1052706","waffliest",,"ekekusot"
"1052707","wafflike",,"qiguvuat"
"1052708","waffliness",,"ukukosota"
"1052709","waffling",,"ekekusa"
"1052710","wafflingly",,"qugavaun"
"1052711","wafflings",,"ekekusen"
"1052712","waffly",,"qogiat"
"1052713","wafflyness",,"ekekuma"
"1052714","waffness",,"qigupei"
"1052715","waffnesss",,"qigupeat"
"1052716","wafford",,"ekekoat"
"1052717","waffs",,"ukukuu"
"1052718","waffsicle",,"qugaqaen"
"1052719","waffy",,"ekekoi"
"1052720","wafl",,"eketta"
"1052721","waflib",,"qugee"
"1052722","wafree",,"ekejena"
"1052723","wafs",,"qagu"
"1052724","waft",,"okoqru"
"1052725","waftability",,"qegenetoun"
"1052726","waftage",,"ikiqeun"
"1052727","waftages",,"ikiqenu"
"1052728","wafted",,"qigiin"
"1052729","wafter",,"quguat"
"1052730","wafters",,"quguve"
"1052731","wafting",,"qigiri"
"1052732","waftingly",,"ekeqefa"
"1052733","waftings",,"qigiruat"
"1052734","wafts",,"okoqon"
"1052735","wafture",,"qigibo"
"1052736","waftures",,"qigibiet"
"1052737","wafty",,"ukuqas"
"1052738","wafu",,"quga"
"1052739","wagadash",,"ukamaron"
"1052740","wagadugu",,"quketoin"
"1052741","wagage",,"ikumant"
"1052742","wagah",,"qekin"
"1052743","wagaman",,"qokuzat"
"1052744","waganda",,"ekomeon"
"1052745","wagandas",,"ekomevan"
"1052746","wagang",,"qukee"
"1052747","waganging",,"akemanana"
"1052748","wagar",,"qekic"
"1052749","wagarville",,"ikumogen"
"1052750","wagarvilles",,"ikumogafon"
"1052751","wagashi",,"qekiqo"
"1052752","wagasi",,"ikumats"
"1052753","wagasky",,"ukamuet"
"1052754","wagatha",,"ukamaeta"
"1052755","wagati",,"qakoet"
"1052756","wagaun",,"qokui"
"1052757","wagaung",,"qikabet"
"1052758","wagaya",,"ekoment"
"1052759","wagbeard",,"qakivuet"
"1052760","wagdi",,"qukur"
"1052761","wage",,"ekotsi"
"1052762","wageable",,"aketisu"
"1052763","wagecel",,"qekosu"
"1052764","wagecuck",,"ukatudet"
"1052765","waged",,"qikut"
"1052766","wagedom",,"qikuto"
"1052767","wagel",,"qokiv"
"1052768","wageless",,"qekovua"
"1052769","wagelessness",,"aketizodan"
"1052770","wagelessnesses",,"ukatozedo"
"1052771","wagelessnesss",,"aketizodun"
"1052772","wageling",,"ikutesa"
"1052773","wageman",,"qakezon"
"1052774","wagen",,"qekop"
"1052775","wagenboom",,"ekotesua"
"1052776","wagenbooms",,"ekotesota"
"1052777","wagener",,"ikutiate"
"1052778","wageners",,"ikutizea"
"1052779","wagenhausen",,"qikupisie"
"1052780","wageningen",,"qekopoat"
"1052781","wagenknecht",,"ukatuvefin"
"1052782","wager",,"qukac"
"1052783","wagerable",,"qikucoet"
"1052784","wagered",,"aketuun"
"1052785","wagerer",,"ekotaon"
"1052786","wagerers",,"ekotazan"
"1052787","wagering",,"aketusen"
"1052788","wagers",,"qukaat"
"1052789","wagery",,"qekoe"
"1052790","wages",,"ekotela"
"1052791","wageslave",,"ikutizu"
"1052792","wagesman",,"qakeqaan"
"1052793","waget",,"qikuw"
"1052794","wagetaker",,"aketeraa"
"1052795","wagework",,"qikugaon"
"1052796","wageworker",,"aketuhet"
"1052797","wageworkers",,"aketuhepi"
"1052798","wageworking",,"ukatihapo"
"1052799","wagga",,"ukaloe"
"1052800","waggable",,"okilasen"
"1052801","waggably",,"akelisaa"
"1052802","waggadash",,"akeliven"
"1052803","waggarandall",,"qikaniseot"
"1052804","waggarian",,"ikuleqo"
"1052805","waggas",,"ukalena"
"1052806","wagge",,"okilus"
"1052807","wagged",,"qukeat"
"1052808","waggel",,"qikao"
"1052809","waggener",,"ukalefia"
"1052810","wagger",,"qakoeta"
"1052811","waggeries",,"qukevuo"
"1052812","waggers",,"qakovi"
"1052813","waggery",,"qokuvat"
"1052814","wagges",,"okilota"
"1052815","waggeth",,"okiluen"
"1052816","waggett",,"ekolian"
"1052817","wagggs",,"ukalona"
"1052818","waggie",,"okilas"
"1052819","waggily",,"qekiren"
"1052820","waggin",,"qikaet"
"1052821","wagging",,"qukero"
"1052822","waggingly",,"okilofea"
"1052823","waggish",,"qekiret"
"1052824","waggisher",,"ikuliwen"
"1052825","waggishest",,"okilowe"
"1052826","waggishlier",,"qukerasae"
"1052827","waggishliest",,"qikarusuet"
"1052828","waggishly",,"ukaluwin"
"1052829","waggishness",,"akelaweje"
"1052830","waggishnesses",,"ukaluwajon"
"1052831","waggle",,"qikaoa"
"1052832","waggled",,"akeliin"
"1052833","waggler",,"ekoluat"
"1052834","wagglers",,"ekoluze"
"1052835","waggles",,"qikavet"
"1052836","waggletail",,"qokuvaen"
"1052837","wagglier",,"ekolusu"
"1052838","waggliest",,"akelison"
"1052839","waggling",,"akelisia"
"1052840","wagglingly",,"qikavua"
"1052841","waggly",,"qekiot"
"1052842","waggon",,"qakoi"
"1052843","waggonable",,"qukefaet"
"1052844","waggonage",,"qekifoi"
"1052845","waggonages",,"qekifoat"
"1052846","waggoned",,"ekolofun"
"1052847","waggoneer",,"ekolofu"
"1052848","waggoner",,"okilifon"
"1052849","waggoners",,"okilifan"
"1052850","waggonette",,"qokufia"
"1052851","waggonettes",,"qokufipeen"
"1052852","waggoning",,"ekolofena"
"1052853","waggonless",,"akelefan"
"1052854","waggonload",,"qekifoata"
"1052855","waggonloads",,"qekifopae"
"1052856","waggonry",,"akelefen"
"1052857","waggons",,"qakofat"
"1052858","waggonsmith",,"qikafubaen"
"1052859","waggonway",,"qekifoon"
"1052860","waggonwayman",,"akelefete"
"1052861","waggonwright",,"okilifibet"
"1052862","waggonwrights",,"okilifibi"
"1052863","waggumbura",,"ekolipot"
"1052864","waggumburas",,"ekolipoko"
"1052865","waggy",,"akeleu"
"1052866","wagh",,"qaki"
"1052867","waghalter",,"ekomuzua"
"1052868","waghalters",,"ekomuzote"
"1052869","waghorn",,"qakifat"
"1052870","waghray",,"ekomaane"
"1052871","wagie",,"ekonit"
"1052872","wagiman",,"qekazo"
"1052873","waging",,"qikoet"
"1052874","wagle",,"qokuv"
"1052875","wagler",,"aketesi"
"1052876","waglerin",,"qakovaun"
"1052877","waglers",,"aketoine"
"1052878","wagley",,"qukeata"
"1052879","waglike",,"qekiro"
"1052880","wagling",,"ukatuata"
"1052881","wagman",,"qekuin"
"1052882","wagmi",,"akevai"
"1052883","wagmib",,"qikeo"
"1052884","wagmoire",,"qukofaa"
"1052885","wagmoires",,"qukofaen"
"1052886","wagner",,"ukazoe"
"1052887","wagneres",,"ikuzaqe"
"1052888","wagneresque",,"okizuqedan"
"1052889","wagneresques",,"okizuqedun"
"1052890","wagnerian",,"qakuvae"
"1052891","wagneriana",,"qekavei"
"1052892","wagnerianas",,"qekavetoat"
"1052893","wagnerianism",,"qikovituo"
"1052894","wagnerianisms",,"qikovituet"
"1052895","wagnerianly",,"ikuzaqaton"
"1052896","wagnerians",,"qakuvain"
"1052897","wagnerise",,"ikuzaqot"
"1052898","wagnerises",,"ikuzaqo"
"1052899","wagnerism",,"okizuqan"
"1052900","wagnerisms",,"okizuqun"
"1052901","wagnerist",,"qekaveon"
"1052902","wagnerists",,"qekavean"
"1052903","wagnerite",,"qakuvaun"
"1052904","wagnerites",,"qakuvau"
"1052905","wagnerization",,"qikovitien"
"1052906","wagnerize",,"qokevou"
"1052907","wagnerized",,"ukazeqat"
"1052908","wagnerizes",,"qokevoot"
"1052909","wagnerizing",,"ukazeqeso"
"1052910","wagners",,"ukazeeta"
"1052911","wagnon",,"ukazete"
"1052912","wago",,"ukapto"
"1052913","wagogo",,"okipou"
"1052914","wagogos",,"okipaeta"
"1052915","wagoma",,"ikupata"
"1052916","wagomas",,"ikupoe"
"1052917","wagon",,"qukup"
"1052918","wagonable",,"qikipoi"
"1052919","wagonage",,"qakapuat"
"1052920","wagonages",,"qakapue"
"1052921","wagonbuilder",,"qekepegue"
"1052922","wagonbuilding",,"qakapagiat"
"1052923","wagoned",,"akepaua"
"1052924","wagoneer",,"akepazot"
"1052925","wagoner",,"ekopeana"
"1052926","wagoners",,"ekopezun"
"1052927","wagoness",,"qikipeon"
"1052928","wagonet",,"akepaina"
"1052929","wagonette",,"qekepuen"
"1052930","wagonettes",,"qekepuon"
"1052931","wagonful",,"qikipeat"
"1052932","wagonfuls",,"qikipee"
"1052933","wagoning",,"akepason"
"1052934","wagonless",,"ukapuzun"
"1052935","wagonlike",,"ikupizen"
"1052936","wagonload",,"qakapuea"
"1052937","wagonloads",,"qakapuin"
"1052938","wagonmaker",,"ukapupu"
"1052939","wagonmaking",,"ikupipipun"
"1052940","wagonman",,"ikupipot"
"1052941","wagonmaster",,"qokoposaen"
"1052942","wagonmistress",,"qekepetua"
"1052943","wagonned",,"qakapean"
"1052944","wagonner",,"qekepoen"
"1052945","wagonning",,"qakapea"
"1052946","wagonry",,"ukapuon"
"1052947","wagons",,"qukue"
"1052948","wagonsheet",,"qokopia"
"1052949","wagonsmith",,"qokopion"
"1052950","wagontown",,"qekepii"
"1052951","wagontowns",,"qekepiat"
"1052952","wagonway",,"qakapaan"
"1052953","wagonwayman",,"ukapukurin"
"1052954","wagonwork",,"ekopekot"
"1052955","wagonworks",,"ekopeko"
"1052956","wagonwright",,"ekopekovi"
"1052957","wagonwrights",,"ekopekovat"
"1052958","wagonyard",,"qokopuu"
"1052959","wagpastie",,"ikufewot"
"1052960","wagpasty",,"ekofuwat"
"1052961","wagr",,"qakia"
"1052962","wagram",,"qukoun"
"1052963","wagrams",,"qukonu"
"1052964","wagria",,"qekuina"
"1052965","wagro",,"qokaf"
"1052966","wags",,"okicdu"
"1052967","wagshul",,"akecuae"
"1052968","wagsome",,"ekocoan"
"1052969","wagstaff",,"qikowoan"
"1052970","wagstaffe",,"qokeweot"
"1052971","wagster",,"ekocoia"
"1052972","wagtail",,"ekoquat"
"1052973","wagtails",,"ekoquse"
"1052974","wague",,"akewoni"
"1052975","waguespack",,"qukavao"
"1052976","waguha",,"qakeet"
"1052977","waguhas",,"qakeni"
"1052978","wagwag",,"okidot"
"1052979","wagwai",,"ekodon"
"1052980","wagwan",,"qekuu"
"1052981","wagwant",,"ikudeun"
"1052982","wagwants",,"ikudefu"
"1052983","wagweno",,"qekuvot"
"1052984","wagwenos",,"qekuvoo"
"1052985","wagwit",,"qokaan"
"1052986","wagyu",,"ikukae"
"1052987","wahab",,"ikamore"
"1052988","wahabee",,"ekimaen"
"1052989","wahabi",,"ikamann"
"1052990","wahabiism",,"ekimasine"
"1052991","wahabiisms",,"ekimasai"
"1052992","wahabis",,"ikamouni"
"1052993","wahabism",,"ekimasuna"
"1052994","wahabisms",,"ekimasu"
"1052995","wahabit",,"qaloron"
"1052996","wahabite",,"qulerau"
"1052997","wahabites",,"quleraot"
"1052998","wahabitism",,"qilarue"
"1052999","wahabitisms",,"qilarudein"
"1053000","wahabits",,"qalorean"
"1053001","wahahe",,"okuminni"
"1053002","wahala",,"okuminno"
"1053003","wahalla",,"qilaven"
"1053004","wahaller",,"ukemozi"
"1053005","wahba",,"ikanera"
"1053006","wahbe",,"ekinira"
"1053007","wahconda",,"qulifau"
"1053008","wahcondas",,"qulifaot"
"1053009","wahd",,"ekisto"
"1053010","wahed",,"akotedu"
"1053011","waheed",,"uketinn"
"1053012","waheela",,"uketeoe"
"1053013","waheeny",,"uketeoi"
"1053014","waheguru",,"akotida"
"1053015","wahehe",,"akotunn"
"1053016","wahehes",,"akotuua"
"1053017","wahengbam",,"qelopaet"
"1053018","wahey",,"qalel"
"1053019","wahgi",,"qalor"
"1053020","wahgunyah",,"qalobeu"
"1053021","wahhab",,"qeluu"
"1053022","wahhabi",,"qeluna"
"1053023","wahhabiism",,"qulonui"
"1053024","wahhabiisms",,"qulonutoat"
"1053025","wahhabis",,"qeluneen"
"1053026","wahhabism",,"qulonuen"
"1053027","wahhabisms",,"qulonuon"
"1053028","wahhabist",,"ikamesaa"
"1053029","wahhabite",,"okumason"
"1053030","wahhabites",,"okumasane"
"1053031","wahhabitism",,"ekimusiget"
"1053032","wahhabization",,"akomisosin"
"1053033","wahhabize",,"ukemosan"
"1053034","wahiawa",,"quline"
"1053035","wahiawas",,"qulinuin"
"1053036","wahid",,"ekinote"
"1053037","wahima",,"qiloo"
"1053038","wahimas",,"qilozet"
"1053039","wahinda",,"qolepat"
"1053040","wahine",,"ikanatn"
"1053041","wahines",,"ikaniea"
"1053042","wahing",,"akonots"
"1053043","wahini",,"ukenonu"
"1053044","wahinix",,"qulipot"
"1053045","wahiro",,"ukenetn"
"1053046","wahju",,"akorono"
"1053047","wahk",,"qilu"
"1053048","wahkiacus",,"qiluroan"
"1053049","wahkiacuss",,"qiluroun"
"1053050","wahkiakum",,"qaleruin"
"1053051","wahkon",,"akosino"
"1053052","wahkons",,"akoseaa"
"1053053","wahkuna",,"ikasaea"
"1053054","wahl",,"akotta"
"1053055","wahlau",,"akote1"
"1053056","wahlberg",,"ekitazuna"
"1053057","wahlbergs",,"ekitazu"
"1053058","wahlen",,"quleun"
"1053059","wahlenbergia",,"qelivotee"
"1053060","wahlenbergias",,"qelivotein"
"1053061","wahler",,"qolui"
"1053062","wahlgren",,"ikateqot"
"1053063","wahlkreise",,"qalotain"
"1053064","wahlquist",,"qolujaa"
"1053065","wahlstrom",,"akotabon"
"1053066","wahlubal",,"uketesia"
"1053067","wahlund",,"ekitian"
"1053068","wahm",,"qola"
"1053069","wahmbulance",,"akovudaton"
"1053070","wahmen",,"ekivone"
"1053071","wahn",,"ukezno"
"1053072","wahness",,"ikazaun"
"1053073","wahoo",,"qilif"
"1053074","wahoos",,"qilio"
"1053075","wahp",,"ikafno"
"1053076","wahpekute",,"qelovuen"
"1053077","wahpekutes",,"qelovuon"
"1053078","wahpeton",,"ekifibun"
"1053079","wahpetons",,"ekifibu"
"1053080","wahr",,"okujno"
"1053081","wahring",,"qileri"
"1053082","wahroonga",,"qilefaun"
"1053083","wahs",,"quli"
"1053084","wahsa",,"qalun"
"1053085","wahsi",,"qulir"
"1053086","wahsidok",,"okucovon"
"1053087","wahsjr",,"qulie"
"1053088","wahsnert",,"ikacizua"
"1053089","wahter",,"qiliot"
"1053090","wahtuh",,"qilioa"
"1053091","wahunsonacock",,"qolipijaan"
"1053092","wahunsonacocks",,"qolipijaun"
"1053093","wahvey",,"ekibena"
"1053094","wahveyes",,"akobomu"
"1053095","wahveys",,"ekibion"
"1053096","wahwah",,"ekidon"
"1053097","wahy",,"qele"
"1053098","waialeale",,"ikemezu"
"1053099","waialua",,"qimavo"
"1053100","waialuas",,"qimaveet"
"1053101","waianae",,"qomupi"
"1053102","waianaes",,"qomupeat"
"1053103","waiata",,"qamoo"
"1053104","waiatas",,"qamowet"
"1053105","waiau",,"ekumila"
"1053106","waiauan",,"qomuban"
"1053107","waibel",,"ukonari"
"1053108","waibling",,"qemuvoon"
"1053109","waiblings",,"qemuvoan"
"1053110","waichi",,"qumie"
"1053111","waichow",,"quminu"
"1053112","waicukau",,"ukorevon"
"1053113","waicura",,"qumibun"
"1053114","waicuri",,"qimoben"
"1053115","waicurian",,"ukoreqat"
"1053116","waicurians",,"ukoreqe"
"1053117","waicuris",,"qimobion"
"1053118","waid",,"qimi"
"1053119","waide",,"qomov"
"1053120","waidhofen",,"ekusahina"
"1053121","waie",,"akitso"
"1053122","waiehu",,"qomii"
"1053123","waif",,"qame"
"1053124","waifah",,"ukoketa"
"1053125","waifed",,"ekuket"
"1053126","waifing",,"ekukeu"
"1053127","waifish",,"ikekiot"
"1053128","waifishly",,"qemoroat"
"1053129","waifishness",,"qomirisai"
"1053130","waiflike",,"ukokosun"
"1053131","waifs",,"qameq"
"1053132","waift",,"okakia"
"1053133","waifts",,"okakaa"
"1053134","waifu",,"qumab"
"1053135","waifw",,"qimug"
"1053136","waify",,"qomil"
"1053137","waigali",,"qumenot"
"1053138","waigani",,"qimanon"
"1053139","waigeli",,"qomuve"
"1053140","waigeo",,"ikelate"
"1053141","waight",,"okalou"
"1053142","waigieu",,"akilaot"
"1053143","waigiu",,"ekulane"
"1053144","waigon",,"qumeu"
"1053145","waiguli",,"qomubu"
"1053146","waigulis",,"qomubeot"
"1053147","waihee",,"qomaon"
"1053148","waiheke",,"qemuvot"
"1053149","waihi",,"qumor"
"1053150","waihopai",,"ekumoju"
"1053151","waihung",,"ukomean"
"1053152","waiilatpuan",,"ukonoroqot"
"1053153","waiilatpuans",,"ukonoroqo"
"1053154","waik",,"akisso"
"1053155","waikaia",,"okasaoa"
"1053156","waikanae",,"qemonoa"
"1053157","waikapu",,"qumanu"
"1053158","waikato",,"qameni"
"1053159","waikatos",,"qamenoat"
"1053160","waikavirus",,"ukosogu"
"1053161","waikhom",,"qimuni"
"1053162","waikiki",,"ukosuata"
"1053163","waikikis",,"ukosuve"
"1053164","waikiwi",,"ikesiina"
"1053165","waikly",,"qimuo"
"1053166","waikness",,"qumapoot"
"1053167","waikokopu",,"qemofuan"
"1053168","waikoloa",,"qemofaet"
"1053169","waikouaiti",,"qumafoi"
"1053170","waikuri",,"qomibe"
"1053171","wail",,"qomu"
"1053172","wailaki",,"qomune"
"1053173","wailakis",,"qomunain"
"1053174","waile",,"qemiv"
"1053175","wailea",,"qomuon"
"1053176","wailed",,"iketiri"
"1053177","wailefull",,"ekutimot"
"1053178","wailer",,"ukotoro"
"1053179","waileress",,"iketaqin"
"1053180","wailers",,"ukoteeti"
"1053181","wailes",,"qemiu"
"1053182","wailest",,"iketauna"
"1053183","waileth",,"qemiva"
"1053184","wailful",,"qemilen"
"1053185","wailfuler",,"iketado"
"1053186","wailfulest",,"okatudun"
"1053187","wailfuller",,"qumeloi"
"1053188","wailfullest",,"qimalepuot"
"1053189","wailfully",,"ukotedu"
"1053190","wailin",,"okatoso"
"1053191","wailing",,"iketiote"
"1053192","wailingly",,"qemiroat"
"1053193","wailings",,"iketifoe"
"1053194","wailment",,"qemizuen"
"1053195","wailo",,"qumef"
"1053196","wailoo",,"qemiot"
"1053197","wails",,"qomuq"
"1053198","wailsome",,"qemiqien"
"1053199","wailuku",,"qumebin"
"1053200","wailukus",,"qumeboa"
"1053201","waily",,"qumel"
"1053202","waimakariri",,"ekuvuvebet"
"1053203","waimalu",,"qamini"
"1053204","waimanalo",,"ukovofun"
"1053205","waimanalos",,"ukovofu"
"1053206","waimanu",,"qumonu"
"1053207","waimate",,"qemunin"
"1053208","waimea",,"ukovao"
"1053209","waimeas",,"ukoveena"
"1053210","waiment",,"akivoina"
"1053211","waimented",,"qemuvoo"
"1053212","waimenting",,"qemuvoun"
"1053213","waiments",,"akivofa"
"1053214","waimoa",,"okavot"
"1053215","wain",,"qema"
"1053216","wainable",,"qamunai"
"1053217","wainage",,"qomenat"
"1053218","wainages",,"qomenee"
"1053219","wainbote",,"qomeruun"
"1053220","waine",,"qamuv"
"1053221","wained",,"okazun"
"1053222","wainer",,"ikezana"
"1053223","wainfleet",,"ekuzizu"
"1053224","wainful",,"qamulat"
"1053225","waing",,"qomem"
"1053226","waining",,"okazoona"
"1053227","wainman",,"akizuot"
"1053228","wainmen",,"ikezoea"
"1053229","wainright",,"akizusan"
"1053230","wainrope",,"qumiceot"
"1053231","wainropes",,"qumiceo"
"1053232","wains",,"qemaq"
"1053233","wainscoat",,"ekuzete"
"1053234","wainscoated",,"qomeqijiot"
"1053235","wainscoating",,"qomeqijian"
"1053236","wainscoats",,"ekuzetin"
"1053237","wainscot",,"akizataa"
"1053238","wainscoted",,"qemaqoet"
"1053239","wainscoting",,"qemaqojau"
"1053240","wainscotings",,"qemaqojaot"
"1053241","wainscots",,"akizaten"
"1053242","wainscott",,"qomeqiin"
"1053243","wainscotted",,"ikezitego"
"1053244","wainscotting",,"ikezitegun"
"1053245","wainscottings",,"ikezitegu"
"1053246","wainscotts",,"qomeqia"
"1053247","wainuiomata",,"ukozesohot"
"1053248","wainwrig",,"ikezoqa"
"1053249","wainwright",,"ikezoqi"
"1053250","wainwrighting",,"qumigutaen"
"1053251","wainwrights",,"ikezoqasat"
"1053252","waiouru",,"qumubu"
"1053253","waipa",,"qemon"
"1053254","waipahu",,"ikefee"
"1053255","waipahus",,"ikeferin"
"1053256","waipara",,"akifiu"
"1053257","waipawan",,"akifikot"
"1053258","waipipian",,"qameriin"
"1053259","waipiro",,"akifaaa"
"1053260","waipukurau",,"akifovon"
"1053261","wair",,"qumo"
"1053262","wairakei",,"qimeneon"
"1053263","wairakite",,"akijiven"
"1053264","wairarapa",,"qumonuot"
"1053265","wairauite",,"akijido"
"1053266","wairch",,"okajota"
"1053267","waird",,"ekujoni"
"1053268","waired",,"akijata"
"1053269","wairepo",,"ukojeeta"
"1053270","wairewa",,"qomavi"
"1053271","wairing",,"akijaoa"
"1053272","wairoa",,"qomai"
"1053273","wairokpam",,"ikejuvo"
"1053274","wairs",,"qumoq"
"1053275","wairsh",,"okajaa"
"1053276","wairsher",,"qumoquot"
"1053277","wairshest",,"qimeqian"
"1053278","wairua",,"qumoata"
"1053279","wairuas",,"qumobe"
"1053280","wais",,"ekuc1"
"1053281","waisanen",,"ekucufat"
"1053282","waisara",,"qemanin"
"1053283","waise",,"akiconu"
"1053284","waishengren",,"ekucazisen"
"1053285","waisman",,"qamuzi"
"1053286","waismann",,"akicuroa"
"1053287","waismanns",,"akicuret"
"1053288","waist",,"qimow"
"1053289","waistache",,"ekucoruna"
"1053290","waistband",,"ukocasia"
"1053291","waistbanded",,"qamuwasiun"
"1053292","waistbands",,"ukocasata"
"1053293","waistbelt",,"ikecusina"
"1053294","waistbelts",,"ikecusa"
"1053295","waistboat",,"qemaween"
"1053296","waistboats",,"qemaweon"
"1053297","waistcloth",,"ekucota"
"1053298","waistcloths",,"ekucotecen"
"1053299","waistcoa",,"qemawoa"
"1053300","waistcoat",,"ikecutin"
"1053301","waistcoated",,"qumiwajao"
"1053302","waistcoateer",,"qumiwajaet"
"1053303","waistcoateers",,"qumiwajai"
"1053304","waistcoathole",,"ikecutetat"
"1053305","waistcoating",,"qumiwajaun"
"1053306","waistcoatings",,"qumiwajau"
"1053307","waistcoatless",,"qimowujuot"
"1053308","waistcoats",,"ikecuta"
"1053309","waisted",,"ukocao"
"1053310","waistedness",,"qimowezeat"
"1053311","waister",,"akiceu"
"1053312","waisters",,"akicezot"
"1053313","waisting",,"ukocasun"
"1053314","waistings",,"ukocasu"
"1053315","waistless",,"ikecuzot"
"1053316","waistlessness",,"qomewepai"
"1053317","waistlin",,"qumiwio"
"1053318","waistline",,"qimowoat"
"1053319","waistlined",,"akicezon"
"1053320","waistlines",,"qimowoe"
"1053321","waistlong",,"qomeweo"
"1053322","waists",,"qimoa"
"1053323","waistwrap",,"qumiwua"
"1053324","wait",,"qimia"
"1053325","waitable",,"qomonoat"
"1053326","waitaha",,"ikeqeun"
"1053327","waitaki",,"qiminet"
"1053328","waitakian",,"ukoqovun"
"1053329","waitaminute",,"qomonotaen"
"1053330","waitangi",,"akiqifen"
"1053331","waitara",,"ikeqeat"
"1053332","waitasec",,"qiminuo"
"1053333","waitby",,"ikeqini"
"1053334","waitchie",,"akiqara"
"1053335","waite",,"qomova"
"1053336","waited",,"ukoqoto"
"1053337","waitedst",,"qemeviot"
"1053338","waitee",,"qemeun"
"1053339","waiter",,"akiqunt"
"1053340","waiterage",,"ekuqiquna"
"1053341","waiterages",,"ekuqiqua"
"1053342","waiterdom",,"qomovou"
"1053343","waitered",,"qemevein"
"1053344","waiterhood",,"ukoqeqee"
"1053345","waiterhoods",,"ukoqeqacina"
"1053346","waitering",,"qemevei"
"1053347","waiterings",,"qemeveat"
"1053348","waiterish",,"qimiviat"
"1053349","waiterless",,"qamavae"
"1053350","waiterlike",,"qumuvuet"
"1053351","waiterly",,"qimiviet"
"1053352","waiters",,"akiqoue"
"1053353","waitership",,"okaququne"
"1053354","waites",,"qomoon"
"1053355","waitest",,"ukoqeen"
"1053356","waiteth",,"qomovat"
"1053357","waiteville",,"ukoqege"
"1053358","waitevilles",,"ukoqegefin"
"1053359","waitewoman",,"ekuqikin"
"1053360","waithe",,"akiqeni"
"1053361","waithood",,"qomonuu"
"1053362","waitin",,"ikequni"
"1053363","waiting",,"ukoquana"
"1053364","waitingly",,"qomorio"
"1053365","waitings",,"ukoqufun"
"1053366","waitiri",,"ekuqeun"
"1053367","waititi",,"akiqaae"
"1053368","waitlist",,"qemevoet"
"1053369","waitlisted",,"okaqasan"
"1053370","waitlister",,"ikeqesen"
"1053371","waitlisting",,"okaqasuga"
"1053372","waitlists",,"qemevoi"
"1053373","waitman",,"okaqeoa"
"1053374","waitoreke",,"akiqeqo"
"1053375","waitotaran",,"okaqiban"
"1053376","waitpeople",,"okaquzan"
"1053377","waitperson",,"ekuqizot"
"1053378","waitpersons",,"ekuqizodo"
"1053379","waitress",,"akiquzota"
"1053380","waitressed",,"qemecuen"
"1053381","waitresses",,"ukoqizat"
"1053382","waitressing",,"qemecubue"
"1053383","waitressings",,"qemecubuin"
"1053384","waitressless",,"qamacibia"
"1053385","waitresslike",,"qumucoboat"
"1053386","waitresss",,"akiquzo"
"1053387","waitressy",,"okaqezeta"
"1053388","waitron",,"qimicet"
"1053389","waitrons",,"qimicai"
"1053390","waitrose",,"okaqehena"
"1053391","waitrosey",,"ukoqihan"
"1053392","waits",,"qimiq"
"1053393","waitsburg",,"qumuquo"
"1053394","waitsburgs",,"qumuquet"
"1053395","waitses",,"qomoqan"
"1053396","waitsfield",,"ukoqumu"
"1053397","waitsfields",,"ukoqumefot"
"1053398","waitsmen",,"akiqapa"
"1053399","waitstaff",,"ukoqube"
"1053400","waitstaffs",,"ukoqubin"
"1053401","waitstate",,"qomoque"
"1053402","waitt",,"akiqeno"
"1053403","waittime",,"okaqiseta"
"1053404","waitui",,"qomoan"
"1053405","waitulavich",,"ikeqazilon"
"1053406","waitzen",,"qememin"
"1053407","waivable",,"qemineot"
"1053408","waivatua",,"akibibin"
"1053409","waive",,"qemive"
"1053410","waived",,"ikebon"
"1053411","waiver",,"ukoba"
"1053412","waiverab",,"qimavio"
"1053413","waiverable",,"ikebaqin"
"1053414","waivered",,"qamovaet"
"1053415","waiverer",,"qemiveot"
"1053416","waivering",,"qamovau"
"1053417","waivers",,"ukobeen"
"1053418","waivery",,"ekubion"
"1053419","waives",,"qemie"
"1053420","waivest",,"ikebaat"
"1053421","waiveth",,"qemivot"
"1053422","waiving",,"ikebiin"
"1053423","waivod",,"ekubeta"
"1053424","waivode",,"akibee"
"1053425","waivodes",,"akibevin"
"1053426","waivure",,"ikebaata"
"1053427","waiwai",,"akide"
"1053428","waiwais",,"akidiin"
"1053429","waiwode",,"qomafi"
"1053430","waiwodes",,"qomafuat"
"1053431","waiwodeship",,"qumofepoi"
"1053432","waiyeung",,"qomovae"
"1053433","waiyeungs",,"qomovain"
"1053434","wajang",,"akumuni"
"1053435","wajda",,"ekasus"
"1053436","wajdas",,"ekasena"
"1053437","wajib",,"ekanari"
"1053438","wajima",,"qonean"
"1053439","waka",,"ekemsu"
"1053440","wakaba",,"qaroa"
"1053441","wakabayashilite",,"ikimoretu"
"1053442","wakable",,"ukumioa"
"1053443","wakadash",,"okomiroa"
"1053444","wakaf",,"qarol"
"1053445","wakagashira",,"akamirotat"
"1053446","wakaimonogashira",,"qorurojaet"
"1053447","wakako",,"okomott"
"1053448","wakaliwood",,"ekemusota"
"1053449","wakamatsu",,"qerizaen"
"1053450","wakamba",,"qiraza"
"1053451","wakambas",,"qirazien"
"1053452","wakame",,"ikimite"
"1053453","wakames",,"ikimoat"
"1053454","wakamezake",,"qerizuen"
"1053455","wakan",,"qerip"
"1053456","wakana",,"qoruon"
"1053457","wakanda",,"ukumuoa"
"1053458","wakandan",,"qurepeu"
"1053459","wakandas",,"ukumuvet"
"1053460","wakane",,"qaroo"
"1053461","wakanes",,"qaropet"
"1053462","wakari",,"qureun"
"1053463","wakarusa",,"qurecou"
"1053464","wakarusas",,"qurecoot"
"1053465","wakas",,"ekemeru"
"1053466","wakasagi",,"ikimirin"
"1053467","wakashan",,"akamaraa"
"1053468","wakashanist",,"qoruqosaet"
"1053469","wakashans",,"akamarena"
"1053470","wakashu",,"qiraqen"
"1053471","wakatake",,"qoruweat"
"1053472","wakatipu",,"ekemosuna"
"1053473","wakatobi",,"ikimuhu"
"1053474","wakatsuki",,"qeriwoon"
"1053475","wakaw",,"ukumiru"
"1053476","wakaya",,"ukumoti"
"1053477","wakayama",,"ikimurun"
"1053478","wakching",,"ukurisun"
"1053479","wake",,"ukutsi"
"1053480","wakeable",,"ikitesat"
"1053481","wakeaday",,"qarenoen"
"1053482","wakeathon",,"qorinuin"
"1053483","wakeboard",,"qareroi"
"1053484","wakeboarded",,"eketahebun"
"1053485","wakeboarder",,"okotehobon"
"1053486","wakeboarders",,"okotehoban"
"1053487","wakeboarding",,"eketaheben"
"1053488","wakeboardings",,"eketahebon"
"1053489","wakeboards",,"qareroat"
"1053490","waked",,"qerot"
"1053491","wakeel",,"quraana"
"1053492","wakeen",,"qiruin"
"1053493","wakeeney",,"quravaun"
"1053494","wakeeneys",,"quravau"
"1053495","wakefiel",,"ikitasin"
"1053496","wakefield",,"qareleun"
"1053497","wakefieldite",,"eketisafen"
"1053498","wakeford",,"qareloan"
"1053499","wakeful",,"ikitaea"
"1053500","wakefullness",,"ikitadifan"
"1053501","wakefully",,"qeroluon"
"1053502","wakefulness",,"qorilapaen"
"1053503","wakefulnesses",,"qerolupuu"
"1053504","wakeland",,"qiruvoen"
"1053505","wakeless",,"quravou"
"1053506","wakelessness",,"ikitezadet"
"1053507","wakelet",,"eketuon"
"1053508","wakeley",,"qerovu"
"1053509","wakelin",,"akatiota"
"1053510","wakelock",,"qerovio"
"1053511","wakely",,"qorion"
"1053512","wakeman",,"qiruzo"
"1053513","wakemans",,"qiruzoet"
"1053514","wakemate",,"qurazie"
"1053515","wakemen",,"qerozin"
"1053516","waken",,"qurap"
"1053517","wakenda",,"okotoine"
"1053518","wakendas",,"okotova"
"1053519","wakened",,"akatauna"
"1053520","wakener",,"eketeone"
"1053521","wakeners",,"eketezan"
"1053522","wakenest",,"akatazin"
"1053523","wakeneth",,"qirupeet"
"1053524","wakening",,"akatasen"
"1053525","wakenings",,"akatason"
"1053526","wakens",,"quraat"
"1053527","wakeover",,"ukutaget"
"1053528","waker",,"qoric"
"1053529","wakerife",,"akatusa"
"1053530","wakerifeness",,"quracanuan"
"1053531","wakerifenesss",,"quracanuun"
"1053532","wakering",,"ikitosota"
"1053533","wakerley",,"ukutizet"
"1053534","wakerly",,"akatuua"
"1053535","wakerobi",,"okotehena"
"1053536","wakerobin",,"qoricuin"
"1053537","wakers",,"qoriona"
"1053538","wakes",,"ukututa"
"1053539","wakeskate",,"qareqian"
"1053540","wakeskater",,"ikitivot"
"1053541","wakeskating",,"okotovogu"
"1053542","wakesome",,"ikitihe"
"1053543","wakespan",,"ukutujon"
"1053544","wakest",,"qeroe"
"1053545","wakesurf",,"akatada"
"1053546","wakesurfed",,"qeroquet"
"1053547","wakesurfer",,"qoriqaot"
"1053548","wakesurfing",,"qeroquweu"
"1053549","wakesurfs",,"akataden"
"1053550","waketh",,"ukutora"
"1053551","waketime",,"qiruwuet"
"1053552","wakeup",,"qorione"
"1053553","wakey",,"eketore"
"1053554","wakf",,"qura"
"1053555","wakfed",,"akakun"
"1053556","wakfing",,"akakaen"
"1053557","wakfs",,"quraq"
"1053558","wakfu",,"qirub"
"1053559","wakhan",,"ukumens"
"1053560","wakhi",,"qirer"
"1053561","wakhis",,"qireen"
"1053562","waki",,"akanro"
"1053563","wakif",,"quril"
"1053564","wakiki",,"ukunono"
"1053565","wakikis",,"ukuneane"
"1053566","wakil",,"qerav"
"1053567","wakils",,"qeraot"
"1053568","wakim",,"ikinora"
"1053569","wakiman",,"qurizin"
"1053570","wakin",,"qarup"
"1053571","wakindiga",,"ukunuve"
"1053572","waking",,"qeraa"
"1053573","wakingly",,"ukununun"
"1053574","wakings",,"qerapen"
"1053575","wakinyan",,"ikinimin"
"1053576","wakipai",,"qaruhan"
"1053577","wakisi",,"akanint"
"1053578","wakita",,"qiroaa"
"1053579","wakitas",,"qirowen"
"1053580","wakiup",,"qiroo"
"1053581","wakizashi",,"ikinaro"
"1053582","wakizashis",,"ikinareta"
"1053583","wakkaliga",,"qirunoun"
"1053584","wakkanai",,"qeronoen"
"1053585","wakken",,"qirua"
"1053586","wakkened",,"ukusefet"
"1053587","wakkening",,"ukusefu"
"1053588","wakkens",,"qiruven"
"1053589","wakoklon",,"ukupezun"
"1053590","wakolo",,"qaraon"
"1053591","wakon",,"qorop"
"1053592","wakonda",,"akapaua"
"1053593","wakondas",,"akapavot"
"1053594","wakool",,"qaraona"
"1053595","wakore",,"quruat"
"1053596","wakores",,"quruce"
"1053597","wakpala",,"okofaa"
"1053598","wakpalas",,"okofazen"
"1053599","waks",,"akac2"
"1053600","waksberg",,"ekecazat"
"1053601","waksman",,"qurizu"
"1053602","waksmans",,"quriziot"
"1053603","wakuda",,"qorieta"
"1053604","wakulla",,"okowao"
"1053605","wakullas",,"okowazet"
"1053606","wakw",,"ikide"
"1053607","wakwafi",,"qirenet"
"1053608","wakwafis",,"qirenei"
"1053609","wakwavi",,"qarinon"
"1053610","waky",,"okoknu"
"1053611","wala",,"qisa"
"1053612","walach",,"ekometn"
"1053613","walachia",,"okimorena"
"1053614","walachian",,"qosusoin"
"1053615","walachians",,"qosusoa"
"1053616","walachs",,"ekomeie"
"1053617","waladli",,"qesitot"
"1053618","walah",,"ekomare"
"1053619","walahee",,"ukamioa"
"1053620","walang",,"ukamenu"
"1053621","walanga",,"akemaine"
"1053622","walant",,"qasoen"
"1053623","walao",,"qasof"
"1053624","walapai",,"ikumaun"
"1053625","walapaies",,"okimuret"
"1053626","walapais",,"ikumarua"
"1053627","walau",,"qosub"
"1053628","walauwa",,"qesibu"
"1053629","walaway",,"qusegat"
"1053630","walawwa",,"qasogen"
"1053631","walbeck",,"ikunaana"
"1053632","walberg",,"qisevo"
"1053633","walberswick",,"qusovubeet"
"1053634","walbert",,"ukaneoa"
"1053635","walberton",,"qesuveen"
"1053636","walbiri",,"qiseret"
"1053637","walbiries",,"qosaroin"
"1053638","walbiris",,"qiserii"
"1053639","walbom",,"akeneu"
"1053640","walborn",,"akenein"
"1053641","walbottle",,"qesufien"
"1053642","walbridge",,"akenuso"
"1053643","walbrzych",,"qosacae"
"1053644","walbrzychs",,"qosacain"
"1053645","walbundrie",,"qisebuan"
"1053646","walburg",,"qiseben"
"1053647","walburga",,"qusobuin"
"1053648","walburgs",,"qisebion"
"1053649","walburn",,"okinuaa"
"1053650","walby",,"okinine"
"1053651","walch",,"akerue"
"1053652","walcha",,"ekoret"
"1053653","walcher",,"qosenan"
"1053654","walcheren",,"ekorazun"
"1053655","walcherens",,"ekorazu"
"1053656","walchia",,"ekoraan"
"1053657","walchias",,"ekorasun"
"1053658","walck",,"qesat"
"1053659","walcker",,"ikuraat"
"1053660","walcoff",,"qosefe"
"1053661","walcot",,"ekoreta"
"1053662","walcote",,"akereee"
"1053663","walcott",,"qisofo"
"1053664","walcourt",,"qisofeet"
"1053665","walczak",,"ekorion"
"1053666","walczyk",,"okiruot"
"1053667","wald",,"ukastu"
"1053668","walda",,"akesis"
"1053669","waldack",,"ukasoo"
"1053670","waldara",,"qusunat"
"1053671","waldchen",,"ekoseran"
"1053672","waldeck",,"okisuin"
"1053673","walded",,"qasaot"
"1053674","waldegrave",,"ikusanin"
"1053675","waldemar",,"qasavaon"
"1053676","waldemars",,"qasavaan"
"1053677","walden",,"qisiin"
"1053678","waldenburg",,"qusuvao"
"1053679","waldenesque",,"qesevopuet"
"1053680","waldenite",,"ukasefi"
"1053681","waldens",,"qisiva"
"1053682","waldense",,"qosovian"
"1053683","waldensean",,"ikusafin"
"1053684","waldenseans",,"ikusafafa"
"1053685","waldenses",,"qosoviun"
"1053686","waldensess",,"qosoviu"
"1053687","waldensian",,"ukasefuna"
"1053688","waldensianism",,"okisufuva"
"1053689","waldensianisms",,"okisufuven"
"1053690","waldensians",,"ukasefevu"
"1053691","waldenstr",,"qisivuon"
"1053692","walder",,"qeseun"
"1053693","waldes",,"ikusono"
"1053694","waldeyer",,"qosovui"
"1053695","waldeyers",,"qosovuat"
"1053696","waldflute",,"qusulia"
"1053697","waldflutes",,"qusulien"
"1053698","waldglas",,"qosomee"
"1053699","waldglass",,"qosomein"
"1053700","waldgrave",,"ukasoqi"
"1053701","waldgraves",,"ukasoqat"
"1053702","waldgravine",,"qusumusaon"
"1053703","waldgravines",,"qusumusaan"
"1053704","waldheim",,"qusunoot"
"1053705","waldheimia",,"qasaniin"
"1053706","waldheimias",,"qasanitoa"
"1053707","waldheims",,"qusunoo"
"1053708","waldhorn",,"qosonuu"
"1053709","waldhorns",,"qosonuot"
"1053710","waldie",,"ikusio"
"1053711","waldiger",,"qosoree"
"1053712","walding",,"qasaran"
"1053713","waldiomycin",,"qeserifaun"
"1053714","waldkommando",,"ekosihohet"
"1053715","waldman",,"qisizo"
"1053716","waldmann",,"ikusoru"
"1053717","waldmeister",,"akesuzodon"
"1053718","waldmeisteres",,"ukasizedot"
"1053719","waldmeisters",,"akesuzodan"
"1053720","waldner",,"ekoseon"
"1053721","waldo",,"ekosou"
"1053722","waldoboro",,"ekosose"
"1053723","waldoboros",,"ekososin"
"1053724","waldoes",,"akeseea"
"1053725","waldon",,"qeseu"
"1053726","waldorf",,"ikusuee"
"1053727","waldorfian",,"qusufuon"
"1053728","waldorfs",,"ikusuqin"
"1053729","waldos",,"ekoseta"
"1053730","waldport",,"qasahoan"
"1053731","waldports",,"qasahoun"
"1053732","waldrapp",,"qesecaa"
"1053733","waldrapps",,"qesecaen"
"1053734","waldren",,"ekosaona"
"1053735","waldrep",,"akesue"
"1053736","waldridge",,"ukasisan"
"1053737","waldrip",,"ekosaan"
"1053738","waldrist",,"ukasisi"
"1053739","waldron",,"ukasiet"
"1053740","waldrons",,"ukasihi"
"1053741","waldrop",,"ikusouna"
"1053742","waldroup",,"okisehen"
"1053743","waldrup",,"akesuu"
"1053744","walds",,"ukasus"
"1053745","waldschaf",,"okisoton"
"1053746","waldschmidt",,"qusuqaseon"
"1053747","waldspur",,"akesajot"
"1053748","waldstein",,"akesabo"
"1053749","waldsteinia",,"ekosebava"
"1053750","waldsteinias",,"ekosebaven"
"1053751","waldsteins",,"akesabet"
"1053752","waldsterben",,"akesabuben"
"1053753","waldsterbens",,"akesabubon"
"1053754","waldstreicher",,"ikusibufi"
"1053755","waldteufel",,"qisiwean"
"1053756","waldteufels",,"qisiwegiun"
"1053757","waldviertel",,"ukasosibe"
"1053758","waldvogel",,"ikusehota"
"1053759","waldwick",,"ekosasat"
"1053760","waldwicks",,"ekosasea"
"1053761","waldzither",,"akesoset"
"1053762","wale",,"qeso"
"1053763","waled",,"ikutusa"
"1053764","waleed",,"okitunn"
"1053765","walek",,"qaset"
"1053766","walen",,"ekotele"
"1053767","walensee",,"ukatuwena"
"1053768","walenski",,"aketawo"
"1053769","walensky",,"okitowena"
"1053770","walentaite",,"aketaben"
"1053771","walentynowicz",,"qusapenoat"
"1053772","walenz",,"qaseo"
"1053773","walepiece",,"ikutasea"
"1053774","waler",,"ukatisi"
"1053775","walerian",,"qasecean"
"1053776","walers",,"ukatari"
"1053777","wales",,"qesoq"
"1053778","walesa",,"qosiet"
"1053779","walesas",,"qosiqi"
"1053780","waleses",,"qaseqen"
"1053781","waleska",,"qesoqin"
"1053782","waleskas",,"qesoqua"
"1053783","walesman",,"aketapot"
"1053784","waless",,"qesoe"
"1053785","walesses",,"qaseqeon"
"1053786","waleswood",,"aketaka"
"1053787","walewort",,"qesogia"
"1053788","waley",,"qisul"
"1053789","waleys",,"qisuin"
"1053790","walfish",,"qusara"
"1053791","walfisz",,"qaseran"
"1053792","walford",,"ikukue"
"1053793","walfordite",,"qusafuet"
"1053794","walgett",,"qesivot"
"1053795","walgherton",,"qosunaen"
"1053796","walgreen",,"qusecoin"
"1053797","walgreens",,"qusecoa"
"1053798","walgreenss",,"qusecoen"
"1053799","walgren",,"qasoci"
"1053800","walhall",,"ikumeue"
"1053801","walhalla",,"ukamozan"
"1053802","walhalls",,"ikumezota"
"1053803","walham",,"ukamenn"
"1053804","walhonding",,"qasifeo"
"1053805","walhondings",,"qasifeziet"
"1053806","wali",,"qose"
"1053807","walia",,"qison"
"1053808","walian",,"ikunato"
"1053809","walias",,"qisoa"
"1053810","waliau",,"qosei"
"1053811","walibi",,"akenuni"
"1053812","walid",,"ukanare"
"1053813","walidf",,"qisoo"
"1053814","walie",,"qesav"
"1053815","walier",,"ukanos"
"1053816","walies",,"qesau"
"1053817","waliest",,"ikunaun"
"1053818","waligore",,"okinahon"
"1053819","walima",,"qesain"
"1053820","walimah",,"ukaniia"
"1053821","waling",,"ikuneto"
"1053822","walings",,"ikuniini"
"1053823","walinski",,"ekonewin"
"1053824","walipini",,"qesahoi"
"1053825","walis",,"qoseq"
"1053826","walise",,"qesaua"
"1053827","walises",,"qesaqot"
"1053828","waliship",,"qusiquen"
"1053829","waliszew",,"ikuninea"
"1053830","walk",,"qesoa"
"1053831","walkabilities",,"okisasufo"
"1053832","walkability",,"akesisofat"
"1053833","walkable",,"qasenai"
"1053834","walkably",,"qisuniet"
"1053835","walkabout",,"qisunii"
"1053836","walkabouts",,"qisuniat"
"1053837","walkalator",,"ekosuzot"
"1053838","walkalong",,"qesonaan"
"1053839","walkaround",,"ikuseqo"
"1053840","walkathon",,"ukasobe"
"1053841","walkathons",,"ukasobina"
"1053842","walkaway",,"qisunien"
"1053843","walkaways",,"qisunion"
"1053844","walkb",,"ukasini"
"1053845","walkback",,"ukasiron"
"1053846","walkboard",,"okisehet"
"1053847","walkd",,"ikusuni"
"1053848","walkden",,"qositan"
"1053849","walkdown",,"qisutaon"
"1053850","walke",,"qasev"
"1053851","walked",,"okisui"
"1053852","walkedst",,"qusaveu"
"1053853","walkee",,"qusaan"
"1053854","walken",,"akeses"
"1053855","walkene",,"ukaseen"
"1053856","walkenhorst",,"qasevesuo"
"1053857","walker",,"ikusana"
"1053858","walkerburn",,"qisuviat"
"1053859","walkergate",,"qesoveon"
"1053860","walkeri",,"ikusaea"
"1053861","walkeria",,"ukaseqi"
"1053862","walkerian",,"qusavuo"
"1053863","walkeringham",,"ekosiqijan"
"1053864","walkerism",,"ekosiqin"
"1053865","walkerite",,"qusavua"
"1053866","walkern",,"qisuven"
"1053867","walkers",,"ikusaun"
"1053868","walkersville",,"qasevabeen"
"1053869","walkersvilles",,"qasevabeon"
"1053870","walkerton",,"okisuqi"
"1053871","walkertons",,"okisuqat"
"1053872","walkertown",,"akesoqon"
"1053873","walkertowns",,"akesoqican"
"1053874","walkerville",,"qasevakia"
"1053875","walkervilles",,"qasevakien"
"1053876","walkes",,"qaseen"
"1053877","walkest",,"okisuaa"
"1053878","walketh",,"qasevi"
"1053879","walkey",,"qosion"
"1053880","walkford",,"okisuhon"
"1053881","walkham",,"ikusoua"
"1053882","walkhampton",,"qesonafeu"
"1053883","walkie",,"qaseet"
"1053884","walkies",,"qaseri"
"1053885","walkin",,"ekosanu"
"1053886","walking",,"okisoona"
"1053887","walkings",,"okisofana"
"1053888","walkingstick",,"qisurureet"
"1053889","walkingsticks",,"qisururei"
"1053890","walkington",,"ekosefet"
"1053891","walkingway",,"ikusifet"
"1053892","walkins",,"ekoseuna"
"1053893","walkinshaw",,"qisuruu"
"1053894","walkist",,"ikusiu"
"1053895","walklate",,"qusaviin"
"1053896","walkless",,"ekosuzun"
"1053897","walkley",,"ikuseun"
"1053898","walkling",,"qisuvuun"
"1053899","walkman",,"akesuot"
"1053900","walkmans",,"akesuro"
"1053901","walkmill",,"qesozoi"
"1053902","walkmiller",,"ikusoson"
"1053903","walkmills",,"qesozoat"
"1053904","walko",,"qisuf"
"1053905","walkoff",,"qesofet"
"1053906","walkon",,"ikusuno"
"1053907","walkout",,"ukasaona"
"1053908","walkouts",,"ukasadan"
"1053909","walkover",,"qesofao"
"1053910","walkovers",,"qesofaet"
"1053911","walkowiak",,"qesofei"
"1053912","walkowski",,"qasefain"
"1053913","walkrife",,"qosiciin"
"1053914","walks",,"qesoqa"
"1053915","walkshed",,"qaseqaan"
"1053916","walkshorts",,"ekosero"
"1053917","walkside",,"okisosen"
"1053918","walksman",,"akesapo"
"1053919","walksmen",,"ikusipin"
"1053920","walkt",,"ikusunu"
"1053921","walkthrough",,"qusawuwie"
"1053922","walkthroughs",,"qusawuwiin"
"1053923","walkthru",,"ikusurota"
"1053924","walktrap",,"ekosoqun"
"1053925","walkup",,"ukasena"
"1053926","walkups",,"ukaseon"
"1053927","walkure",,"okisuae"
"1053928","walkuski",,"qusabao"
"1053929","walkway",,"qosigan"
"1053930","walkwayed",,"ikusore"
"1053931","walkways",,"qosigeun"
"1053932","walky",,"qisula"
"1053933","walkyr",,"ekoson"
"1053934","walkyrian",,"qosiloot"
"1053935","walkyrie",,"akeseqa"
"1053936","walkyries",,"akeseqen"
"1053937","wall",,"ikutti"
"1053938","walla",,"ukatosu"
"1053939","wallaba",,"qisana"
"1053940","wallabadah",,"qusenua"
"1053941","wallabas",,"qisanien"
"1053942","wallabee",,"qasonaet"
"1053943","wallabi",,"qosunat"
"1053944","wallabies",,"qesineen"
"1053945","wallaby",,"qusenun"
"1053946","wallabys",,"qusenuu"
"1053947","wallace",,"ikuteana"
"1053948","wallacea",,"ukatoten"
"1053949","wallacean",,"qusenain"
"1053950","wallaceburg",,"ukatotive"
"1053951","wallacedale",,"ekotutape"
"1053952","wallacei",,"ikutetea"
"1053953","wallaceism",,"ekotutin"
"1053954","wallaces",,"ikutetun"
"1053955","wallaceton",,"okitatia"
"1053956","wallacetons",,"okitategat"
"1053957","wallacetown",,"aketitugon"
"1053958","wallach",,"qosunata"
"1053959","wallache",,"qesinoa"
"1053960","wallachia",,"qisanuan"
"1053961","wallachian",,"ikuteten"
"1053962","wallachians",,"ikutetuvon"
"1053963","wallacia",,"aketitot"
"1053964","wallack",,"ikuteuna"
"1053965","wallaga",,"ekotuan"
"1053966","wallagaraugh",,"ikutenibat"
"1053967","wallago",,"okitaeno"
"1053968","wallagoot",,"qesinai"
"1053969","wallagrass",,"quseniet"
"1053970","wallah",,"qosuan"
"1053971","wallahee",,"qasonai"
"1053972","wallahi",,"qosune"
"1053973","wallahs",,"qosunun"
"1053974","wallalong",,"ikutezen"
"1053975","wallaloo",,"qusenia"
"1053976","wallamore",,"qesineet"
"1053977","wallan",,"quseun"
"1053978","wallanbah",,"qesinoet"
"1053979","walland",,"ekotuia"
"1053980","wallander",,"qisanuon"
"1053981","wallands",,"ekotufat"
"1053982","wallangra",,"ukatofun"
"1053983","wallanthery",,"ikutefetet"
"1053984","wallarah",,"ekotuqun"
"1053985","wallaroo",,"qesineena"
"1053986","wallaroos",,"qesineon"
"1053987","wallas",,"ukatola"
"1053988","wallasea",,"ukatowet"
"1053989","wallasey",,"aketiwina"
"1053990","wallawalla",,"ekotukin"
"1053991","wallawallas",,"ekotukefa"
"1053992","wallback",,"qesiraa"
"1053993","wallbacks",,"qesiraen"
"1053994","wallball",,"quseriot"
"1053995","wallbang",,"ikutorina"
"1053996","wallbangable",,"okiteruse"
"1053997","wallbanged",,"quserio"
"1053998","wallbanger",,"qasoruu"
"1053999","wallbanging",,"quserihaun"
"1054000","wallbangs",,"ikutoraa"
"1054001","wallbank",,"ekotarun"
"1054002","wallbars",,"aketurota"
"1054003","wallbird",,"qesiroo"
"1054004","wallboar",,"okitehen"
"1054005","wallboard",,"qusereot"
"1054006","wallboards",,"qusereo"
"1054007","wallbox",,"ikutouna"
"1054008","wallbreaker",,"qasorapeu"
"1054009","wallburg",,"ukatidana"
"1054010","wallburgs",,"ukatidun"
"1054011","wallchart",,"qosusoina"
"1054012","wallcharts",,"qosusoaa"
"1054013","wallclimber",,"qosusetuen"
"1054014","wallclimbers",,"qosusetuon"
"1054015","wallclock",,"qasosue"
"1054016","wallcovering",,"qusesekuun"
"1054017","wallcoverings",,"qusesekuu"
"1054018","wallcrawl",,"ekoteqea"
"1054019","wallcrawler",,"qisasisaun"
"1054020","wallcrawling",,"qosusosuan"
"1054021","wallcreeper",,"qasosapae"
"1054022","wallcrossing",,"ukatuqodet"
"1054023","walle",,"okitutu"
"1054024","wallear",,"qesivin"
"1054025","walled",,"qusean"
"1054026","wallem",,"aketeso"
"1054027","walleminol",,"ikutapon"
"1054028","walleminone",,"ekotipijen"
"1054029","wallemiomycete",,"qosuvotean"
"1054030","wallen",,"qosui"
"1054031","wallenbe",,"ukatefet"
"1054032","wallenberg",,"qisavuat"
"1054033","wallenbergs",,"qisavutie"
"1054034","wallendbeen",,"aketofiven"
"1054035","wallengreen",,"qusevareon"
"1054036","wallenqu",,"qosuvie"
"1054037","wallensee",,"qasovean"
"1054038","wallensis",,"qosuviot"
"1054039","wallensiss",,"qosuvio"
"1054040","wallenstein",,"qisavubou"
"1054041","wallensteins",,"qisavuboot"
"1054042","waller",,"qasoena"
"1054043","wallerawang",,"ekotiqema"
"1054044","wallered",,"ekotiqia"
"1054045","walleri",,"qasovi"
"1054046","wallerian",,"ekotiqu"
"1054047","wallerians",,"ekotiqot"
"1054048","wallering",,"ekotiqota"
"1054049","walleroobie",,"ekotiquca"
"1054050","wallers",,"qasovon"
"1054051","wallersteinian",,"okituqugen"
"1054052","wallerthwaite",,"aketoqite"
"1054053","wallet",,"quseat"
"1054054","walleted",,"aketobua"
"1054055","walleteer",,"aketobota"
"1054056","walletful",,"qisavaat"
"1054057","walletless",,"ukatebun"
"1054058","walletlike",,"ikutaben"
"1054059","wallets",,"quseve"
"1054060","wallette",,"aketobina"
"1054061","walley",,"ukataru"
"1054062","walleye",,"ikutaan"
"1054063","walleyed",,"qasovoet"
"1054064","walleyeperch",,"qosuvupoo"
"1054065","walleyes",,"ikutamun"
"1054066","walleys",,"ukateen"
"1054067","wallfish",,"aketosona"
"1054068","wallfishes",,"ukatesota"
"1054069","wallflow",,"ikutaza"
"1054070","wallflower",,"qasoluot"
"1054071","wallflowered",,"ekotizumen"
"1054072","wallflowering",,"ekotizume"
"1054073","wallflowerish",,"ikutazemin"
"1054074","wallflowers",,"qasolujoo"
"1054075","wallflowery",,"qosulejuet"
"1054076","wallford",,"quselea"
"1054077","wallful",,"okituete"
"1054078","wallgren",,"ekotuqe"
"1054079","wallhack",,"qesinaen"
"1054080","wallhacked",,"okiterie"
"1054081","wallhacker",,"ikutoroa"
"1054082","wallhacking",,"okiterupot"
"1054083","wallhacks",,"qesinaon"
"1054084","wallhanging",,"qusenihau"
"1054085","wallhead",,"ikutoze"
"1054086","wallhick",,"qasonee"
"1054087","walli",,"ikutisi"
"1054088","wallia",,"ukatenn"
"1054089","walliams",,"okitorone"
"1054090","wallichoside",,"ukatutaco"
"1054091","wallick",,"okitoene"
"1054092","wallicoside",,"qesirojuat"
"1054093","wallie",,"okitott"
"1054094","wallier",,"qasori"
"1054095","wallies",,"okitooa"
"1054096","walliest",,"quseroot"
"1054097","wallin",,"qisaen"
"1054098","walling",,"qusera"
"1054099","wallinga",,"qasoree"
"1054100","wallingat",,"okitofat"
"1054101","wallingford",,"aketafaru"
"1054102","wallingfords",,"aketafarot"
"1054103","wallings",,"quseraen"
"1054104","wallington",,"qisaruot"
"1054105","wallingtons",,"qisaruroo"
"1054106","wallis",,"ikutunne"
"1054107","wallise",,"okitooe"
"1054108","wallisellen",,"qisarupuin"
"1054109","wallisian",,"quseraet"
"1054110","wallisite",,"quseraena"
"1054111","walliss",,"ikutiua"
"1054112","wallisville",,"qasorekien"
"1054113","wallisvilles",,"qasorekion"
"1054114","walliw",,"ekotire"
"1054115","walljump",,"ekotodu"
"1054116","wallkill",,"ukatesei"
"1054117","wallkilldellite",,"ikutasifo"
"1054118","wallkills",,"ukatesine"
"1054119","wallless",,"qisaveon"
"1054120","walllike",,"qosuviin"
"1054121","wallman",,"qosuzun"
"1054122","wallmapuwen",,"okiterekun"
"1054123","wallner",,"aketaina"
"1054124","wallo",,"aketela"
"1054125","walloch",,"qisafet"
"1054126","wallon",,"qasoon"
"1054127","walloner",,"okitifet"
"1054128","wallonia",,"qesifoet"
"1054129","wallonian",,"ekotofot"
"1054130","wallonians",,"ekotofoa"
"1054131","wallons",,"qasofan"
"1054132","walloon",,"qosufe"
"1054133","walloonphobia",,"aketehoqa"
"1054134","walloons",,"qosufuin"
"1054135","wallop",,"qusee"
"1054136","walloped",,"aketejot"
"1054137","walloper",,"ekotojun"
"1054138","wallopers",,"ekotoju"
"1054139","walloping",,"aketejan"
"1054140","wallopings",,"aketejun"
"1054141","wallopped",,"qusefoa"
"1054142","wallopping",,"qusefoat"
"1054143","wallops",,"qusefin"
"1054144","wallow",,"ikutats"
"1054145","wallowa",,"ukataeta"
"1054146","wallowas",,"ukatakia"
"1054147","wallowed",,"qusefuu"
"1054148","wallower",,"qasofaan"
"1054149","wallowers",,"qasofaun"
"1054150","wallowest",,"qusefua"
"1054151","walloweth",,"okitiki"
"1054152","wallowin",,"qisafian"
"1054153","wallowing",,"qusefuon"
"1054154","wallowingly",,"okitikujot"
"1054155","wallowings",,"qusefuan"
"1054156","wallowish",,"qesifean"
"1054157","wallowishly",,"ukatakedo"
"1054158","wallowishness",,"aketekodot"
"1054159","wallows",,"ikutuea"
"1054160","wallowsome",,"okitikat"
"1054161","wallowy",,"aketeina"
"1054162","wallpainting",,"ekotirijat"
"1054163","wallpape",,"ekotirate"
"1054164","wallpaper",,"qusehia"
"1054165","wallpapered",,"aketorufet"
"1054166","wallpaperer",,"ekotirafot"
"1054167","wallpapergate",,"okiturefin"
"1054168","wallpapering",,"aketorufu"
"1054169","wallpaperlike",,"ikutarofun"
"1054170","wallpapers",,"qusehien"
"1054171","wallpapery",,"qesihaon"
"1054172","wallpepper",,"ekotizina"
"1054173","wallpiece",,"qasoheat"
"1054174","wallplant",,"ekotizine"
"1054175","wallplate",,"qasohuun"
"1054176","wallplug",,"ikutazaa"
"1054177","wallposter",,"qisahaun"
"1054178","wallposters",,"qisahabou"
"1054179","wallpress",,"ukateqat"
"1054180","wallpresses",,"ikutaqoden"
"1054181","wallraff",,"qasocue"
"1054182","wallridden",,"ukatisun"
"1054183","wallride",,"okitesen"
"1054184","wallridge",,"ikutosaa"
"1054185","wallriding",,"qusecaan"
"1054186","wallrocket",,"ikutoho"
"1054187","wallrode",,"ukatihon"
"1054188","walls",,"ikutiso"
"1054189","wallsburg",,"ukatusun"
"1054190","wallsburgs",,"ukatusue"
"1054191","wallscape",,"qosuqie"
"1054192","wallscaping",,"ukatutuqa"
"1054193","wallscreen",,"ukatutat"
"1054194","wallsend",,"ukatuzona"
"1054195","wallsends",,"ukatuzana"
"1054196","wallside",,"quseqain"
"1054197","wallslam",,"qisaqoi"
"1054198","wallslammed",,"okitozohun"
"1054199","wallslamming",,"okitozohen"
"1054200","wallslams",,"qisaqoat"
"1054201","wallss",,"ikutatna"
"1054202","wallstead",,"okitoben"
"1054203","wallstone",,"ekotebu"
"1054204","walltop",,"ekotoati"
"1054205","wallula",,"qusebu"
"1054206","wallulas",,"qusebiot"
"1054207","wallum",,"aketune"
"1054208","wallup",,"qesiin"
"1054209","wallwalk",,"qosugeu"
"1054210","wallward",,"okitero"
"1054211","wallwards",,"okitereta"
"1054212","wallwise",,"aketusa"
"1054213","wallwork",,"qasogoun"
"1054214","wallwort",,"ikutohin"
"1054215","wallworts",,"ikutoha"
"1054216","wally",,"aketele"
"1054217","wallyball",,"qesileet"
"1054218","wallyballs",,"qesilei"
"1054219","wallybrain",,"qosuloa"
"1054220","wallydrag",,"okitivon"
"1054221","wallydrags",,"okitivan"
"1054222","wallydraigle",,"qosuluwion"
"1054223","wallydraigles",,"qosuluwian"
"1054224","wallyford",,"qesiluon"
"1054225","wallyhumper",,"qesilegiun"
"1054226","wallys",,"aketeli"
"1054227","wallyscar",,"quselaot"
"1054228","wallywor",,"qisalion"
"1054229","wallyworld",,"qesileia"
"1054230","walm",,"qasi"
"1054231","walmajarri",,"akeviti"
"1054232","walmart",,"qesunot"
"1054233","walmarted",,"okivaqen"
"1054234","walmarter",,"ikuveqin"
"1054235","walmartian",,"okivaqat"
"1054236","walmarting",,"okivaqe"
"1054237","walmartization",,"akeviqiva"
"1054238","walmartize",,"ukavoqun"
"1054239","walmarts",,"qesuneo"
"1054240","walmatjari",,"ukavobu"
"1054241","walmed",,"ekovena"
"1054242","walmer",,"okivina"
"1054243","walmersley",,"qusovuo"
"1054244","walmesley",,"ekoviwun"
"1054245","walming",,"ekoveea"
"1054246","walmisley",,"okivowi"
"1054247","walmley",,"okivaa"
"1054248","walms",,"qasiq"
"1054249","walmsley",,"okivozen"
"1054250","waln",,"okizne"
"1054251","walney",,"ikuzio"
"1054252","walnum",,"ukazeno"
"1054253","walnuss",,"ekozian"
"1054254","walnut",,"qisoaa"
"1054255","walnutpo",,"ukazeban"
"1054256","walnuts",,"qisoben"
"1054257","walnutshade",,"qisobabaun"
"1054258","walnutshades",,"qisobabau"
"1054259","walnutty",,"okizuben"
"1054260","walnutwood",,"okizubana"
"1054261","walnutwoods",,"okizubicun"
"1054262","walnuty",,"qasubon"
"1054263","walon",,"ukaputa"
"1054264","walouewite",,"ekopizu"
"1054265","walp",,"ekofni"
"1054266","walpa",,"okifai"
"1054267","walpapi",,"qesona"
"1054268","walpapis",,"qesonuen"
"1054269","walpeup",,"qisuvo"
"1054270","walpi",,"ekofei"
"1054271","walpole",,"qisufen"
"1054272","walpolean",,"ukafazat"
"1054273","walpoleans",,"ukafaze"
"1054274","walpoles",,"qisufoon"
"1054275","walpolian",,"akefezon"
"1054276","walpurga",,"qasebaat"
"1054277","walpurgas",,"qasebae"
"1054278","walpurgis",,"qusabuet"
"1054279","walpurgisnacht",,"akefoqavo"
"1054280","walpurgisnachts",,"akefoqavet"
"1054281","walpurgiss",,"qusabui"
"1054282","walpurgite",,"akefoqia"
"1054283","walrand",,"ikujeata"
"1054284","walras",,"ekojeta"
"1054285","walrasian",,"qosaniin"
"1054286","walrass",,"ekojuie"
"1054287","walrath",,"ekojuana"
"1054288","walraven",,"ekojugan"
"1054289","walrod",,"qusoat"
"1054290","walrus",,"ukajoa"
"1054291","walrused",,"qasibeon"
"1054292","walruses",,"ikujawe"
"1054293","walrusian",,"qasibee"
"1054294","walrusine",,"qisebuana"
"1054295","walrusing",,"qasibein"
"1054296","walruslike",,"qisebue"
"1054297","walruss",,"ukajeet"
"1054298","walrussed",,"qasibean"
"1054299","walrussia",,"akejowen"
"1054300","walrussing",,"qasibea"
"1054301","wals",,"qosea"
"1054302","walsall",,"qasuni"
"1054303","walsden",,"qisota"
"1054304","walsdorf",,"ikucuhin"
"1054305","walsen",,"ekoceta"
"1054306","walsenburg",,"okicufan"
"1054307","walsenburgs",,"okicufikun"
"1054308","walser",,"ukacae"
"1054309","walsh",,"akecui"
"1054310","walsham",,"ukacione"
"1054311","walshe",,"ukacoo"
"1054312","walshnut",,"ekocafe"
"1054313","walshs",,"akecuo"
"1054314","walshville",,"qoseneen"
"1054315","walshvilles",,"qosenetion"
"1054316","walsingham",,"qasureo"
"1054317","walski",,"qesaot"
"1054318","walspere",,"qosehaat"
"1054319","walstad",,"qosewi"
"1054320","walston",,"qesawa"
"1054321","walstonburg",,"qosewuhuet"
"1054322","walstonburgs",,"qosewuhui"
"1054323","walstra",,"qisowo"
"1054324","walstrom",,"qosewou"
"1054325","walstromite",,"ikucuqehon"
"1054326","walsworth",,"akecuhet"
"1054327","walsy",,"qusil"
"1054328","walt",,"ukaqri"
"1054329","waltair",,"qisinen"
"1054330","waltana",,"qesenin"
"1054331","waltdisn",,"ekoqosun"
"1054332","walter",,"qesee"
"1054333","walterboro",,"qeseveon"
"1054334","walterboros",,"qesevetaan"
"1054335","walterene",,"ukaqeqon"
"1054336","walterenes",,"ukaqeqan"
"1054337","waltermire",,"ekoqiqin"
"1054338","walters",,"qesevin"
"1054339","waltersburg",,"qosovobuo"
"1054340","waltersburgs",,"qosovobuet"
"1054341","walterson",,"ikuqaqot"
"1054342","walterss",,"qesevea"
"1054343","walterville",,"ikuqaqivet"
"1054344","waltervilles",,"ikuqaqivi"
"1054345","walth",,"qoson"
"1054346","walthall",,"qasanuun"
"1054347","walthalls",,"qasanuu"
"1054348","waltham",,"qesena"
"1054349","walthamite",,"okiqerat"
"1054350","walthams",,"qesenaen"
"1054351","walthamstow",,"ikuqorudon"
"1054352","walthamstows",,"ikuqorudan"
"1054353","walthard",,"qisinoet"
"1054354","walther",,"ukaqiet"
"1054355","walthers",,"ukaqizi"
"1054356","walthierite",,"qasanepoa"
"1054357","walthour",,"ekoqahe"
"1054358","walthourville",,"qisinagaet"
"1054359","walthourvilles",,"qisinagai"
"1054360","waltier",,"qeserot"
"1054361","waltiest",,"qasarian"
"1054362","waltman",,"qisizen"
"1054363","waltner",,"ekoqeia"
"1054364","walton",,"qesein"
"1054365","waltonian",,"okiqifan"
"1054366","waltonians",,"okiqifun"
"1054367","waltons",,"qesefa"
"1054368","waltonville",,"ikuqufivi"
"1054369","waltonvilles",,"ikuqufivat"
"1054370","waltraud",,"ukaqiret"
"1054371","waltraut",,"ukaqiron"
"1054372","waltrip",,"ekoqaat"
"1054373","waltron",,"ukaqiona"
"1054374","waltrot",,"ekoqaana"
"1054375","walts",,"ukaqus"
"1054376","walty",,"ekoqona"
"1054377","waltz",,"qisim"
"1054378","waltzed",,"ukaqeaa"
"1054379","waltzer",,"akeqoea"
"1054380","waltzers",,"akeqozin"
"1054381","waltzes",,"qosomi"
"1054382","waltzing",,"ukaqesat"
"1054383","waltzings",,"ukaqese"
"1054384","waltzlike",,"okiquzi"
"1054385","waltzy",,"qasao"
"1054386","walu",,"qesoi"
"1054387","waluewite",,"ukaweki"
"1054388","walung",,"okiwao"
"1054389","walungge",,"okiwonon"
"1054390","walunggi",,"ikuwinoa"
"1054391","walvis",,"ikubat"
"1054392","walwa",,"qesun"
"1054393","walwort",,"qosafat"
"1054394","walworth",,"akedeqo"
"1054395","walwyn",,"okidin"
"1054396","waly",,"qusu"
"1054397","walycoat",,"ukakuhet"
"1054398","walz",,"ekolna"
"1054399","walzenhausen",,"qosivisien"
"1054400","walzonomics",,"qisufujain"
"1054401","wamanyema",,"qatopoan"
"1054402","wamara",,"qutean"
"1054403","wamba",,"qiten"
"1054404","wambach",,"ekinuon"
"1054405","wambais",,"qiteno"
"1054406","wamban",,"ikanis"
"1054407","wambangalang",,"ikanefitan"
"1054408","wambat",,"akonato"
"1054409","wambaya",,"qetune"
"1054410","wambenger",,"qutovaot"
"1054411","wambengers",,"qutovao"
"1054412","wamberal",,"qetuveot"
"1054413","wamble",,"okunuo"
"1054414","wamblecropt",,"qitevevaun"
"1054415","wambled",,"qutovat"
"1054416","wambles",,"okunaot"
"1054417","wamblier",,"qativean"
"1054418","wambliest",,"qutovaa"
"1054419","wambliness",,"qotavia"
"1054420","wamblinesses",,"qetuvoheun"
"1054421","wamblinesss",,"qotavihoen"
"1054422","wambling",,"qutovaoa"
"1054423","wamblingly",,"okunase"
"1054424","wamblings",,"qutovaet"
"1054425","wambly",,"akonunn"
"1054426","wamboin",,"ukenaon"
"1054427","wambold",,"qotafan"
"1054428","wambool",,"okunioi"
"1054429","wambrook",,"ikanohin"
"1054430","wambuba",,"akonoun"
"1054431","wambubas",,"akonosu"
"1054432","wambugu",,"qetubot"
"1054433","wambugus",,"qetubao"
"1054434","wambulance",,"qotabeu"
"1054435","wambutti",,"qatiboan"
"1054436","wambuttis",,"qatiboun"
"1054437","wame",,"ikatso"
"1054438","wamed",,"qatet"
"1054439","wamefou",,"qitulen"
"1054440","wamefous",,"qitulaon"
"1054441","wamefu",,"qetou"
"1054442","wameful",,"okutuoa"
"1054443","wamefull",,"qitulei"
"1054444","wamefuls",,"okutudet"
"1054445","wamego",,"ekitont"
"1054446","wamegos",,"ekituane"
"1054447","wamel",,"qutav"
"1054448","wamen",,"qitup"
"1054449","wames",,"ikatito"
"1054450","wamfle",,"ikakat"
"1054451","wammers",,"qutove"
"1054452","wammikin",,"qeturui"
"1054453","wammul",,"qotaan"
"1054454","wammuls",,"qotabun"
"1054455","wammus",,"ekivoni"
"1054456","wammuses",,"akovowot"
"1054457","wammuss",,"ekivian"
"1054458","wamozart",,"qetemaa"
"1054459","wamp",,"qitu"
"1054460","wampahoofus",,"qutanujiat"
"1054461","wampano",,"ekifuan"
"1054462","wampanoag",,"ikafefa"
"1054463","wampanoags",,"ikafefen"
"1054464","wampee",,"qetoun"
"1054465","wampees",,"qetovu"
"1054466","wamper",,"akofun"
"1054467","wampi",,"qitur"
"1054468","wampish",,"ekifeun"
"1054469","wampished",,"qotiriin"
"1054470","wampishes",,"akofawet"
"1054471","wampishing",,"qotirii"
"1054472","wample",,"ikafan"
"1054473","wampler",,"qetovot"
"1054474","wampole",,"akofein"
"1054475","wampool",,"ikafuu"
"1054476","wampsville",,"akofagi"
"1054477","wampsvilles",,"akofagofat"
"1054478","wampum",,"qateet"
"1054479","wampumgate",,"ikafapo"
"1054480","wampumpeag",,"akofopon"
"1054481","wampumpeags",,"akofopufan"
"1054482","wampums",,"qatebi"
"1054483","wampus",,"qotii"
"1054484","wampuses",,"qetoboa"
"1054485","wampuss",,"qotibat"
"1054486","wampyr",,"ikafana"
"1054487","wams",,"ukec1"
"1054488","wamsley",,"qetavin"
"1054489","wamss",,"ukecuo"
"1054490","wamsutter",,"qutibeot"
"1054491","wamsutters",,"qutibeo"
"1054492","wamus",,"ikawin"
"1054493","wamuses",,"okuwoot"
"1054494","wamuss",,"ikawane"
"1054495","wamz",,"qitua"
"1054496","wan",,"qev"
"1054497","wana",,"qovu"
"1054498","wanaaring",,"qovunoot"
"1054499","wanaka",,"qovuon"
"1054500","wanakena",,"ekumizana"
"1054501","wanakenas",,"ekumizun"
"1054502","wanalta",,"qevivin"
"1054503","wanam",,"qavoz"
"1054504","wanamaker",,"okameret"
"1054505","wanamakers",,"okameri"
"1054506","wanamingo",,"ikemosen"
"1054507","wanamingos",,"ikemoson"
"1054508","wananga",,"ukomuet"
"1054509","wananish",,"qavopeun"
"1054510","wanaparthy",,"qovuheot"
"1054511","wanapum",,"ikemauni"
"1054512","wanapums",,"ikemadu"
"1054513","wanaque",,"qeviju"
"1054514","wanaques",,"qevijuot"
"1054515","wanas",,"qovuq"
"1054516","wanat",,"ukomari"
"1054517","wanatah",,"qivawo"
"1054518","wanatahs",,"qivawoet"
"1054519","wanax",,"okamoru"
"1054520","wanbailin",,"ekunusine"
"1054521","wanbeliever",,"qevuvateon"
"1054522","wanblee",,"qivevot"
"1054523","wanblees",,"qiveveo"
"1054524","wanborough",,"ukonaqin"
"1054525","wanca",,"qoven"
"1054526","wanchai",,"akiruin"
"1054527","wanchan",,"qavunon"
"1054528","wanchance",,"quviniin"
"1054529","wanchancie",,"quvinio"
"1054530","wanchancy",,"qovenee"
"1054531","wanchans",,"qavunuan"
"1054532","wancheng",,"quvinoot"
"1054533","wanchese",,"okareza"
"1054534","wancheses",,"okarezen"
"1054535","wanchor",,"quvinu"
"1054536","wanchuan",,"quvinoin"
"1054537","wanchuans",,"quvinoa"
"1054538","wand",,"ikesti"
"1054539","wanda",,"ukosono"
"1054540","wandala",,"qevenu"
"1054541","wandalae",,"qavanuet"
"1054542","wandalas",,"qevenaot"
"1054543","wandana",,"qavanen"
"1054544","wandas",,"ukosote"
"1054545","wande",,"okasune"
"1054546","wanded",,"quvuon"
"1054547","wandel",,"qiviin"
"1054548","wandelaar",,"ikesaze"
"1054549","wandell",,"ukoseena"
"1054550","wandella",,"akisozina"
"1054551","wander",,"qavaa"
"1054552","wandera",,"qeveve"
"1054553","wanderable",,"quvuvuin"
"1054554","wanderd",,"okasuua"
"1054555","wandered",,"ekusiqet"
"1054556","wanderedst",,"qiviviet"
"1054557","wanderer",,"okasuqot"
"1054558","wanderers",,"okasuqoa"
"1054559","wanderes",,"quvuvuun"
"1054560","wanderess",,"quvuvuu"
"1054561","wanderest",,"ekusiqan"
"1054562","wanderet",,"ekusiqona"
"1054563","wandereth",,"quvuvuina"
"1054564","wanderin",,"akisoqot"
"1054565","wandering",,"ekusique"
"1054566","wanderingly",,"quvuvutoi"
"1054567","wanderingness",,"qavavatiet"
"1054568","wanderings",,"ekusiqota"
"1054569","wanderjahr",,"ukosequn"
"1054570","wanderjahre",,"ikesaqeto"
"1054571","wanderjahres",,"ikesaqetet"
"1054572","wanderlust",,"qovovoin"
"1054573","wanderlusted",,"ikesaqiko"
"1054574","wanderluster",,"ukosequku"
"1054575","wanderlustful",,"qevevepein"
"1054576","wanderlusting",,"ikesaqikun"
"1054577","wanderlusts",,"qovovopoa"
"1054578","wanderlusty",,"quvuvupuen"
"1054579","wanderoo",,"quvuvuua"
"1054580","wanderoos",,"quvuvuot"
"1054581","wanderow",,"qavavaon"
"1054582","wanders",,"qavaven"
"1054583","wandersee",,"qivivio"
"1054584","wandersome",,"quvuvua"
"1054585","wanderstar",,"qeveveen"
"1054586","wanderu",,"quvuvat"
"1054587","wandervogel",,"quvuvukiet"
"1054588","wanderword",,"qavavaat"
"1054589","wanderwort",,"qavavaun"
"1054590","wandery",,"qovovon"
"1054591","wanderyear",,"akisoqota"
"1054592","wandflower",,"qavaluu"
"1054593","wandfloweres",,"quvulijei"
"1054594","wandflowers",,"qavalujoot"
"1054595","wandie",,"okasuni"
"1054596","wandiligong",,"ikesizasun"
"1054597","wandin",,"qivia"
"1054598","wanding",,"quvurin"
"1054599","wandis",,"ikesano"
"1054600","wandjina",,"ekusosune"
"1054601","wandle",,"qiviina"
"1054602","wandless",,"qiviveen"
"1054603","wandlike",,"qovovie"
"1054604","wandlimb",,"akisisa"
"1054605","wandlore",,"ikesehe"
"1054606","wandmaker",,"qivizoon"
"1054607","wando",,"akisero"
"1054608","wandoan",,"qevefin"
"1054609","wandojo",,"quvufu"
"1054610","wandong",,"qevefa"
"1054611","wandoo",,"okasins"
"1054612","wandook",,"ekusoan"
"1054613","wandoos",,"okasiai"
"1054614","wandorobo",,"akiseqo"
"1054615","wandorobos",,"akiseqeta"
"1054616","wandos",,"akisune"
"1054617","wandought",,"akisedeta"
"1054618","wandown",,"qivifo"
"1054619","wandred",,"okaseu"
"1054620","wandreth",,"qavacii"
"1054621","wandring",,"okasesona"
"1054622","wands",,"ikesito"
"1054623","wandsbek",,"quvuque"
"1054624","wandsman",,"qovoqoun"
"1054625","wandsmen",,"qavaqai"
"1054626","wandsworth",,"qeveqei"
"1054627","wandt",,"qavaw"
"1054628","wandwork",,"qavagoan"
"1054629","wandy",,"akiseru"
"1054630","wane",,"qave"
"1054631","waneatta",,"qevoniin"
"1054632","waneattas",,"qevonia"
"1054633","waned",,"okatiri"
"1054634","wanek",,"quvat"
"1054635","waneless",,"akitizin"
"1054636","wanely",,"iketiru"
"1054637","waner",,"iketore"
"1054638","wanes",,"qaveq"
"1054639","wanese",,"quvai"
"1054640","wanest",,"okatuto"
"1054641","wanet",,"okatiro"
"1054642","waneta",,"iketonna"
"1054643","waneth",,"qaveen"
"1054644","wanetsi",,"okatiaa"
"1054645","wanette",,"qivuwot"
"1054646","wanettes",,"qivuwao"
"1054647","waney",,"qovil"
"1054648","wanfeng",,"qavevan"
"1054649","wanfortune",,"qavefain"
"1054650","wanfow",,"akikua"
"1054651","wanfried",,"ukokisi"
"1054652","wang",,"qovua"
"1054653","wanga",,"qivan"
"1054654","wangaaybuwan",,"qovunenuo"
"1054655","wangal",,"ukolene"
"1054656","wangala",,"akiliin"
"1054657","wangan",,"ikelati"
"1054658","wangandary",,"ekulufu"
"1054659","wanganella",,"akilifona"
"1054660","wangans",,"ikeleea"
"1054661","wanganui",,"okalafona"
"1054662","wanganuis",,"okalafana"
"1054663","wangara",,"okalaaa"
"1054664","wangarabell",,"qevinesian"
"1054665","wangaras",,"okalaqen"
"1054666","wangaratta",,"okalaqi"
"1054667","wangateur",,"qevinien"
"1054668","wangbarel",,"ukoliran"
"1054669","wangbaren",,"ikelorin"
"1054670","wangbrel",,"ikeloqu"
"1054671","wangbren",,"okaleqen"
"1054672","wangchang",,"qovusoa"
"1054673","wangcheng",,"qavosau"
"1054674","wangching",,"qeviseat"
"1054675","wangchuck",,"ikelira"
"1054676","wangchuk",,"ikelirot"
"1054677","wangchuks",,"ikeliro"
"1054678","wangdue",,"okaliot"
"1054679","wangduephodrang",,"qivatepii"
"1054680","wanged",,"ikelio"
"1054681","wangensteen",,"ekulifigot"
"1054682","wanger",,"ukolos"
"1054683","wangerin",,"quvevua"
"1054684","wangerripian",,"qovuvowaan"
"1054685","wanghee",,"ikeloun"
"1054686","wanghua",,"akiluot"
"1054687","wangi",,"qovur"
"1054688","wangie",,"qeviin"
"1054689","wangiella",,"quveroen"
"1054690","wanging",,"ikeliot"
"1054691","wangiri",,"akilaoa"
"1054692","wangisuchus",,"ikeliwozi"
"1054693","wangjam",,"ikeluua"
"1054694","wangka",,"qovuan"
"1054695","wangkajunga",,"qavotuvaen"
"1054696","wangkatjunga",,"okaluraza"
"1054697","wangkheimayum",,"ekuliravat"
"1054698","wangkhem",,"ekuliru"
"1054699","wangla",,"ukoleni"
"1054700","wangle",,"okalota"
"1054701","wangled",,"quveve"
"1054702","wangler",,"qavovi"
"1054703","wanglers",,"qavoviat"
"1054704","wangles",,"okalaoa"
"1054705","wangling",,"quvevaet"
"1054706","wanglings",,"quvevai"
"1054707","wangmayum",,"qavozue"
"1054708","wangmo",,"qovuat"
"1054709","wango",,"quvef"
"1054710","wangoes",,"qivafen"
"1054711","wangoni",,"ukolaane"
"1054712","wangonis",,"ukolafun"
"1054713","wangoom",,"quvefot"
"1054714","wangos",,"quvee"
"1054715","wangphu",,"qivahon"
"1054716","wangpulel",,"ekulidin"
"1054717","wangpulen",,"akilodet"
"1054718","wangpurel",,"ikelada"
"1054719","wangpuren",,"okaludi"
"1054720","wangqing",,"ukolosea"
"1054721","wangrace",,"akilurin"
"1054722","wangs",,"qovuqa"
"1054723","wangshi",,"akilaoe"
"1054724","wangst",,"ukoleno"
"1054725","wangsty",,"ekulean"
"1054726","wangtooth",,"ikeluhen"
"1054727","wangun",,"ekulis"
"1054728","wanguns",,"ekuliat"
"1054729","wangus",,"qeviina"
"1054730","wangyi",,"quveea"
"1054731","wanhap",,"quvoun"
"1054732","wanhappy",,"akimija"
"1054733","wanhope",,"quvofu"
"1054734","wanhopes",,"quvofoot"
"1054735","wanhorn",,"ukomaii"
"1054736","wanhsien",,"qivequi"
"1054737","wanhua",,"ukomosa"
"1054738","waniand",,"quvine"
"1054739","wanids",,"ikenann"
"1054740","wanier",,"ikenant"
"1054741","waniest",,"okanuau"
"1054742","wanigan",,"ikeneue"
"1054743","wanigans",,"ikenerot"
"1054744","waning",,"okanotu"
"1054745","waningly",,"qavupue"
"1054746","wanings",,"okanoet"
"1054747","wanion",,"ikenunna"
"1054748","wanions",,"ikenuua"
"1054749","wanjala",,"qevenot"
"1054750","wanji",,"ikerino"
"1054751","wanjung",,"qivibon"
"1054752","wank",,"qavea"
"1054753","wanka",,"qevon"
"1054754","wankaholic",,"qovinoen"
"1054755","wankaner",,"qivunuet"
"1054756","wankapin",,"qaveniun"
"1054757","wankathon",,"ikesebo"
"1054758","wanke",,"quvav"
"1054759","wanked",,"ekusene"
"1054760","wankel",,"akisesa"
"1054761","wankels",,"akisoin"
"1054762","wanker",,"okasinna"
"1054763","wankerdom",,"quvavua"
"1054764","wankered",,"qivuvio"
"1054765","wankerish",,"qavevau"
"1054766","wankers",,"okasuai"
"1054767","wankery",,"ukoseene"
"1054768","wankette",,"qovivuat"
"1054769","wankface",,"ukoseron"
"1054770","wankfart",,"akisoroa"
"1054771","wankfest",,"qaveliat"
"1054772","wankhead",,"qavenii"
"1054773","wankie",,"quvaun"
"1054774","wankier",,"okasooe"
"1054775","wankies",,"quvaru"
"1054776","wankiest",,"ekusezun"
"1054777","wankin",,"akisine"
"1054778","wankiness",,"ukosufun"
"1054779","wanking",,"ekuseea"
"1054780","wankipedia",,"qevorui"
"1054781","wankish",,"ikesiine"
"1054782","wankjob",,"qovisun"
"1054783","wankle",,"akisese"
"1054784","wankless",,"akisiza"
"1054785","wankliness",,"qaveveot"
"1054786","wankly",,"ikesati"
"1054787","wanklyn",,"qivuvet"
"1054788","wankpanzer",,"qevohaon"
"1054789","wankpuffin",,"qevohuu"
"1054790","wankrupt",,"ikesodin"
"1054791","wanks",,"qaveqa"
"1054792","wanksta",,"ikesiuna"
"1054793","wankstain",,"qivuqaat"
"1054794","wankstas",,"ikesibu"
"1054795","wankster",,"quvaqein"
"1054796","wanktard",,"ikesurea"
"1054797","wanky",,"qovila"
"1054798","wankypedia",,"qivulean"
"1054799","wanlas",,"iketanna"
"1054800","wanle",,"ekutita"
"1054801","wanless",,"ekutiia"
"1054802","wanli",,"okatola"
"1054803","wanlier",,"quveru"
"1054804","wanliest",,"qivareon"
"1054805","wanlockhead",,"iketutoten"
"1054806","wanluan",,"qovubat"
"1054807","wanly",,"ukotaru"
"1054808","wanman",,"akivea"
"1054809","wanmol",,"okava"
"1054810","wann",,"ekuzti"
"1054811","wanna",,"okazanu"
"1054812","wannabe",,"quvinat"
"1054813","wannabee",,"qivonia"
"1054814","wannabees",,"qivonien"
"1054815","wannabeism",,"qovenoot"
"1054816","wannabes",,"quvinue"
"1054817","wannamaker",,"qovenoota"
"1054818","wannan",,"qovei"
"1054819","wannanosaurus",,"ekuzufudon"
"1054820","wannarexia",,"akiziqen"
"1054821","wannarexic",,"ukozoqat"
"1054822","wannaska",,"okazawen"
"1054823","wannaskas",,"okazawon"
"1054824","wanne",,"akizote"
"1054825","wanned",,"qoveet"
"1054826","wannel",,"qevau"
"1054827","wannemacher",,"ukozepuze"
"1054828","wanner",,"qivoot"
"1054829","wanneroo",,"qovevoe"
"1054830","wanness",,"akizoua"
"1054831","wannesses",,"ukozewi"
"1054832","wannest",,"qovevan"
"1054833","wannian",,"qoverun"
"1054834","wannier",,"qivoren"
"1054835","wannigan",,"qivoroan"
"1054836","wannigans",,"qivoroun"
"1054837","wannime",,"ikezie"
"1054838","wanning",,"qoveru"
"1054839","wannion",,"qivoron"
"1054840","wannish",,"quvirot"
"1054841","wannon",,"qivoo"
"1054842","wanns",,"ekuzena"
"1054843","wannsee",,"ukozuoa"
"1054844","wanny",,"ikezuti"
"1054845","wanonah",,"qovopun"
"1054846","wanquan",,"okahua"
"1054847","wanrest",,"qavivet"
"1054848","wanrestful",,"quvovaet"
"1054849","wanrong",,"qovafe"
"1054850","wanrufe",,"qevubot"
"1054851","wanruly",,"qevubota"
"1054852","wans",,"qeva"
"1054853","wansbeck",,"okacezaa"
"1054854","wansdyke",,"ikecumun"
"1054855","wanse",,"qavuv"
"1054856","wansford",,"okacuheta"
"1054857","wanshan",,"qavuni"
"1054858","wanshape",,"qivonoet"
"1054859","wansith",,"qevaro"
"1054860","wansley",,"ikeceat"
"1054861","wansome",,"qavufon"
"1054862","wansonsy",,"akicefa"
"1054863","wanspeed",,"qavuhiet"
"1054864","wanst",,"ikecunu"
"1054865","wansta",,"ukoca"
"1054866","wanstead",,"qavuwiet"
"1054867","wanstrow",,"qevaweo"
"1054868","want",,"ikeqro"
"1054869","wanta",,"ukoqone"
"1054870","wantabadgery",,"qavanasuu"
"1054871","wantable",,"okaqasaa"
"1054872","wantableness",,"qevenepean"
"1054873","wantad",,"qeveun"
"1054874","wantage",,"ukoqoeni"
"1054875","wantages",,"ukoqonon"
"1054876","wantagh",,"qivinet"
"1054877","wantaghs",,"qivinoi"
"1054878","wantagong",,"qivinoun"
"1054879","wantaway",,"akiqiku"
"1054880","wante",,"okaquu"
"1054881","wanted",,"quvui"
"1054882","wantedly",,"okaquva"
"1054883","wantedness",,"ikeqavin"
"1054884","wantedst",,"ekuqivi"
"1054885","wanten",,"qovoon"
"1054886","wanter",,"qavao"
"1054887","wanters",,"qavavet"
"1054888","wantes",,"okaqut"
"1054889","wantest",,"quvuvun"
"1054890","wanteth",,"okaquaa"
"1054891","wantful",,"okaquen"
"1054892","wantfulness",,"qevelupuun"
"1054893","wanthill",,"qivinuat"
"1054894","wanthills",,"qivinue"
"1054895","wanthrift",,"akiquqi"
"1054896","wanthriven",,"ukoqiqu"
"1054897","wanties",,"okaqoa"
"1054898","wantin",,"qivio"
"1054899","wanting",,"quvurot"
"1054900","wantingly",,"okaqofat"
"1054901","wantingness",,"ikeqifiji"
"1054902","wantings",,"quvurao"
"1054903","wantiool",,"qiviraan"
"1054904","wantirna",,"okaqoqet"
"1054905","wantish",,"qevero"
"1054906","wantland",,"qovoveun"
"1054907","wantless",,"qiviveet"
"1054908","wantlessness",,"okaqazude"
"1054909","wantlessnesss",,"okaqazudin"
"1054910","wantlist",,"ekuquse"
"1054911","wanto",,"akiqenu"
"1054912","wantoe",,"ukoqani"
"1054913","wantok",,"ukoqeni"
"1054914","wantokism",,"okaqivat"
"1054915","wanton",,"qavaet"
"1054916","wantoned",,"ekuqofan"
"1054917","wantoner",,"okaqifen"
"1054918","wantoners",,"okaqifon"
"1054919","wantonest",,"ekuqofe"
"1054920","wantoneth",,"quvufao"
"1054921","wantonhead",,"qavafee"
"1054922","wantonhood",,"quvufaon"
"1054923","wantoning",,"ekuqofa"
"1054924","wantonise",,"quvufaoa"
"1054925","wantonised",,"ekuqofin"
"1054926","wantonises",,"quvufaet"
"1054927","wantonising",,"ekuqofidi"
"1054928","wantonize",,"ikequfot"
"1054929","wantonized",,"qavafeea"
"1054930","wantonizes",,"ikequfo"
"1054931","wantonizing",,"qavafetaet"
"1054932","wantonlier",,"qivifue"
"1054933","wantonliest",,"qovofipaet"
"1054934","wantonlike",,"ukoqafina"
"1054935","wantonly",,"ikequfin"
"1054936","wantonne",,"ukoqafi"
"1054937","wantonness",,"ukoqafe"
"1054938","wantonnesse",,"ikequfafen"
"1054939","wantonnesses",,"ikequfafon"
"1054940","wantonry",,"akiqefa"
"1054941","wantons",,"qavafi"
"1054942","wantrepreneur",,"qovocacuet"
"1054943","wantroba",,"okaqeho"
"1054944","wantroke",,"qevecio"
"1054945","wantrust",,"okaqeden"
"1054946","wants",,"ikeqino"
"1054947","wantsome",,"okaqohen"
"1054948","wantsum",,"akiqaina"
"1054949","wantum",,"akiqete"
"1054950","wantwit",,"qivigen"
"1054951","wanty",,"akiqeti"
"1054952","wantz",,"qovom"
"1054953","wanweird",,"qivevuen"
"1054954","wanwit",,"ekudon"
"1054955","wanwood",,"akideu"
"1054956","wanwordy",,"qivefien"
"1054957","wanworth",,"ukodaqan"
"1054958","wanworths",,"ukodaqun"
"1054959","wanxian",,"qoverat"
"1054960","wany",,"qivi"
"1054961","wanyakyusa",,"qavaniun"
"1054962","wanyakyusas",,"qavaninau"
"1054963","wanyamwezi",,"ikekepot"
"1054964","wanyamwezis",,"ikekepufo"
"1054965","wanyasa",,"qavanena"
"1054966","wanyasas",,"qavaneon"
"1054967","wanyen",,"okakuu"
"1054968","wanyoro",,"akikein"
"1054969","wanyoros",,"akikeqa"
"1054970","wanyuan",,"ikekaat"
"1054971","wanzam",,"ukolan"
"1054972","wanze",,"ukoles"
"1054973","wanzed",,"qevoat"
"1054974","wanzer",,"qoviet"
"1054975","wanzes",,"ukolota"
"1054976","wanzhi",,"qivuo"
"1054977","wanzhou",,"quvanu"
"1054978","wanzing",,"qevoro"
"1054979","waorani",,"okejaoa"
"1054980","waow",,"ekado"
"1054981","wap",,"qap"
"1054982","wapa",,"qepi"
"1054983","wapacut",,"okomoin"
"1054984","wapakoneta",,"qupeteo"
"1054985","wapakonetas",,"qupetehuet"
"1054986","wapanese",,"ukumuzen"
"1054987","wapanucka",,"akamada"
"1054988","wapanuckas",,"akamaden"
"1054989","wapata",,"ukumoto"
"1054990","wapato",,"akamunn"
"1054991","wapatoo",,"okomiaa"
"1054992","wapatoos",,"okomihen"
"1054993","wapatos",,"akameua"
"1054994","wapella",,"qopivan"
"1054995","wapellas",,"qopiveun"
"1054996","wapello",,"qipuven"
"1054997","wapellos",,"qipuvoon"
"1054998","wapengo",,"okotooe"
"1054999","wapenschaw",,"qepopoet"
"1055000","wapenschaws",,"qepopovii"
"1055001","wapenshaw",,"qepopoen"
"1055002","wapenshawing",,"okotowitot"
"1055003","wapenshaws",,"qepopoon"
"1055004","wapentakal",,"ikitibai"
"1055005","wapentake",,"qapepoan"
"1055006","wapentakes",,"qapepoun"
"1055007","wapichan",,"qupisuot"
"1055008","wapinschaw",,"qopepia"
"1055009","wapinschawing",,"ikiniwatu"
"1055010","wapinschaws",,"qopepivuen"
"1055011","wapinshaw",,"qopepiot"
"1055012","wapinshawing",,"ikiniwute"
"1055013","wapinshaws",,"qopepio"
"1055014","wapishana",,"qapuqae"
"1055015","wapisiana",,"okonosia"
"1055016","wapisianas",,"okonosata"
"1055017","wapit",,"okonita"
"1055018","wapiti",,"okonari"
"1055019","wapitis",,"okoniena"
"1055020","wapitxana",,"ukunalan"
"1055021","wapixana",,"qopekeun"
"1055022","waples",,"akatuno"
"1055023","wapley",,"okoturi"
"1055024","wapo",,"qopo"
"1055025","wapogoro",,"akapihen"
"1055026","wapogoros",,"akapihon"
"1055027","wapokomo",,"qipitaan"
"1055028","wapokomos",,"qipitaun"
"1055029","waponahki",,"qapapuin"
"1055030","wapp",,"ukufte"
"1055031","wappapello",,"qopinaa"
"1055032","wappapellos",,"qopinapien"
"1055033","wappato",,"qupane"
"1055034","wappatoo",,"qeponio"
"1055035","wappatos",,"qupanein"
"1055036","wapped",,"qapea"
"1055037","wappend",,"akafoea"
"1055038","wappened",,"ukufefen"
"1055039","wappenham",,"akafofen"
"1055040","wappenschaw",,"akafofozon"
"1055041","wappenschawing",,"qepovobuo"
"1055042","wappenschawings",,"qepovobuet"
"1055043","wappenschaws",,"akafofozan"
"1055044","wappenshaw",,"akafofet"
"1055045","wappenshawing",,"qepovobia"
"1055046","wappenshawings",,"qepovobien"
"1055047","wappenshaws",,"akafofoti"
"1055048","wapper",,"qepoe"
"1055049","wappered",,"okofuqot"
"1055050","wappering",,"okofuqan"
"1055051","wapperjaw",,"okofuqet"
"1055052","wapperjawed",,"qipuvivuan"
"1055053","wapperjaws",,"okofuqi"
"1055054","wappers",,"qepovin"
"1055055","wappes",,"ikifie"
"1055056","wappet",,"qapeo"
"1055057","wapping",,"qaperat"
"1055058","wappinge",,"quparaa"
"1055059","wappinger",,"okofofan"
"1055060","wappingers",,"okofofun"
"1055061","wappo",,"ekefot"
"1055062","wappos",,"ekefoni"
"1055063","waps",,"qapu"
"1055064","wapsi",,"qapur"
"1055065","wapsipinicon",,"ekecejijan"
"1055066","wapwallopen",,"qepunapaat"
"1055067","wapwallopens",,"qepunapae"
"1055068","wapworld",,"ekedoqat"
"1055069","waqf",,"qefo"
"1055070","waqfed",,"okiku"
"1055071","waqfing",,"okikoon"
"1055072","waqfs",,"qefoq"
"1055073","waqif",,"qefal"
"1055074","waquachi",,"qafenean"
"1055075","waquita",,"qufare"
"1055076","war",,"quh"
"1055077","warabi",,"ikamiro"
"1055078","warabimochi",,"qehirofaun"
"1055079","warabrook",,"quherua"
"1055080","waracabra",,"qihasoo"
"1055081","waradgeri",,"qahotuat"
"1055082","waradgery",,"qohuteun"
"1055083","waragi",,"qehiin"
"1055084","waragis",,"qehima"
"1055085","warakabra",,"qohuteuna"
"1055086","waral",,"ekimuto"
"1055087","waramanga",,"ekimarea"
"1055088","warang",,"ekimonn"
"1055089","waranga",,"okumoaa"
"1055090","warangal",,"qihapoon"
"1055091","warangalone",,"ukemunufin"
"1055092","warangals",,"qihapoan"
"1055093","warantee",,"qahopoet"
"1055094","warao",,"qohuf"
"1055095","waratah",,"qehiwin"
"1055096","waratahs",,"qehiwaa"
"1055097","warau",,"quheb"
"1055098","waray",,"qohul"
"1055099","warazsea",,"ukemewo"
"1055100","warb",,"okunne"
"1055101","warba",,"ikanere"
"1055102","warbag",,"ukenato"
"1055103","warband",,"akoniuna"
"1055104","warbas",,"ikanonn"
"1055105","warbeck",,"akonouna"
"1055106","warbier",,"quhorun"
"1055107","warbiest",,"qihereen"
"1055108","warbird",,"okunoot"
"1055109","warbirds",,"okunoqo"
"1055110","warbite",,"qihera"
"1055111","warblade",,"akonire"
"1055112","warble",,"qohaet"
"1055113","warbled",,"ukenoae"
"1055114","warblefly",,"quhovoa"
"1055115","warblelike",,"ekinuzina"
"1055116","warbler",,"akoniea"
"1055117","warblerlike",,"quhovowaon"
"1055118","warblers",,"akonizina"
"1055119","warbles",,"qohavi"
"1055120","warblest",,"ukenozeta"
"1055121","warblet",,"ukenooe"
"1055122","warbleth",,"qohavaun"
"1055123","warbling",,"ukenosati"
"1055124","warblingly",,"qohavien"
"1055125","warblings",,"ukenose"
"1055126","warblington",,"ikanesasan"
"1055127","warblog",,"qehuva"
"1055128","warblogger",,"ukenohua"
"1055129","warblogging",,"ikanehisun"
"1055130","warblogs",,"qehuvien"
"1055131","warbly",,"qahio"
"1055132","warbonnet",,"qahifeat"
"1055133","warbonnets",,"qahifee"
"1055134","warborough",,"okuniquna"
"1055135","warbot",,"qehue"
"1055136","warbow",,"okunut"
"1055137","warboys",,"ekinoon"
"1055138","warbreck",,"qiheceo"
"1055139","warbs",,"okunoro"
"1055140","warbucks",,"akonotin"
"1055141","warburg",,"qahibon"
"1055142","warburganal",,"qihebirue"
"1055143","warburgs",,"qahibaan"
"1055144","warburn",,"ukeneen"
"1055145","warburton",,"qihebii"
"1055146","warburtonian",,"ukeneqoca"
"1055147","warby",,"ukenatu"
"1055148","warc",,"quhi"
"1055149","warch",,"okureu"
"1055150","warchalk",,"qihonoon"
"1055151","warchalked",,"ukerirat"
"1055152","warchalker",,"akoruret"
"1055153","warchalkers",,"akorurapi"
"1055154","warchalking",,"ukerirupo"
"1055155","warchalkings",,"ukerirupet"
"1055156","warchalks",,"qihonoan"
"1055157","warchaw",,"ekiraon"
"1055158","warche",,"ekiren"
"1055159","warchest",,"qihoneen"
"1055160","warchief",,"qahuneat"
"1055161","warchol",,"qahuni"
"1055162","warchus",,"ekiraia"
"1055163","warck",,"qihot"
"1055164","warclub",,"qohevi"
"1055165","warcop",,"akorune"
"1055166","warcore",,"ikaruan"
"1055167","warcrack",,"okurera"
"1055168","warcraft",,"ukeriron"
"1055169","warcrafter",,"qehacaet"
"1055170","warcrafts",,"ukeriran"
"1055171","warcrime",,"ukerison"
"1055172","warcry",,"ukerot"
"1055173","ward",,"ekistu"
"1055174","warda",,"okusau"
"1055175","wardable",,"akosise"
"1055176","wardage",,"okusain"
"1055177","wardak",,"ekiseni"
"1055178","wardale",,"qohonon"
"1055179","wardapet",,"okusajot"
"1055180","wardas",,"okuses"
"1055181","wardatour",,"ikasebu"
"1055182","warday",,"ukesina"
"1055183","wardcorn",,"ekisehana"
"1055184","wardcorns",,"ekisehun"
"1055185","wardcors",,"qehesiot"
"1055186","warde",,"akosone"
"1055187","warded",,"qohoo"
"1055188","wardell",,"okusuot"
"1055189","wardells",,"okusuzo"
"1055190","warden",,"qahaa"
"1055191","wardenclyffe",,"akosofofan"
"1055192","wardency",,"qohovii"
"1055193","wardened",,"ekisifet"
"1055194","wardeness",,"quhuvau"
"1055195","wardening",,"ekisifu"
"1055196","wardenless",,"akosofo"
"1055197","wardenries",,"okusufon"
"1055198","wardenry",,"akosofu"
"1055199","wardenrys",,"akosofot"
"1055200","wardens",,"qahaven"
"1055201","wardenship",,"qohovia"
"1055202","wardenships",,"qohovibuen"
"1055203","wardensville",,"okusufule"
"1055204","wardensvilles",,"okusufulin"
"1055205","warder",,"qihiu"
"1055206","wardered",,"ukeseqaa"
"1055207","warderer",,"akosoqea"
"1055208","warderess",,"qohovoat"
"1055209","wardering",,"ukeseqata"
"1055210","warderless",,"ikasaqin"
"1055211","warders",,"qihivot"
"1055212","wardership",,"qahavau"
"1055213","warderships",,"qahavaboot"
"1055214","wardest",,"qohovon"
"1055215","wardeth",,"akosoea"
"1055216","wardha",,"qahao"
"1055217","wardholder",,"ekisahu"
"1055218","wardholding",,"akosuhapun"
"1055219","wardialer",,"akosara"
"1055220","wardialers",,"akosaren"
"1055221","wardialing",,"ukesurin"
"1055222","wardian",,"qohoran"
"1055223","wardians",,"qohoreun"
"1055224","wardieu",,"ukesuoa"
"1055225","warding",,"qohorun"
"1055226","wardings",,"qohoriu"
"1055227","wardite",,"qohori"
"1055228","wardlaw",,"qehevu"
"1055229","wardle",,"qeheun"
"1055230","wardless",,"qehevuot"
"1055231","wardley",,"qihivota"
"1055232","wardlike",,"qahavean"
"1055233","wardlow",,"qohovan"
"1055234","wardmaid",,"qohozeat"
"1055235","wardman",,"qahazet"
"1055236","wardmaster",,"ukesirana"
"1055237","wardmate",,"qehezain"
"1055238","wardmen",,"qihiza"
"1055239","wardmoot",,"qahazoan"
"1055240","wardmote",,"qohozuat"
"1055241","wardmotes",,"qohozue"
"1055242","wardness",,"qahapion"
"1055243","wardog",,"ukesou"
"1055244","wardogs",,"ukesaeta"
"1055245","wardom",,"ekisete"
"1055246","wardon",,"qihiot"
"1055247","wardour",,"qahafet"
"1055248","wardress",,"qihiceo"
"1055249","wardresses",,"qohocae"
"1055250","wardresss",,"qihiceet"
"1055251","wardrip",,"ikasoun"
"1055252","wardrive",,"ukesiseta"
"1055253","wardriven",,"quhucaot"
"1055254","wardriver",,"qohocie"
"1055255","wardrives",,"ukesisi"
"1055256","wardriving",,"qehecoat"
"1055257","wardrobe",,"ikasohata"
"1055258","wardrobed",,"qahacoon"
"1055259","wardrobeful",,"okusehifat"
"1055260","wardrobeless",,"qihicatiun"
"1055261","wardrobelike",,"qohocutoen"
"1055262","wardrober",,"qehecia"
"1055263","wardrobers",,"qehecien"
"1055264","wardrobes",,"ikasohea"
"1055265","wardrobing",,"qahacoin"
"1055266","wardroom",,"qehecio"
"1055267","wardrooms",,"qeheciet"
"1055268","wardrop",,"akosuua"
"1055269","wardrope",,"ukesihet"
"1055270","wardrops",,"akosuhot"
"1055271","wardrove",,"ekisahi"
"1055272","wards",,"ekiseno"
"1055273","wardsboro",,"ekisesun"
"1055274","wardsboros",,"ekisesu"
"1055275","wardship",,"ikasirina"
"1055276","wardships",,"ikasira"
"1055277","wardsmaid",,"qohoqoe"
"1055278","wardsman",,"qahaqai"
"1055279","wardsmithite",,"qahaqatuen"
"1055280","wardsux",,"qahaqen"
"1055281","wardswoman",,"qahaqae"
"1055282","wardtown",,"ikasuhe"
"1055283","wardtowns",,"ikasuhin"
"1055284","wardville",,"qihidui"
"1055285","wardvilles",,"qihiduat"
"1055286","wardwell",,"akosuzin"
"1055287","wardwide",,"qahageet"
"1055288","wardwite",,"qahageon"
"1055289","wardwoman",,"qahagoat"
"1055290","wardwomen",,"qihigaon"
"1055291","wardword",,"ekisahia"
"1055292","ware",,"qihu"
"1055293","wared",,"akote2"
"1055294","wareek",,"qehoun"
"1055295","wareemba",,"uketepo"
"1055296","wareful",,"qohilat"
"1055297","warefully",,"akotoden"
"1055298","warefulness",,"ekitideja"
"1055299","warega",,"qaheo"
"1055300","waregem",,"qehomin"
"1055301","waregga",,"qehomot"
"1055302","wareggas",,"qehomao"
"1055303","wareham",,"akotuue"
"1055304","warehams",,"akoturot"
"1055305","wareheim",,"ikatozua"
"1055306","warehime",,"ikatosua"
"1055307","warehorne",,"akotuhoa"
"1055308","warehou",,"okuteae"
"1055309","warehous",,"okutehen"
"1055310","warehousable",,"ekitahada"
"1055311","warehousage",,"ikatohoden"
"1055312","warehouse",,"ekitahun"
"1055313","warehouseable",,"akotuhudan"
"1055314","warehouseage",,"okutehedun"
"1055315","warehoused",,"qihunai"
"1055316","warehouseful",,"akotuhudun"
"1055317","warehouselike",,"qahenogiet"
"1055318","warehouseman",,"qahenogia"
"1055319","warehousemans",,"qahenogien"
"1055320","warehousemen",,"qihunageu"
"1055321","warehousemens",,"qihunageot"
"1055322","warehouser",,"quhaneo"
"1055323","warehousers",,"quhanegoet"
"1055324","warehouses",,"ekitahua"
"1055325","warehousewoman",,"qahenogion"
"1055326","warehousey",,"ikatohot"
"1055327","warehousing",,"qihunageota"
"1055328","warehousings",,"qihunageo"
"1055329","warehousy",,"uketihan"
"1055330","wareing",,"uketuone"
"1055331","warekena",,"okutuza"
"1055332","warekpam",,"akotojota"
"1055333","wareless",,"ikatezun"
"1055334","warely",,"ekitent"
"1055335","waremaker",,"ikatoru"
"1055336","waremaking",,"okuterun"
"1055337","wareman",,"okuteote"
"1055338","waremme",,"qihuza"
"1055339","warence",,"okutoua"
"1055340","warendian",,"ekitevun"
"1055341","wareneki",,"ekitezat"
"1055342","wareniki",,"okutoson"
"1055343","warenne",,"qohipi"
"1055344","warentment",,"quhapeo"
"1055345","warepam",,"ekition"
"1055346","wareppam",,"qahehii"
"1055347","warer",,"ekitale"
"1055348","wareroom",,"ikatohu"
"1055349","warerooms",,"ikatohota"
"1055350","wares",,"qihuq"
"1055351","waresboro",,"qihuqion"
"1055352","waresboros",,"qihuqian"
"1055353","wareshi",,"ekiteane"
"1055354","wareship",,"qaheqaat"
"1055355","wareshoals",,"qaheqau"
"1055356","wareshoalss",,"qaheqajeot"
"1055357","warest",,"akotatna"
"1055358","waretown",,"qahewoi"
"1055359","waretowns",,"qahewoat"
"1055360","warez",,"okututu"
"1055361","warezed",,"qihumu"
"1055362","warezes",,"ekitieno"
"1055363","warezing",,"qihumuon"
"1055364","warf",,"ikakne"
"1055365","warfare",,"qehonin"
"1055366","warfared",,"ikakequn"
"1055367","warfaremilitary",,"ikakeqohot"
"1055368","warfarer",,"ukekoqon"
"1055369","warfarers",,"ukekoqan"
"1055370","warfares",,"qehonea"
"1055371","warfarin",,"okukaqon"
"1055372","warfaring",,"ikakeqen"
"1055373","warfarings",,"ikakeqon"
"1055374","warfarinisation",,"okukaqujat"
"1055375","warfarinise",,"ekikuqijen"
"1055376","warfarinised",,"qihuniteot"
"1055377","warfarinising",,"qihunitean"
"1055378","warfarinization",,"qehonetui"
"1055379","warfarinize",,"qahenatia"
"1055380","warfarinized",,"okukaquju"
"1055381","warfarinizing",,"okukaqujon"
"1055382","warfarins",,"okukaqan"
"1055383","warfel",,"qihua"
"1055384","warfeld",,"akokou"
"1055385","warfield",,"akokaza"
"1055386","warfighter",,"qehoraun"
"1055387","warfighting",,"qaherusuan"
"1055388","warflation",,"quhavii"
"1055389","warfold",,"ikakuea"
"1055390","warford",,"akokein"
"1055391","warfords",,"akokeqa"
"1055392","warfordsburg",,"ekikoqudet"
"1055393","warfordsburgs",,"ekikoqudi"
"1055394","warfore",,"qohifat"
"1055395","warfourd",,"ukekadi"
"1055396","warfourds",,"ukekadat"
"1055397","warframer",,"okukerona"
"1055398","warfreak",,"qahecian"
"1055399","warfront",,"qahecoun"
"1055400","warful",,"qihuo"
"1055401","warfully",,"ekikizea"
"1055402","warg",,"qaho"
"1055403","warga",,"qehin"
"1055404","wargame",,"qihano"
"1055405","wargamed",,"akolipin"
"1055406","wargamer",,"ekilupat"
"1055407","wargames",,"qihaniet"
"1055408","wargaming",,"akolipi"
"1055409","wargan",,"ekilone"
"1055410","wargasm",,"quhenu"
"1055411","warged",,"ekilen"
"1055412","wargentin",,"ekilifin"
"1055413","wargentins",,"ekilifa"
"1055414","warging",,"ekilee"
"1055415","wargla",,"okulot"
"1055416","wargo",,"qohufa"
"1055417","wargrave",,"quheciu"
"1055418","wargs",,"qahoq"
"1055419","wargus",,"quheun"
"1055420","warhable",,"ekimusan"
"1055421","warhammer",,"qehuneet"
"1055422","warharmi",,"quhonua"
"1055423","warhawk",,"akomiin"
"1055424","warhead",,"quhovat"
"1055425","warheaded",,"akomoru"
"1055426","warheads",,"quhovie"
"1055427","warhero",,"qehuvot"
"1055428","warho",,"ukemara"
"1055429","warhol",,"qahion"
"1055430","warhola",,"qehufa"
"1055431","warholesque",,"qihefopee"
"1055432","warholian",,"ekimozota"
"1055433","warholism",,"qihefoe"
"1055434","warholite",,"ekimozin"
"1055435","warhols",,"qahifan"
"1055436","warhorn",,"okumiene"
"1055437","warhorse",,"qehufeo"
"1055438","warhorses",,"qehufeet"
"1055439","warhungry",,"okumufan"
"1055440","warhurst",,"ekimiqun"
"1055441","wari",,"quhia"
"1055442","waria",,"qahun"
"1055443","warialda",,"quhiniu"
"1055444","wariance",,"ukenofet"
"1055445","wariangle",,"qehanoon"
"1055446","waribashi",,"qeharaon"
"1055447","waribashis",,"qeharaan"
"1055448","waridashi",,"qahutue"
"1055449","waried",,"akonatu"
"1055450","warier",,"ekinetn"
"1055451","wariest",,"akonoua"
"1055452","warikahnite",,"ikanaruji"
"1055453","warila",,"ekinonn"
"1055454","warilier",,"qoheviu"
"1055455","wariliest",,"qehavoon"
"1055456","warily",,"okunott"
"1055457","wariment",,"qihozeon"
"1055458","wariments",,"qihozean"
"1055459","warin",,"ukenuru"
"1055460","warine",,"ikanann"
"1055461","wariness",,"ikanizua"
"1055462","warinesses",,"okunozi"
"1055463","waring",,"akonint"
"1055464","waringin",,"qahupuu"
"1055465","warings",,"akonaaa"
"1055466","warinka",,"ukenuone"
"1055467","wario",,"qehaf"
"1055468","warish",,"okunatu"
"1055469","warished",,"qihoqiet"
"1055470","warishes",,"ekinerun"
"1055471","warishing",,"qihoqiu"
"1055472","warism",,"qohean"
"1055473","warisome",,"qihoqaon"
"1055474","warison",,"ekineate"
"1055475","warisons",,"ekinehe"
"1055476","warji",,"ekires"
"1055477","warjies",,"akoraine"
"1055478","warjis",,"ekiria"
"1055479","wark",,"qihue"
"1055480","warka",,"quhan"
"1055481","warkamoowee",,"qohinojea"
"1055482","warkany",,"ekisuia"
"1055483","warked",,"ukesote"
"1055484","warkenti",,"quhavaot"
"1055485","warkentin",,"ukesefun"
"1055486","warking",,"ukesuan"
"1055487","warkloom",,"ekisuhu"
"1055488","warklume",,"akosida"
"1055489","warks",,"qihuqa"
"1055490","warkworth",,"ekisahin"
"1055491","warl",,"akotte"
"1055492","warlady",,"qahonen"
"1055493","warland",,"ikateata"
"1055494","warld",,"qohut"
"1055495","warleader",,"uketeret"
"1055496","warleaders",,"uketerie"
"1055497","warleggan",,"qohuveot"
"1055498","warless",,"uketeena"
"1055499","warlessly",,"qohuviu"
"1055500","warlessness",,"qihavubeun"
"1055501","warlessnesss",,"qihavubeu"
"1055502","warley",,"ekitens"
"1055503","warli",,"akotala"
"1055504","warlick",,"uketuoni"
"1055505","warlight",,"ekitenina"
"1055506","warlike",,"ikatiee"
"1055507","warlikely",,"qehiruon"
"1055508","warlikeness",,"qohurapaen"
"1055509","warlikenesses",,"qehirupuu"
"1055510","warliker",,"qehiruen"
"1055511","warlikest",,"qahorie"
"1055512","warlimpirrnga",,"akotapuvo"
"1055513","warling",,"qehiren"
"1055514","warlingham",,"ikatifia"
"1055515","warlings",,"qehiroon"
"1055516","warload",,"qahofet"
"1055517","warlock",,"ekitoana"
"1055518","warlockries",,"qihafuzau"
"1055519","warlockry",,"qehifoet"
"1055520","warlocks",,"ekitotune"
"1055521","warlocky",,"ikatutu"
"1055522","warlord",,"okutiae"
"1055523","warlording",,"qihafiu"
"1055524","warlordinged",,"uketaqova"
"1055525","warlordinging",,"uketaqovat"
"1055526","warlordings",,"qihafizeot"
"1055527","warlordism",,"akoteqia"
"1055528","warlordisms",,"akoteqivat"
"1055529","warlords",,"okutiqen"
"1055530","warlordship",,"uketaqoda"
"1055531","warlott",,"ekitoane"
"1055532","warlover",,"akotegot"
"1055533","warlow",,"akote3"
"1055534","warlpiri",,"okutusi"
"1055535","warlpiries",,"ekitisaa"
"1055536","warlpiris",,"okutusata"
"1055537","warluck",,"ikataune"
"1055538","warluwara",,"qohuboe"
"1055539","warluwarra",,"akotoken"
"1055540","warly",,"okutite"
"1055541","warm",,"qoha"
"1055542","warmable",,"qehuneot"
"1055543","warmack",,"qohanan"
"1055544","warmaker",,"ukevovon"
"1055545","warmakers",,"ukevovan"
"1055546","warmaking",,"ikaveven"
"1055547","warman",,"ikavano"
"1055548","warmaster",,"qohanie"
"1055549","warmate",,"ukevoo"
"1055550","warmates",,"ukevobet"
"1055551","warmbier",,"qohariun"
"1055552","warmblood",,"okuvezon"
"1055553","warmblooded",,"qiherojoat"
"1055554","warmbloodedness",,"okuvezaca"
"1055555","warmbloods",,"okuvezan"
"1055556","warmboot",,"qehurio"
"1055557","warmbooted",,"okuvehon"
"1055558","warmbooting",,"okuvehagin"
"1055559","warmboots",,"qehuriet"
"1055560","warmd",,"ukevas"
"1055561","warmdown",,"quhotein"
"1055562","warme",,"qehuv"
"1055563","warmed",,"ikavona"
"1055564","warmedly",,"qehuviot"
"1055565","warmedy",,"akovoun"
"1055566","warmen",,"ekiveta"
"1055567","warmenhuizen",,"qehuvosee"
"1055568","warmer",,"ukevane"
"1055569","warmers",,"ukeveen"
"1055570","warmes",,"qehuea"
"1055571","warmest",,"ikavaat"
"1055572","warmeth",,"qehuvota"
"1055573","warmfield",,"ikavasa"
"1055574","warmful",,"qehulo"
"1055575","warmhaltetisch",,"ikavorigu"
"1055576","warmhear",,"qiheneet"
"1055577","warmhearted",,"qehunusion"
"1055578","warmheartedly",,"ukevizubot"
"1055579","warmheartedness",,"akovuzabu"
"1055580","warmheartednesses",,"ukevizubi"
"1055581","warmhouse",,"akovuhen"
"1055582","warmia",,"qihea"
"1055583","warmian",,"ikaviea"
"1055584","warmin",,"okuvai"
"1055585","warming",,"ikaviin"
"1055586","warmingham",,"qahireo"
"1055587","warmingly",,"qehuroan"
"1055588","warmingol",,"qehuroat"
"1055589","warmingone",,"quhorai"
"1055590","warmings",,"ikavifa"
"1055591","warmington",,"okuvofu"
"1055592","warminster",,"ekivefot"
"1055593","warminsters",,"ekivefigo"
"1055594","warmish",,"akovaa"
"1055595","warmisher",,"qohariot"
"1055596","warmishest",,"qehuroana"
"1055597","warmist",,"ukevuon"
"1055598","warmley",,"ukevoen"
"1055599","warmlier",,"qahiveat"
"1055600","warmliest",,"quhovao"
"1055601","warmline",,"qohaviu"
"1055602","warmlist",,"qahiveun"
"1055603","warmly",,"akove"
"1055604","warmmess",,"quhozoin"
"1055605","warmness",,"ekivezat"
"1055606","warmnesses",,"akovazen"
"1055607","warmonge",,"ukevafan"
"1055608","warmonger",,"qohafiot"
"1055609","warmongered",,"ikavufifen"
"1055610","warmongerer",,"ukevafufin"
"1055611","warmongering",,"ikavufife"
"1055612","warmongerings",,"ikavufifin"
"1055613","warmongerism",,"qahiferaon"
"1055614","warmongers",,"qohafio"
"1055615","warmongery",,"quhofaet"
"1055616","warmoth",,"quhofin"
"1055617","warmouth",,"qihefei"
"1055618","warmouths",,"qihefeat"
"1055619","warms",,"qohaq"
"1055620","warmth",,"qohaan"
"1055621","warmthless",,"okuvirat"
"1055622","warmthlessness",,"qehuwepea"
"1055623","warmthlessnesss",,"qehuwepeen"
"1055624","warmthness",,"ekivorot"
"1055625","warmths",,"qohawun"
"1055626","warmup",,"akovea"
"1055627","warmups",,"akovoin"
"1055628","warmur",,"ukevoa"
"1055629","warmus",,"qehuu"
"1055630","warmuth",,"qehuba"
"1055631","warmware",,"ikavoruna"
"1055632","warmwater",,"qahiguan"
"1055633","warmweat",,"okuveza"
"1055634","warmy",,"quhol"
"1055635","warn",,"ukeznu"
"1055636","warnable",,"ikazesun"
"1055637","warnage",,"akoziua"
"1055638","warnborough",,"qoheruweon"
"1055639","warncoort",,"ikazihot"
"1055640","warnd",,"qehat"
"1055641","warndarang",,"qoheteot"
"1055642","warndon",,"ikazuun"
"1055643","warne",,"ikazao"
"1055644","warnecke",,"ekiziti"
"1055645","warned",,"qahua"
"1055646","warneet",,"quhivat"
"1055647","warneke",,"ekiziona"
"1055648","warnel",,"quhiat"
"1055649","warnem",,"ekizeta"
"1055650","warner",,"qehae"
"1055651","warnerian",,"okuzuqon"
"1055652","warnericin",,"ekiziqot"
"1055653","warnerin",,"ekiziqun"
"1055654","warners",,"qehavin"
"1055655","warnervale",,"qihovii"
"1055656","warnerville",,"ikazaqivet"
"1055657","warnervilles",,"ikazaqivi"
"1055658","warnes",,"ikaziu"
"1055659","warnest",,"qahuvet"
"1055660","warneth",,"ikazauna"
"1055661","warnham",,"qehana"
"1055662","warnick",,"ikaziea"
"1055663","warnik",,"ikazuna"
"1055664","warnin",,"quhie"
"1055665","warning",,"qahurat"
"1055666","warningful",,"quhiraat"
"1055667","warningfully",,"okuzoforen"
"1055668","warningl",,"ekizefin"
"1055669","warningless",,"akozafafun"
"1055670","warningly",,"ikazifene"
"1055671","warningproof",,"akozafaqa"
"1055672","warnings",,"qahuree"
"1055673","warnish",,"qohere"
"1055674","warnison",,"qeharoet"
"1055675","warniss",,"ukezuon"
"1055676","warnke",,"okuzin"
"1055677","warnken",,"qohetat"
"1055678","warnman",,"qihozen"
"1055679","warno",,"ekizon"
"1055680","warnock",,"akozein"
"1055681","warnockii",,"akozeton"
"1055682","warnocks",,"akozetaa"
"1055683","warnoth",,"ekizoat"
"1055684","warnow",,"ukezoi"
"1055685","warnowiid",,"qehafeon"
"1055686","warns",,"ukezut"
"1055687","warnsdorffs",,"ukezuvoba"
"1055688","warnt",,"qehaw"
"1055689","waroeng",,"ekipiani"
"1055690","warong",,"okupane"
"1055691","waroo",,"qihif"
"1055692","waroona",,"ukepaet"
"1055693","warori",,"ukepeno"
"1055694","waroris",,"ukepion"
"1055695","warp",,"ikafnu"
"1055696","warpable",,"okufasa"
"1055697","warpage",,"ukefoen"
"1055698","warpages",,"ukefonon"
"1055699","warpaint",,"ekifusun"
"1055700","warpainted",,"qohiniin"
"1055701","warpath",,"ukefoet"
"1055702","warpaths",,"ukefobi"
"1055703","warpe",,"okufua"
"1055704","warpean",,"qihuva"
"1055705","warped",,"quhai"
"1055706","warpedness",,"ikafavin"
"1055707","warpentake",,"ikafafot"
"1055708","warper",,"qaheoa"
"1055709","warpers",,"qahevet"
"1055710","warpest",,"quhavun"
"1055711","warpeth",,"okufuaa"
"1055712","warpfield",,"quhalao"
"1055713","warphan",,"okufeo"
"1055714","warphile",,"ekifase"
"1055715","warping",,"quharot"
"1055716","warpingly",,"okufofat"
"1055717","warpings",,"quharao"
"1055718","warpland",,"qohiveun"
"1055719","warplane",,"ukeforon"
"1055720","warplanes",,"ukeforana"
"1055721","warple",,"qihuot"
"1055722","warpless",,"qihuveet"
"1055723","warplike",,"qohiviu"
"1055724","warpower",,"qahefai"
"1055725","warpowers",,"qahefaat"
"1055726","warprofiteer",,"akofuhuvun"
"1055727","warproof",,"ukefihat"
"1055728","warps",,"ikafii"
"1055729","warpt",,"qahew"
"1055730","warpwise",,"akofusot"
"1055731","warpy",,"akofee"
"1055732","warqa",,"qehina"
"1055733","warr",,"okujnu"
"1055734","warra",,"ikajes"
"1055735","warrabah",,"akojisin"
"1055736","warrabkook",,"qiheniun"
"1055737","warrack",,"okujaot"
"1055738","warracknabeal",,"qohanizaen"
"1055739","warracoori",,"qahineu"
"1055740","warraderry",,"qohanue"
"1055741","warragai",,"akojina"
"1055742","warragal",,"qehunao"
"1055743","warragals",,"qehunaet"
"1055744","warragamba",,"qohanein"
"1055745","warragle",,"quhoniin"
"1055746","warragles",,"quhonia"
"1055747","warragoon",,"qihenoat"
"1055748","warragul",,"quhoniot"
"1055749","warraguls",,"quhonio"
"1055750","warrah",,"qehuua"
"1055751","warrak",,"okujin"
"1055752","warral",,"quhoat"
"1055753","warram",,"ekijeti"
"1055754","warrambool",,"ukejope"
"1055755","warramunga",,"qohanoa"
"1055756","warran",,"qiheot"
"1055757","warrand",,"akojie"
"1055758","warranded",,"qehunoot"
"1055759","warrandice",,"ukejofan"
"1055760","warrandices",,"ukejofovun"
"1055761","warranding",,"qehunoan"
"1055762","warrands",,"akojifin"
"1055763","warrandyte",,"qihenuon"
"1055764","warrane",,"qohani"
"1055765","warraned",,"ukejofen"
"1055766","warraning",,"ukejofe"
"1055767","warrans",,"qiheno"
"1055768","warrant",,"akojiu"
"1055769","warrantabilities",,"qehunodoon"
"1055770","warrantability",,"quhonadau"
"1055771","warrantable",,"ukejofotun"
"1055772","warrantableness",,"qihenuduo"
"1055773","warrantablenesses",,"qohanidie"
"1055774","warrantablenesss",,"qihenuduet"
"1055775","warrantably",,"okujafatan"
"1055776","warrante",,"ukejofet"
"1055777","warranted",,"qehunoa"
"1055778","warrantedly",,"ukejofofun"
"1055779","warrantedness",,"akojififan"
"1055780","warrantee",,"ikajefe"
"1055781","warranteed",,"qahinean"
"1055782","warrantees",,"ikajefin"
"1055783","warranter",,"qohaniea"
"1055784","warranters",,"qohaniin"
"1055785","warrantest",,"qehunoet"
"1055786","warranteth",,"ukejofun"
"1055787","warrantholder",,"akojifite"
"1055788","warranti",,"akojifa"
"1055789","warrantied",,"qehunoeta"
"1055790","warranties",,"ukejofuna"
"1055791","warranting",,"qehunoat"
"1055792","warrantings",,"qehunodue"
"1055793","warrantise",,"ukejofune"
"1055794","warrantised",,"qehunodui"
"1055795","warrantises",,"ukejofovu"
"1055796","warrantising",,"qehunoduot"
"1055797","warrantize",,"qihenuan"
"1055798","warrantized",,"akojifivet"
"1055799","warrantizes",,"qihenudeun"
"1055800","warrantizing",,"akojifivu"
"1055801","warrantless",,"qahinedein"
"1055802","warrantlessly",,"ikajefefan"
"1055803","warrantlessness",,"ukejofofon"
"1055804","warranto",,"okujafen"
"1055805","warrantor",,"qahineun"
"1055806","warrantors",,"qahineua"
"1055807","warrants",,"akojifot"
"1055808","warranty",,"okujafo"
"1055809","warrantying",,"qihenudoin"
"1055810","warrantys",,"okujafet"
"1055811","warranulla",,"qahineue"
"1055812","warranwood",,"okujafi"
"1055813","warrao",,"akojun"
"1055814","warrap",,"qohaon"
"1055815","warratau",,"qahinoon"
"1055816","warrau",,"okujue"
"1055817","warraunt",,"ukejodon"
"1055818","warraunted",,"qahiniat"
"1055819","warraunting",,"qahinihuo"
"1055820","warraus",,"okujaota"
"1055821","warrawee",,"ukejoko"
"1055822","warrawidgee",,"qohanoteot"
"1055823","warrawong",,"quhonuo"
"1055824","warray",,"akojata"
"1055825","warrayed",,"qehuniu"
"1055826","warraying",,"qehunion"
"1055827","warrays",,"akojiea"
"1055828","warrayure",,"qehunia"
"1055829","warrazambil",,"qahinisoin"
"1055830","warre",,"ekijit"
"1055831","warred",,"qiheu"
"1055832","warree",,"akojan"
"1055833","warregah",,"qehuvao"
"1055834","warrego",,"ukejeet"
"1055835","warrell",,"ikajauna"
"1055836","warren",,"qehuee"
"1055837","warrenbayne",,"qehuvotoet"
"1055838","warrenby",,"ekijifia"
"1055839","warrendale",,"quhovaot"
"1055840","warrendales",,"quhovazao"
"1055841","warrened",,"okujufot"
"1055842","warrener",,"ikajafun"
"1055843","warreners",,"ikajafu"
"1055844","warrenheip",,"qohavia"
"1055845","warrenlike",,"akojofona"
"1055846","warrenmang",,"ekijifot"
"1055847","warrenne",,"akojofin"
"1055848","warrenous",,"qohaviua"
"1055849","warrenpoint",,"ukejeficot"
"1055850","warrens",,"qehuvin"
"1055851","warrensburg",,"qohavibuo"
"1055852","warrensburgs",,"qohavibuet"
"1055853","warrensville",,"ikajafali"
"1055854","warrensvilles",,"ikajafalat"
"1055855","warrentinna",,"ukejefovin"
"1055856","warrenton",,"qahiveuna"
"1055857","warrentons",,"qahiveu"
"1055858","warrenville",,"ikajafivet"
"1055859","warrenvilles",,"ikajafivi"
"1055860","warrer",,"quhoan"
"1055861","warrest",,"qiheva"
"1055862","warreth",,"ekijiia"
"1055863","warrey",,"ikajonu"
"1055864","warreyed",,"quhoveat"
"1055865","warreying",,"quhoveo"
"1055866","warreys",,"ikajaana"
"1055867","warrgamay",,"akojiro"
"1055868","warri",,"okujoni"
"1055869","warriangle",,"ukejuru"
"1055870","warrick",,"ekijeana"
"1055871","warried",,"qiheraa"
"1055872","warrier",,"quhore"
"1055873","warries",,"ekijeia"
"1055874","warriewood",,"qahirie"
"1055875","warrigal",,"qahiruun"
"1055876","warrigals",,"qahiruu"
"1055877","warrilow",,"qiheroi"
"1055878","warrimay",,"ikajipu"
"1055879","warrimoo",,"ukejupat"
"1055880","warrin",,"qohaana"
"1055881","warriner",,"ukejufi"
"1055882","warring",,"qiheron"
"1055883","warringah",,"okujofat"
"1055884","warringt",,"akojafen"
"1055885","warrington",,"qohariet"
"1055886","warringtonian",,"ikajifigin"
"1055887","warrion",,"quhorin"
"1055888","warrior",,"qoharun"
"1055889","warrioress",,"qehurii"
"1055890","warrioresses",,"qahirowaa"
"1055891","warriorhood",,"qehuriwie"
"1055892","warriorism",,"qahiroa"
"1055893","warriorless",,"okujohife"
"1055894","warriorlike",,"ekijehofet"
"1055895","warriorness",,"ekijehojo"
"1055896","warriors",,"qoharuu"
"1055897","warriorship",,"quhorewoun"
"1055898","warriorwise",,"quhorewei"
"1055899","warriour",,"qehurien"
"1055900","warris",,"okujoti"
"1055901","warrish",,"qahiran"
"1055902","warrison",,"quhoraa"
"1055903","warrisons",,"quhoraen"
"1055904","warriston",,"ekijewin"
"1055905","warrnambool",,"quhopifei"
"1055906","warroad",,"qohafi"
"1055907","warrock",,"ikajuun"
"1055908","warrok",,"ikajate"
"1055909","warrong",,"qahifana"
"1055910","warroo",,"ekijoni"
"1055911","warroom",,"ukejaon"
"1055912","warrty",,"qehuei"
"1055913","warrtys",,"qehuwin"
"1055914","warru",,"ekijis"
"1055915","warrumbungle",,"qohabotoon"
"1055916","warry",,"ukejara"
"1055917","warrying",,"qahileun"
"1055918","warryn",,"quhoata"
"1055919","wars",,"quhii"
"1055920","warsa",,"qahuna"
"1055921","warsame",,"qoheni"
"1055922","warsangeli",,"qehanoan"
"1055923","warsangli",,"qohenia"
"1055924","warsavian",,"qoheneu"
"1055925","warsaw",,"qihoin"
"1055926","warsaws",,"qihona"
"1055927","warschau",,"okucoro"
"1055928","warse",,"qihov"
"1055929","warsel",,"ukecaa"
"1055930","warsesque",,"qoheviun"
"1055931","warsh",,"okucei"
"1055932","warshall",,"akocuroe"
"1055933","warshaw",,"ekicaia"
"1055934","warshboard",,"qihonian"
"1055935","warshed",,"qihonaa"
"1055936","warshes",,"ekicaie"
"1055937","warshing",,"qihonuat"
"1055938","warshington",,"qohenihian"
"1055939","warship",,"qehano"
"1055940","warships",,"qehanoet"
"1055941","warsian",,"akocain"
"1055942","warsie",,"qihoot"
"1055943","warsle",,"ukecae"
"1055944","warsled",,"qehavu"
"1055945","warsler",,"qohevan"
"1055946","warslers",,"qohevaun"
"1055947","warsles",,"ukecoen"
"1055948","warsling",,"qehavoona"
"1055949","warsome",,"qihofo"
"1055950","warsop",,"akocee"
"1055951","warsovian",,"qihofoan"
"1055952","warspeak",,"okucuzoa"
"1055953","warspite",,"quhihain"
"1055954","warst",,"ekicoe"
"1055955","warsted",,"qohewon"
"1055956","warsting",,"qohewiin"
"1055957","warstle",,"qehawin"
"1055958","warstled",,"ikacuzuna"
"1055959","warstler",,"ukecazon"
"1055960","warstlers",,"ukecazan"
"1055961","warstles",,"qehawaa"
"1055962","warstling",,"ikacuzen"
"1055963","warsts",,"ekiceta"
"1055964","warsuit",,"akocoin"
"1055965","warsy",,"qehal"
"1055966","warszawa",,"ikacarat"
"1055967","warszawianka",,"qihomoleu"
"1055968","warszaws",,"okucura"
"1055969","wart",,"ekiqti"
"1055970","warta",,"okuqas"
"1055971","wartburg",,"okuqeden"
"1055972","wartch",,"quhuat"
"1055973","wartcress",,"qihisiet"
"1055974","warted",,"qohoen"
"1055975","wartenberg",,"qehevoet"
"1055976","wartenbergs",,"qehevotei"
"1055977","warter",,"qihiin"
"1055978","wartern",,"ikaqaat"
"1055979","wartface",,"qahaluon"
"1055980","wartflower",,"qihiloun"
"1055981","warth",,"quhun"
"1055982","warthe",,"qihiota"
"1055983","wartheland",,"okuqezi"
"1055984","warthen",,"ikaqoun"
"1055985","warthens",,"ikaqozu"
"1055986","warthermarske",,"qehenuwiu"
"1055987","warthes",,"qihino"
"1055988","warthian",,"akoquso"
"1055989","warthill",,"qehenoon"
"1055990","warthin",,"ukeqiia"
"1055991","warthins",,"ukeqisat"
"1055992","warthman",,"ikaqopin"
"1055993","warthog",,"qohone"
"1055994","warthoglet",,"quhuneon"
"1055995","warthogs",,"qohonuin"
"1055996","wartier",,"qihiro"
"1055997","wartiest",,"qohoraun"
"1055998","wartily",,"quhuru"
"1055999","wartime",,"ikaqiun"
"1056000","wartimer",,"qehereo"
"1056001","wartimes",,"ikaqipu"
"1056002","wartimest",,"qaharaun"
"1056003","wartiness",,"qahareun"
"1056004","wartish",,"quhurin"
"1056005","wartless",,"qehevua"
"1056006","wartlessness",,"akoqizodan"
"1056007","wartlet",,"ikaqeat"
"1056008","wartlike",,"qahaveat"
"1056009","wartliker",,"ikaqesa"
"1056010","wartlikest",,"okuqasat"
"1056011","wartman",,"qahazon"
"1056012","wartofsky",,"qihifeat"
"1056013","warton",,"qihia"
"1056014","wartook",,"ukeqaona"
"1056015","wartorn",,"ekiqoan"
"1056016","wartow",,"ekiqeta"
"1056017","wartpox",,"okuquai"
"1056018","wartproof",,"qehehei"
"1056019","wartrace",,"quhuciun"
"1056020","wartraces",,"quhuciu"
"1056021","warts",,"ekiqeno"
"1056022","wartsome",,"akoqahot"
"1056023","wartweed",,"quhugoat"
"1056024","wartweeds",,"quhugoe"
"1056025","wartwort",,"ekiqahat"
"1056026","wartworts",,"ekiqahe"
"1056027","warty",,"ikaquna"
"1056028","wartyback",,"qehelea"
"1056029","waru",,"qihui"
"1056030","warua",,"quhana"
"1056031","waruas",,"quhaan"
"1056032","waruga",,"qaheen"
"1056033","warumungu",,"akowudet"
"1056034","waruna",,"ukewas"
"1056035","warundi",,"qahepon"
"1056036","warundis",,"qahepoan"
"1056037","warung",,"ukewena"
"1056038","warve",,"ukebee"
"1056039","warw",,"qohaa"
"1056040","warwagon",,"ekidunun"
"1056041","warwalking",,"quhonii"
"1056042","warwards",,"qihenio"
"1056043","warweariness",,"quhoviwoon"
"1056044","warweary",,"okudurot"
"1056045","warwick",,"qehurot"
"1056046","warwickite",,"okudotan"
"1056047","warwicks",,"qehuroo"
"1056048","warwickshire",,"qehurozuu"
"1056049","warwidow",,"ukeduvon"
"1056050","warwike",,"qahiron"
"1056051","warwikeshire",,"qahiripien"
"1056052","warwolf",,"quhofina"
"1056053","warwolves",,"qahifuat"
"1056054","warwoman",,"ikadupu"
"1056055","warwood",,"ikaduat"
"1056056","warwork",,"ekidoan"
"1056057","warworker",,"qihefii"
"1056058","warworks",,"ekidoqun"
"1056059","warworn",,"qohafat"
"1056060","wary",,"qehe"
"1056061","waryfish",,"qihiluan"
"1056062","waryson",,"ikakiun"
"1056063","warytree",,"quhuwuun"
"1056064","warzecha",,"qehovoin"
"1056065","warzel",,"qihuin"
"1056066","warzone",,"quhafun"
"1056067","warzones",,"quhafau"
"1056068","was",,"eku7"
"1056069","wasa",,"okamso"
"1056070","wasabi",,"qajoo"
"1056071","wasabis",,"qajoret"
"1056072","wasagara",,"qijamoen"
"1056073","wasagaras",,"qijamoon"
"1056074","wasandawi",,"ikemivua"
"1056075","wasandawis",,"ikemivot"
"1056076","wasango",,"qajopi"
"1056077","wasangos",,"qajopuat"
"1056078","wasapi",,"qejiu"
"1056079","wasat",,"qujew"
"1056080","wasatch",,"okamiota"
"1056081","wasatchian",,"qijawuat"
"1056082","wasatchs",,"okamitoa"
"1056083","wasats",,"qujean"
"1056084","wasband",,"qojanon"
"1056085","wasbian",,"akinaue"
"1056086","wascana",,"qijonot"
"1056087","wascawwy",,"akirike"
"1056088","wascher",,"ekuraon"
"1056089","waschke",,"qojenan"
"1056090","wasco",,"ikeruni"
"1056091","wascos",,"ikerinu"
"1056092","wascott",,"okariota"
"1056093","wascotts",,"okaribo"
"1056094","wasd",,"qiji"
"1056095","wasdale",,"ukosoaa"
"1056096","wasden",,"okasee"
"1056097","wase",,"akitsu"
"1056098","waseca",,"ekutati"
"1056099","wasecas",,"ekuteen"
"1056100","waseem",,"okatesu"
"1056101","wasegoose",,"ukotohan"
"1056102","wasegooses",,"ukotohun"
"1056103","wasegua",,"ekutuon"
"1056104","waseguas",,"ekutudan"
"1056105","wasei",,"akitare"
"1056106","wasel",,"qejov"
"1056107","wasembo",,"qijuza"
"1056108","waser",,"qijuc"
"1056109","waserman",,"okatepo"
"1056110","wases",,"akitaro"
"1056111","waseshiro",,"iketiraa"
"1056112","wash",,"qujo"
"1056113","washabaugh",,"qojanoa"
"1056114","washabilities",,"akimisofin"
"1056115","washability",,"ikemesafon"
"1056116","washabilitys",,"ikemesafan"
"1056117","washable",,"qijenien"
"1056118","washableness",,"okamasofun"
"1056119","washabler",,"ekumusuna"
"1056120","washables",,"qijenion"
"1056121","washablest",,"akimisena"
"1056122","washaki",,"qujonin"
"1056123","washakie",,"qijeneon"
"1056124","washakis",,"qujonoa"
"1056125","washam",,"qijea"
"1056126","washashore",,"qojania"
"1056127","washateria",,"qajinoe"
"1056128","washaterias",,"qajinopoin"
"1056129","washaway",,"qejuneot"
"1056130","washaways",,"qejuneo"
"1056131","washback",,"okameroa"
"1056132","washbag",,"ukomiet"
"1056133","washball",,"akimura"
"1056134","washballs",,"akimuren"
"1056135","washbasi",,"ikemorue"
"1056136","washbasin",,"qijeroan"
"1056137","washbasins",,"qijeroun"
"1056138","washbasket",,"qijeroana"
"1056139","washbin",,"qojarun"
"1056140","washboar",,"qijeraet"
"1056141","washboard",,"akimuha"
"1056142","washboarded",,"qejurisiet"
"1056143","washboarding",,"qejurisiu"
"1056144","washboardist",,"qojarusuet"
"1056145","washboards",,"akimuhena"
"1056146","washboardy",,"okamehone"
"1056147","washbourne",,"akimuhet"
"1056148","washbowl",,"qijeraon"
"1056149","washbowls",,"qijeraan"
"1056150","washbrew",,"qojaroat"
"1056151","washbrook",,"qijeriat"
"1056152","washburn",,"ukomidi"
"1056153","washcloth",,"okamozan"
"1056154","washcloths",,"okamozun"
"1056155","washcoat",,"ukomuhon"
"1056156","washd",,"ekumora"
"1056157","washday",,"ukomaoa"
"1056158","washdays",,"ukomaret"
"1056159","washdc",,"ekument"
"1056160","washdeva",,"qojataan"
"1056161","washdirt",,"ekumosun"
"1056162","washdish",,"qujotaa"
"1056163","washdown",,"qejutio"
"1056164","washe",,"qijev"
"1056165","washed",,"akimatn"
"1056166","washedst",,"qojavuat"
"1056167","washee",,"qojaet"
"1056168","washen",,"ikemant"
"1056169","washer",,"ekumett"
"1056170","washered",,"qojavoan"
"1056171","washerette",,"ikemaqin"
"1056172","washeries",,"akimoqo"
"1056173","washering",,"qojavoa"
"1056174","washerless",,"qejuveon"
"1056175","washerlike",,"qajivain"
"1056176","washerman",,"qajivaun"
"1056177","washermans",,"qajivau"
"1056178","washermen",,"qijevii"
"1056179","washermens",,"qijeviat"
"1056180","washers",,"ekumiio"
"1056181","washerteria",,"ekumiqufot"
"1056182","washerwife",,"qojavoaa"
"1056183","washerwoman",,"qajivaluot"
"1056184","washerwomanly",,"ikemaqucat"
"1056185","washerwomans",,"qajivaluo"
"1056186","washerwomen",,"qijeviloe"
"1056187","washerwomens",,"qijeviloin"
"1056188","washery",,"ikemaata"
"1056189","washeryman",,"qojavoot"
"1056190","washerymen",,"qajivae"
"1056191","washes",,"qijeot"
"1056192","washest",,"akimoua"
"1056193","washeteria",,"qijevaan"
"1056194","washeterias",,"qijevapaun"
"1056195","washeth",,"qijeven"
"1056196","washette",,"qejuviot"
"1056197","washfast",,"qejulaen"
"1056198","washfastness",,"akimorogun"
"1056199","washford",,"akimoho"
"1056200","washfountain",,"qojalugaat"
"1056201","washhand",,"akimuraa"
"1056202","washhouse",,"okamehia"
"1056203","washhouses",,"okamehat"
"1056204","washi",,"qujor"
"1056205","washier",,"ekumeana"
"1056206","washiest",,"akimaza"
"1056207","washikong",,"ekumevo"
"1056208","washily",,"okamoena"
"1056209","washim",,"qojaat"
"1056210","washin",,"ukomets"
"1056211","washiness",,"ikemifae"
"1056212","washinesses",,"okamofedun"
"1056213","washing",,"akimaoe"
"1056214","washings",,"akimafet"
"1056215","washingt",,"qojariot"
"1056216","washingta",,"qijeruun"
"1056217","washington",,"ukomufaa"
"1056218","washingtonboro",,"ukomufugun"
"1056219","washingtonboros",,"ukomufugu"
"1056220","washingtonese",,"okamofogo"
"1056221","washingtoneses",,"okamofoget"
"1056222","washingtonia",,"akimafagot"
"1056223","washingtonian",,"qajireruun"
"1056224","washingtoniana",,"qejuroraon"
"1056225","washingtonianas",,"qejuroraan"
"1056226","washingtonians",,"qajireruu"
"1056227","washingtonias",,"akimafago"
"1056228","washingtons",,"ukomufugen"
"1056229","washingtonville",,"qejuroraat"
"1056230","washingtonvilles",,"qejurorae"
"1056231","washins",,"ukomuia"
"1056232","washint",,"qejuro"
"1056233","washita",,"okamooi"
"1056234","washitas",,"okamobet"
"1056235","washitaw",,"akimaba"
"1056236","washitsu",,"akimabo"
"1056237","washixia",,"akimalo"
"1056238","washiyama",,"qejuriet"
"1056239","washkit",,"akimoau"
"1056240","washko",,"qajion"
"1056241","washland",,"ikemeru"
"1056242","washlands",,"ikemerot"
"1056243","washleather",,"qojavaseo"
"1056244","washless",,"ukomozia"
"1056245","washlet",,"qejuvot"
"1056246","washline",,"qujovaa"
"1056247","washload",,"qajivoan"
"1056248","washmaid",,"akimurae"
"1056249","washman",,"ikemoea"
"1056250","washmen",,"ekumaan"
"1056251","washminster",,"ekumasiden"
"1056252","washndc",,"qejupin"
"1056253","washnut",,"qajipi"
"1056254","washo",,"qejuf"
"1056255","washoan",,"okamioa"
"1056256","washoans",,"okamiret"
"1056257","washoe",,"qajien"
"1056258","washoes",,"qajifon"
"1056259","washoff",,"qujofa"
"1056260","washoku",,"qujofin"
"1056261","washomat",,"okamipet"
"1056262","washos",,"qejuin"
"1056263","washougal",,"ikemudoa"
"1056264","washougals",,"ikemudeta"
"1056265","washout",,"okamioe"
"1056266","washouts",,"okamidet"
"1056267","washover",,"qujofiin"
"1056268","washpan",,"qujohu"
"1056269","washpipe",,"qejuhoen"
"1056270","washpit",,"qajihan"
"1056271","washplace",,"qujohiot"
"1056272","washplant",,"qojaheot"
"1056273","washpool",,"qijehaan"
"1056274","washpot",,"qojahun"
"1056275","washpots",,"qojahuu"
"1056276","washproof",,"ukomequa"
"1056277","washrack",,"okamerena"
"1056278","washrag",,"ukomioni"
"1056279","washrags",,"ukomirane"
"1056280","washroad",,"qojacuun"
"1056281","washroom",,"ukomihati"
"1056282","washrooms",,"ukomihe"
"1056283","washs",,"qujoq"
"1056284","washshed",,"qijeqiet"
"1056285","washstall",,"ukomubun"
"1056286","washstand",,"ukomuban"
"1056287","washstands",,"ukomubuna"
"1056288","washt",,"ekumore"
"1056289","washta",,"okaminn"
"1056290","washtail",,"qijewoi"
"1056291","washtas",,"okamiaa"
"1056292","washtenaw",,"qujowoot"
"1056293","washtray",,"qojawoun"
"1056294","washtrough",,"ukomaqota"
"1056295","washtub",,"qijewo"
"1056296","washtubs",,"qijeweet"
"1056297","washtucna",,"qejuwuen"
"1056298","washtucnas",,"qejuwuon"
"1056299","washugyu",,"qajibuat"
"1056300","washup",,"okamott"
"1056301","washups",,"okamuoa"
"1056302","washvax",,"qejudin"
"1056303","washwater",,"qojagee"
"1056304","washway",,"qajiget"
"1056305","washwipe",,"akimusa"
"1056306","washwipes",,"akimusena"
"1056307","washwoman",,"ikemohaa"
"1056308","washwomans",,"ikemohena"
"1056309","washwomen",,"ekumahue"
"1056310","washwomens",,"ekumahote"
"1056311","washwood",,"ikemohua"
"1056312","washwork",,"ekumahea"
"1056313","washy",,"qejul"
"1056314","wasi",,"ekunru"
"1056315","wasian",,"qojei"
"1056316","wasielewski",,"qojevepuen"
"1056317","wasik",,"akinosu"
"1056318","wasilewska",,"qujivoen"
"1056319","wasilewski",,"qijovee"
"1056320","wasilla",,"ukonoon"
"1056321","wasim",,"ukonino"
"1056322","wasinger",,"ukonunan"
"1056323","wasir",,"qujic"
"1056324","wasirs",,"qujiun"
"1056325","wasit",,"qijow"
"1056326","wasite",,"qojeon"
"1056327","wasiti",,"qijoo"
"1056328","wasium",,"ikenatt"
"1056329","waskada",,"qujanat"
"1056330","waskaganish",,"ekusunejet"
"1056331","waskerley",,"ukoseqia"
"1056332","waskesiu",,"ikesawu"
"1056333","waskiewicz",,"qejoruon"
"1056334","waskish",,"qijuron"
"1056335","waskishs",,"qijuruan"
"1056336","wasko",,"okasiri"
"1056337","waskom",,"akisuu"
"1056338","waskoms",,"akiseota"
"1056339","wasl",,"qoju"
"1056340","wasla",,"qijan"
"1056341","wasley",,"qijain"
"1056342","wasm",,"ukovta"
"1056343","wasmann",,"akiviin"
"1056344","wasmer",,"qejue"
"1056345","wasms",,"ukovuu"
"1056346","wasmund",,"akivou"
"1056347","wasmuth",,"ikevaea"
"1056348","wasn",,"qeja"
"1056349","wasna",,"qojen"
"1056350","wasney",,"qojeet"
"1056351","wasnt",,"ikezuto"
"1056352","waso",,"ikepra"
"1056353","wasoga",,"akipeni"
"1056354","wasogas",,"akipiin"
"1056355","wasola",,"qajaen"
"1056356","wasolas",,"qajavon"
"1056357","wason",,"qijip"
"1056358","wasp",,"qaje"
"1056359","waspada",,"ukofoaa"
"1056360","waspdom",,"okafiaa"
"1056361","waspdoms",,"okafihen"
"1056362","wasped",,"ekufot"
"1056363","waspen",,"ukofaa"
"1056364","waspfish",,"qojiliot"
"1056365","wasphood",,"qujaneot"
"1056366","waspi",,"qajer"
"1056367","waspie",,"qujaat"
"1056368","waspier",,"okafoaa"
"1056369","waspies",,"qujare"
"1056370","waspiest",,"ekufezat"
"1056371","waspily",,"ikefie"
"1056372","waspiness",,"ukofufat"
"1056373","waspinesses",,"ikefifoden"
"1056374","waspinesss",,"ukofufe"
"1056375","wasping",,"ekufeune"
"1056376","waspish",,"ikefiu"
"1056377","waspisher",,"qajeree"
"1056378","waspishest",,"qujaraet"
"1056379","waspishlier",,"ekufewofet"
"1056380","waspishliest",,"akifawefu"
"1056381","waspishly",,"qejoroi"
"1056382","waspishness",,"qojirisaet"
"1056383","waspishnesses",,"qejorosuin"
"1056384","waspization",,"ukofunugot"
"1056385","waspize",,"ikefiat"
"1056386","waspless",,"akifizot"
"1056387","wasplike",,"ukofosan"
"1056388","waspling",,"qojiviot"
"1056389","waspnest",,"qejopua"
"1056390","waspnesting",,"okafozugu"
"1056391","waspnests",,"qejopuen"
"1056392","wasps",,"qajeq"
"1056393","waspwaisted",,"qojigetaot"
"1056394","waspy",,"qojil"
"1056395","wasrael",,"akijie"
"1056396","wass",,"ekuc2"
"1056397","wassa",,"okacane"
"1056398","wassagsl",,"qujiniot"
"1056399","wassaic",,"okacaota"
"1056400","wassaics",,"okacaso"
"1056401","wassail",,"qijonen"
"1056402","wassailed",,"ukocosi"
"1056403","wassailer",,"akiciso"
"1056404","wassailers",,"akiciset"
"1056405","wassailing",,"ukocosot"
"1056406","wassailings",,"ukocosuvo"
"1056407","wassailous",,"qujinaet"
"1056408","wassailries",,"akicisaban"
"1056409","wassailry",,"ikecesota"
"1056410","wassails",,"qijonuon"
"1056411","wassap",,"qejae"
"1056412","wassed",,"qojeen"
"1056413","wasseil",,"qejavot"
"1056414","wassel",,"qejaea"
"1056415","wassell",,"okacuai"
"1056416","wassen",,"qajuo"
"1056417","wassenaar",,"akicofot"
"1056418","wassent",,"okacuote"
"1056419","wasser",,"qijoin"
"1056420","wasserauen",,"okacuqet"
"1056421","wasserburg",,"qujivuo"
"1056422","wasserma",,"qojevoat"
"1056423","wasserman",,"okacuqeta"
"1056424","wassermann",,"qojevoot"
"1056425","wassermanns",,"qojevofio"
"1056426","wassermen",,"akicoqaa"
"1056427","wasserstein",,"qujivubiet"
"1056428","wassie",,"akicuna"
"1056429","wassily",,"qujiru"
"1056430","wassilys",,"qujiriot"
"1056431","wassis",,"ekucone"
"1056432","wassist",,"qijoren"
"1056433","wassmann",,"akicura"
"1056434","wassmer",,"qejazin"
"1056435","wassock",,"okaciaa"
"1056436","wasson",,"qijoa"
"1056437","wassonite",,"ukocafata"
"1056438","wassup",,"qujiat"
"1056439","wassy",,"ikecute"
"1056440","wassyngton",,"qijolue"
"1056441","wast",,"qijia"
"1056442","wasta",,"qujun"
"1056443","wastabl",,"qijina"
"1056444","wastable",,"qojonoan"
"1056445","wastage",,"qujunun"
"1056446","wastages",,"qujuniu"
"1056447","wastas",,"qujuan"
"1056448","wastcote",,"ekuqehi"
"1056449","waste",,"qojov"
"1056450","wasteable",,"qejevaot"
"1056451","wastebas",,"ekuqison"
"1056452","wastebasket",,"qejevesuet"
"1056453","wastebasketed",,"okaqusodan"
"1056454","wastebasketing",,"okaqusoda"
"1056455","wastebaskets",,"qejevesui"
"1056456","wastebin",,"qajavai"
"1056457","wastebins",,"qajavaat"
"1056458","wasteboard",,"ikeqasu"
"1056459","wastebook",,"ikeqasin"
"1056460","wastecan",,"ikeqatat"
"1056461","wastecoat",,"okaquto"
"1056462","wasted",,"ukoqina"
"1056463","wastedness",,"qijivaon"
"1056464","wasteful",,"qejevuo"
"1056465","wastefully",,"ukoqeme"
"1056466","wastefulness",,"akiqomufat"
"1056467","wastefulnesses",,"ukoqemifen"
"1056468","wastegal",,"akiqonot"
"1056469","wastegate",,"akiqonota"
"1056470","wastegood",,"ukoqenan"
"1056471","wasteground",,"ukoqenacu"
"1056472","wasteheap",,"qujuvuin"
"1056473","wastel",,"ikeqinu"
"1056474","wastelan",,"qujuviu"
"1056475","wasteland",,"ekuqizat"
"1056476","wastelander",,"qijivosean"
"1056477","wastelands",,"ekuqizee"
"1056478","wastelbread",,"qejevatien"
"1056479","wasteless",,"okaquzen"
"1056480","wastelessness",,"qejevapuun"
"1056481","wastelot",,"qojoveun"
"1056482","wastelots",,"qojoveu"
"1056483","wastels",,"ikeqaat"
"1056484","wastely",,"akiqoea"
"1056485","wasteman",,"ekuqipan"
"1056486","wastemen",,"ukoqepet"
"1056487","wastement",,"qejeveo"
"1056488","wasten",,"okaqus"
"1056489","wastened",,"qijivua"
"1056490","wastenes",,"ekuqifi"
"1056491","wasteness",,"ekuqifat"
"1056492","wastenesses",,"akiqofuden"
"1056493","wastenesss",,"ekuqife"
"1056494","wasteneys",,"ikeqafe"
"1056495","wastening",,"qijivuat"
"1056496","wastens",,"okaquote"
"1056497","wasteoid",,"ekuqihan"
"1056498","wastepaper",,"ikeqajina"
"1056499","wastepapers",,"ikeqajiqa"
"1056500","wastepile",,"qejevuen"
"1056501","wastepiles",,"qejevuon"
"1056502","wasteproof",,"okaqujat"
"1056503","waster",,"akiqate"
"1056504","wastered",,"qejeveu"
"1056505","wasterful",,"ukoqeqate"
"1056506","wasterfully",,"qojovonoen"
"1056507","wasterfulness",,"qijivinia"
"1056508","wasterfulnesses",,"qojovonoun"
"1056509","wasterie",,"ukoqeqet"
"1056510","wasteries",,"ukoqeqi"
"1056511","wasterife",,"qijivii"
"1056512","wasterifes",,"qijiviat"
"1056513","wastering",,"qejeveon"
"1056514","wastern",,"qajavet"
"1056515","wasters",,"akiqoee"
"1056516","wastery",,"okaquin"
"1056517","wasterys",,"okaquqa"
"1056518","wastes",,"qojoet"
"1056519","wastest",,"ukoqeoa"
"1056520","wastestream",,"qajavedoe"
"1056521","wasteth",,"qojovan"
"1056522","wastethrift",,"ekuqiboben"
"1056523","wastetime",,"ekuqibun"
"1056524","wastewat",,"ikeqakat"
"1056525","wastewater",,"qajavaan"
"1056526","wastewaters",,"qajavasuun"
"1056527","wasteway",,"qijivia"
"1056528","wasteways",,"qijivien"
"1056529","wasteweir",,"okaquken"
"1056530","wasteweires",,"ekuqikavu"
"1056531","wasteweirs",,"okaqukon"
"1056532","wasteword",,"qojovoun"
"1056533","wastey",,"qujui"
"1056534","wasteyard",,"qajavoon"
"1056535","wasteyardes",,"qujuveseot"
"1056536","wasteyards",,"qajavoan"
"1056537","wasteyute",,"ukoqemet"
"1056538","wastfull",,"ikeqadot"
"1056539","wastier",,"akiqaua"
"1056540","wastiest",,"ukoquzon"
"1056541","wastin",,"ikeqato"
"1056542","wastine",,"okaqoaa"
"1056543","wasting",,"ukoquie"
"1056544","wastingly",,"qojoria"
"1056545","wastingness",,"qijirurein"
"1056546","wastingnesss",,"qijirurea"
"1056547","wastings",,"ukoqufat"
"1056548","wastive",,"ikeqiat"
"1056549","wastland",,"okaqaro"
"1056550","wastme",,"qajao"
"1056551","wastness",,"okaqozo"
"1056552","wastnesses",,"ekuqezea"
"1056553","wastoid",,"okaqiaa"
"1056554","wastor",,"ikeqane"
"1056555","wastorel",,"qijifiet"
"1056556","wastour",,"okaqiae"
"1056557","wastrel",,"qejecin"
"1056558","wastrels",,"qejecua"
"1056559","wastrie",,"akiquue"
"1056560","wastries",,"akiqusot"
"1056561","wastrife",,"qujucaot"
"1056562","wastrifes",,"qujucao"
"1056563","wastry",,"ikeqita"
"1056564","wastrys",,"ikeqoata"
"1056565","wasts",,"qijiq"
"1056566","wastwater",,"qejegaa"
"1056567","wasty",,"qajal"
"1056568","wasukuma",,"okawuden"
"1056569","wasukumas",,"okawudon"
"1056570","wasup",,"qujah"
"1056571","waswahili",,"ukodore"
"1056572","waswahilis",,"ukodorin"
"1056573","waswanipi",,"ukodofun"
"1056574","waswasa",,"ekuduet"
"1056575","waszak",,"qajeo"
"1056576","wat",,"qic"
"1056577","wataa",,"qacon"
"1056578","watabe",,"ekamala"
"1056579","wataga",,"qecie"
"1056580","watagan",,"ekamuia"
"1056581","watagas",,"qecimin"
"1056582","watala",,"ekament"
"1056583","watalappam",,"ikomerai"
"1056584","watalappan",,"qacovue"
"1056585","watalas",,"ekamuon"
"1056586","wataman",,"ikomoata"
"1056587","watanabe",,"qocupei"
"1056588","watanabeite",,"ikomirufot"
"1056589","watanobbi",,"okemohet"
"1056590","watap",,"ikomare"
"1056591","watape",,"okemelo"
"1056592","watapeh",,"qacohet"
"1056593","watapes",,"okemuina"
"1056594","wataps",,"ikomito"
"1056595","watari",,"okemins"
"1056596","watasemycin",,"ikomizuro"
"1056597","watashikomi",,"ekameripon"
"1056598","watatsumiite",,"qucewagean"
"1056599","watauga",,"qacobet"
"1056600","wataugas",,"qacobui"
"1056601","watch",,"ekaras"
"1056602","watchabilities",,"qocenetaun"
"1056603","watchability",,"qacunutio"
"1056604","watchable",,"akururot"
"1056605","watchableness",,"qucinitai"
"1056606","watchables",,"akururo"
"1056607","watchably",,"ikororu"
"1056608","watchalike",,"qecanai"
"1056609","watchalong",,"ekarara"
"1056610","watchban",,"akurusin"
"1056611","watchband",,"qocenoun"
"1056612","watchbands",,"qocenou"
"1056613","watchbill",,"qecaneon"
"1056614","watchboat",,"ukirisia"
"1056615","watchbox",,"ekarasan"
"1056616","watchboxes",,"akuruso"
"1056617","watchcap",,"qecanoot"
"1056618","watchcase",,"ekaratan"
"1056619","watchcases",,"ekaratun"
"1056620","watchcat",,"qucinae"
"1056621","watchchain",,"akuruton"
"1056622","watchclock",,"qiconuat"
"1056623","watchcoat",,"qecanoo"
"1056624","watchcries",,"qiconuan"
"1056625","watchcry",,"qecanoota"
"1056626","watchd",,"qicoin"
"1056627","watchdog",,"qecanio"
"1056628","watchdogged",,"ikorovesen"
"1056629","watchdogging",,"ikorovese"
"1056630","watchdogs",,"qecaniet"
"1056631","watched",,"qocenon"
"1056632","watchedst",,"ukirizona"
"1056633","watchem",,"ikoroat"
"1056634","watcher",,"qicona"
"1056635","watchers",,"qiconeen"
"1056636","watches",,"akuruea"
"1056637","watchest",,"qocenaat"
"1056638","watchet",,"qoceni"
"1056639","watcheth",,"akuruzot"
"1056640","watchets",,"qocenaata"
"1056641","watcheye",,"ekarazone"
"1056642","watcheyes",,"ekarazana"
"1056643","watchface",,"qacunian"
"1056644","watchfield",,"qocenaa"
"1056645","watchfire",,"okeremi"
"1056646","watchfree",,"ekaramun"
"1056647","watchful",,"akurumo"
"1056648","watchfuler",,"qocenaaa"
"1056649","watchfulest",,"qecanugoat"
"1056650","watchfull",,"qecanui"
"1056651","watchfuller",,"ikoromofon"
"1056652","watchfullest",,"okeremefin"
"1056653","watchfullier",,"ikoromofat"
"1056654","watchfulliest",,"okeremefo"
"1056655","watchfully",,"qiconee"
"1056656","watchfulness",,"qucinogaat"
"1056657","watchfulnesse",,"qiconegua"
"1056658","watchfulnesses",,"qiconeguen"
"1056659","watchglass",,"quciniet"
"1056660","watchglasses",,"qiconopuin"
"1056661","watchglassful",,"qiconopuet"
"1056662","watchgoose",,"akurunon"
"1056663","watchguard",,"okereni"
"1056664","watchguards",,"okerenetat"
"1056665","watchhouse",,"qucinuen"
"1056666","watchie",,"akuruua"
"1056667","watchin",,"qecana"
"1056668","watching",,"qoceniin"
"1056669","watchingly",,"akurusan"
"1056670","watchingness",,"ekarasison"
"1056671","watchings",,"qocenia"
"1056672","watchkeeper",,"ukirivifun"
"1056673","watchkeeping",,"ikorovofan"
"1056674","watchless",,"qecanaen"
"1056675","watchlessness",,"akuruzudun"
"1056676","watchlessnesss",,"akuruzudu"
"1056677","watchlight",,"qiconoin"
"1056678","watchlike",,"qacunue"
"1056679","watchlist",,"ukirizun"
"1056680","watchlisted",,"qacunutiin"
"1056681","watchlisting",,"qacunutii"
"1056682","watchlists",,"ukirizu"
"1056683","watchmak",,"ukiripi"
"1056684","watchmake",,"ikoropin"
"1056685","watchmaker",,"qecaneona"
"1056686","watchmakers",,"qecanesean"
"1056687","watchmaking",,"qacunasaen"
"1056688","watchmakings",,"qacunasaon"
"1056689","watchman",,"qacunaan"
"1056690","watchmanly",,"ikoropoa"
"1056691","watchmans",,"qacunaun"
"1056692","watchmanship",,"qocenosaan"
"1056693","watchmate",,"qecaneo"
"1056694","watchmen",,"qiconiet"
"1056695","watchmens",,"qiconii"
"1056696","watchment",,"akurupo"
"1056697","watchmenverse",,"qacunapia"
"1056698","watchnight",,"qoceniet"
"1056699","watchorn",,"ekarahun"
"1056700","watchout",,"qucinein"
"1056701","watchouts",,"qucinea"
"1056702","watchperson",,"qucinopeon"
"1056703","watchphone",,"qucinoet"
"1056704","watchpocket",,"okerejazat"
"1056705","watchpoi",,"qocenau"
"1056706","watchpoint",,"qucinoon"
"1056707","watchpost",,"ukirijata"
"1056708","watchpuppy",,"qucinoen"
"1056709","watchs",,"ekarete"
"1056710","watchspring",,"qucinaceat"
"1056711","watchsprings",,"qucinacee"
"1056712","watchstander",,"ikoroweten"
"1056713","watchstanding",,"okerewata"
"1056714","watchstrap",,"qecanoon"
"1056715","watchstraps",,"qecanodian"
"1056716","watcht",,"qicoot"
"1056717","watchtime",,"qacunoun"
"1056718","watchtow",,"qiconaet"
"1056719","watchtower",,"akuruben"
"1056720","watchtowers",,"akurubimon"
"1056721","watchung",,"qecanuen"
"1056722","watchungs",,"qecanuon"
"1056723","watchupga",,"qecanuet"
"1056724","watchuset",,"qecanuo"
"1056725","watchusett",,"ikorodot"
"1056726","watchwise",,"ikorokin"
"1056727","watchwoman",,"qacunau"
"1056728","watchwomen",,"qiconiat"
"1056729","watchwoo",,"ikoroku"
"1056730","watchwor",,"qucinuin"
"1056731","watchword",,"ekarakuna"
"1056732","watchwords",,"ekaraku"
"1056733","watchwork",,"qiconian"
"1056734","watchworks",,"qiconiun"
"1056735","watcom",,"qicoota"
"1056736","watdrago",,"qococeun"
"1056737","wate",,"qoci"
"1056738","water",,"akututu"
"1056739","waterable",,"ukitiret"
"1056740","waterage",,"ekataria"
"1056741","waterages",,"ekatarate"
"1056742","waterall",,"ikotore"
"1056743","waterbag",,"qacecaon"
"1056744","waterbailage",,"ekataseva"
"1056745","waterbank",,"ikotosua"
"1056746","waterbar",,"oketesot"
"1056747","waterbase",,"qicucio"
"1056748","waterbased",,"akutusina"
"1056749","waterbasket",,"ukitisudat"
"1056750","waterbath",,"qucacuin"
"1056751","waterbeach",,"ekatasat"
"1056752","waterbear",,"ekatasia"
"1056753","waterbed",,"ukitisa"
"1056754","waterbeds",,"ukitisen"
"1056755","waterbelly",,"qecoceen"
"1056756","waterberg",,"ekatasata"
"1056757","waterbergs",,"ekatasea"
"1056758","waterberry",,"qacecaan"
"1056759","waterbike",,"qecoceo"
"1056760","waterbird",,"qicuciet"
"1056761","waterbirding",,"ukitiseba"
"1056762","waterbirds",,"qicucii"
"1056763","waterbirth",,"ekatasine"
"1056764","waterblink",,"qicuciun"
"1056765","waterblinks",,"qicucipeu"
"1056766","waterblommetjie",,"ukitisuci"
"1056767","waterblommetjiebredie",,"qacecapuen"
"1056768","waterbloom",,"ekatasini"
"1056769","waterboard",,"qecoceoa"
"1056770","waterboarded",,"oketesaton"
"1056771","waterboarder",,"ikotoseta"
"1056772","waterboarding",,"oketesatin"
"1056773","waterboardings",,"oketesata"
"1056774","waterboards",,"qecocejoet"
"1056775","waterboat",,"ikotosea"
"1056776","waterboatman",,"qocicojio"
"1056777","waterbody",,"ukitiseta"
"1056778","waterboiler",,"qicucijeun"
"1056779","waterbok",,"qucacuu"
"1056780","waterbomb",,"ekatasate"
"1056781","waterbombed",,"qocicojuu"
"1056782","waterbomber",,"qicucijaan"
"1056783","waterbombing",,"qocicojuon"
"1056784","waterbombs",,"ekatasee"
"1056785","waterbong",,"ekatasei"
"1056786","waterboom",,"qacecaat"
"1056787","waterborne",,"qocicou"
"1056788","waterboro",,"akutusae"
"1056789","waterboros",,"akutuseni"
"1056790","waterbosh",,"ikotosina"
"1056791","waterbot",,"oketesaa"
"1056792","waterbottle",,"ukitisogun"
"1056793","waterbouget",,"ekatasukin"
"1056794","waterbound",,"qecoceena"
"1056795","waterbourne",,"qecocejeon"
"1056796","waterboy",,"qocicoan"
"1056797","waterbrain",,"qocicoin"
"1056798","waterbrains",,"qocicowia"
"1056799","waterbrash",,"qacecaun"
"1056800","waterbreak",,"akutusai"
"1056801","waterbroo",,"akutusao"
"1056802","waterbrose",,"oketeseta"
"1056803","waterbuck",,"qecocea"
"1056804","waterbucket",,"oketesezon"
"1056805","waterbucks",,"qecoceene"
"1056806","waterbug",,"qicucien"
"1056807","waterbur",,"akutusue"
"1056808","waterburian",,"qecocegii"
"1056809","waterbury",,"oketeso"
"1056810","waterburys",,"oketesete"
"1056811","waterbus",,"qocicoana"
"1056812","waterbuses",,"qecoceoe"
"1056813","waterbush",,"akutusau"
"1056814","waterbusses",,"qecoceguet"
"1056815","watercannon",,"qicucuseun"
"1056816","watercare",,"qicucuo"
"1056817","watercarrier",,"qucacaseet"
"1056818","watercart",,"ekatatan"
"1056819","watercaster",,"akututado"
"1056820","waterchat",,"ekatatat"
"1056821","watercise",,"ukititon"
"1056822","watercleft",,"qecocoet"
"1056823","waterclock",,"qociciin"
"1056824","watercloset",,"ukititucun"
"1056825","watercoaster",,"oketetatan"
"1056826","watercock",,"ekatatata"
"1056827","watercoloi",,"qaceceu"
"1056828","watercolor",,"ikototaa"
"1056829","watercolored",,"qucacajaet"
"1056830","watercoloring",,"qucacajau"
"1056831","watercolorist",,"qacecejeet"
"1056832","watercolorists",,"qacecejei"
"1056833","watercolorred",,"oketetafe"
"1056834","watercolorring",,"oketetafet"
"1056835","watercolors",,"ikototefen"
"1056836","watercolour",,"oketetafat"
"1056837","watercoloured",,"qicucujuu"
"1056838","watercolouring",,"qicucujuon"
"1056839","watercolourist",,"qucacajaua"
"1056840","watercolourists",,"qucacajaot"
"1056841","watercolours",,"oketetafea"
"1056842","watercolous",,"qucacajaeta"
"1056843","watercolouses",,"qicucujuin"
"1056844","watercool",,"qaceceat"
"1056845","watercooler",,"oketetacan"
"1056846","watercoolers",,"oketetacun"
"1056847","watercou",,"ekatatia"
"1056848","watercourse",,"qicucujian"
"1056849","watercourses",,"qicucujiun"
"1056850","watercraft",,"qaceceun"
"1056851","watercrafts",,"qaceceweu"
"1056852","watercress",,"qocicie"
"1056853","watercressed",,"ikototufot"
"1056854","watercresses",,"qecocoweon"
"1056855","watercressing",,"ikototufan"
"1056856","watercressy",,"qucacawua"
"1056857","waterculture",,"qicucuguun"
"1056858","watercup",,"qicucuoa"
"1056859","watercycle",,"qociciun"
"1056860","waterd",,"qocien"
"1056861","waterdem",,"qucaceun"
"1056862","waterdock",,"qicucaet"
"1056863","waterdoe",,"qicucaa"
"1056864","waterdog",,"qacecoi"
"1056865","waterdogs",,"qacecoat"
"1056866","waterdrain",,"qecociet"
"1056867","waterdrive",,"qacecoata"
"1056868","waterdrives",,"qacecowie"
"1056869","waterdrome",,"ukitivan"
"1056870","waterdrop",,"qecocio"
"1056871","watered",,"qecocun"
"1056872","watereds",,"qecocuu"
"1056873","wateredst",,"ikotozun"
"1056874","wateree",,"ikotoona"
"1056875","waterees",,"ikotozan"
"1056876","waterele",,"qucacoun"
"1056877","waterer",,"qocicon"
"1056878","waterers",,"qocicaan"
"1056879","waterest",,"qecocuin"
"1056880","watereth",,"ukitizet"
"1056881","waterfal",,"ekatamat"
"1056882","waterfall",,"qocicain"
"1056883","waterfalled",,"ikotomifo"
"1056884","waterfalling",,"ikotomifun"
"1056885","waterfallish",,"akutumafu"
"1056886","waterfalls",,"qocicaa"
"1056887","waterfaring",,"qucacosean"
"1056888","waterfast",,"oketemet"
"1056889","waterfie",,"qicuceet"
"1056890","waterfield",,"qecocuon"
"1056891","waterfilled",,"oketemufun"
"1056892","waterfilling",,"oketemufen"
"1056893","waterfinder",,"ikotomajen"
"1056894","waterfinders",,"ikotomajon"
"1056895","waterfit",,"ekatamun"
"1056896","waterflea",,"akutuma"
"1056897","waterflo",,"oketemeta"
"1056898","waterflood",,"qecocui"
"1056899","waterflooded",,"oketemocun"
"1056900","waterflooding",,"oketemocen"
"1056901","waterfloodings",,"oketemocon"
"1056902","waterfloods",,"qecocupaat"
"1056903","waterflow",,"akutumen"
"1056904","waterflows",,"akutumona"
"1056905","waterfoot",,"akutumena"
"1056906","waterfor",,"ukitimi"
"1056907","waterford",,"qecocuen"
"1056908","waterfords",,"qecocuona"
"1056909","waterfowl",,"akutumene"
"1056910","waterfowler",,"qocicajuo"
"1056911","waterfowlers",,"qocicajuet"
"1056912","waterfowling",,"qecocujiot"
"1056913","waterfowlings",,"qecocujio"
"1056914","waterfowls",,"akutumone"
"1056915","waterfree",,"akutumot"
"1056916","waterfright",,"ikotomuvan"
"1056917","waterfro",,"ukitimia"
"1056918","waterfrog",,"akutumet"
"1056919","waterfront",,"ekatamot"
"1056920","waterfrontage",,"oketemicot"
"1056921","waterfronted",,"qocicaween"
"1056922","waterfronts",,"ekatamoco"
"1056923","waterful",,"ukitimie"
"1056924","waterfunk",,"oketemi"
"1056925","watergang",,"qicucoan"
"1056926","watergap",,"qecocaa"
"1056927","watergat",,"qucaciu"
"1056928","watergate",,"qicucoet"
"1056929","watergated",,"akutunaa"
"1056930","watergates",,"qicucoi"
"1056931","watergating",,"akutunagat"
"1056932","watergirl",,"akutunet"
"1056933","waterglass",,"qicucoat"
"1056934","waterglasses",,"qocicepien"
"1056935","waterglassful",,"qocicepiat"
"1056936","watergrass",,"qacecue"
"1056937","waterguard",,"ekatanea"
"1056938","watergun",,"qacecuan"
"1056939","waterhammer",,"oketerohat"
"1056940","waterhead",,"akuturina"
"1056941","waterheaded",,"qecocepoo"
"1056942","waterheading",,"qecocepoun"
"1056943","waterheads",,"akutura"
"1056944","waterheap",,"oketerena"
"1056945","waterhemp",,"ukitirana"
"1056946","waterhen",,"oketeroa"
"1056947","waterhens",,"oketereta"
"1056948","waterhole",,"akuturo"
"1056949","waterholes",,"akuturet"
"1056950","waterholic",,"ekatarote"
"1056951","waterhorse",,"oketeria"
"1056952","waterhou",,"qucacuina"
"1056953","waterhouse",,"qicucian"
"1056954","waterhouses",,"qicucijiun"
"1056955","waterie",,"ukitioe"
"1056956","waterier",,"qociciat"
"1056957","wateriest",,"qecocoo"
"1056958","waterily",,"qicucuet"
"1056959","waterin",,"qacecon"
"1056960","wateriness",,"qucacao"
"1056961","waterinesses",,"qicucuhie"
"1056962","watering",,"qecocoen"
"1056963","wateringbury",,"qicucuhuin"
"1056964","wateringly",,"ukitisu"
"1056965","wateringman",,"akutusosat"
"1056966","waterings",,"qecocoon"
"1056967","waterish",,"qicucuon"
"1056968","waterishly",,"ekatasota"
"1056969","waterishness",,"oketesutu"
"1056970","waterishnesses",,"ekatasiti"
"1056971","waterishnesss",,"oketesutota"
"1056972","waterism",,"ikotosue"
"1056973","waterjacket",,"ikototiza"
"1056974","waterjacketed",,"qucacesoet"
"1056975","waterjet",,"ikototun"
"1056976","waterjets",,"ikototu"
"1056977","waterjug",,"qocicue"
"1056978","waterkeeper",,"ikotovofot"
"1056979","waterland",,"qucaciin"
"1056980","waterlander",,"ekatazeju"
"1056981","waterlanders",,"ekatazejot"
"1056982","waterlandian",,"akutuzajan"
"1056983","waterlandians",,"akutuzajun"
"1056984","waterleaf",,"akutuza"
"1056985","waterleafs",,"akutuzen"
"1056986","waterleave",,"ekatazat"
"1056987","waterleaves",,"ekatazate"
"1056988","waterlemon",,"akutuzeta"
"1056989","waterless",,"qacecuana"
"1056990","waterlessly",,"ikotozodo"
"1056991","waterlessness",,"ukitizidot"
"1056992","waterlessnesses",,"ikotozodat"
"1056993","waterlessnesss",,"ukitizido"
"1056994","waterlike",,"qucacia"
"1056995","waterlilies",,"ekatazifo"
"1056996","waterlilly",,"qacecuin"
"1056997","waterlily",,"ukitizata"
"1056998","waterlin",,"ekatazuna"
"1056999","waterline",,"akutuzo"
"1057000","waterlines",,"akutuzete"
"1057001","waterling",,"oketezana"
"1057002","waterlocked",,"ikotozeza"
"1057003","waterlog",,"qucaciot"
"1057004","waterlogged",,"ekatazusa"
"1057005","waterloggedness",,"qacecujean"
"1057006","waterlogger",,"oketezase"
"1057007","waterlogging",,"ekatazusat"
"1057008","waterloggogenic",,"oketezasan"
"1057009","waterlogs",,"qucacio"
"1057010","waterloo",,"qacecuane"
"1057011","waterloopkundig",,"akutuzicet"
"1057012","waterloos",,"qacecuun"
"1057013","waterloovian",,"qocicejeon"
"1057014","waterlooville",,"oketezaca"
"1057015","waterlow",,"qecocaaa"
"1057016","waterly",,"qicuca"
"1057017","watermain",,"qucacua"
"1057018","watermaker",,"qacecauna"
"1057019","waterman",,"qucacuua"
"1057020","watermans",,"qucacuot"
"1057021","watermanship",,"qecocesuu"
"1057022","watermanships",,"qecocesuot"
"1057023","watermark",,"qecoceeni"
"1057024","watermarkable",,"qacecasoa"
"1057025","watermarked",,"oketepobi"
"1057026","watermarking",,"oketepobot"
"1057027","watermarks",,"qecoceon"
"1057028","watermaster",,"ikotopida"
"1057029","watermaze",,"qocicoat"
"1057030","watermeadow",,"qacecapeun"
"1057031","watermeal",,"qucacuine"
"1057032","watermeales",,"qicucipuan"
"1057033","watermeals",,"qucacuaa"
"1057034","watermedia",,"qacecaata"
"1057035","watermel",,"qicuciena"
"1057036","watermelon",,"akutupet"
"1057037","watermelonade",,"qocicopien"
"1057038","watermelonrita",,"ekatapafan"
"1057039","watermelons",,"akutupufi"
"1057040","watermelontini",,"oketepefet"
"1057041","watermelony",,"oketepefat"
"1057042","watermen",,"qocicoata"
"1057043","watermens",,"qocicoe"
"1057044","watermilfoil",,"qecocetoa"
"1057045","watermill",,"akutupeta"
"1057046","watermiller",,"qocicotien"
"1057047","watermilling",,"qecocetoaa"
"1057048","watermills",,"akutupi"
"1057049","watermint",,"akutupen"
"1057050","watermints",,"akutupon"
"1057051","watermite",,"qucacuota"
"1057052","watermoc",,"akutupin"
"1057053","watermole",,"qacecaate"
"1057054","watermonger",,"ikotopejet"
"1057055","watermonster",,"qucacujoi"
"1057056","watermoor",,"qacecaune"
"1057057","watermoss",,"akutupo"
"1057058","waterness",,"qucacain"
"1057059","waternut",,"ekatafan"
"1057060","waternym",,"qacecei"
"1057061","waternymph",,"qocicia"
"1057062","waterologer",,"ikotohicet"
"1057063","waterpark",,"oketejet"
"1057064","waterparks",,"oketeji"
"1057065","waterphone",,"qicuceat"
"1057066","waterpick",,"qicucei"
"1057067","waterpipe",,"oketejeta"
"1057068","waterpit",,"ekatajat"
"1057069","waterplane",,"qaceciun"
"1057070","waterplant",,"ikotoja"
"1057071","waterplantain",,"qucacopaun"
"1057072","waterplay",,"ikotoju"
"1057073","waterpod",,"ikotojun"
"1057074","waterpoint",,"qicuceun"
"1057075","waterpol",,"oketejen"
"1057076","waterpoppy",,"qecocuone"
"1057077","waterport",,"qecocuena"
"1057078","waterports",,"qecocuoni"
"1057079","waterpot",,"ikotoje"
"1057080","waterpotful",,"oketejage"
"1057081","waterpower",,"ekataje"
"1057082","waterpowers",,"ekatajumin"
"1057083","waterpox",,"ekatajan"
"1057084","waterpoxes",,"akutujo"
"1057085","waterprimrose",,"qucacowoun"
"1057086","waterpro",,"ukitijon"
"1057087","waterproof",,"qaceciin"
"1057088","waterproofable",,"qucacowie"
"1057089","waterproofed",,"ekatajoco"
"1057090","waterproofer",,"oketejicu"
"1057091","waterproofers",,"oketejicot"
"1057092","waterproofing",,"ekatajocun"
"1057093","waterproofings",,"ekatajocu"
"1057094","waterproofness",,"ukitijacon"
"1057095","waterproofnesses",,"ikotojucot"
"1057096","waterproofs",,"qaceciwua"
"1057097","waterpump",,"akutujoa"
"1057098","waterquake",,"ukitican"
"1057099","waterquakes",,"ukiticitun"
"1057100","waterrug",,"qicucieta"
"1057101","waters",,"akutatn"
"1057102","watersail",,"qociciu"
"1057103","watersaver",,"ukitiwi"
"1057104","waterscape",,"qucacaina"
"1057105","waterscaped",,"ekatawitun"
"1057106","waterscapes",,"qucacavaa"
"1057107","waterscaping",,"ekatawiten"
"1057108","waterscorpion",,"qecocovain"
"1057109","watershake",,"qociciina"
"1057110","watershe",,"qociciata"
"1057111","watershed",,"ukitiwon"
"1057112","watershedding",,"oketewifin"
"1057113","watersheds",,"ukitiwan"
"1057114","watersheep",,"akutuwo"
"1057115","watershi",,"qicucuona"
"1057116","watershield",,"qacecesiin"
"1057117","watershoot",,"ukitiwe"
"1057118","watershot",,"oketewon"
"1057119","watershrew",,"ikotowot"
"1057120","watershut",,"ukitiwana"
"1057121","watersid",,"qociciate"
"1057122","waterside",,"qecocoa"
"1057123","watersider",,"ukitiwane"
"1057124","watersiders",,"ukitiwepun"
"1057125","watersides",,"qecocoena"
"1057126","waterski",,"ukitiwia"
"1057127","waterskied",,"qaceceuna"
"1057128","waterskier",,"qecocoona"
"1057129","waterskiers",,"qecocozuan"
"1057130","waterskiing",,"qacecezien"
"1057131","waterskiings",,"qacecezion"
"1057132","waterskin",,"qucacaoa"
"1057133","waterskins",,"qucacaet"
"1057134","waterskis",,"ukitiwat"
"1057135","watersky",,"ekatawan"
"1057136","waterslide",,"oketewona"
"1057137","waterslides",,"oketewovan"
"1057138","watersmeet",,"qicucuone"
"1057139","watersmeets",,"qicucufian"
"1057140","watersnake",,"qucacaa"
"1057141","watersoaked",,"qicucujuan"
"1057142","waterson",,"qociciuna"
"1057143","waterspo",,"qecocoaa"
"1057144","watersport",,"qecocoone"
"1057145","watersports",,"qecococaan"
"1057146","waterspout",,"oketewi"
"1057147","waterspouts",,"oketewecat"
"1057148","waterspr",,"oketewo"
"1057149","watersprite",,"qicucucaun"
"1057150","watersprout",,"qacececoin"
"1057151","waterss",,"akutuea"
"1057152","waterstained",,"qucacadaet"
"1057153","waterstead",,"ukitiwona"
"1057154","waterstep",,"akutuwot"
"1057155","waterston",,"ukitiwani"
"1057156","waterstone",,"ikotowota"
"1057157","waterstop",,"ikotowina"
"1057158","waterstoup",,"oketewia"
"1057159","waterstream",,"ikotoweba"
"1057160","waterstrider",,"ukitiwobu"
"1057161","waterstuff",,"qucacaeta"
"1057162","watertable",,"qecocioa"
"1057163","watertank",,"oketebet"
"1057164","waterthief",,"qicucaun"
"1057165","waterthorpe",,"ikotobucen"
"1057166","waterthrush",,"akutubeban"
"1057167","waterthrushes",,"ukitibabo"
"1057168","waterthyme",,"ukitibat"
"1057169","watertight",,"qicucae"
"1057170","watertightal",,"akutubose"
"1057171","watertightness",,"oketebusen"
"1057172","watertightnesses",,"ekatabisu"
"1057173","watertightnesss",,"oketebuson"
"1057174","waterton",,"ukitibon"
"1057175","watertow",,"qocicuat"
"1057176","watertown",,"oketebeta"
"1057177","watertowns",,"oketebi"
"1057178","watertro",,"oketebo"
"1057179","watertube",,"ikotobun"
"1057180","waterview",,"qicucoeta"
"1057181","waterviews",,"qicucoia"
"1057182","watervil",,"oketegen"
"1057183","waterville",,"qociceot"
"1057184","watervilles",,"qocicetio"
"1057185","watervliet",,"qicucoana"
"1057186","watervliets",,"qicucopeun"
"1057187","waterwall",,"ekatakun"
"1057188","waterward",,"ukitiket"
"1057189","waterwards",,"ukitiki"
"1057190","waterway",,"ekatakon"
"1057191","waterways",,"ekatakan"
"1057192","waterweed",,"qicucia"
"1057193","waterweeds",,"qicuciene"
"1057194","waterwheel",,"akutuko"
"1057195","waterwheels",,"akutukefet"
"1057196","waterwillow",,"akutukofan"
"1057197","waterwing",,"qucacuo"
"1057198","waterwings",,"qucacuet"
"1057199","waterwise",,"oketeken"
"1057200","waterwitch",,"ikotoka"
"1057201","waterwolf",,"akutuken"
"1057202","waterwoman",,"qucacuoa"
"1057203","waterwood",,"qucacuini"
"1057204","waterwork",,"qocicoua"
"1057205","waterworker",,"ukitikobe"
"1057206","waterworks",,"qocicoot"
"1057207","waterworkss",,"qocicojuo"
"1057208","waterworld",,"qecoceet"
"1057209","waterworm",,"qecoceeno"
"1057210","waterworn",,"ikotokin"
"1057211","waterwort",,"akutuka"
"1057212","waterworth",,"qicuciat"
"1057213","waterworthy",,"qacecajoin"
"1057214","watery",,"oketela"
"1057215","wateryam",,"ekatami"
"1057216","wateryness",,"qecocien"
"1057217","waterzooi",,"qicuceia"
"1057218","waterzoois",,"qicuceata"
"1057219","watevs",,"ikotonn"
"1057220","watfiv",,"qicuo"
"1057221","watfor",,"qocian"
"1057222","watford",,"ukikaet"
"1057223","watfords",,"ukikaqi"
"1057224","wath",,"ekamti"
"1057225","watha",,"okematu"
"1057226","watham",,"akumeru"
"1057227","watharow",,"qacinaan"
"1057228","wathas",,"okeminna"
"1057229","wathaurong",,"okemadun"
"1057230","wathawurrung",,"qacinagoen"
"1057231","wathawurung",,"okemakebe"
"1057232","wathen",,"qacien"
"1057233","wathena",,"qecuvin"
"1057234","wathenas",,"qecuvoa"
"1057235","wathens",,"qacivon"
"1057236","wather",,"qiceot"
"1057237","wathstead",,"akumabota"
"1057238","wati",,"qico"
"1057239","watiwa",,"qoceon"
"1057240","watjari",,"qucunu"
"1057241","watkin",,"okesanu"
"1057242","watkins",,"okesoen"
"1057243","watkinson",,"qucaraet"
"1057244","watkinsonite",,"akusafocu"
"1057245","watkinss",,"okesofon"
"1057246","watkinsville",,"qucarabae"
"1057247","watkinsvilles",,"qucarabain"
"1057248","watkiss",,"qocirun"
"1057249","watley",,"akutatt"
"1057250","watling",,"qacorat"
"1057251","watlingt",,"oketofia"
"1057252","watlington",,"quceraan"
"1057253","watmath",,"qocanat"
"1057254","watmore",,"akuveua"
"1057255","watmough",,"ekavodu"
"1057256","watney",,"ukizota"
"1057257","watom",,"qiciz"
"1057258","watonga",,"okepooa"
"1057259","watongas",,"okeponet"
"1057260","watonwan",,"qucupuin"
"1057261","watremez",,"qecuvein"
"1057262","watroba",,"qocafi"
"1057263","watrous",,"okejiaa"
"1057264","watrouss",,"okejiden"
"1057265","watry",,"ikojuni"
"1057266","wats",,"qicoa"
"1057267","watsan",,"ukicae"
"1057268","watsana",,"akuciee"
"1057269","watseka",,"qocevi"
"1057270","watsekas",,"qocevaat"
"1057271","watses",,"qoceet"
"1057272","watson",,"akucei"
"1057273","watsonia",,"ekacofun"
"1057274","watsonian",,"qecafoon"
"1057275","watsonias",,"ekacofua"
"1057276","watsonish",,"qicofuun"
"1057277","watsons",,"akucein"
"1057278","watsontown",,"okecifat"
"1057279","watsontowns",,"okeciface"
"1057280","watsonville",,"qocefikaet"
"1057281","watsonvilles",,"qocefikai"
"1057282","watsu",,"qoceb"
"1057283","watsup",,"ekacet"
"1057284","watt",,"akuqre"
"1057285","watta",,"ekaqus"
"1057286","wattage",,"ekaquon"
"1057287","wattages",,"ekaqunan"
"1057288","wattamondara",,"qicinijee"
"1057289","wattape",,"qucunat"
"1057290","wattapes",,"qucunoe"
"1057291","watteau",,"ukiqeae"
"1057292","watteauesque",,"okequrefi"
"1057293","watteaus",,"ukiqeren"
"1057294","wattenbarger",,"ukiqefatu"
"1057295","wattenberg",,"qacaveun"
"1057296","wattenscheid",,"qicivubee"
"1057297","wattenscheids",,"qicivubein"
"1057298","watter",,"qocoet"
"1057299","watters",,"qocovi"
"1057300","wattersite",,"ikoqaqota"
"1057301","watterson",,"ukiqeqana"
"1057302","wattersons",,"ukiqequna"
"1057303","wattest",,"qecevu"
"1057304","wattevilleite",,"okequgufin"
"1057305","wattevillite",,"ikoqagafi"
"1057306","watthour",,"okeqehet"
"1057307","watthours",,"okeqehi"
"1057308","wattis",,"akuqena"
"1057309","wattle",,"qacao"
"1057310","wattlebark",,"qecevuet"
"1057311","wattlebarks",,"qecevutoi"
"1057312","wattlebird",,"ikoqezot"
"1057313","wattlebirds",,"ikoqezuvo"
"1057314","wattleboy",,"okeqazen"
"1057315","wattled",,"okeqain"
"1057316","wattleless",,"akuqizen"
"1057317","wattler",,"ikoqeata"
"1057318","wattles",,"qacavet"
"1057319","wattleseed",,"akuqizota"
"1057320","wattless",,"qacavii"
"1057321","wattlessness",,"ukiqozedin"
"1057322","wattlest",,"okeqazo"
"1057323","wattlework",,"okeqazan"
"1057324","wattleworks",,"okeqazicun"
"1057325","wattling",,"okeqasia"
"1057326","wattlings",,"okeqasat"
"1057327","wattman",,"qucuze"
"1057328","wattmen",,"qocozan"
"1057329","wattmeter",,"ekaqazat"
"1057330","wattmeters",,"ekaqazea"
"1057331","watton",,"qocoi"
"1057332","wattons",,"qocofat"
"1057333","wattoside",,"qicifuon"
"1057334","wattpadder",,"ekaqirat"
"1057335","watts",,"akuqano"
"1057336","wattsburg",,"ekaqesea"
"1057337","wattsburgs",,"ekaqesin"
"1057338","wattsecond",,"ikoqizin"
"1057339","wattshode",,"ekaqerun"
"1057340","wattsian",,"qeceqoo"
"1057341","wattss",,"akuqun"
"1057342","wattsville",,"qocoqea"
"1057343","wattsvilles",,"qocoqetien"
"1057344","wattwil",,"qucugu"
"1057345","watusi",,"qocii"
"1057346","watusied",,"ikowisun"
"1057347","watusiing",,"ikowisen"
"1057348","watusis",,"qociqat"
"1057349","watut",,"ukiwai"
"1057350","watutsi",,"ukiwaet"
"1057351","watutsis",,"ukiwawi"
"1057352","watwood",,"okediot"
"1057353","watzke",,"akulata"
"1057354","waubeen",,"ekeniena"
"1057355","waubeshiek",,"ikinawa"
"1057356","wauble",,"ikinonn"
"1057357","waubra",,"okonesa"
"1057358","waubun",,"okonuni"
"1057359","waubuns",,"okonuot"
"1057360","wauch",,"qiqon"
"1057361","wauchle",,"ikiroat"
"1057362","wauchope",,"ikirohe"
"1057363","waucht",,"akaruna"
"1057364","wauchted",,"qeqaniin"
"1057365","wauchting",,"qeqanii"
"1057366","wauchts",,"akaruu"
"1057367","wauchula",,"ukuridon"
"1057368","wauchulas",,"ukuridan"
"1057369","waucoban",,"ekerosia"
"1057370","waucoma",,"ekeroon"
"1057371","waucomas",,"ekeropan"
"1057372","wauconda",,"akarefu"
"1057373","waucondas",,"akarefot"
"1057374","wauf",,"quqa"
"1057375","wauff",,"ikikae"
"1057376","wauffed",,"quqale"
"1057377","wauffing",,"quqalaet"
"1057378","wauffs",,"ikikune"
"1057379","waufie",,"qiqua"
"1057380","waugaman",,"qeqineo"
"1057381","waugh",,"quqen"
"1057382","waughed",,"akaluua"
"1057383","waughesque",,"qoqunaot"
"1057384","waughian",,"akalusen"
"1057385","waughing",,"akalusona"
"1057386","waughs",,"quqee"
"1057387","waught",,"ekelii"
"1057388","waughted",,"qoqunuun"
"1057389","waughting",,"qoqunuen"
"1057390","waughts",,"ekelaat"
"1057391","waughy",,"qeqiin"
"1057392","waugorah",,"akaleqo"
"1057393","wauja",,"qiqin"
"1057394","wauk",,"ukussa"
"1057395","wauka",,"akasino"
"1057396","waukau",,"ukusao"
"1057397","waukaus",,"ukusoen"
"1057398","wauke",,"ikisane"
"1057399","wauked",,"qaqea"
"1057400","waukee",,"okosei"
"1057401","waukees",,"okosuin"
"1057402","waukegan",,"qaqevuan"
"1057403","waukegans",,"qaqevuun"
"1057404","wauken",,"qiquot"
"1057405","waukena",,"quqavun"
"1057406","wauker",,"qeqoe"
"1057407","waukers",,"qeqovin"
"1057408","waukesha",,"qoqiviun"
"1057409","waukeshas",,"qoqiviu"
"1057410","wauking",,"qaqerat"
"1057411","waukit",,"qeqoin"
"1057412","waukivory",,"okosogi"
"1057413","waukmill",,"ukusisun"
"1057414","waukmills",,"ukusisua"
"1057415","waukomis",,"ukusapat"
"1057416","waukomiss",,"ukusape"
"1057417","waukon",,"qeqoina"
"1057418","waukons",,"qeqofa"
"1057419","waukrife",,"akasuso"
"1057420","wauks",,"ukusute"
"1057421","waul",,"qeqi"
"1057422","wauled",,"okotela"
"1057423","wauling",,"okotoet"
"1057424","waulings",,"okotofi"
"1057425","waulk",,"qaqot"
"1057426","waulked",,"eketion"
"1057427","waulker",,"okotuaa"
"1057428","waulkers",,"okotuzen"
"1057429","waulking",,"eketisina"
"1057430","waulkmill",,"qaqotaot"
"1057431","waulkmiller",,"okotupufin"
"1057432","waulkmills",,"qaqotao"
"1057433","waulks",,"qaqoet"
"1057434","wauls",,"qeqiq"
"1057435","waulsortian",,"ukutuhagot"
"1057436","waumle",,"qiqeot"
"1057437","wauna",,"qeqan"
"1057438","waunakee",,"qiqoneo"
"1057439","waunakees",,"qiqoneet"
"1057440","waunarlwydd",,"quqinupeo"
"1057441","waunas",,"qeqae"
"1057442","wauneka",,"quqivun"
"1057443","wauner",,"okozui"
"1057444","wauneta",,"okozuin"
"1057445","waunetas",,"okozubaa"
"1057446","waunfawr",,"qeqalao"
"1057447","waungron",,"qeqameet"
"1057448","wauns",,"qaquq"
"1057449","waup",,"quqaa"
"1057450","waupaca",,"qeqone"
"1057451","waupacas",,"qeqonoin"
"1057452","waupun",,"ikifana"
"1057453","waupuns",,"ikifaun"
"1057454","waur",,"qiqe"
"1057455","waura",,"quqon"
"1057456","wauras",,"quqoan"
"1057457","waured",,"ukujina"
"1057458","wauregan",,"ukujenon"
"1057459","wauregans",,"ukujenan"
"1057460","waurika",,"qiqeren"
"1057461","waurikas",,"qiqereon"
"1057462","wauring",,"ukujui"
"1057463","waurn",,"ikijia"
"1057464","waurs",,"qiqeq"
"1057465","waurst",,"akajune"
"1057466","wausa",,"ekecuni"
"1057467","wausas",,"ekecena"
"1057468","wausau",,"akacata"
"1057469","wausaukee",,"okocado"
"1057470","wausaukees",,"okocadet"
"1057471","wausaus",,"akaciea"
"1057472","wauseon",,"qeqavin"
"1057473","wauseons",,"qeqavia"
"1057474","waushara",,"ikicore"
"1057475","wauters",,"ukuqeoa"
"1057476","wautoma",,"qiqifo"
"1057477","wautomas",,"qiqifiet"
"1057478","waututh",,"qeqebot"
"1057479","wauve",,"qaqov"
"1057480","wauwatosa",,"quqonein"
"1057481","wauwatosan",,"ukudobat"
"1057482","wauwatosas",,"quqonea"
"1057483","wauzeka",,"qiquvot"
"1057484","wauzekas",,"qiquveo"
"1057485","wava",,"qiwa"
"1057486","wavable",,"qewire"
"1057487","wavably",,"quwerat"
"1057488","wave",,"qewo"
"1057489","waveable",,"qawenaen"
"1057490","waveband",,"okiterina"
"1057491","wavebands",,"okitera"
"1057492","wavebase",,"ukatiraa"
"1057493","waveblock",,"qeworao"
"1057494","wavebreak",,"qeworeot"
"1057495","wavebreaking",,"okiteqete"
"1057496","wavecut",,"okitoua"
"1057497","waved",,"ikutusi"
"1057498","wavedash",,"qowitean"
"1057499","wavedashed",,"ikuturea"
"1057500","wavedashes",,"qewotao"
"1057501","wavedashing",,"ikuturatet"
"1057502","wavefield",,"okituseta"
"1057503","wavefolding",,"qewolipae"
"1057504","waveform",,"qiwulaon"
"1057505","waveforms",,"qiwulaan"
"1057506","wavefron",,"aketoqa"
"1057507","wavefront",,"qowiloin"
"1057508","wavefronts",,"qowiloa"
"1057509","waveful",,"qawelon"
"1057510","wavefunction",,"qiwuleheot"
"1057511","wavegram",,"ukatoqon"
"1057512","waveguid",,"ikutede"
"1057513","waveguide",,"okitaden"
"1057514","waveguided",,"quwamoot"
"1057515","waveguides",,"okitadon"
"1057516","waveguiding",,"quwamotian"
"1057517","waveicle",,"ekotetia"
"1057518","waveland",,"aketiru"
"1057519","wavelands",,"aketirot"
"1057520","waveleng",,"qowivaun"
"1057521","wavelength",,"qowivaa"
"1057522","wavelengths",,"qowivahien"
"1057523","waveless",,"ekotuzi"
"1057524","wavelessly",,"quwavoa"
"1057525","wavelessness",,"qawevibiin"
"1057526","wavelet",,"qiwuvot"
"1057527","waveleted",,"ukatozen"
"1057528","wavelets",,"qiwuveo"
"1057529","wavelike",,"aketisot"
"1057530","wavell",,"qiwuot"
"1057531","wavellite",,"ukatozan"
"1057532","wavellites",,"ukatozun"
"1057533","wavellitic",,"aketizon"
"1057534","wavemaker",,"ekotarata"
"1057535","wavemark",,"okiteroa"
"1057536","wavement",,"qawezion"
"1057537","wavemeter",,"qowizaat"
"1057538","wavemeters",,"qowizae"
"1057539","waveney",,"okitoue"
"1057540","wavenumb",,"qewopuot"
"1057541","wavenumber",,"ikutidin"
"1057542","waveoff",,"qewofa"
"1057543","waveoffs",,"qewofuen"
"1057544","wavepacket",,"qewohao"
"1057545","wavepad",,"qiwuhin"
"1057546","waveplate",,"ikutaze"
"1057547","waveproof",,"ekotiqua"
"1057548","wavepulse",,"quwahoin"
"1057549","waver",,"ukatiso"
"1057550","waverable",,"ikutoruna"
"1057551","wavered",,"qaweca"
"1057552","waverer",,"qewoce"
"1057553","waverers",,"qewocuin"
"1057554","waverest",,"qaweciet"
"1057555","wavereth",,"ikutozun"
"1057556","waverider",,"ikutosea"
"1057557","waverier",,"qewocoot"
"1057558","waveriest",,"qawecean"
"1057559","wavering",,"qaweceat"
"1057560","waveringly",,"ikutosen"
"1057561","waveringness",,"ukatisesa"
"1057562","waveringnesses",,"ikutosasun"
"1057563","waverings",,"qawecee"
"1057564","waverley",,"qewocain"
"1057565","waverleyan",,"okitezeta"
"1057566","waverly",,"qowici"
"1057567","waverous",,"aketuhin"
"1057568","wavers",,"ukatott"
"1057569","waversome",,"ikutowu"
"1057570","waverton",,"ikutobe"
"1057571","wavertree",,"okiteba"
"1057572","waverunner",,"qaweciun"
"1057573","wavery",,"ekotora"
"1057574","waves",,"qewoq"
"1057575","waveshape",,"qiwuqiet"
"1057576","waveshaper",,"ekoterea"
"1057577","waveshapes",,"qiwuqii"
"1057578","waveshaping",,"aketaraqat"
"1057579","waveson",,"ikutiati"
"1057580","wavesons",,"ikutihe"
"1057581","wavespeed",,"qaweqiet"
"1057582","wavest",,"ikutont"
"1057583","wavestacking",,"quwaqesoan"
"1057584","wavetable",,"okitiraa"
"1057585","waveth",,"qewoe"
"1057586","wavetop",,"quwawun"
"1057587","wavetrain",,"okitiqet"
"1057588","wavevector",,"ikutezu"
"1057589","waveward",,"qaweguen"
"1057590","wavewashing",,"quwagibei"
"1057591","wavewise",,"qiwuguo"
"1057592","wavey",,"qiwul"
"1057593","waveys",,"qiwuu"
"1057594","waviata",,"ekonuon"
"1057595","wavicle",,"okinoot"
"1057596","wavicles",,"okinozo"
"1057597","wavicular",,"qewasuen"
"1057598","wavier",,"ukanari"
"1057599","wavies",,"qewae"
"1057600","waviest",,"ikunaata"
"1057601","wavily",,"akenes"
"1057602","waviness",,"ekonezat"
"1057603","wavinesses",,"akenazen"
"1057604","waving",,"ikununni"
"1057605","wavingly",,"qewapaet"
"1057606","wavings",,"ikuniuo"
"1057607","wavira",,"ekonett"
"1057608","waviras",,"ekonaie"
"1057609","wavish",,"akenuno"
"1057610","wavoid",,"ekopeta"
"1057611","wavra",,"ekojus"
"1057612","wavrin",,"qawiet"
"1057613","wavy",,"quwu"
"1057614","wavyish",,"okikoo"
"1057615","wavyleaf",,"quwuvou"
"1057616","waw",,"ukede"
"1057617","wawa",,"akomle"
"1057618","wawaed",,"qebian"
"1057619","wawah",,"qiban"
"1057620","wawaing",,"qebira"
"1057621","wawaka",,"akomatt"
"1057622","wawakas",,"akomoee"
"1057623","wawanosh",,"akomaha"
"1057624","wawarsing",,"ukemiwun"
"1057625","wawarsings",,"ukemiwu"
"1057626","wawas",,"akomare"
"1057627","wawaskeesh",,"qaboqiun"
"1057628","wawat",,"qobuw"
"1057629","wawation",,"ukemasi"
"1057630","wawayanda",,"ekimori"
"1057631","wawayandaite",,"qobuleheot"
"1057632","wawe",,"ikatsu"
"1057633","wawed",,"qabet"
"1057634","wawel",,"qubav"
"1057635","wawen",,"qibup"
"1057636","wawes",,"ikatitu"
"1057637","wawina",,"qabuen"
"1057638","wawinak",,"qubipu"
"1057639","wawinas",,"qabupon"
"1057640","wawing",,"qabuon"
"1057641","wawken",,"qobion"
"1057642","wawl",,"qabo"
"1057643","wawled",,"ekitora"
"1057644","wawling",,"ekiteune"
"1057645","wawlings",,"ekitefu"
"1057646","wawls",,"qaboq"
"1057647","wawona",,"qoboon"
"1057648","wawonii",,"qebepo"
"1057649","wawota",,"qubuan"
"1057650","wawro",,"qubof"
"1057651","wawrzyn",,"qibema"
"1057652","wawrzyniak",,"qibemaat"
"1057653","waws",,"ukec2"
"1057654","wawu",,"ikawta"
"1057655","wawyachtonoc",,"qebenosaat"
"1057656","wax",,"qed"
"1057657","waxability",,"akimuset"
"1057658","waxable",,"qadoro"
"1057659","waxahachie",,"qidanoan"
"1057660","waxahachies",,"qidanovaun"
"1057661","waxaklahun",,"akimozona"
"1057662","waxand",,"qudei"
"1057663","waxathon",,"ukomaria"
"1057664","waxberries",,"ikenaqin"
"1057665","waxberry",,"ekuniqon"
"1057666","waxberrys",,"ekuniqan"
"1057667","waxbill",,"ekuneane"
"1057668","waxbills",,"ekunezun"
"1057669","waxbird",,"ukonuoa"
"1057670","waxbush",,"qedubin"
"1057671","waxcap",,"ekuroe"
"1057672","waxchandler",,"akiruropet"
"1057673","waxchandlery",,"okarerupat"
"1057674","waxcloth",,"ukorohi"
"1057675","waxcloths",,"ukorohat"
"1057676","waxcomb",,"ukorao"
"1057677","waxed",,"okatiru"
"1057678","waxedst",,"qudatan"
"1057679","waxen",,"akitaru"
"1057680","waxener",,"qodipon"
"1057681","waxenest",,"qedopuin"
"1057682","waxenner",,"okatofa"
"1057683","waxennest",,"ekutefat"
"1057684","waxer",,"iketori"
"1057685","waxers",,"iketonne"
"1057686","waxes",,"qadeq"
"1057687","waxest",,"okatela"
"1057688","waxeth",,"qadeo"
"1057689","waxeye",,"qedoan"
"1057690","waxeyes",,"qedolun"
"1057691","waxflower",,"ikekehot"
"1057692","waxfloweres",,"okakahifat"
"1057693","waxflowerl",,"qudaveet"
"1057694","waxflowerles",,"qiduvaliin"
"1057695","waxflowerls",,"qudavelui"
"1057696","waxflowers",,"ikekeho"
"1057697","waxgourd",,"qidafeet"
"1057698","waxhaw",,"ikemite"
"1057699","waxhaws",,"ikemeata"
"1057700","waxhead",,"qeduve"
"1057701","waxhearted",,"qadivuan"
"1057702","waxiang",,"ikeneei"
"1057703","waxie",,"qaduv"
"1057704","waxier",,"ikenit"
"1057705","waxiest",,"okanuoti"
"1057706","waxily",,"ukonota"
"1057707","waxiness",,"akinazota"
"1057708","waxinesses",,"ukonuzata"
"1057709","waxing",,"okanara"
"1057710","waxingly",,"qadupuun"
"1057711","waxings",,"okanoene"
"1057712","waxish",,"ukonenna"
"1057713","waxit",,"ikenuti"
"1057714","waxler",,"qudean"
"1057715","waxless",,"ekution"
"1057716","waxlessness",,"qadovebiu"
"1057717","waxlight",,"iketinaa"
"1057718","waxlike",,"akitaina"
"1057719","waxliker",,"qidareon"
"1057720","waxlikest",,"qodurain"
"1057721","waxmaker",,"ekuvuvan"
"1057722","waxmaking",,"akivivon"
"1057723","waxmallow",,"qodanein"
"1057724","waxmallows",,"qodanea"
"1057725","waxman",,"akivuna"
"1057726","waxmoth",,"qedufa"
"1057727","waxmyrtle",,"ekuvoqun"
"1057728","waxpalm",,"qadenon"
"1057729","waxpaper",,"okafaja"
"1057730","waxplant",,"qudaviin"
"1057731","waxplants",,"qudavia"
"1057732","waxplay",,"qudavun"
"1057733","waxpod",,"qudaan"
"1057734","waxs",,"qeda"
"1057735","waxup",,"ukowei"
"1057736","waxweed",,"ukodeina"
"1057737","waxweeds",,"ukodeza"
"1057738","waxwing",,"akidaot"
"1057739","waxwingbird",,"qiderurau"
"1057740","waxwings",,"akidafo"
"1057741","waxwork",,"ikeduun"
"1057742","waxworker",,"qadifaat"
"1057743","waxworkers",,"qadifae"
"1057744","waxworking",,"qudofui"
"1057745","waxworks",,"ikeduqu"
"1057746","waxworky",,"akideqot"
"1057747","waxworm",,"okadia"
"1057748","waxworms",,"okadiqen"
"1057749","waxxari",,"qadunet"
"1057750","waxxest",,"qodevon"
"1057751","waxy",,"qidi"
"1057752","waxycap",,"ikekii"
"1057753","waxycaps",,"ikekirat"
"1057754","way",,"iko2"
"1057755","waya",,"ukimse"
"1057756","wayaka",,"ukimotn"
"1057757","wayan",,"qugep"
"1057758","wayana",,"qagoa"
"1057759","wayanad",,"okemoua"
"1057760","wayang",,"qagoen"
"1057761","wayans",,"qugean"
"1057762","wayao",,"ekamotu"
"1057763","wayaos",,"ekamens"
"1057764","wayatinah",,"qagoweun"
"1057765","wayback",,"qegune"
"1057766","waybeam",,"qugovan"
"1057767","wayberry",,"qigevia"
"1057768","waybill",,"qigeren"
"1057769","waybilled",,"ukinuzi"
"1057770","waybilling",,"ukinuzot"
"1057771","waybills",,"qigeroon"
"1057772","waybird",,"qeguru"
"1057773","wayboard",,"qugofiun"
"1057774","wayboards",,"qugofiu"
"1057775","waybook",,"qugofe"
"1057776","waybread",,"qegucue"
"1057777","waybreads",,"qegucuin"
"1057778","waybright",,"akunuset"
"1057779","waybung",,"ekaniie"
"1057780","waycar",,"qogeen"
"1057781","waycaster",,"ikorewun"
"1057782","waycest",,"qugivan"
"1057783","waycism",,"ekareia"
"1057784","waycist",,"qaguret"
"1057785","waycross",,"qigocaen"
"1057786","waycrosss",,"qigocaon"
"1057787","waye",,"oketsa"
"1057788","wayeb",,"qager"
"1057789","wayed",,"qugat"
"1057790","wayer",,"qagec"
"1057791","wayest",,"qugai"
"1057792","wayez",,"qegom"
"1057793","wayfare",,"akukie"
"1057794","wayfared",,"qoginoan"
"1057795","wayfarer",,"qigunien"
"1057796","wayfarers",,"qigunion"
"1057797","wayfares",,"akukiqin"
"1057798","wayfaress",,"akukiqa"
"1057799","wayfarin",,"qegoneen"
"1057800","wayfaring",,"qoginoa"
"1057801","wayfaringly",,"akukiqojun"
"1057802","wayfarings",,"qoginoen"
"1057803","wayfellow",,"qiguvoan"
"1057804","wayfinder",,"ekakefe"
"1057805","wayfinding",,"akukafat"
"1057806","wayford",,"qugafe"
"1057807","waygang",,"qegina"
"1057808","waygara",,"qugenun"
"1057809","waygate",,"qeginu"
"1057810","waygoer",,"qigafo"
"1057811","waygoing",,"qogufiot"
"1057812","waygoings",,"qogufio"
"1057813","waygone",,"qagofon"
"1057814","waygood",,"qagofona"
"1057815","waygoose",,"okelihen"
"1057816","waygooses",,"okelihon"
"1057817","wayhaught",,"qoganaot"
"1057818","wayhouse",,"qegufua"
"1057819","waying",,"qugie"
"1057820","waylaid",,"oketaot"
"1057821","waylaidlessness",,"ekatusufan"
"1057822","waylan",,"akutunt"
"1057823","wayland",,"qoguni"
"1057824","waylandes",,"qeginoa"
"1057825","waylandite",,"ikotefot"
"1057826","waylands",,"qoguniat"
"1057827","waylay",,"qoguet"
"1057828","waylayed",,"ikoteman"
"1057829","waylayer",,"ukitomen"
"1057830","waylayers",,"ukitomon"
"1057831","waylaying",,"ikotema"
"1057832","waylays",,"qogunia"
"1057833","wayleave",,"ukiteroa"
"1057834","wayleaves",,"ukiteret"
"1057835","wayleen",,"oketuin"
"1057836","wayleggo",,"qoguveu"
"1057837","waylen",,"ikotito"
"1057838","wayless",,"qigava"
"1057839","waylessness",,"oketuwujan"
"1057840","wayleway",,"qugevuun"
"1057841","waylin",,"ukitens"
"1057842","waylon",,"ekatonu"
"1057843","waymaker",,"qigeneen"
"1057844","waymaking",,"qoganaa"
"1057845","wayman",,"qogaon"
"1057846","waymark",,"qugone"
"1057847","waymarked",,"akuviqot"
"1057848","waymarker",,"ekavuqun"
"1057849","waymarking",,"akuviqan"
"1057850","waymarks",,"qugonuin"
"1057851","waymart",,"okevaot"
"1057852","waymarts",,"okevaqo"
"1057853","waymaster",,"ekavuwat"
"1057854","waymate",,"qigenot"
"1057855","waymen",,"qagio"
"1057856","wayment",,"okevuot"
"1057857","waymented",,"qigevuen"
"1057858","waymenting",,"qigevue"
"1057859","wayments",,"okevufo"
"1057860","waymint",,"ikoviea"
"1057861","waymire",,"qigero"
"1057862","waymo",,"ikovue"
"1057863","waymon",,"qigea"
"1057864","waymond",,"akuveue"
"1057865","waymouth",,"okevidet"
"1057866","wayn",,"qigo"
"1057867","waynant",,"qeganin"
"1057868","wayne",,"qogev"
"1057869","waynes",,"qogeet"
"1057870","waynesboro",,"qogeviin"
"1057871","waynesboros",,"qogevitea"
"1057872","waynesbu",,"ukizewen"
"1057873","waynesburg",,"qigovuan"
"1057874","waynesburgs",,"qigovutiun"
"1057875","waynesfield",,"ikozawoven"
"1057876","waynesfields",,"ikozawovon"
"1057877","waynesville",,"ukizewuvu"
"1057878","waynesvilles",,"ukizewuvot"
"1057879","waynetown",,"qugiveot"
"1057880","waynetowns",,"qugiveo"
"1057881","waynick",,"qogerat"
"1057882","waynoka",,"qagufon"
"1057883","waynokas",,"qagufian"
"1057884","wayo",,"akupto"
"1057885","wayobject",,"qegeria"
"1057886","wayolle",,"ekapuia"
"1057887","waypoint",,"qegofoen"
"1057888","waypoints",,"qegofoon"
"1057889","waypost",,"ekafoi"
"1057890","wayposts",,"ekafowat"
"1057891","wayre",,"qagiv"
"1057892","ways",,"ikoclo"
"1057893","wayside",,"qugirat"
"1057894","waysider",,"okecova"
"1057895","waysides",,"qugiree"
"1057896","waysliding",,"qogevien"
"1057897","waystage",,"qegawaot"
"1057898","waystation",,"qaguwuu"
"1057899","wayt",,"qaga"
"1057900","wayte",,"quguv"
"1057901","waythorn",,"ikoqohin"
"1057902","wayupthere",,"okewubon"
"1057903","wayuu",,"ekawia"
"1057904","wayvode",,"okebiu"
"1057905","wayward",,"okedau"
"1057906","waywarden",,"qeguneot"
"1057907","waywarder",,"qugonue"
"1057908","waywardest",,"qigeniet"
"1057909","waywardlier",,"akudiqifet"
"1057910","waywardliest",,"ukidoqofu"
"1057911","waywardly",,"qaginai"
"1057912","waywardness",,"qegunezuet"
"1057913","waywardnesses",,"qaginaziin"
"1057914","waywise",,"akudae"
"1057915","waywiser",,"qigeruen"
"1057916","waywisers",,"qigeruon"
"1057917","waywod",,"qagia"
"1057918","waywode",,"qugofan"
"1057919","waywodes",,"qugofeun"
"1057920","waywodeship",,"qegufipuan"
"1057921","waywodeships",,"qegufipuun"
"1057922","wayworn",,"ekadoi"
"1057923","waywort",,"ikoduat"
"1057924","wayyer",,"qogoen"
"1057925","wayyest",,"qegeve"
"1057926","wayzata",,"ekaluena"
"1057927","wayzatas",,"ekalubon"
"1057928","wayzegoose",,"qagevuun"
"1057929","wayzgoos",,"qogimue"
"1057930","wayzgoose",,"qegomien"
"1057931","wayzgooses",,"qegomion"
"1057932","waza",,"qeki"
"1057933","wazalendo",,"akamizote"
"1057934","wazari",,"ukumare"
"1057935","wazillion",,"ukunozua"
"1057936","wazir",,"ikinore"
"1057937","wazirabad",,"akanurin"
"1057938","wazirabads",,"akanuraa"
"1057939","wazirate",,"qakucuon"
"1057940","waziri",,"ikinato"
"1057941","waziristan",,"ekenasote"
"1057942","waziristani",,"ekenasigen"
"1057943","wazirs",,"ikinann"
"1057944","wazirship",,"akanuwon"
"1057945","wazn",,"akazta"
"1057946","wazoo",,"qukuf"
"1057947","wazoos",,"qukuat"
"1057948","wazukhana",,"qikutii"
"1057949","wazup",,"ikiwaa"
"1057950","wazwan",,"ukudot"
"1057951","wazz",,"ukuln"
"1057952","wazza",,"akalio"
"1057953","wazzan",,"qakea"
"1057954","wazzbag",,"qukarat"
"1057955","wazzed",,"qakein"
"1057956","wazzer",,"qekoat"
"1057957","wazzered",,"okoluqu"
"1057958","wazzes",,"ikilet"
"1057959","wazzing",,"qakeri"
"1057960","wazzock",,"akaleea"
"1057961","wazzocked",,"qekofoot"
"1057962","wazzocks",,"akaletin"
"1057963","wazzu",,"ikilau"
"1057964","wazzup",,"qokiet"
"1057965","wbafc",,"ilukia"
"1057966","wbagnfarb",,"qolipuet"
"1057967","wbar",,"olijno"
"1057968","wbcn",,"ilezn"
"1057969","wbconey",,"elupeet"
"1057970","wbfp",,"qogo"
"1057971","wbjacobs",,"qonisiot"
"1057972","wbnd",,"qevaa"
"1057973","wbns",,"ilect"
"1057974","wbsb",,"elun"
"1057975","wbses",,"qijiqa"
"1057976","wbsiong",,"elunoun"
"1057977","wbudc",,"ulusui"
"1057978","wburg",,"elejuo"
"1057979","wburgs",,"elejona"
"1057980","wcag",,"omile"
"1057981","wccfl",,"amiki"
"1057982","wccw",,"imedu"
"1057983","wcdma",,"qirun"
"1057984","wcdonalds",,"imopiru"
"1057985","wced",,"qisea"
"1057986","wcgw",,"umad"
"1057987","wchen",,"omutoi"
"1057988","wchl",,"umet"
"1057989","wchoi",,"qolar"
"1057990","wchsieh",,"amocaot"
"1057991","wckenned",,"qerapae"
"1057992","wcmetz",,"imatona"
"1057993","wcml",,"qete"
"1057994","wcmx",,"qato"
"1057995","wcnsf",,"umocea"
"1057996","wcpc",,"qepia"
"1057997","wcpgw",,"qapag"
"1057998","wctu",,"qicoe"
"1057999","wddx",,"qoria"
"1058000","wdia",,"qemaa"
"1058001","wdramstr",,"unemiwon"
"1058002","wdsf",,"enukn"
"1058003","wdspr",,"qojac"
"1058004","wdszs",,"enule"
"1058005","wdth",,"qaca"
"1058006","wdva",,"unamne"
"1058007","wdyfw",,"enaka"
"1058008","wdym",,"qagaa"
"1058009","wdymbt",,"qagaet"
"1058010","wdyt",,"enaqn"
"1058011","wdywt",,"unida"
"1058012","we",,"ura"
"1058013","weabonga",,"orinifoa"
"1058014","weaboo",,"qelaet"
"1058015","weaire",,"qeleet"
"1058016","weak",,"urasse"
"1058017","weakbrained",,"oriseqovi"
"1058018","weake",,"irusano"
"1058019","weaken",,"qoluin"
"1058020","weakened",,"urasefoa"
"1058021","weakener",,"aresofu"
"1058022","weakeners",,"aresofot"
"1058023","weakenes",,"qelivian"
"1058024","weakenesse",,"qalovoo"
"1058025","weakenest",,"urasefon"
"1058026","weakenet",,"urasefen"
"1058027","weakeneth",,"qelivie"
"1058028","weakenin",,"irusafua"
"1058029","weakening",,"urasefun"
"1058030","weakens",,"qoluva"
"1058031","weaker",,"qaloun"
"1058032","weakest",,"quleven"
"1058033","weakfish",,"erosisu"
"1058034","weakfishes",,"aresosi"
"1058035","weakfishing",,"qelilibuat"
"1058036","weakfishs",,"erosisota"
"1058037","weakhanded",,"erosarun"
"1058038","weakheaded",,"qulenii"
"1058039","weakhearted",,"irusozibot"
"1058040","weakheartedly",,"qalonusiat"
"1058041","weakheartedness",,"qelinasui"
"1058042","weakheartednesss",,"qelinasuat"
"1058043","weakie",,"irusinu"
"1058044","weakiness",,"qolurui"
"1058045","weakino",,"qalora"
"1058046","weakish",,"qelirun"
"1058047","weakishly",,"aresawet"
"1058048","weakishness",,"erosewojo"
"1058049","weakishnesses",,"aresaweje"
"1058050","weakishnesss",,"erosewojet"
"1058051","weakland",,"qoluvoen"
"1058052","weakley",,"qalovu"
"1058053","weaklier",,"orisasen"
"1058054","weakliest",,"erosuse"
"1058055","weakliness",,"urasosea"
"1058056","weaklinesses",,"irusesafon"
"1058057","weaklinesss",,"urasosefin"
"1058058","weakling",,"erosusu"
"1058059","weaklings",,"erosusota"
"1058060","weaklink",,"urasosat"
"1058061","weakly",,"qelion"
"1058062","weakminded",,"qulezeun"
"1058063","weakmindedly",,"irusosapet"
"1058064","weakmindedness",,"urasisepo"
"1058065","weakmouthed",,"qilazegiet"
"1058066","weakness",,"qolupeen"
"1058067","weaknesse",,"qelipaun"
"1058068","weaknesses",,"qelipau"
"1058069","weaknesss",,"qolupeon"
"1058070","weakon",,"qalou"
"1058071","weakons",,"qalofot"
"1058072","weaks",,"urasune"
"1058073","weaksauce",,"irusirun"
"1058074","weakside",,"quleqeon"
"1058075","weaksides",,"quleqean"
"1058076","weaksome",,"irusihe"
"1058077","weakwilled",,"qulegee"
"1058078","weaky",,"erosoo"
"1058079","weal",,"qalie"
"1058080","weald",,"irutura"
"1058081","wealden",,"qeluton"
"1058082","wealdens",,"qelutaan"
"1058083","wealdish",,"qalitoo"
"1058084","wealds",,"irutoni"
"1058085","wealdsman",,"qelutie"
"1058086","wealdsmen",,"qulotean"
"1058087","wealdstone",,"erotowe"
"1058088","weale",,"qulov"
"1058089","wealed",,"orituna"
"1058090","wealful",,"quloli"
"1058091","wealh",,"uratite"
"1058092","wealing",,"oritoene"
"1058093","weally",,"uratato"
"1058094","wealpublic",,"irutada"
"1058095","weals",,"qaliq"
"1058096","wealsman",,"aretapot"
"1058097","wealsmen",,"irutipe"
"1058098","wealsome",,"quloqoi"
"1058099","wealth",,"qaliu"
"1058100","wealthe",,"qulowet"
"1058101","wealthen",,"areterot"
"1058102","wealthens",,"aretero"
"1058103","wealthfare",,"qolawiat"
"1058104","wealthful",,"qulowau"
"1058105","wealthfully",,"iruturoki"
"1058106","wealthie",,"qulowaan"
"1058107","wealthier",,"iruturot"
"1058108","wealthies",,"qulowaun"
"1058109","wealthiest",,"oritiran"
"1058110","wealthilier",,"qilewutaan"
"1058111","wealthiliest",,"qolawitua"
"1058112","wealthily",,"uratarun"
"1058113","wealthiness",,"areterojan"
"1058114","wealthinesses",,"uratarejo"
"1058115","wealthless",,"erotorin"
"1058116","wealthlessness",,"qulowapaon"
"1058117","wealthmaker",,"erotorota"
"1058118","wealthmaking",,"areteretin"
"1058119","wealthmonger",,"qilewufiun"
"1058120","wealths",,"qaliwot"
"1058121","wealthtech",,"qulowae"
"1058122","wealthy",,"qolawo"
"1058123","wealthyish",,"erotoraa"
"1058124","wealthys",,"qolawiet"
"1058125","wealy",,"qolal"
"1058126","weam",,"iruvna"
"1058127","weamb",,"qalur"
"1058128","weambs",,"qaluun"
"1058129","wean",,"qulu"
"1058130","weanable",,"qilinuun"
"1058131","weaned",,"erozas"
"1058132","weanedness",,"quluvoan"
"1058133","weanednesses",,"qilivehuo"
"1058134","weanednesss",,"quluvohaun"
"1058135","weanel",,"arezata"
"1058136","weanels",,"arezoe"
"1058137","weaner",,"orizenu"
"1058138","weaners",,"orizuin"
"1058139","weanest",,"eroziet"
"1058140","weaneth",,"qilivun"
"1058141","weanie",,"qilian"
"1058142","weaning",,"erozeat"
"1058143","weanings",,"erozefe"
"1058144","weanling",,"qeleviin"
"1058145","weanlings",,"qelevia"
"1058146","weanly",,"iruzino"
"1058147","weanoc",,"qeleeta"
"1058148","weanocs",,"qelefi"
"1058149","weans",,"quluq"
"1058150","weantinock",,"qolowuun"
"1058151","weanyer",,"urazaaa"
"1058152","weap",,"qilaa"
"1058153","weapemeoc",,"qelivoat"
"1058154","weapemeocs",,"qelivoe"
"1058155","weapon",,"erofeta"
"1058156","weaponed",,"qelifian"
"1058157","weaponeer",,"qelifiun"
"1058158","weaponeered",,"irufufofin"
"1058159","weaponeering",,"irufufofi"
"1058160","weaponeerings",,"irufufofat"
"1058161","weaponeers",,"qelifiu"
"1058162","weaponing",,"qelifia"
"1058163","weaponisable",,"arefefodan"
"1058164","weaponisation",,"erofofidan"
"1058165","weaponise",,"arefefo"
"1058166","weaponised",,"qelifiin"
"1058167","weaponiser",,"qolufuat"
"1058168","weaponises",,"arefefet"
"1058169","weaponising",,"qelifitai"
"1058170","weaponism",,"urafafuna"
"1058171","weaponist",,"qolufuan"
"1058172","weaponizability",,"urafafesan"
"1058173","weaponizable",,"qilafatuon"
"1058174","weaponization",,"qulefetaon"
"1058175","weaponize",,"qilafaot"
"1058176","weaponized",,"erofofe"
"1058177","weaponizer",,"orififi"
"1058178","weaponizes",,"qilafao"
"1058179","weaponizing",,"erofofiset"
"1058180","weaponless",,"qalofoon"
"1058181","weaponlessness",,"arefefafu"
"1058182","weaponlike",,"qulefein"
"1058183","weaponmaker",,"qalofofoan"
"1058184","weaponmaking",,"qulefefeon"
"1058185","weaponmaster",,"urafafatin"
"1058186","weaponness",,"qulefee"
"1058187","weaponous",,"orififon"
"1058188","weaponproof",,"qalofocie"
"1058189","weaponries",,"qolufuata"
"1058190","weaponry",,"qalofoa"
"1058191","weapons",,"erofoia"
"1058192","weaponshaw",,"qolufuate"
"1058193","weaponshawing",,"urafafeton"
"1058194","weaponshaws",,"qolufubae"
"1058195","weaponshow",,"qilafaet"
"1058196","weaponshowing",,"arefefota"
"1058197","weaponsman",,"qulefeu"
"1058198","weaponsmaster",,"urafafeha"
"1058199","weaponsmith",,"urafafehaa"
"1058200","weaponsmithing",,"qulefebou"
"1058201","weaponsmithy",,"erofofihon"
"1058202","weaps",,"qilaqa"
"1058203","weapschawing",,"qeliqision"
"1058204","wear",,"qole"
"1058205","wearabilities",,"urajosefo"
"1058206","wearability",,"orijasufat"
"1058207","wearabilitys",,"orijasufe"
"1058208","wearable",,"qelanoi"
"1058209","wearabler",,"arejisin"
"1058210","wearables",,"qelanoat"
"1058211","wearablest",,"urajosi"
"1058212","weardale",,"qalutau"
"1058213","wearde",,"urajut"
"1058214","weare",,"qelav"
"1058215","weared",,"urajus"
"1058216","wearer",,"arejann"
"1058217","wearers",,"arejoun"
"1058218","weares",,"qelaen"
"1058219","wearest",,"urajeae"
"1058220","weareth",,"qelavi"
"1058221","wearhead",,"qolenea"
"1058222","weariable",,"qelareun"
"1058223","weariableness",,"erojerofo"
"1058224","wearie",,"qelaeta"
"1058225","wearied",,"urajuaa"
"1058226","weariedly",,"qelaraun"
"1058227","weariedness",,"qolerezean"
"1058228","wearier",,"arejaea"
"1058229","wearies",,"qelari"
"1058230","weariest",,"urajuzeta"
"1058231","wearieth",,"qelarauna"
"1058232","weariful",,"qelarau"
"1058233","wearifully",,"arejami"
"1058234","wearifulness",,"erojemafet"
"1058235","wearifulnesses",,"arejamufin"
"1058236","wearihood",,"qelaroin"
"1058237","weariless",,"irujizin"
"1058238","wearilessly",,"qalurapuan"
"1058239","wearilessness",,"qelarepaon"
"1058240","wearilessnesses",,"qalurapuot"
"1058241","wearilier",,"qaluraet"
"1058242","weariliest",,"quliruu"
"1058243","wearily",,"erojei"
"1058244","wearin",,"irujane"
"1058245","wearines",,"orijofo"
"1058246","weariness",,"orijofet"
"1058247","wearinesse",,"erojefea"
"1058248","wearinesses",,"erojefadin"
"1058249","wearing",,"urajuona"
"1058250","wearingly",,"qelariot"
"1058251","wearings",,"urajufan"
"1058252","wearish",,"erojeane"
"1058253","wearishly",,"qilorao"
"1058254","wearishness",,"quliresiot"
"1058255","wearisom",,"qoleruon"
"1058256","wearisome",,"qelariu"
"1058257","wearisomely",,"arejawihi"
"1058258","wearisomeness",,"erojewuhet"
"1058259","wearisomenesses",,"arejawihin"
"1058260","wearmouth",,"qelazuin"
"1058261","wearout",,"erojoon"
"1058262","wearproof",,"irujaqa"
"1058263","wears",,"qoleq"
"1058264","wearsafe",,"orijora"
"1058265","wearside",,"urajusen"
"1058266","wearsider",,"qelaqiun"
"1058267","weary",,"qulil"
"1058268","wearying",,"erojosun"
"1058269","wearyingly",,"qilolaet"
"1058270","weas",,"arecda"
"1058271","weasal",,"qeleete"
"1058272","weasand",,"irucei"
"1058273","weasands",,"irucefat"
"1058274","wease",,"uracei"
"1058275","weasel",,"qulua"
"1058276","weaseled",,"erocizeta"
"1058277","weaseler",,"oricuzot"
"1058278","weaselers",,"oricuzo"
"1058279","weaselese",,"qolovoo"
"1058280","weaselfish",,"qeleveo"
"1058281","weaseling",,"erocizua"
"1058282","weaselish",,"irucazot"
"1058283","weaselled",,"qeleveat"
"1058284","weaseller",,"qolovoet"
"1058285","weasellers",,"qolovoi"
"1058286","weasellier",,"qolovoan"
"1058287","weaselliest",,"qelevepaa"
"1058288","weasellike",,"uracezuna"
"1058289","weaselling",,"qeleveoa"
"1058290","weaselly",,"irucazun"
"1058291","weasels",,"quluven"
"1058292","weaselship",,"qelevea"
"1058293","weaselskin",,"uraceze"
"1058294","weaselsnout",,"qolovobeun"
"1058295","weaselwise",,"qeleveu"
"1058296","weaselword",,"quluvuat"
"1058297","weasely",,"qelevon"
"1058298","weaser",,"qeleen"
"1058299","weasiness",,"qiliraot"
"1058300","weasleycest",,"irucezezin"
"1058301","weasner",,"oricoin"
"1058302","weason",,"qeleon"
"1058303","weasons",,"qelefan"
"1058304","weast",,"qelew"
"1058305","weaste",,"qalaat"
"1058306","weastward",,"qalaweot"
"1058307","weasy",,"oricin"
"1058308","weather",,"qeloni"
"1058309","weatherabilities",,"iruqozutot"
"1058310","weatherability",,"eroqazoti"
"1058311","weatherabilitys",,"eroqazotat"
"1058312","weatherable",,"qalenuwoet"
"1058313","weatherall",,"qulanie"
"1058314","weatherb",,"arequzua"
"1058315","weatherbeaten",,"eroqazovot"
"1058316","weatherbeatenness",,"qulaniwoi"
"1058317","weatherbee",,"iruqozea"
"1058318","weatherboard",,"iruqozuvo"
"1058319","weatherboarded",,"qilunoweon"
"1058320","weatherboarding",,"qilunowein"
"1058321","weatherboardings",,"qilunowea"
"1058322","weatherboards",,"iruqozuvet"
"1058323","weatherbound",,"iruqozuven"
"1058324","weatherbreak",,"qelonawua"
"1058325","weatherburn",,"oriqezivan"
"1058326","weatherby",,"oriqezo"
"1058327","weatherc",,"qelonaan"
"1058328","weathercast",,"arequzezen"
"1058329","weathercaster",,"qelonawao"
"1058330","weathercasters",,"qelonawaet"
"1058331","weathercasting",,"qalenuwuot"
"1058332","weathercasts",,"arequzezon"
"1058333","weathercloth",,"arequzezat"
"1058334","weathercloths",,"arequzeze"
"1058335","weathercoat",,"oriqezizi"
"1058336","weathercock",,"qolineweat"
"1058337","weathercocked",,"uraqizazu"
"1058338","weathercocking",,"uraqizazon"
"1058339","weathercockish",,"eroqazozan"
"1058340","weathercockism",,"qalenuwuota"
"1058341","weathercocks",,"qolinewee"
"1058342","weathercocky",,"qulaniwiin"
"1058343","weatherdeck",,"oriqezipon"
"1058344","weathere",,"qalenuin"
"1058345","weathered",,"iruqozuna"
"1058346","weatherer",,"uraqizona"
"1058347","weatherers",,"uraqizan"
"1058348","weatherest",,"iruqozin"
"1058349","weatherfish",,"qilunowuan"
"1058350","weatherfishes",,"qolinewio"
"1058351","weatherfishs",,"qilunowuun"
"1058352","weatherford",,"iruqozuren"
"1058353","weatherfords",,"iruqozuron"
"1058354","weathergami",,"qelonawien"
"1058355","weathergirl",,"qelonawiet"
"1058356","weathergirls",,"qelonawii"
"1058357","weatherglass",,"arequzesat"
"1058358","weatherglasses",,"uraqizasen"
"1058359","weathergleam",,"oriqezise"
"1058360","weatherguard",,"qolinewue"
"1058361","weatherhead",,"qelonawuin"
"1058362","weatherheaded",,"iruqozuto"
"1058363","weatherholt",,"arequzetan"
"1058364","weatherholtz",,"qilunowean"
"1058365","weatheri",,"qelonaun"
"1058366","weathering",,"iruqozen"
"1058367","weatherings",,"iruqozuvon"
"1058368","weatherington",,"oriqezivo"
"1058369","weatherisation",,"qelonawaun"
"1058370","weatherisations",,"qelonawau"
"1058371","weatherise",,"qalenuet"
"1058372","weatherised",,"iruqozuva"
"1058373","weatherises",,"qalenuwui"
"1058374","weatherish",,"arequzon"
"1058375","weatherising",,"iruqozuvat"
"1058376","weatherization",,"eroqazovan"
"1058377","weatherizations",,"eroqazovun"
"1058378","weatherize",,"arequzo"
"1058379","weatherized",,"qelonawain"
"1058380","weatherizes",,"arequzevet"
"1058381","weatherizing",,"qelonawai"
"1058382","weatherless",,"oriqezifan"
"1058383","weatherlessness",,"qalenuwoot"
"1058384","weatherley",,"uraqizana"
"1058385","weatherlike",,"eroqazofa"
"1058386","weatherliness",,"qelonawiia"
"1058387","weatherlinesses",,"qalenuwoa"
"1058388","weatherlinesss",,"qelonawiat"
"1058389","weatherloach",,"qilunowai"
"1058390","weatherlore",,"qelonawia"
"1058391","weatherly",,"arequza"
"1058392","weatherlys",,"arequzen"
"1058393","weathermaker",,"oriqezihun"
"1058394","weathermaking",,"eroqazohan"
"1058395","weatherman",,"eroqazu"
"1058396","weathermans",,"eroqazohot"
"1058397","weathermen",,"uraqizata"
"1058398","weathermens",,"uraqizahe"
"1058399","weathermost",,"uraqizahu"
"1058400","weatherologist",,"qulaniwuat"
"1058401","weatherology",,"arequzecun"
"1058402","weatherometer",,"qulaniwua"
"1058403","weatherometers",,"qulaniwuen"
"1058404","weatherp",,"eroqazana"
"1058405","weatherperson",,"arequzequn"
"1058406","weatherpersons",,"arequzequ"
"1058407","weatherproof",,"oriqeziqin"
"1058408","weatherproofed",,"qolinewioa"
"1058409","weatherproofer",,"qilunowuu"
"1058410","weatherproofing",,"qolinewiun"
"1058411","weatherproofness",,"qalenuweon"
"1058412","weatherproofnesses",,"qulaniwaot"
"1058413","weatherproofs",,"oriqeziqa"
"1058414","weatherrest",,"qalenuwion"
"1058415","weathers",,"qelonaat"
"1058416","weathersby",,"oriqezet"
"1058417","weathersfield",,"iruqozudan"
"1058418","weathersick",,"qalenuwuan"
"1058419","weathersome",,"qalenuwuia"
"1058420","weatherspeak",,"arequzedi"
"1058421","weatherspoon",,"qulaniwio"
"1058422","weatherstorm",,"qelonawaeta"
"1058423","weatherstrip",,"eroqazoden"
"1058424","weatherstripped",,"eroqazodan"
"1058425","weatherstrippers",,"oriqezidon"
"1058426","weatherstripping",,"eroqazoda"
"1058427","weatherstrippings",,"eroqazodena"
"1058428","weatherstrips",,"eroqazodon"
"1058429","weathertight",,"arequzege"
"1058430","weathertightness",,"qilunowien"
"1058431","weathertightnesss",,"qilunowion"
"1058432","weathervane",,"qolinewuan"
"1058433","weathervanes",,"qolinewuun"
"1058434","weatherward",,"qalenuwiet"
"1058435","weatherwax",,"eroqazun"
"1058436","weatherwear",,"iruqozumot"
"1058437","weatherwise",,"qilunoween"
"1058438","weatherwoman",,"eroqazomo"
"1058439","weatherwomen",,"uraqizamin"
"1058440","weatherworn",,"qulaniwoin"
"1058441","weathery",,"qilunoe"
"1058442","weatings",,"iruqifina"
"1058443","weatogue",,"qolifoen"
"1058444","weatogues",,"qolifoon"
"1058445","weaubleau",,"oriweza"
"1058446","weaubleaus",,"oriwezen"
"1058447","weavable",,"qulonaen"
"1058448","weave",,"qulova"
"1058449","weaveable",,"qileviun"
"1058450","weaved",,"oribata"
"1058451","weavement",,"qilevuu"
"1058452","weaver",,"irubet"
"1058453","weaverbird",,"qaliveo"
"1058454","weaverbirds",,"qalivetuet"
"1058455","weaveress",,"oribuqa"
"1058456","weaverfish",,"areboqona"
"1058457","weaverham",,"qulovaan"
"1058458","weaverian",,"qilevuin"
"1058459","weavering",,"qilevua"
"1058460","weaverling",,"areboqone"
"1058461","weavers",,"irubai"
"1058462","weaverthorpe",,"erobiquta"
"1058463","weaverville",,"qulovakiu"
"1058464","weavervilles",,"qulovakiot"
"1058465","weaves",,"quloot"
"1058466","weavest",,"oribuu"
"1058467","weaveth",,"quloven"
"1058468","weaviate",,"irubirat"
"1058469","weaving",,"oriboo"
"1058470","weavingly",,"quloree"
"1058471","weavings",,"oribofet"
"1058472","weavy",,"qolala"
"1058473","weazand",,"qelinet"
"1058474","weazands",,"qelinii"
"1058475","weazel",,"uralina"
"1058476","weazen",,"iruleta"
"1058477","weazened",,"qilavaan"
"1058478","weazening",,"qilavaa"
"1058479","weazens",,"irulaia"
"1058480","weazeny",,"areloat"
"1058481","weazle",,"uraline"
"1058482","weazon",,"erolena"
"1058483","web",,"qem"
"1058484","webagogy",,"qimemein"
"1058485","webaholic",,"qimenea"
"1058486","webalizer",,"aromisot"
"1058487","webapp",,"qamiun"
"1058488","webathon",,"aromerot"
"1058489","webb",,"aront"
"1058490","webbased",,"qemaniet"
"1058491","webbe",,"urenero"
"1058492","webbed",,"qamui"
"1058493","webbedness",,"aronovin"
"1058494","webber",,"qemao"
"1058495","webberi",,"qemavon"
"1058496","webberley",,"ureneqen"
"1058497","webberville",,"urenequvun"
"1058498","webbervilles",,"urenequvu"
"1058499","webbie",,"ureninu"
"1058500","webbier",,"qemaron"
"1058501","webbies",,"urenuae"
"1058502","webbiest",,"qamuruin"
"1058503","webbing",,"qamurot"
"1058504","webbings",,"qamuroo"
"1058505","webblog",,"qimove"
"1058506","webbook",,"iranuat"
"1058507","webbs",,"aronas"
"1058508","webbville",,"qemadie"
"1058509","webbvilles",,"qemadiin"
"1058510","webby",,"orunita"
"1058511","webcam",,"qamaat"
"1058512","webcamera",,"ureropen"
"1058513","webcamgate",,"ureropi"
"1058514","webcammed",,"aroripu"
"1058515","webcammer",,"erirupan"
"1058516","webcamming",,"aroripon"
"1058517","webcams",,"qamane"
"1058518","webcap",,"oruruna"
"1058519","webcartoonist",,"qiminudiat"
"1058520","webcast",,"aroriat"
"1058521","webcasted",,"qamanou"
"1058522","webcaster",,"qemenian"
"1058523","webcasters",,"qemeniun"
"1058524","webcasting",,"qamanoon"
"1058525","webcastings",,"qamanoduan"
"1058526","webcasts",,"aroriwe"
"1058527","webchat",,"qomonot"
"1058528","webchatted",,"qamanaa"
"1058529","webchatting",,"qamanadaat"
"1058530","webcomic",,"qemefoat"
"1058531","webcommerce",,"eriropofe"
"1058532","webconference",,"qomofunie"
"1058533","webconferencing",,"arorefufa"
"1058534","webcore",,"eriroene"
"1058535","webcrafter",,"qimiciot"
"1058536","webcrawl",,"qumucuet"
"1058537","webcrawled",,"erirarana"
"1058538","webcrawling",,"erirarofa"
"1058539","webcrawls",,"qumucui"
"1058540","webdav",,"qamean"
"1058541","webdesign",,"qimuvaot"
"1058542","webdev",,"qimuet"
"1058543","webdings",,"qumarean"
"1058544","webedia",,"uretaot"
"1058545","webelo",,"uretots"
"1058546","webelos",,"uretooa"
"1058547","weber",,"uretiri"
"1058548","weberg",,"arotate"
"1058549","weberian",,"qumeceon"
"1058550","weberite",,"qumeceet"
"1058551","webern",,"qimai"
"1058552","weberns",,"qimacat"
"1058553","webers",,"uretinn"
"1058554","webert",,"qamoat"
"1058555","webertising",,"orutebude"
"1058556","webetoys",,"orutihot"
"1058557","webex",,"eritero"
"1058558","webeye",,"qemia"
"1058559","webfed",,"qemien"
"1058560","webfeed",,"qamovun"
"1058561","webfeet",,"qamove"
"1058562","webfeets",,"qamovuin"
"1058563","webfirst",,"erikequn"
"1058564","webflow",,"qemivat"
"1058565","webfolio",,"qamofaet"
"1058566","webfont",,"arokein"
"1058567","webfoot",,"qemifat"
"1058568","webfooted",,"irakuhu"
"1058569","webfootedness",,"qemifudoet"
"1058570","webfooter",,"urekahan"
"1058571","webfoots",,"qemifue"
"1058572","webform",,"qimafu"
"1058573","webgame",,"qaminu"
"1058574","webgraph",,"ureliri"
"1058575","webguide",,"iralasun"
"1058576","webhancer",,"iramefe"
"1058577","webhead",,"qemavet"
"1058578","webheads",,"qemavei"
"1058579","webhelp",,"uremeen"
"1058580","webhook",,"iramuea"
"1058581","webhost",,"qimofe"
"1058582","webhosting",,"aromewan"
"1058583","webi",,"qeme"
"1058584","webidence",,"qemetaan"
"1058585","webification",,"erinisiton"
"1058586","webified",,"qemeliun"
"1058587","webifies",,"aronosa"
"1058588","webify",,"iranann"
"1058589","webifying",,"qimileet"
"1058590","webinar",,"qamapin"
"1058591","webinars",,"qamapaa"
"1058592","webinos",,"urenuet"
"1058593","webisode",,"aronahu"
"1058594","webisodes",,"aronahot"
"1058595","webisodic",,"erinehun"
"1058596","webization",,"erinirin"
"1058597","webize",,"aronana"
"1058598","webized",,"qememet"
"1058599","webizes",,"aronoun"
"1058600","webizing",,"qememiu"
"1058601","weblebrity",,"qemuvou"
"1058602","webless",,"orutuin"
"1058603","weblessness",,"qamivobuon"
"1058604","weblet",,"qimei"
"1058605","webley",,"uretint"
"1058606","weblication",,"iratitiget"
"1058607","weblike",,"eriteia"
"1058608","webliker",,"qimeroin"
"1058609","weblikest",,"qomarei"
"1058610","weblink",,"qemurun"
"1058611","webliographies",,"qamiririen"
"1058612","webliography",,"qimerereun"
"1058613","weblish",,"qamira"
"1058614","weblished",,"orutowet"
"1058615","weblishes",,"qumoreun"
"1058616","weblishing",,"orutowua"
"1058617","weblog",,"eritonn"
"1058618","weblogger",,"qimefio"
"1058619","webloggers",,"qimefiet"
"1058620","weblogging",,"qomafoot"
"1058621","weblogic",,"eritonun"
"1058622","weblogs",,"eritoan"
"1058623","webm",,"qumii"
"1058624","webmag",,"qemaon"
"1058625","webmail",,"oruvaa"
"1058626","webmails",,"oruvasen"
"1058627","webmaker",,"oruvava"
"1058628","webmaking",,"erivuvin"
"1058629","webmaster",,"quminei"
"1058630","webmastered",,"erivuwufun"
"1058631","webmastering",,"erivuwufen"
"1058632","webmasters",,"qumineat"
"1058633","webmastery",,"qemanie"
"1058634","webmaven",,"qamunain"
"1058635","webmd",,"oruvie"
"1058636","webmeister",,"qomevui"
"1058637","webmercials",,"qimovuvoen"
"1058638","webmistress",,"qimoradeet"
"1058639","webmistresses",,"qomerudain"
"1058640","webmistresss",,"qimoradei"
"1058641","webmoth",,"qemafat"
"1058642","webname",,"aroziun"
"1058643","webnovel",,"arozegin"
"1058644","webnovela",,"erizogat"
"1058645","webocracy",,"aropaqu"
"1058646","webography",,"irapeqoa"
"1058647","webology",,"aropiha"
"1058648","webometric",,"qamezuet"
"1058649","webometrics",,"qamezudii"
"1058650","webos",,"qimuq"
"1058651","webp",,"erift"
"1058652","webpack",,"erifuet"
"1058653","webpage",,"orufain"
"1058654","webpages",,"orufana"
"1058655","webpagetest",,"arofinugen"
"1058656","webphone",,"arofuhot"
"1058657","webplus",,"qamovin"
"1058658","webpreneur",,"qimacoot"
"1058659","webquest",,"irahazat"
"1058660","webre",,"urejeu"
"1058661","webring",,"qamura"
"1058662","webroot",,"qamufin"
"1058663","webrtc",,"qemaen"
"1058664","webs",,"qemea"
"1058665","websafe",,"ericuet"
"1058666","webscale",,"iraciran"
"1058667","websearch",,"qomovoen"
"1058668","websearches",,"qemevewau"
"1058669","webserver",,"orucuqa"
"1058670","webshite",,"qamanoa"
"1058671","webshop",,"qamanot"
"1058672","webside",,"iraciia"
"1058673","website",,"iracian"
"1058674","websites",,"iracibun"
"1058675","websleuth",,"ericuzuna"
"1058676","webslinger",,"ericusot"
"1058677","websmith",,"qumuzeat"
"1058678","websnake",,"ericeri"
"1058679","websocket",,"urecaton"
"1058680","webspace",,"ericiret"
"1058681","webspam",,"arocoea"
"1058682","webspeak",,"arocozu"
"1058683","webspinner",,"qomohuat"
"1058684","websquatter",,"urecodugat"
"1058685","websquatting",,"iracedigi"
"1058686","webster",,"qamawe"
"1058687","websterian",,"orucizon"
"1058688","websterism",,"qimiwoo"
"1058689","websterite",,"orucizet"
"1058690","websterites",,"orucizivi"
"1058691","websters",,"qamawuin"
"1058692","websterville",,"iracuzulet"
"1058693","webstervilles",,"iracuzuli"
"1058694","webstone",,"qumuwoon"
"1058695","webstore",,"qomowao"
"1058696","webstorm",,"qemewuun"
"1058697","webstream",,"qumuwai"
"1058698","webstreamed",,"ericoqatun"
"1058699","webstreaming",,"ericoqaten"
"1058700","webstress",,"qamawea"
"1058701","websurf",,"qomobo"
"1058702","websurfed",,"ureceqon"
"1058703","websurfer",,"arocoqa"
"1058704","websurfing",,"ureceqin"
"1058705","websurfs",,"qomobiet"
"1058706","webtable",,"iraqesana"
"1058707","webteam",,"oruquu"
"1058708","webtone",,"qumafen"
"1058709","webtool",,"qimufe"
"1058710","webtoon",,"qomifo"
"1058711","webtop",,"qumao"
"1058712","webtver",,"oruqaua"
"1058713","webui",,"qamor"
"1058714","webumentary",,"eriwazigu"
"1058715","webutation",,"irawura"
"1058716","webvertising",,"qomavideot"
"1058717","webvtt",,"orubea"
"1058718","webware",,"iradeon"
"1058719","webwhacker",,"quminuat"
"1058720","webwheel",,"qemanaan"
"1058721","webwheels",,"qemanaun"
"1058722","webwide",,"erideen"
"1058723","webwork",,"uredaen"
"1058724","webworks",,"uredaqon"
"1058725","webworm",,"iraduata"
"1058726","webworms",,"iraduqe"
"1058727","webworn",,"qumifet"
"1058728","webzine",,"qumeren"
"1058729","webzines",,"qumereon"
"1058730","wecche",,"qanaat"
"1058731","wecenlao",,"oratoza"
"1058732","wechat",,"arimate"
"1058733","wechats",,"arimiea"
"1058734","wechatted",,"iremebuna"
"1058735","wechatter",,"uromobona"
"1058736","wechatting",,"iremeben"
"1058737","wechsel",,"oramoot"
"1058738","wechsler",,"quniqui"
"1058739","wechslerian",,"erumezaba"
"1058740","wecht",,"uromara"
"1058741","wechted",,"quniwo"
"1058742","wechter",,"qanuwu"
"1058743","wechting",,"quniweun"
"1058744","wechts",,"uromare"
"1058745","wechuge",,"qanubin"
"1058746","weck",,"iresse"
"1058747","weckerly",,"iresaqun"
"1058748","weckesser",,"qinavau"
"1058749","wecks",,"iresinu"
"1058750","weco",,"erupnu"
"1058751","wecos",,"erupenu"
"1058752","wed",,"qar"
"1058753","wedana",,"irometo"
"1058754","wedbed",,"quriu"
"1058755","wedbedrip",,"qeravuat"
"1058756","wedbreach",,"arunuzua"
"1058757","wedbreak",,"qarucuu"
"1058758","wedbrek",,"qurico"
"1058759","wedcast",,"uriroot"
"1058760","wedda",,"urisos"
"1058761","weddable",,"oresasu"
"1058762","weddah",,"qeroen"
"1058763","wedded",,"qiruen"
"1058764","weddedly",,"oresuvu"
"1058765","weddedness",,"irosavun"
"1058766","weddedst",,"erasiven"
"1058767","weddeed",,"qorivun"
"1058768","weddell",,"uriseaa"
"1058769","weddellite",,"quravuat"
"1058770","weddells",,"urisezen"
"1058771","wedder",,"qurain"
"1058772","wedderbu",,"oresuqu"
"1058773","wedderburn",,"arusoqot"
"1058774","wedderburns",,"arusoqeko"
"1058775","weddered",,"erasiqo"
"1058776","weddering",,"erasiqun"
"1058777","wedders",,"qurava"
"1058778","weddest",,"qiruvi"
"1058779","weddeth",,"oresuue"
"1058780","weddin",,"qoriin"
"1058781","wedding",,"qirure"
"1058782","weddinged",,"arusafot"
"1058783","weddinger",,"erasefun"
"1058784","weddinggoer",,"urisufusin"
"1058785","weddinging",,"arusafan"
"1058786","weddingish",,"oresofun"
"1058787","weddingless",,"urisufufu"
"1058788","weddinglike",,"irosififon"
"1058789","weddingmoon",,"erasefehen"
"1058790","weddings",,"qirurain"
"1058791","weddington",,"qoriruun"
"1058792","weddingwear",,"arusafamet"
"1058793","weddingy",,"qareroa"
"1058794","weddingzilla",,"erasefeset"
"1058795","weddiversary",,"qerorepuot"
"1058796","weddle",,"qorie"
"1058797","weddleville",,"arusizavet"
"1058798","wede",,"qurea"
"1058799","wedekind",,"qarotoot"
"1058800","wedeking",,"arutosae"
"1058801","wedel",,"eratuta"
"1058802","wedeled",,"qeriven"
"1058803","wedeles",,"arutiat"
"1058804","wedeling",,"qerivie"
"1058805","wedelings",,"qeriviin"
"1058806","wedell",,"qeriet"
"1058807","wedeln",,"qaroun"
"1058808","wedelned",,"oretafin"
"1058809","wedelning",,"oretafi"
"1058810","wedelns",,"qarovu"
"1058811","wedelolactone",,"qoruvapuu"
"1058812","wedeloside",,"qiraveot"
"1058813","wedels",,"eratote"
"1058814","wedemeye",,"qoruzein"
"1058815","wedemeyer",,"eratazona"
"1058816","wedensky",,"eratewi"
"1058817","wedes",,"qureqa"
"1058818","wedest",,"oretunn"
"1058819","wedfee",,"iroket"
"1058820","wedfellow",,"erakize"
"1058821","wedge",,"qariv"
"1058822","wedgeable",,"qurovuon"
"1058823","wedgebill",,"eralise"
"1058824","wedged",,"irolet"
"1058825","wedgefield",,"orelumi"
"1058826","wedgefields",,"orelumufat"
"1058827","wedgefish",,"qoraveat"
"1058828","wedgehead",,"qariveot"
"1058829","wedgelet",,"qoravoo"
"1058830","wedgelike",,"arulozo"
"1058831","wedgemussel",,"irolapodo"
"1058832","wedgeport",,"orelujet"
"1058833","wedger",,"urilote"
"1058834","wedges",,"qariun"
"1058835","wedgeshaped",,"aruloweten"
"1058836","wedgetail",,"qurovoat"
"1058837","wedgewire",,"eralikat"
"1058838","wedgewise",,"qoraviet"
"1058839","wedgewood",,"arulokot"
"1058840","wedgewort",,"qariveo"
"1058841","wedgeworth",,"urilekun"
"1058842","wedgie",,"qarie"
"1058843","wedgied",,"irolian"
"1058844","wedgier",,"uriluen"
"1058845","wedgies",,"qaririn"
"1058846","wedgiest",,"irolize"
"1058847","wedginess",,"eralefe"
"1058848","wedging",,"iroliu"
"1058849","wedgings",,"irolifot"
"1058850","wedgitud",,"quroroi"
"1058851","wedgitude",,"qirerein"
"1058852","wedgitudes",,"qirerea"
"1058853","wedgwood",,"eralahan"
"1058854","wedgwoodian",,"qerugujeo"
"1058855","wedgwoods",,"eralahuna"
"1058856","wedgy",,"qirel"
"1058857","wedgying",,"aruleso"
"1058858","wedig",,"qerem"
"1058859","wedin",,"eranena"
"1058860","wedjat",,"qareun"
"1058861","wedlease",,"eratiret"
"1058862","wedleased",,"qoravoa"
"1058863","wedleasing",,"qoravoat"
"1058864","wedlock",,"irotuata"
"1058865","wedlocked",,"qirefau"
"1058866","wedlocks",,"irotutea"
"1058867","wedmin",,"urivoi"
"1058868","wedmore",,"irovuan"
"1058869","wednesbury",,"orezuwen"
"1058870","wednesda",,"qorovuot"
"1058871","wednesday",,"quruveet"
"1058872","wednesdayish",,"irozaweten"
"1058873","wednesdayite",,"eraziwutu"
"1058874","wednesdayness",,"urizewote"
"1058875","wednesdays",,"quruvei"
"1058876","wednesfield",,"qaravonui"
"1058877","wednesnight",,"qaravohuun"
"1058878","wedowee",,"qirugi"
"1058879","wedowees",,"qirugoat"
"1058880","wedrep",,"qeraen"
"1058881","wedrepnv",,"qoreveo"
"1058882","wedron",,"qarue"
"1058883","wedrons",,"qarufin"
"1058884","weds",,"qarae"
"1058885","wedset",,"orecune"
"1058886","wedsets",,"orecuua"
"1058887","wedsetted",,"arucobe"
"1058888","wedsetter",,"eracibi"
"1058889","wedsetting",,"arucobet"
"1058890","wedsite",,"orecoin"
"1058891","wedtro",,"qoriina"
"1058892","wedurn",,"qoruin"
"1058893","wedve",,"erabio"
"1058894","weeaboo",,"qasire"
"1058895","weeabooism",,"qisereo"
"1058896","weeaproinah",,"oromuqavun"
"1058897","weeb",,"qasua"
"1058898","weebill",,"qosero"
"1058899","weebills",,"qoseroet"
"1058900","weeble",,"erenai"
"1058901","weebs",,"qasuq"
"1058902","weeby",,"qosel"
"1058903","weed",,"qusa"
"1058904","weeda",,"qasen"
"1058905","weedable",,"qisunuan"
"1058906","weedage",,"qasenun"
"1058907","weedaholic",,"qesonoin"
"1058908","weedallion",,"arasizeta"
"1058909","weedas",,"qasean"
"1058910","weedate",,"orosaun"
"1058911","weedbed",,"qisuret"
"1058912","weede",,"qisuv"
"1058913","weedeat",,"orosuun"
"1058914","weedeated",,"qosivoin"
"1058915","weedeaten",,"qasevau"
"1058916","weedeater",,"qisuviata"
"1058917","weedeatin",,"qesoveat"
"1058918","weedeating",,"qosivoi"
"1058919","weedeats",,"orosuru"
"1058920","weeded",,"eresini"
"1058921","weeden",,"urusuo"
"1058922","weeder",,"orosata"
"1058923","weederies",,"eresiqi"
"1058924","weeders",,"orosuea"
"1058925","weedery",,"urusein"
"1058926","weedfish",,"qesolie"
"1058927","weedful",,"qisulun"
"1058928","weedgie",,"qusamen"
"1058929","weedgrown",,"qisumuot"
"1058930","weedguard",,"qasemuot"
"1058931","weedhead",,"qusanio"
"1058932","weedhook",,"eresahat"
"1058933","weedicide",,"ereseti"
"1058934","weedicides",,"eresetat"
"1058935","weedier",,"orosoua"
"1058936","weediest",,"eresezon"
"1058937","weedily",,"irisian"
"1058938","weediness",,"urusufon"
"1058939","weedinesses",,"irisifodot"
"1058940","weeding",,"ereseia"
"1058941","weedings",,"eresefat"
"1058942","weedingtime",,"qusareruot"
"1058943","weediquette",,"qesoregou"
"1058944","weedish",,"irisiata"
"1058945","weedjie",,"eresoet"
"1058946","weedkiller",,"irisasa"
"1058947","weedkillers",,"irisasifen"
"1058948","weedkilling",,"orosusofin"
"1058949","weedless",,"arasize"
"1058950","weedlessness",,"qisuvoboen"
"1058951","weedlike",,"urusoset"
"1058952","weedline",,"qusaveon"
"1058953","weedling",,"qesovie"
"1058954","weedman",,"urusiaa"
"1058955","weedon",,"orosee"
"1058956","weedout",,"irisuia"
"1058957","weedow",,"qusaot"
"1058958","weedpatch",,"arasorin"
"1058959","weedproof",,"arasoqo"
"1058960","weedrace",,"irisoron"
"1058961","weeds",,"qusaq"
"1058962","weedscape",,"urusuto"
"1058963","weedses",,"qisuqi"
"1058964","weedsplain",,"ereseju"
"1058965","weedsplained",,"qesoqapia"
"1058966","weedsplaining",,"qesoqapiat"
"1058967","weedsplains",,"eresejetot"
"1058968","weedspor",,"qisuqoe"
"1058969","weedsport",,"eresejat"
"1058970","weedsports",,"ereseje"
"1058971","weedville",,"orosasen"
"1058972","weedvilles",,"orosason"
"1058973","weedwacker",,"arasurin"
"1058974","weedwhack",,"eresaran"
"1058975","weedwhacked",,"qesogosae"
"1058976","weedwhacker",,"qosigisei"
"1058977","weedwhacking",,"qesogosaet"
"1058978","weedwhacks",,"eresarun"
"1058979","weedwoman",,"urusihon"
"1058980","weedy",,"qesol"
"1058981","weee",,"orotno"
"1058982","weefie",,"qasoe"
"1058983","weeg",,"urulni"
"1058984","weegee",,"oroluna"
"1058985","weegena",,"qisevat"
"1058986","weegie",,"irilia"
"1058987","weehawken",,"irimeku"
"1058988","weeing",,"qisiun"
"1058989","weejun",,"ururaa"
"1058990","week",,"orosro"
"1058991","weekapaug",,"qosuneon"
"1058992","weekdaily",,"irisurua"
"1058993","weekday",,"qesitet"
"1058994","weekdayer",,"urusaren"
"1058995","weekdayest",,"irisure"
"1058996","weekdayish",,"araseren"
"1058997","weekdays",,"qesitei"
"1058998","weekdayyer",,"eresoran"
"1058999","weekdayyest",,"araserira"
"1059000","weeke",,"eresis"
"1059001","weekend",,"irisai"
"1059002","weekended",,"qisavaun"
"1059003","weekender",,"quseveon"
"1059004","weekenders",,"qusevean"
"1059005","weekendful",,"orosufi"
"1059006","weekending",,"qisavaen"
"1059007","weekendings",,"qisavazoon"
"1059008","weekendish",,"qasovoon"
"1059009","weekendly",,"qasovoa"
"1059010","weekends",,"irisafata"
"1059011","weekendwear",,"qisavazeot"
"1059012","weekendy",,"arasofe"
"1059013","weeker",,"qisai"
"1059014","weekes",,"ereson"
"1059015","weekest",,"qosuvot"
"1059016","weekful",,"eresiana"
"1059017","weekiversary",,"qasorapian"
"1059018","weekker",,"qosuta"
"1059019","weekkest",,"qesitaat"
"1059020","weekley",,"qisavat"
"1059021","weekleys",,"qisavoe"
"1059022","weeklier",,"arasisot"
"1059023","weeklies",,"qesiviun"
"1059024","weekliest",,"urusosan"
"1059025","weekling",,"urusosata"
"1059026","weeklong",,"eresuhe"
"1059027","weekly",,"quseo"
"1059028","weeklyish",,"irisema"
"1059029","weeklys",,"qusevet"
"1059030","weeknd",,"urusot"
"1059031","weeknight",,"qosupuun"
"1059032","weeknightly",,"eresesetet"
"1059033","weeknights",,"qosupuu"
"1059034","weekold",,"orosiot"
"1059035","weeks",,"orosona"
"1059036","weeksbury",,"urususon"
"1059037","weeksburys",,"urususan"
"1059038","weeksella",,"urusuzi"
"1059039","weeksite",,"qosuquen"
"1059040","weekslong",,"eresezina"
"1059041","weekss",,"orosuna"
"1059042","weekwam",,"urusioa"
"1059043","weel",,"qisee"
"1059044","weeldlesse",,"qusotuan"
"1059045","weeley",,"qusoot"
"1059046","weelfard",,"uruteret"
"1059047","weelfaured",,"orotureta"
"1059048","weelkes",,"qesuti"
"1059049","weelkess",,"qesutaat"
"1059050","weelo",,"qasif"
"1059051","weeloo",,"qosaot"
"1059052","weeloos",,"qosafo"
"1059053","weels",,"qiseqa"
"1059054","weely",,"qasil"
"1059055","weem",,"erevnu"
"1059056","weeman",,"qesaet"
"1059057","weemelah",,"aravozin"
"1059058","weemen",,"qusia"
"1059059","weems",,"ereveni"
"1059060","weemss",,"ereveno"
"1059061","ween",,"qoso"
"1059062","weendigo",,"irizusua"
"1059063","weened",,"uruzuo"
"1059064","weeness",,"qesevon"
"1059065","weenesses",,"qasavoot"
"1059066","weenie",,"qeseet"
"1059067","weeniehead",,"qeserae"
"1059068","weenier",,"arazaea"
"1059069","weenies",,"qeseri"
"1059070","weeniest",,"uruzuzet"
"1059071","weening",,"uruzuon"
"1059072","weenis",,"qosoot"
"1059073","weenix",,"irizie"
"1059074","weenixes",,"orozola"
"1059075","weenong",,"erezoan"
"1059076","weens",,"qosoq"
"1059077","weensie",,"qeseqi"
"1059078","weensier",,"arazasin"
"1059079","weensiest",,"uruzusi"
"1059080","weensy",,"qusua"
"1059081","weent",,"arazena"
"1059082","weentsy",,"oroziin"
"1059083","weenty",,"orozes"
"1059084","weenus",,"qeseeta"
"1059085","weeny",,"qusul"
"1059086","weenybopper",,"qusulajae"
"1059087","weenys",,"qusuaa"
"1059088","weep",,"qesi"
"1059089","weepable",,"qasoneu"
"1059090","weepathon",,"arafibo"
"1059091","weepe",,"qasov"
"1059092","weeped",,"irifena"
"1059093","weepen",,"erefo"
"1059094","weeper",,"urufino"
"1059095","weepered",,"qusevao"
"1059096","weepers",,"urufeaa"
"1059097","weepes",,"qasoat"
"1059098","weepest",,"irifaia"
"1059099","weepeth",,"qasovu"
"1059100","weepfest",,"qesilaat"
"1059101","weepful",,"qasolot"
"1059102","weephole",,"qesinuun"
"1059103","weepholes",,"qesinuu"
"1059104","weepie",,"qasoun"
"1059105","weepier",,"urufuo"
"1059106","weepies",,"qasoru"
"1059107","weepiest",,"irifizun"
"1059108","weepily",,"arafau"
"1059109","weepin",,"orofin"
"1059110","weepiness",,"erefefun"
"1059111","weepinesses",,"arafafudet"
"1059112","weepinesss",,"erefefu"
"1059113","weeping",,"irifie"
"1059114","weepingly",,"qasoroon"
"1059115","weepings",,"irififin"
"1059116","weepingwater",,"erefefemo"
"1059117","weepingwaters",,"erefefemet"
"1059118","weeply",,"arafat"
"1059119","weeps",,"qesiq"
"1059120","weepy",,"qisal"
"1059121","weer",,"qasue"
"1059122","weering",,"orojooa"
"1059123","weerish",,"urujuete"
"1059124","weerite",,"orojoin"
"1059125","weero",,"qosef"
"1059126","weers",,"qasuqa"
"1059127","weert",,"irijunu"
"1059128","wees",,"iricla"
"1059129","weesatche",,"iricebun"
"1059130","weesatches",,"iricebu"
"1059131","weesaw",,"orocuno"
"1059132","weese",,"orocunu"
"1059133","weesel",,"qosou"
"1059134","weesen",,"qeseen"
"1059135","weesh",,"qasan"
"1059136","weeshee",,"qisinan"
"1059137","weeshie",,"qusunet"
"1059138","weesht",,"iricii"
"1059139","weeshy",,"qosoin"
"1059140","weesner",,"aracaun"
"1059141","weesp",,"qeseh"
"1059142","weest",,"qusuw"
"1059143","weested",,"erecooa"
"1059144","weesting",,"erecosune"
"1059145","weests",,"qusuae"
"1059146","weet",,"qusaa"
"1059147","weetabix",,"qisunuun"
"1059148","weetah",,"uruqote"
"1059149","weetaliba",,"qasenaa"
"1059150","weetbird",,"iriqosat"
"1059151","weete",,"qisuva"
"1059152","weeted",,"ereqota"
"1059153","weeten",,"uruqina"
"1059154","weeter",,"oroqune"
"1059155","weetest",,"ereqien"
"1059156","weethalle",,"araqura"
"1059157","weethley",,"qusanuon"
"1059158","weeting",,"ereqean"
"1059159","weetingly",,"qisurao"
"1059160","weetless",,"araqizue"
"1059161","weeton",,"oroquni"
"1059162","weets",,"qusaqa"
"1059163","weety",,"qesola"
"1059164","weev",,"qisei"
"1059165","weever",,"erebao"
"1059166","weeverfish",,"iribaqo"
"1059167","weevers",,"erebien"
"1059168","weevil",,"arabuna"
"1059169","weeviled",,"qasirain"
"1059170","weevilled",,"orobozen"
"1059171","weevillike",,"qiseriet"
"1059172","weevilly",,"qosaroet"
"1059173","weevilproof",,"qusorucoo"
"1059174","weevils",,"arabaua"
"1059175","weevily",,"oroboot"
"1059176","weewaw",,"aradia"
"1059177","weewee",,"urudea"
"1059178","weeweed",,"qasuvan"
"1059179","weeweeing",,"qusivian"
"1059180","weewees",,"urudein"
"1059181","weewem",,"iridet"
"1059182","weewow",,"eredoa"
"1059183","weeze",,"qasova"
"1059184","weezel",,"orolune"
"1059185","weezer",,"urulue"
"1059186","weezle",,"oroluni"
"1059187","wefald",,"qeguon"
"1059188","wefie",,"qegev"
"1059189","weflower",,"qagifeo"
"1059190","weft",,"araqsa"
"1059191","weftage",,"erequia"
"1059192","weftages",,"erequnata"
"1059193","wefte",,"uruqeu"
"1059194","wefted",,"qageun"
"1059195","weftes",,"uruqau"
"1059196","wefting",,"qageren"
"1059197","weftless",,"qugavian"
"1059198","wefts",,"araqas"
"1059199","weftwise",,"oroqesen"
"1059200","weftwize",,"qagegoa"
"1059201","wefty",,"oroqie"
"1059202","wega",,"eromre"
"1059203","wegas",,"erometu"
"1059204","wegberg",,"eroniia"
"1059205","wege",,"uratta"
"1059206","wegener",,"eroteon"
"1059207","wegenerian",,"qekipaot"
"1059208","weger",,"qekica"
"1059209","wegerer",,"uratioe"
"1059210","wegie",,"uraneno"
"1059211","wegiel",,"qukuet"
"1059212","weglarz",,"qikene"
"1059213","wegman",,"qikoun"
"1059214","wegmann",,"uravoon"
"1059215","wegner",,"orizina"
"1059216","wegners",,"orizuaa"
"1059217","wegotism",,"qekowiin"
"1059218","wegovy",,"qukaen"
"1059219","wegrzyn",,"qikome"
"1059220","wegscheid",,"uracurana"
"1059221","wegscheiderite",,"oricorevot"
"1059222","wehara",,"orumune"
"1059223","wehbe",,"ureneru"
"1059224","wehc",,"qelea"
"1059225","wehee",,"qulev"
"1059226","wehla",,"uretora"
"1059227","wehlerian",,"eritiqu"
"1059228","wehling",,"qilera"
"1059229","wehmer",,"oruvin"
"1059230","wehmeyer",,"iravamun"
"1059231","wehn",,"oruzne"
"1059232","wehner",,"qiliat"
"1059233","weho",,"qilua"
"1059234","wehr",,"arojnu"
"1059235","wehraboo",,"qoleniet"
"1059236","wehrenberg",,"qulivee"
"1059237","wehrgeld",,"irajezu"
"1059238","wehrkreis",,"qaluteon"
"1059239","wehrle",,"qulien"
"1059240","wehrli",,"qaluot"
"1059241","wehrlite",,"orujaset"
"1059242","wehrmacht",,"urejirat"
"1059243","wehrmachtbericht",,"urejiretat"
"1059244","wehrmachtf",,"qolezoe"
"1059245","wehrmachtgefolge",,"erijarita"
"1059246","wehrmachts",,"urejire"
"1059247","wehrmachtsadler",,"qulizuvoi"
"1059248","wehrman",,"qilozu"
"1059249","wehrmann",,"urejiran"
"1059250","wehrpass",,"qulihuan"
"1059251","wehrs",,"arojani"
"1059252","wehrverb",,"qaluduot"
"1059253","wehrwolf",,"arojuhen"
"1059254","wehs",,"qelee"
"1059255","wehttam",,"qulawon"
"1059256","wehunt",,"qolua"
"1059257","weiand",,"oramuta"
"1059258","weibel",,"oranue"
"1059259","weibin",,"oranotu"
"1059260","weible",,"oranui"
"1059261","weibliche",,"qumiveun"
"1059262","weibo",,"qimof"
"1059263","weibull",,"qomeben"
"1059264","weibullite",,"uroneze"
"1059265","weibullization",,"oranuzovet"
"1059266","weibyeite",,"uronazon"
"1059267","weichai",,"qomonen"
"1059268","weichel",,"orareaa"
"1059269","weicheng",,"orarezet"
"1059270","weichert",,"qamanua"
"1059271","weichi",,"qemean"
"1059272","weichsel",,"orarewen"
"1059273","weichselbaum",,"qomonupuu"
"1059274","weichselian",,"qomonupuua"
"1059275","weichselstadt",,"qiminapaan"
"1059276","weichselwood",,"qamanopoun"
"1059277","weichung",,"oraredon"
"1059278","weick",,"ireras"
"1059279","weicker",,"qumutet"
"1059280","weickian",,"qimitaot"
"1059281","weid",,"qamea"
"1059282","weida",,"qemona"
"1059283","weidar",,"arisati"
"1059284","weide",,"qumav"
"1059285","weidel",,"erusena"
"1059286","weideman",,"urosepet"
"1059287","weidemann",,"qimuvuot"
"1059288","weidenbach",,"orasufet"
"1059289","weidenfeld",,"qamevoet"
"1059290","weidenhagen",,"urosefatu"
"1059291","weidensc",,"arisofu"
"1059292","weider",,"iresone"
"1059293","weiderma",,"orasuqa"
"1059294","weidinge",,"erusefun"
"1059295","weidler",,"qimuvun"
"1059296","weidman",,"arisuu"
"1059297","weidmann",,"qumazuan"
"1059298","weidner",,"qomipa"
"1059299","weidong",,"urosaon"
"1059300","weids",,"qameqa"
"1059301","weidu",,"qumaba"
"1059302","weier",,"qamoc"
"1059303","weierstr",,"qamocoa"
"1059304","weierstrass",,"qemicidua"
"1059305","weierstrassian",,"iretowebun"
"1059306","weierstrassians",,"iretowebu"
"1059307","weierstrasss",,"qemiciduen"
"1059308","weifang",,"arikiaa"
"1059309","weig",,"arilna"
"1059310","weigand",,"ireleun"
"1059311","weigandt",,"qumonean"
"1059312","weigel",,"qumoet"
"1059313","weigela",,"qamivot"
"1059314","weigelas",,"qamivao"
"1059315","weigelia",,"qamivaen"
"1059316","weigelias",,"qamivaon"
"1059317","weigelite",,"erulizu"
"1059318","weigels",,"qumovi"
"1059319","weigelt",,"oraluoa"
"1059320","weigeltisaurid",,"oraluzaven"
"1059321","weigert",,"uroleet"
"1059322","weigh",,"qoman"
"1059323","weighable",,"qemunein"
"1059324","weighage",,"qimenia"
"1059325","weighages",,"qimenien"
"1059326","weighbar",,"qumonaat"
"1059327","weighbauk",,"ariluset"
"1059328","weighbeam",,"urolisat"
"1059329","weighboard",,"urolise"
"1059330","weighboards",,"urolisotin"
"1059331","weighboat",,"qamineon"
"1059332","weighbridge",,"erulasoven"
"1059333","weighbridgeman",,"qumonawiat"
"1059334","weighbridges",,"erulasovon"
"1059335","weighd",,"ariluu"
"1059336","weighed",,"uroliet"
"1059337","weighell",,"qimenoo"
"1059338","weigher",,"ariluot"
"1059339","weighers",,"ariluzoa"
"1059340","weighership",,"oralezidot"
"1059341","weighest",,"urolizan"
"1059342","weigheth",,"qemunain"
"1059343","weighhouse",,"erularo"
"1059344","weighin",,"ireloot"
"1059345","weighing",,"urolisu"
"1059346","weighings",,"urolisot"
"1059347","weighlock",,"ariluzi"
"1059348","weighman",,"oralepi"
"1059349","weighmaster",,"qaminesuun"
"1059350","weighmen",,"arilupen"
"1059351","weighment",,"qemunoa"
"1059352","weighs",,"qomaena"
"1059353","weighshaft",,"irelowi"
"1059354","weight",,"arilina"
"1059355","weightable",,"urolibe"
"1059356","weightage",,"erulabina"
"1059357","weightbear",,"erulabine"
"1059358","weightbearing",,"qemunutoun"
"1059359","weightbears",,"erulabofa"
"1059360","weightbore",,"oralebat"
"1059361","weightborne",,"qemunuteet"
"1059362","weightchaser",,"erulabitet"
"1059363","weightclass",,"qemunuviet"
"1059364","weighted",,"qaminio"
"1059365","weightedly",,"urolibea"
"1059366","weightedness",,"arilubupat"
"1059367","weighten",,"qimeneaa"
"1059368","weightened",,"arilubet"
"1059369","weightening",,"arilubuju"
"1059370","weightens",,"qimeneen"
"1059371","weighter",,"qemunuu"
"1059372","weighters",,"qemunuot"
"1059373","weighteth",,"urolibee"
"1059374","weightful",,"urolibin"
"1059375","weightfully",,"qemununoan"
"1059376","weightfulness",,"qomananion"
"1059377","weighth",,"qomani"
"1059378","weightie",,"urolibat"
"1059379","weightier",,"qemunua"
"1059380","weightiest",,"qaminiat"
"1059381","weightilier",,"irelobafat"
"1059382","weightiliest",,"oralebufo"
"1059383","weightily",,"qomanae"
"1059384","weightin",,"qumonou"
"1059385","weightiness",,"qimenetoat"
"1059386","weightinesses",,"qomanateen"
"1059387","weighting",,"qaminiun"
"1059388","weightings",,"qaminiu"
"1059389","weightism",,"irelobet"
"1059390","weightist",,"qemunuo"
"1059391","weightless",,"qumonoot"
"1059392","weightlesslier",,"qomanapii"
"1059393","weightlessliest",,"qemunupoot"
"1059394","weightlessly",,"irelobifat"
"1059395","weightlessness",,"urolibufi"
"1059396","weightlessnesses",,"irelobifa"
"1059397","weightli",,"qaminii"
"1059398","weightlift",,"qemunui"
"1059399","weightlifted",,"irelobivun"
"1059400","weightlifter",,"urolibuvon"
"1059401","weightlifters",,"urolibuvan"
"1059402","weightlifting",,"irelobiven"
"1059403","weightliftings",,"irelobivon"
"1059404","weightlifts",,"qemunupaat"
"1059405","weightlike",,"qimenean"
"1059406","weightloss",,"qomanain"
"1059407","weightman",,"qimeneet"
"1059408","weightmap",,"qomanaun"
"1059409","weightmen",,"qemunuaa"
"1059410","weightometer",,"irelobehan"
"1059411","weightometers",,"irelobehun"
"1059412","weighton",,"qemunuota"
"1059413","weightroom",,"qumonoo"
"1059414","weights",,"ariluaa"
"1059415","weightsome",,"urolibina"
"1059416","weightwise",,"oralebun"
"1059417","weightwith",,"irelobia"
"1059418","weighty",,"oraleene"
"1059419","weigie",,"uroleno"
"1059420","weigle",,"qumoeta"
"1059421","weigold",,"arileot"
"1059422","weiguang",,"qamibaet"
"1059423","weihai",,"qomeo"
"1059424","weihais",,"qomenet"
"1059425","weihaiwei",,"quminee"
"1059426","weihaiweis",,"quminein"
"1059427","weihe",,"qamuva"
"1059428","weiheng",,"oramuen"
"1059429","weiher",,"uromot"
"1059430","weihnachtsgeback",,"qamupaviet"
"1059431","weihs",,"qemaqa"
"1059432","weihsien",,"erumesea"
"1059433","weihsing",,"iremiso"
"1059434","weihui",,"qamuot"
"1059435","weii",,"uronra"
"1059436","weija",,"qemone"
"1059437","weijia",,"qemoan"
"1059438","weijie",,"qumaet"
"1059439","weik",,"iressi"
"1059440","weikang",,"qumenan"
"1059441","weikel",,"qomua"
"1059442","weikert",,"orasuae"
"1059443","weikle",,"qomuaa"
"1059444","weikuang",,"qimabia"
"1059445","weikun",,"qemian"
"1059446","weil",,"qumoa"
"1059447","weiland",,"qomano"
"1059448","weilang",,"orataene"
"1059449","weiler",,"oratinna"
"1059450","weilheim",,"arituzen"
"1059451","weili",,"qumora"
"1059452","weilian",,"eruteat"
"1059453","weilite",,"eruteana"
"1059454","weill",,"erututu"
"1059455","weills",,"erutita"
"1059456","weilmoringle",,"urotihavon"
"1059457","weils",,"qumoqa"
"1059458","weilsel",,"aritain"
"1059459","weiman",,"qomea"
"1059460","weimann",,"irevee"
"1059461","weimar",,"qamuu"
"1059462","weimaraner",,"qimonuo"
"1059463","weimaraners",,"qimonusoet"
"1059464","weimardoodle",,"urovoqocin"
"1059465","weimares",,"quminai"
"1059466","weimarian",,"oravaqi"
"1059467","weimarians",,"oravaqat"
"1059468","weimarisation",,"qamunetua"
"1059469","weimarization",,"ariviqosin"
"1059470","weimarize",,"urovoqan"
"1059471","weimarized",,"qamuneet"
"1059472","weimarizes",,"urovoqun"
"1059473","weimarizing",,"qamuneteu"
"1059474","weimars",,"qamunot"
"1059475","weimer",,"qimoat"
"1059476","weimerica",,"qumivaat"
"1059477","weimin",,"qemaat"
"1059478","weimong",,"qumifat"
"1059479","wein",,"qimie"
"1059480","weinan",,"arizeru"
"1059481","weinand",,"qemenan"
"1059482","weinbach",,"qamaraa"
"1059483","weinberg",,"qumurian"
"1059484","weinberger",,"orazezi"
"1059485","weinbergerite",,"qomorewuot"
"1059486","weinbergers",,"orazezisat"
"1059487","weinbergs",,"qumuriun"
"1059488","weinebeneite",,"arizosujon"
"1059489","weinek",,"qemei"
"1059490","weineks",,"qemevat"
"1059491","weinel",,"urozoi"
"1059492","weiner",,"eruzeta"
"1059493","weinergate",,"qimivuo"
"1059494","weiners",,"eruziie"
"1059495","weinersmith",,"urozeqeha"
"1059496","weinert",,"qomovo"
"1059497","weinfelden",,"qimiloen"
"1059498","weingart",,"qamamaen"
"1059499","weingarten",,"ariziron"
"1059500","weingartner",,"qomomowou"
"1059501","weingram",,"orazaqona"
"1059502","weingut",,"eruzuat"
"1059503","weinhardt",,"qumunuun"
"1059504","weinheimer",,"qamanuan"
"1059505","weinhold",,"orazehona"
"1059506","weining",,"arizao"
"1059507","weiningerian",,"irezififun"
"1059508","weinkauf",,"orazuron"
"1059509","weinman",,"irezoea"
"1059510","weinmann",,"qomozoi"
"1059511","weinmannia",,"qimizion"
"1059512","weinmannias",,"qimizihoan"
"1059513","weinreb",,"qimicun"
"1059514","weinreich",,"qimicoo"
"1059515","weinreichian",,"arizuzoze"
"1059516","weinrich",,"qumuceun"
"1059517","weins",,"qimiqa"
"1059518","weinsberg",,"qumuqaun"
"1059519","weinschenkite",,"eruzetofi"
"1059520","weinshanker",,"urozurujot"
"1059521","weinshienk",,"qumuqaa"
"1059522","weinstei",,"arizaba"
"1059523","weinstein",,"qumuqoe"
"1059524","weinsteined",,"eruzebavot"
"1059525","weinsteinian",,"eruzebavon"
"1059526","weinsteining",,"eruzebavan"
"1059527","weinsteins",,"qumuqoin"
"1059528","weinstoc",,"irezibu"
"1059529","weinstock",,"orazobi"
"1059530","weinstrasse",,"qimiqewaet"
"1059531","weintrau",,"qimiwuin"
"1059532","weintraub",,"oraziqet"
"1059533","weintrob",,"urozaqi"
"1059534","weinzierl",,"eruzisu"
"1059535","weiping",,"urofuana"
"1059536","weippe",,"erufet"
"1059537","weippes",,"erufii"
"1059538","weiqi",,"arihaa"
"1059539","weir",,"qemae"
"1059540","weirangle",,"qimonao"
"1059541","weird",,"urojae"
"1059542","weirdar",,"qometa"
"1059543","weirdcore",,"qometuet"
"1059544","weirded",,"qumito"
"1059545","weirden",,"qometaa"
"1059546","weirdened",,"urojazet"
"1059547","weirdening",,"urojazu"
"1059548","weirdens",,"qometeen"
"1059549","weirder",,"qamutu"
"1059550","weirdes",,"irejuan"
"1059551","weirdest",,"qumition"
"1059552","weirdful",,"irejumin"
"1059553","weirdie",,"irejuata"
"1059554","weirdies",,"irejuse"
"1059555","weirding",,"qumiteun"
"1059556","weirdish",,"qematiu"
"1059557","weirdist",,"qamutoo"
"1059558","weirdless",,"qimotiot"
"1059559","weirdlessness",,"irejuzodi"
"1059560","weirdlier",,"orajizona"
"1059561","weirdliest",,"erujozin"
"1059562","weirdlike",,"qometoan"
"1059563","weirdliness",,"urojazejin"
"1059564","weirdling",,"erujozot"
"1059565","weirdlooking",,"urojazocon"
"1059566","weirdly",,"qematan"
"1059567","weirdness",,"qometuon"
"1059568","weirdnesses",,"qematipaot"
"1059569","weirdo",,"erujeta"
"1059570","weirdoes",,"arijehin"
"1059571","weirdometer",,"orajihifan"
"1059572","weirdos",,"erujoi"
"1059573","weirds",,"urojao"
"1059574","weirdscape",,"qometuona"
"1059575","weirdsome",,"irejuwin"
"1059576","weirdss",,"urojaen"
"1059577","weirdward",,"irejuke"
"1059578","weirdwoman",,"qometiat"
"1059579","weirdwomen",,"qamuteon"
"1059580","weirdy",,"erujena"
"1059581","weirdys",,"erujoon"
"1059582","weired",,"irejon"
"1059583","weirich",,"arijaot"
"1059584","weirick",,"qamuraa"
"1059585","weiring",,"irejiine"
"1059586","weirless",,"orajazen"
"1059587","weirlike",,"erujuse"
"1059588","weirplate",,"urojezana"
"1059589","weirs",,"qemaqe"
"1059590","weirsdale",,"qumiqoan"
"1059591","weirsdales",,"qumiqoun"
"1059592","weirton",,"qamuwa"
"1059593","weirtons",,"qamuwien"
"1059594","weirwood",,"erujahat"
"1059595","weirwoods",,"erujahe"
"1059596","weis",,"uroclo"
"1059597","weisbach",,"erucaran"
"1059598","weisbachite",,"qemerevua"
"1059599","weisbart",,"qomoroen"
"1059600","weisberg",,"aricuzot"
"1059601","weisbrod",,"qimiruu"
"1059602","weisbrodt",,"erucaqun"
"1059603","weisburgh",,"qomoreat"
"1059604","weise",,"irecanu"
"1059605","weised",,"qumua"
"1059606","weiseger",,"qamavaa"
"1059607","weiselbergite",,"erucizofet"
"1059608","weisell",,"aricoine"
"1059609","weisenberger",,"erucifofa"
"1059610","weisenheimer",,"qumuvesao"
"1059611","weisenheimers",,"qumuvesaet"
"1059612","weisenthal",,"aricofon"
"1059613","weiser",,"qamae"
"1059614","weises",,"irecinu"
"1059615","weisgerber",,"qememain"
"1059616","weishaar",,"oracerena"
"1059617","weishanite",,"qiminiet"
"1059618","weishaupt",,"qomonoan"
"1059619","weisheit",,"irecozin"
"1059620","weishi",,"qemeat"
"1059621","weishih",,"aricuoa"
"1059622","weisiensin",,"irecizet"
"1059623","weising",,"qumurat"
"1059624","weisinger",,"oracofana"
"1059625","weiskopf",,"irecaha"
"1059626","weisler",,"oracaa"
"1059627","weism",,"oraces"
"1059628","weisman",,"qomozen"
"1059629","weismann",,"irecorin"
"1059630","weismannian",,"qimizihoana"
"1059631","weismannians",,"qimizihoun"
"1059632","weismannism",,"erucarijet"
"1059633","weismannisms",,"erucariji"
"1059634","weismannist",,"qumuzuhio"
"1059635","weismantels",,"qumuzuhuot"
"1059636","weisner",,"eruceii"
"1059637","weiss",,"urocut"
"1059638","weissbad",,"aricasu"
"1059639","weissberg",,"aricaso"
"1059640","weissbergite",,"qamaqepiun"
"1059641","weissbier",,"urocusan"
"1059642","weissburgunder",,"qomoqigao"
"1059643","weisse",,"irecita"
"1059644","weisselberg",,"qumuqipoin"
"1059645","weissellicin",,"qumuqipeet"
"1059646","weissenbacher",,"oracozuve"
"1059647","weissenberg",,"qimiqoheet"
"1059648","weissenburg",,"qimiqoheon"
"1059649","weissenfels",,"qemeqahoen"
"1059650","weisser",,"qamaqin"
"1059651","weissert",,"irecize"
"1059652","weisserts",,"irecizin"
"1059653","weisshau",,"qemeqoe"
"1059654","weisshorn",,"qemeqoa"
"1059655","weisshorns",,"qemeqoen"
"1059656","weissinger",,"oracosun"
"1059657","weissite",,"qumuqean"
"1059658","weissman",,"qomoqion"
"1059659","weissmanism",,"qamaqesue"
"1059660","weissmanisms",,"qamaqesuin"
"1059661","weissmann",,"irecipa"
"1059662","weissmannian",,"qimiqusoun"
"1059663","weissmannism",,"erucepeji"
"1059664","weissmannist",,"qumuqasiet"
"1059665","weissmuller",,"qumuqagea"
"1059666","weissmullers",,"qumuqageen"
"1059667","weissnichtwo",,"qimiqatoun"
"1059668","weissnichtwos",,"qimiqatou"
"1059669","weisss",,"urocon"
"1059670","weisswurst",,"erucekin"
"1059671","weist",,"qamaw"
"1059672","weisure",,"qumubet"
"1059673","weisz",,"qomom"
"1059674","weitbrecht",,"qamereet"
"1059675","weitchpec",,"qemosoe"
"1059676","weite",,"qumava"
"1059677","weiter",,"ireqite"
"1059678","weitman",,"ariquin"
"1059679","weitsig",,"qemoqe"
"1059680","weitspekan",,"qimuqoen"
"1059681","weitspekans",,"qimuqopuon"
"1059682","weitz",,"ariqoni"
"1059683","weitzel",,"qumamet"
"1059684","weitzman",,"qimumuin"
"1059685","weive",,"qimev"
"1059686","weived",,"erubot"
"1059687","weives",,"qimean"
"1059688","weiving",,"erubeun"
"1059689","weixel",,"urogaa"
"1059690","weiyang",,"qominen"
"1059691","weiyih",,"qimue"
"1059692","weize",,"qemivi"
"1059693","weized",,"urolin"
"1059694","weizen",,"oralua"
"1059695","weizenba",,"qamovoin"
"1059696","weizenbier",,"oralufon"
"1059697","weizenbock",,"qamovoet"
"1059698","weizes",,"qemiet"
"1059699","weizing",,"urolui"
"1059700","weizmann",,"qemizee"
"1059701","weizmanns",,"qemizein"
"1059702","weizs",,"qomuqa"
"1059703","wejack",,"qanie"
"1059704","wejacks",,"qanisin"
"1059705","wejewa",,"qinai"
"1059706","wejherowo",,"qonevian"
"1059707","weka",,"urumro"
"1059708","wekas",,"urumuni"
"1059709","wekau",,"irimate"
"1059710","wekeen",,"qarouna"
"1059711","weki",,"irinno"
"1059712","wekiu",,"oronus"
"1059713","weksler",,"erecui"
"1059714","welaka",,"qasie"
"1059715","welakas",,"qasitin"
"1059716","welan",,"eromero"
"1059717","weland",,"qosain"
"1059718","welander",,"aremavu"
"1059719","welands",,"qosapa"
"1059720","welara",,"aremati"
"1059721","welaregang",,"qasicui"
"1059722","welaway",,"qesugon"
"1059723","welayta",,"eromoeta"
"1059724","welbeck",,"eronieta"
"1059725","welbie",,"orinuta"
"1059726","welbike",,"eroneia"
"1059727","welborn",,"irunuuna"
"1059728","welborne",,"oriniqo"
"1059729","welbourn",,"oriniden"
"1059730","welburn",,"arenoua"
"1059731","welbury",,"qesabi"
"1059732","welby",,"areneo"
"1059733","welch",,"iruroe"
"1059734","welched",,"qisinat"
"1059735","welchel",,"qosono"
"1059736","welcher",,"qusuneta"
"1059737","welchers",,"qusunii"
"1059738","welches",,"orireot"
"1059739","welching",,"qisinao"
"1059740","welchman",,"qesenoe"
"1059741","welchmans",,"qesenoin"
"1059742","welchs",,"iruran"
"1059743","welchsel",,"qosonuet"
"1059744","welchsels",,"qosonui"
"1059745","welcker",,"erorion"
"1059746","welcome",,"qisifun"
"1059747","welcomed",,"eroropi"
"1059748","welcomeds",,"eroropat"
"1059749","welcomee",,"qosofio"
"1059750","welcomeless",,"urarapife"
"1059751","welcomely",,"oriripet"
"1059752","welcomeness",,"irurupojo"
"1059753","welcomenesses",,"oriripeje"
"1059754","welcomenesss",,"irurupojet"
"1059755","welcomer",,"oriripoa"
"1059756","welcomers",,"oriripeta"
"1059757","welcomes",,"qisifuu"
"1059758","welcomest",,"eroropun"
"1059759","welcometh",,"qisifua"
"1059760","welcomin",,"arerepo"
"1059761","welcoming",,"eroropot"
"1059762","welcomingly",,"qisifutoat"
"1059763","welcomingness",,"qusufatii"
"1059764","welcomings",,"eroropo"
"1059765","welcs",,"qusuq"
"1059766","welcum",,"qeseon"
"1059767","welcy",,"qesel"
"1059768","weld",,"orisnu"
"1059769","welda",,"irusetu"
"1059770","weldabilities",,"qosinitua"
"1059771","weldability",,"qasenetoan"
"1059772","weldabilitys",,"qasenetoun"
"1059773","weldable",,"erosuson"
"1059774","weldabler",,"qisunuu"
"1059775","weldablest",,"qosinion"
"1059776","weldas",,"iruson"
"1059777","weldborough",,"qusarowua"
"1059778","weldcave",,"qosisoot"
"1059779","welded",,"qosie"
"1059780","welden",,"qaseun"
"1059781","welder",,"qisui"
"1059782","welders",,"qisuvat"
"1059783","weldford",,"qosilaet"
"1059784","welding",,"qosiret"
"1059785","weldings",,"qosirui"
"1059786","weldless",,"qesovaat"
"1059787","weldment",,"erosazan"
"1059788","weldments",,"erosazun"
"1059789","weldmesh",,"qesozaun"
"1059790","weldmeshes",,"qasezuet"
"1059791","weldmeshs",,"qesozau"
"1059792","weldon",,"qisuat"
"1059793","weldona",,"qusafet"
"1059794","weldonas",,"qusafei"
"1059795","weldonian",,"aresefen"
"1059796","weldons",,"qisufe"
"1059797","weldor",,"qesoon"
"1059798","weldors",,"qesofan"
"1059799","welds",,"orisoo"
"1059800","weldwood",,"qasegiot"
"1059801","weldwoods",,"qasegio"
"1059802","weldy",,"urasana"
"1059803","wele",,"qisaa"
"1059804","weleetka",,"aretobu"
"1059805","weleetkas",,"aretobot"
"1059806","welf",,"urakno"
"1059807","welfare",,"qesinan"
"1059808","welfared",,"urakoqet"
"1059809","welfarer",,"arekiqot"
"1059810","welfares",,"qesinoun"
"1059811","welfarest",,"urakoqan"
"1059812","welfariat",,"erokuqu"
"1059813","welfaring",,"urakoqu"
"1059814","welfarism",,"qasonei"
"1059815","welfarisms",,"qasoneat"
"1059816","welfarist",,"arekiqet"
"1059817","welfaristic",,"arekiqodat"
"1059818","welfarists",,"arekiqi"
"1059819","welfarite",,"urakoqat"
"1059820","welfic",,"urakena"
"1059821","welfics",,"urakuona"
"1059822","welfie",,"irukat"
"1059823","welford",,"erokoan"
"1059824","welfs",,"urakue"
"1059825","welham",,"orimota"
"1059826","weli",,"qusue"
"1059827","welinite",,"qasapoen"
"1059828","weljd",,"qisut"
"1059829","welk",,"qisae"
"1059830","welke",,"qosuv"
"1059831","welked",,"aresat"
"1059832","welker",,"eroseta"
"1059833","welkes",,"qosuot"
"1059834","welkin",,"urasete"
"1059835","welking",,"aresao"
"1059836","welkinlike",,"qosuruin"
"1059837","welkins",,"urasuia"
"1059838","welkom",,"qisaea"
"1059839","welkoms",,"qisafin"
"1059840","welks",,"qisaq"
"1059841","welkt",,"erosou"
"1059842","well",,"erotnu"
"1059843","wellacquainted",,"qasinoqeu"
"1059844","welladay",,"qesunuan"
"1059845","welladays",,"qesunuun"
"1059846","welladjusted",,"iruteveken"
"1059847","welladvised",,"qasinikuon"
"1059848","wellaffected",,"oritamefun"
"1059849","wellah",,"qusoet"
"1059850","welland",,"uratoen"
"1059851","wellands",,"uratofon"
"1059852","wellanear",,"aretifa"
"1059853","wellat",,"qiseat"
"1059854","wellaway",,"irutekun"
"1059855","wellaways",,"iruteku"
"1059856","wellbein",,"irutozu"
"1059857","wellbeing",,"uratizun"
"1059858","wellbeings",,"uratizu"
"1059859","wellbelo",,"erotazata"
"1059860","wellboat",,"uratihon"
"1059861","wellbore",,"irutohe"
"1059862","wellborn",,"qisereot"
"1059863","wellborner",,"erotahin"
"1059864","wellbornest",,"aretuheji"
"1059865","wellborns",,"qisereoa"
"1059866","wellbred",,"qosario"
"1059867","wellbrock",,"irutoqota"
"1059868","wellbutrin",,"irutoden"
"1059869","wellbutrins",,"irutodebon"
"1059870","wellchosen",,"aretaron"
"1059871","wellcome",,"aretahot"
"1059872","wellcomed",,"qesusue"
"1059873","wellcomes",,"aretaho"
"1059874","wellcoming",,"qesusuet"
"1059875","wellconnected",,"aretahojan"
"1059876","wellcontent",,"erotehiga"
"1059877","wellcovorin",,"qisesekian"
"1059878","wellcurb",,"erotedan"
"1059879","wellcurbs",,"erotedun"
"1059880","welldecked",,"oritizen"
"1059881","wellderly",,"qosateon"
"1059882","welldigger",,"oritisune"
"1059883","welldoer",,"oritiho"
"1059884","welldoers",,"oritihet"
"1059885","welldoing",,"erotohot"
"1059886","welldoings",,"erotoho"
"1059887","welldon",,"areteina"
"1059888","welldone",,"uratahon"
"1059889","welle",,"aretotu"
"1059890","welled",,"qesuet"
"1059891","wellens",,"qusovon"
"1059892","wellentheorie",,"irutafetat"
"1059893","weller",,"qosaota"
"1059894","welleresque",,"qasivepuon"
"1059895","wellerian",,"urateqat"
"1059896","wellerism",,"qasiveon"
"1059897","wellerisms",,"qasivean"
"1059898","wellers",,"qosavo"
"1059899","welles",,"aretunu"
"1059900","wellesbourne",,"qasivotaat"
"1059901","wellesian",,"qasivoet"
"1059902","wellesle",,"qusovei"
"1059903","wellesley",,"qesuvie"
"1059904","wellesleyan",,"irutawifo"
"1059905","welless",,"aretoua"
"1059906","wellesz",,"qisevun"
"1059907","welleth",,"aretoina"
"1059908","wellfare",,"irutaru"
"1059909","wellfavo",,"urateran"
"1059910","wellferon",,"qiseloen"
"1059911","wellfield",,"qesuliot"
"1059912","wellfleet",,"qasilaet"
"1059913","wellford",,"qesuluu"
"1059914","wellfords",,"qesuluot"
"1059915","wellformed",,"qiseleet"
"1059916","wellformedness",,"irutahuhe"
"1059917","wellfound",,"qosalaat"
"1059918","wellfounded",,"uratehijua"
"1059919","wellful",,"aretoaa"
"1059920","wellhausens",,"irutorodet"
"1059921","wellhead",,"erotazan"
"1059922","wellheads",,"erotazun"
"1059923","wellhole",,"erotahe"
"1059924","wellholes",,"erotahina"
"1059925","wellhouse",,"qiseneo"
"1059926","wellhouses",,"qiseneet"
"1059927","wellie",,"aretes"
"1059928","wellied",,"qesuran"
"1059929","wellies",,"aretain"
"1059930","wellin",,"qasiot"
"1059931","welling",,"qesuru"
"1059932","wellingborough",,"aretafavon"
"1059933","wellingboroughs",,"aretafavan"
"1059934","wellingrove",,"qesuriruon"
"1059935","wellings",,"qesuriot"
"1059936","wellingt",,"uratufun"
"1059937","wellington",,"qasiroe"
"1059938","wellingtoned",,"oritofogot"
"1059939","wellingtonia",,"qesurireun"
"1059940","wellingtonian",,"oritofogon"
"1059941","wellingtonias",,"qesurireu"
"1059942","wellingtons",,"qasirorain"
"1059943","wellish",,"qiserot"
"1059944","welliver",,"uratugi"
"1059945","wellknown",,"aretofon"
"1059946","wellmaker",,"qasizaet"
"1059947","wellmaking",,"qusozuo"
"1059948","wellman",,"qusozi"
"1059949","wellmania",,"qasizaon"
"1059950","wellmans",,"qusozuat"
"1059951","wellmen",,"qosazen"
"1059952","wellmost",,"qosazai"
"1059953","wellnear",,"uratuzon"
"1059954","wellner",,"irutiuni"
"1059955","wellness",,"qusopian"
"1059956","wellnesses",,"qisepoo"
"1059957","wellnesss",,"qusopiun"
"1059958","wellnesstok",,"irutizadon"
"1059959","wellnhofer",,"oritoree"
"1059960","wellnigh",,"aretason"
"1059961","wellnitz",,"qesupiu"
"1059962","wellordering",,"erotoqufon"
"1059963","wellow",,"erotont"
"1059964","wellpinit",,"qesuhio"
"1059965","wellpinits",,"qesuhiet"
"1059966","wellplea",,"erotizata"
"1059967","wellpoint",,"qiseheet"
"1059968","wellpoints",,"qisehei"
"1059969","wellposed",,"irutahin"
"1059970","wellposedness",,"qesuhuboon"
"1059971","wellpowered",,"qosahaliat"
"1059972","wellqueme",,"oritadet"
"1059973","wellread",,"erotazi"
"1059974","wellrested",,"qasicuen"
"1059975","wellring",,"aretuseta"
"1059976","wells",,"eroteru"
"1059977","wellsbor",,"uratusi"
"1059978","wellsboro",,"erotesu"
"1059979","wellsboros",,"erotesot"
"1059980","wellsburg",,"oritosi"
"1059981","wellsburgs",,"oritosat"
"1059982","wellscreen",,"oritoton"
"1059983","wellsean",,"qasiqua"
"1059984","wellseen",,"qiseqou"
"1059985","wellset",,"qesuqan"
"1059986","wellsford",,"qesuqaot"
"1059987","wellsian",,"qesuqiu"
"1059988","wellside",,"qesuqiun"
"1059989","wellsinker",,"oritosun"
"1059990","wellsite",,"qesuqie"
"1059991","wellsites",,"qesuqiin"
"1059992","wellspoken",,"aretajia"
"1059993","wellspri",,"irutijot"
"1059994","wellspring",,"qiseqoan"
"1059995","wellsprings",,"qiseqowoun"
"1059996","wellss",,"erotons"
"1059997","wellstead",,"aretabota"
"1059998","wellston",,"aretabo"
"1059999","wellstone",,"uratubate"
"1060000","wellstons",,"aretabet"
"1060001","wellstoo",,"qesuquu"
"1060002","wellstrand",,"uratubun"
"1060003","wellsvil",,"irutigot"
"1060004","wellsville",,"qosaqoe"
"1060005","wellsvilles",,"qosaqotuin"
"1060006","wellsy",,"irutant"
"1060007","wellton",,"areteot"
"1060008","welltons",,"areteho"
"1060009","wellwater",,"uratiri"
"1060010","wellwiller",,"qosague"
"1060011","wellwish",,"qesugiin"
"1060012","wellwished",,"irutosoa"
"1060013","wellwisher",,"uratisu"
"1060014","wellwishes",,"qasigoan"
"1060015","wellwishing",,"irutosatun"
"1060016","welly",,"iruture"
"1060017","wellyard",,"uratareta"
"1060018","wellywood",,"qesulou"
"1060019","welman",,"uravoo"
"1060020","welmec",,"qesaeta"
"1060021","welnetham",,"iruzabot"
"1060022","welney",,"erozene"
"1060023","weloganite",,"qusamuin"
"1060024","welp",,"urafne"
"1060025","welpenela",,"urafefi"
"1060026","welrod",,"qesaon"
"1060027","wels",,"qusui"
"1060028","welsbach",,"qesereat"
"1060029","welsby",,"arecata"
"1060030","welsch",,"irucan"
"1060031","welser",,"oricue"
"1060032","welsford",,"erocihun"
"1060033","welsh",,"irucoa"
"1060034","welshampton",,"qusunufao"
"1060035","welshans",,"qisiniot"
"1060036","welshcake",,"oricetet"
"1060037","welshcomb",,"qasanoet"
"1060038","welshcombed",,"oricetahan"
"1060039","welshcombing",,"oricetaha"
"1060040","welshcombs",,"qasanoi"
"1060041","welshe",,"oricina"
"1060042","welshed",,"qisinun"
"1060043","welsher",,"qusunon"
"1060044","welshers",,"qusunian"
"1060045","welshery",,"qesenaun"
"1060046","welsherys",,"qesenau"
"1060047","welshes",,"oriceaa"
"1060048","welshest",,"qisinoin"
"1060049","welshie",,"oriceo"
"1060050","welshified",,"irucoseta"
"1060051","welshing",,"qisinaen"
"1060052","welshism",,"erocasu"
"1060053","welshisms",,"erocasot"
"1060054","welshite",,"qisinaot"
"1060055","welshland",,"qesenein"
"1060056","welshlands",,"qesenea"
"1060057","welshlike",,"qeseneaa"
"1060058","welshlikes",,"qeseneen"
"1060059","welshly",,"qasana"
"1060060","welshman",,"qesenou"
"1060061","welshmans",,"qesenoot"
"1060062","welshmen",,"qusunaat"
"1060063","welshmens",,"qusunae"
"1060064","welshness",,"qeseniin"
"1060065","welshnesss",,"qesenia"
"1060066","welshnut",,"uracifan"
"1060067","welshpool",,"oricejat"
"1060068","welshry",,"qosonen"
"1060069","welshrys",,"qosonion"
"1060070","welshs",,"irucat"
"1060071","welshwom",,"erocake"
"1060072","welshwoman",,"qesenoo"
"1060073","welshwomen",,"qusunain"
"1060074","welshy",,"areceu"
"1060075","welshys",,"arecuin"
"1060076","welsium",,"qeserun"
"1060077","welsom",,"qusuet"
"1060078","welss",,"qusuqa"
"1060079","welsummer",,"oricupon"
"1060080","welt",,"oriqti"
"1060081","weltalmanach",,"qesonefiet"
"1060082","weltanschauung",,"qasenobua"
"1060083","weltanschauungen",,"areqifozen"
"1060084","weltanschauungs",,"qasenobuen"
"1060085","weltansicht",,"qosinubeu"
"1060086","weltansichts",,"qosinubeot"
"1060087","weltbild",,"qosiruet"
"1060088","welte",,"eroqit"
"1060089","welted",,"qosiu"
"1060090","welteislehre",,"qasevoboun"
"1060091","welter",,"qisuan"
"1060092","weltered",,"areqoqe"
"1060093","weltering",,"areqoqet"
"1060094","welters",,"qisuvun"
"1060095","welterweight",,"qesovoloon"
"1060096","welterweights",,"qesovoloan"
"1060097","welthe",,"qisuata"
"1060098","welting",,"qosiron"
"1060099","weltings",,"qosiruan"
"1060100","weltmeister",,"iruqozaden"
"1060101","welton",,"qisuun"
"1060102","weltpolitik",,"qusahopiet"
"1060103","welts",,"oriqou"
"1060104","weltschmerz",,"qisuqaseet"
"1060105","weltschmerzes",,"qosiqusain"
"1060106","welty",,"uraqata"
"1060107","weltys",,"uraqate"
"1060108","welverdiend",,"erobiquvu"
"1060109","welvett",,"urabeoa"
"1060110","welwick",,"qesarat"
"1060111","welwitchia",,"qisoreet"
"1060112","welwitindolinone",,"qasurituat"
"1060113","welwitschia",,"qisoreboi"
"1060114","welwitschiaceae",,"qoserabeo"
"1060115","welwitschiaceaes",,"qoserabeet"
"1060116","welwitschias",,"qisoreboat"
"1060117","welwood",,"uradaen"
"1060118","welwyn",,"areduna"
"1060119","welz",,"uralu"
"1060120","wemadeit",,"erimozia"
"1060121","wemale",,"qotain"
"1060122","wemb",,"quti"
"1060123","wemba",,"qatun"
"1060124","wembawemba",,"aronikot"
"1060125","wemble",,"aronata"
"1060126","wembled",,"qetavon"
"1060127","wembles",,"aroniea"
"1060128","wembley",,"orunain"
"1060129","wemblies",,"aronisot"
"1060130","wembling",,"qetaviin"
"1060131","wembly",,"iranita"
"1060132","wemblyes",,"orunama"
"1060133","wemblys",,"iraneata"
"1060134","wembs",,"qutiq"
"1060135","wembury",,"ureneoe"
"1060136","wemby",,"qetal"
"1060137","wemding",,"arosaot"
"1060138","wemen",,"qatop"
"1060139","wemhoff",,"qutifun"
"1060140","wemistikoshiw",,"erinebipe"
"1060141","wemless",,"qetuvan"
"1060142","wemmy",,"oruvii"
"1060143","wemo",,"urepto"
"1060144","wemodness",,"aropefa"
"1060145","wemotachi",,"aroperen"
"1060146","wemotachie",,"ureparun"
"1060147","wemotaci",,"qetoweun"
"1060148","wempe",,"qutev"
"1060149","wemple",,"erifet"
"1060150","wems",,"orucsu"
"1060151","wemyss",,"urekaa"
"1060152","wemysss",,"urekuen"
"1060153","wen",,"qiv"
"1060154","wena",,"quvo"
"1060155","wenami",,"qovaa"
"1060156","wenan",,"arimato"
"1060157","wenao",,"qevuf"
"1060158","wenatchee",,"qovawuen"
"1060159","wenatchees",,"qovawuon"
"1060160","wenatchi",,"quvowean"
"1060161","wenberg",,"quvivet"
"1060162","wenbin",,"qevai"
"1060163","wence",,"qovov"
"1060164","wences",,"qovou"
"1060165","wenceslas",,"arirowot"
"1060166","wenceslass",,"arirowo"
"1060167","wenceslaus",,"urorewan"
"1060168","wench",,"oraret"
"1060169","wenchang",,"qiviniot"
"1060170","wenchdom",,"qivinein"
"1060171","wenched",,"qovonot"
"1060172","wenchedst",,"ariruzota"
"1060173","wenchel",,"qevenan"
"1060174","wencheng",,"qevenae"
"1060175","wencher",,"qivinun"
"1060176","wenchers",,"qivinou"
"1060177","wenches",,"eruraon"
"1060178","wenchest",,"qovoneen"
"1060179","wencheth",,"erurazat"
"1060180","wenchful",,"erurame"
"1060181","wenchhood",,"erurarua"
"1060182","wenchien",,"qavanoo"
"1060183","wenchih",,"quvunan"
"1060184","wenchiness",,"qavanoi"
"1060185","wenching",,"qovonuan"
"1060186","wenchish",,"quvuneun"
"1060187","wenchless",,"qeveneu"
"1060188","wenchlike",,"qavanaon"
"1060189","wenchly",,"quvunon"
"1060190","wenchman",,"qavaneo"
"1060191","wenchmans",,"qavaneet"
"1060192","wenchmen",,"qivinuin"
"1060193","wenchou",,"ireroun"
"1060194","wenchow",,"orareae"
"1060195","wenchowese",,"ariruho"
"1060196","wenchoweses",,"ariruhefet"
"1060197","wenchows",,"orarehen"
"1060198","wenchs",,"orarin"
"1060199","wenchuan",,"qevenaun"
"1060200","wenchy",,"urorao"
"1060201","wenck",,"qovot"
"1060202","wenckebach",,"qivitoot"
"1060203","wend",,"erusti"
"1060204","wenda",,"orasau"
"1060205","wendake",,"arisiun"
"1060206","wendall",,"urosoena"
"1060207","wendalyn",,"arisizin"
"1060208","wendat",,"qivui"
"1060209","wende",,"arisoni"
"1060210","wended",,"qevoo"
"1060211","wendedst",,"urosevo"
"1060212","wendel",,"qaveun"
"1060213","wendelin",,"erusizat"
"1060214","wendelina",,"orasuzet"
"1060215","wendeline",,"arisozaa"
"1060216","wendell",,"orasuota"
"1060217","wendells",,"orasuzo"
"1060218","wendelsdorf",,"orasuzupat"
"1060219","wenden",,"quvaa"
"1060220","wendeng",,"qavevin"
"1060221","wendens",,"quvaven"
"1060222","wendersian",,"uroseqata"
"1060223","wendeth",,"arisoea"
"1060224","wendi",,"erusene"
"1060225","wendic",,"eruseni"
"1060226","wendics",,"eruseona"
"1060227","wendie",,"arisato"
"1060228","wendig",,"orasote"
"1060229","wendigo",,"urosuona"
"1060230","wendigoes",,"iresinot"
"1060231","wendigos",,"urosunan"
"1060232","wendin",,"qaveu"
"1060233","wending",,"qevorun"
"1060234","wendis",,"eruseto"
"1060235","wendish",,"qivuru"
"1060236","wendista",,"qivurau"
"1060237","wendland",,"quvavuon"
"1060238","wendlandii",,"quvavuu"
"1060239","wendlandt",,"orasaren"
"1060240","wendlebury",,"qoviveon"
"1060241","wendler",,"urosooa"
"1060242","wendling",,"iresesot"
"1060243","wendolyn",,"erusozata"
"1060244","wendong",,"qivufu"
"1060245","wendoree",,"qivufuun"
"1060246","wendorf",,"ariseina"
"1060247","wendorff",,"qivufua"
"1060248","wendouree",,"qovifeen"
"1060249","wendover",,"erusogi"
"1060250","wendovers",,"erusogat"
"1060251","wendron",,"erusai"
"1060252","wends",,"eruseno"
"1060253","wendsday",,"qaveqiu"
"1060254","wendt",,"qoviw"
"1060255","wendtian",,"urosason"
"1060256","wendwilsonite",,"qovigupeo"
"1060257","wendy",,"iresut"
"1060258","wendye",,"orasuna"
"1060259","wendys",,"iresoni"
"1060260","wene",,"qovue"
"1060261","wenecja",,"eruteeto"
"1060262","wenedyk",,"erutoeta"
"1060263","weneth",,"qovuot"
"1060264","wenfeng",,"qovuvet"
"1060265","wenford",,"arikein"
"1060266","wenfordbridge",,"qovufizaa"
"1060267","weng",,"quvoa"
"1060268","wenge",,"qivev"
"1060269","wengen",,"uroloe"
"1060270","wenger",,"oraline"
"1060271","wengerd",,"qivevun"
"1060272","wengerian",,"qovavian"
"1060273","wengert",,"qiveve"
"1060274","wenges",,"qiveat"
"1060275","wengi",,"quvor"
"1060276","wenglish",,"qivevaen"
"1060277","wengyik",,"qavilo"
"1060278","wenham",,"erumona"
"1060279","wenhams",,"erumuane"
"1060280","wenhann",,"iremeee"
"1060281","wenhaston",,"oramawi"
"1060282","wenheim",,"uromeone"
"1060283","wenhsi",,"oramane"
"1060284","wenhua",,"oraminna"
"1060285","wenig",,"quvum"
"1060286","weninger",,"qevepeu"
"1060287","wenion",,"erunita"
"1060288","wenis",,"qiviq"
"1060289","wenjuin",,"quvaban"
"1060290","wenk",,"qovui"
"1060291","wenke",,"qeviv"
"1060292","wenker",,"arisunu"
"1060293","wenkite",,"urosuet"
"1060294","wenksville",,"arisagi"
"1060295","wenliang",,"qevurein"
"1060296","wenliche",,"qevurie"
"1060297","wenling",,"qaviren"
"1060298","wenlock",,"erutoane"
"1060299","wenlockian",,"qevufio"
"1060300","wenlockians",,"qevufizaet"
"1060301","wenlocks",,"erutotun"
"1060302","wenman",,"irevana"
"1060303","wenmiin",,"oravoet"
"1060304","wenn",,"urozno"
"1060305","wennan",,"quvuen"
"1060306","wennebergite",,"quvuvapoot"
"1060307","wennel",,"qiviat"
"1060308","wenner",,"qavae"
"1060309","wennerholn",,"orazuqun"
"1060310","wennier",,"qavarot"
"1060311","wenniest",,"quvurian"
"1060312","wenning",,"quvurat"
"1060313","wenninger",,"orazofan"
"1060314","wennington",,"qiviraana"
"1060315","wennish",,"qevere"
"1060316","wenny",,"eruzoto"
"1060317","wenoa",,"qevona"
"1060318","wenona",,"orapini"
"1060319","wenonah",,"quvapi"
"1060320","wenquan",,"arihou"
"1060321","wenro",,"urojan"
"1060322","wenrohronon",,"urojaraco"
"1060323","wenrohronons",,"urojaracet"
"1060324","wenros",,"urojoo"
"1060325","wens",,"qivie"
"1060326","wensday",,"urocaaa"
"1060327","wensel",,"urocao"
"1060328","wenshan",,"qovonen"
"1060329","wensley",,"erucuon"
"1060330","wensleydale",,"urocozopat"
"1060331","wensleydales",,"urocozope"
"1060332","wenstein",,"quvuwian"
"1060333","wenstrom",,"qiviwuot"
"1060334","wenstrup",,"oraciqen"
"1060335","wensu",,"qovob"
"1060336","wensum",,"qavau"
"1060337","went",,"eruqtu"
"1060338","wentbridge",,"qivuruo"
"1060339","wente",,"ariqono"
"1060340","wenten",,"quvao"
"1060341","wentest",,"qevovi"
"1060342","wenteth",,"ariqoua"
"1060343","wentland",,"quvavui"
"1060344","wentle",,"qavee"
"1060345","wentletrap",,"eruquzu"
"1060346","wentletraps",,"eruquzubot"
"1060347","wentling",,"ireqesa"
"1060348","wentloog",,"qevovuin"
"1060349","wentlooge",,"qavevion"
"1060350","wentnor",,"eruqean"
"1060351","wents",,"eruqena"
"1060352","wentworth",,"qivugeo"
"1060353","wentworths",,"qivugeet"
"1060354","wentworthville",,"eruqahogun"
"1060355","wentz",,"quvam"
"1060356","wentzcov",,"ireqatun"
"1060357","wentzel",,"ariqoea"
"1060358","wentzell",,"qavemua"
"1060359","wentzky",,"qavemin"
"1060360","wentzville",,"oraqugan"
"1060361","wentzvilles",,"oraqugufun"
"1060362","wenvoe",,"erubene"
"1060363","wenwies",,"qavurin"
"1060364","wenxi",,"urogua"
"1060365","wenyan",,"orakuo"
"1060366","wenz",,"irels"
"1060367","wenzel",,"qovuin"
"1060368","wenzels",,"qovuva"
"1060369","wenzhou",,"qevinat"
"1060370","wenzhounese",,"ariluhujon"
"1060371","wenzl",,"qivav"
"1060372","weobley",,"eranuet"
"1060373","weogufka",,"quzobiun"
"1060374","weogufkas",,"quzobiu"
"1060375","weoman",,"quzien"
"1060376","weott",,"aruqenu"
"1060377","weotts",,"aruquni"
"1060378","wepfer",,"qipaat"
"1060379","wepman",,"orovin"
"1060380","wepmankin",,"qapunoi"
"1060381","wepner",,"qupuo"
"1060382","wepo",,"qupa"
"1060383","wept",,"araqse"
"1060384","wepte",,"uruqes"
"1060385","weptest",,"qapevu"
"1060386","weqnaesen",,"urazozon"
"1060387","wera",,"qohae"
"1060388","weraaa",,"quhoot"
"1060389","werai",,"qohar"
"1060390","werbel",,"quhiaa"
"1060391","werber",,"qehaen"
"1060392","werburgh",,"eriniqun"
"1060393","werby",,"oruniti"
"1060394","werc",,"qehea"
"1060395","werchowinci",,"quhunolia"
"1060396","werchowincis",,"quhunolien"
"1060397","werd",,"uresnu"
"1060398","werdandi",,"orusafa"
"1060399","werden",,"qohiu"
"1060400","werdingite",,"erisefot"
"1060401","werdna",,"quhaa"
"1060402","werdnaje",,"eriseri"
"1060403","werdnajp",,"qahepaa"
"1060404","werdnig",,"quhapi"
"1060405","werds",,"uresut"
"1060406","werdz",,"qohim"
"1060407","were",,"qahoa"
"1060408","werealligator",,"qohunopeo"
"1060409","wereanimal",,"qehiniot"
"1060410","wereass",,"qehinon"
"1060411","werebadger",,"aroturot"
"1060412","werebat",,"qehiret"
"1060413","werebear",,"qehiraon"
"1060414","werebeast",,"qahoruin"
"1060415","werebeaver",,"oruteza"
"1060416","werebeing",,"qiharoot"
"1060417","werebird",,"uretisen"
"1060418","wereboar",,"quheroet"
"1060419","wereboldera",,"qehirupeu"
"1060420","werecalf",,"qehiseat"
"1060421","werecat",,"uretuota"
"1060422","werecow",,"qahose"
"1060423","werecrab",,"qohusiot"
"1060424","werecreature",,"orutoqeton"
"1060425","werecritter",,"quhesatue"
"1060426","werecrocodile",,"arotaqizan"
"1060427","wereda",,"uretuti"
"1060428","weredingo",,"qahotoet"
"1060429","weredog",,"eritoon"
"1060430","weredonkey",,"quhetoat"
"1060431","weredragon",,"aroteqen"
"1060432","weredwarf",,"uretakon"
"1060433","wereelephant",,"arotozuqi"
"1060434","werefish",,"qohului"
"1060435","werefolk",,"qehiluu"
"1060436","werefolks",,"qehiluot"
"1060437","werefox",,"qehilan"
"1060438","werefrog",,"qaholeen"
"1060439","weregeld",,"qihamoe"
"1060440","wereghost",,"qihamuo"
"1060441","weregild",,"quhemean"
"1060442","weregilds",,"quhemeun"
"1060443","weregoat",,"orutaho"
"1060444","weregorilla",,"arotihevat"
"1060445","werehare",,"qehinean"
"1060446","werehog",,"oruteoa"
"1060447","werehorse",,"qohunaon"
"1060448","werehuman",,"qehinau"
"1060449","werehyena",,"qahonia"
"1060450","werejack",,"iraturun"
"1060451","werejackal",,"quhesuun"
"1060452","werejaguar",,"qohusoan"
"1060453","wereke",,"qihai"
"1060454","werekena",,"arotozu"
"1060455","werekitten",,"iratasa"
"1060456","wereleopard",,"qohuvejian"
"1060457","werelion",,"qihavaot"
"1060458","werelioness",,"qohuvujee"
"1060459","weremammoth",,"qohuzofau"
"1060460","wereman",,"arotuee"
"1060461","weremonkey",,"eritahu"
"1060462","weren",,"eriteru"
"1060463","werent",,"qohuin"
"1060464","wereorc",,"eritoeta"
"1060465","wereowl",,"orutiot"
"1060466","werepanther",,"iratarago"
"1060467","wereporcupine",,"qehihuwaon"
"1060468","werepuma",,"iratadun"
"1060469","werepup",,"qohuha"
"1060470","werepuppy",,"uretedi"
"1060471","wererabbit",,"qohucoon"
"1060472","wererat",,"qehicon"
"1060473","wereshark",,"qehiqou"
"1060474","werething",,"orutirana"
"1060475","weretiger",,"qahowoen"
"1060476","weretroll",,"quhewaun"
"1060477","werewall",,"qehigeat"
"1060478","werewildcat",,"arotusapen"
"1060479","werewolf",,"qahogio"
"1060480","werewolfdom",,"iratohiret"
"1060481","werewolferies",,"orutehorin"
"1060482","werewolfery",,"arotuharon"
"1060483","werewolfess",,"quhegopain"
"1060484","werewolfish",,"uretihura"
"1060485","werewolfism",,"qihagepuan"
"1060486","werewolfisms",,"qihagepuun"
"1060487","werewolfs",,"qahogiet"
"1060488","werewolfy",,"qohugai"
"1060489","werewolv",,"qohugaen"
"1060490","werewolves",,"qehiguu"
"1060491","werewolvish",,"eritahelo"
"1060492","werewoman",,"arotuhaa"
"1060493","werewords",,"qahogia"
"1060494","werf",,"eriks"
"1060495","werfel",,"qahou"
"1060496","werfels",,"qahovot"
"1060497","wergaia",,"quhonon"
"1060498","wergeld",,"quhovet"
"1060499","wergelds",,"quhovui"
"1060500","wergelt",,"quhovon"
"1060501","wergelts",,"quhovuan"
"1060502","wergil",,"urelete"
"1060503","wergild",,"qahira"
"1060504","wergilds",,"qahiraen"
"1060505","wergyld",,"qohalo"
"1060506","weri",,"qehee"
"1060507","wering",,"iranune"
"1060508","weringia",,"urenunata"
"1060509","werito",,"erinone"
"1060510","werk",,"qahoe"
"1060511","werkbund",,"arosudin"
"1060512","werke",,"quhev"
"1060513","werked",,"orusei"
"1060514","werken",,"arosuna"
"1060515","werking",,"orusoet"
"1060516","werkraum",,"oruseren"
"1060517","werkstatte",,"orusobon"
"1060518","werlfof",,"irataini"
"1060519","werlhofs",,"orutehi"
"1060520","wermer",,"oruvua"
"1060521","wermethe",,"qohevaen"
"1060522","wern",,"oruzni"
"1060523","wernard",,"irazean"
"1060524","werneck",,"arozoea"
"1060525","werned",,"qohou"
"1060526","wernekinck",,"qihivoet"
"1060527","werner",,"qihian"
"1060528","wernerian",,"arozoqo"
"1060529","wernerians",,"arozoqet"
"1060530","wernerism",,"qehevoin"
"1060531","wernerisms",,"qehevoa"
"1060532","wernerite",,"arozoqa"
"1060533","wernerites",,"arozoqen"
"1060534","werners",,"qihivun"
"1060535","wernersville",,"eriziqilen"
"1060536","wernersvilles",,"eriziqilon"
"1060537","wernher",,"oruzeaa"
"1060538","wernick",,"erizean"
"1060539","wernicke",,"arozatot"
"1060540","wernickes",,"arozato"
"1060541","wernigerode",,"irazinoben"
"1060542","werning",,"qohoron"
"1060543","werns",,"oruzon"
"1060544","wernsman",,"qahaqeo"
"1060545","wernt",,"qihiw"
"1060546","wero",,"qihuu"
"1060547","werong",,"aropun"
"1060548","weroole",,"eripoia"
"1060549","weros",,"qihuqe"
"1060550","werowance",,"orupero"
"1060551","werra",,"erijute"
"1060552","werribee",,"qahurein"
"1060553","werris",,"arojeu"
"1060554","werrises",,"urejuwon"
"1060555","wersh",,"arocuo"
"1060556","wershba",,"qihinun"
"1060557","wersher",,"qehenan"
"1060558","wershest",,"qahanua"
"1060559","werslete",,"qohoveo"
"1060560","werst",,"urecai"
"1060561","werste",,"iracone"
"1060562","werstes",,"iracuan"
"1060563","wert",,"ureqre"
"1060564","wertfrei",,"aroqoqaa"
"1060565","wertheim",,"qihunoot"
"1060566","wertheimer",,"eriqazina"
"1060567","werther",,"ureqien"
"1060568","wertherian",,"quhaniu"
"1060569","wertherians",,"quhaniwiot"
"1060570","wertherism",,"oruqezat"
"1060571","wertherisms",,"oruqezive"
"1060572","werthers",,"ureqizon"
"1060573","wertkritik",,"oruquqe"
"1060574","wertz",,"qohima"
"1060575","wervel",,"qohain"
"1060576","werwolf",,"qehafun"
"1060577","werwolfish",,"arodezat"
"1060578","werwolves",,"qohefoon"
"1060579","wesa",,"arimte"
"1060580","wesak",,"uromeri"
"1060581","wesaks",,"uromari"
"1060582","wesand",,"oramere"
"1060583","wesands",,"oramoina"
"1060584","wescam",,"irerone"
"1060585","wesco",,"erurot"
"1060586","wescos",,"erurene"
"1060587","wescott",,"ariree"
"1060588","wese",,"iretnu"
"1060589","wesef",,"qejil"
"1060590","wesel",,"qijav"
"1060591","wesen",,"qojup"
"1060592","wesensschau",,"erutewizin"
"1060593","weser",,"qajoc"
"1060594","wesermde",,"aritupe"
"1060595","wesermdes",,"aritupin"
"1060596","wesil",,"qujuv"
"1060597","weskan",,"qijaat"
"1060598","weskans",,"qijane"
"1060599","wesker",,"qujeo"
"1060600","weskers",,"qujevet"
"1060601","weskit",,"qujeet"
"1060602","weskits",,"qujeri"
"1060603","wesla",,"qajin"
"1060604","weslaco",,"qojana"
"1060605","weslacos",,"qojanuen"
"1060606","wesle",,"qijeva"
"1060607","weslee",,"qojau"
"1060608","wesley",,"qajiun"
"1060609","wesleyan",,"oratuma"
"1060610","wesleyanised",,"qojavaseun"
"1060611","wesleyanises",,"erutimeja"
"1060612","wesleyanising",,"qojavaseen"
"1060613","wesleyanism",,"aritomaji"
"1060614","wesleyanisms",,"aritomajat"
"1060615","wesleyanized",,"oratumojan"
"1060616","wesleyanizes",,"qujovosiin"
"1060617","wesleyanizing",,"oratumoja"
"1060618","wesleyans",,"oratumen"
"1060619","wesleyes",,"qujovoet"
"1060620","wesleyism",,"qijevea"
"1060621","wesleyisms",,"qijeveen"
"1060622","wesleys",,"qajivu"
"1060623","wesleyville",,"iretamiven"
"1060624","wesleyvilles",,"iretamivon"
"1060625","wesommer",,"qijuzuin"
"1060626","wespe",,"qejiv"
"1060627","wessand",,"oracain"
"1060628","wessands",,"oracafa"
"1060629","wessel",,"qijian"
"1060630","wesselin",,"urocezi"
"1060631","wesselton",,"qojovoi"
"1060632","wessex",,"qojou"
"1060633","wessexman",,"oraculen"
"1060634","wessexmans",,"oraculon"
"1060635","wessexs",,"qojovot"
"1060636","wessi",,"urocus"
"1060637","wessington",,"qijirai"
"1060638","wessingtons",,"qijirariat"
"1060639","wessis",,"urocot"
"1060640","wessling",,"erucusua"
"1060641","wesson",,"qajau"
"1060642","wessons",,"qajafot"
"1060643","west",,"qajea"
"1060644","westabout",,"qojiniet"
"1060645","westaway",,"qojinia"
"1060646","westberg",,"qejoraat"
"1060647","westborough",,"uroqihacot"
"1060648","westboroughs",,"uroqihaco"
"1060649","westboun",,"qujaroi"
"1060650","westbound",,"oraqehena"
"1060651","westbounder",,"qijuregoo"
"1060652","westboundest",,"qojirageun"
"1060653","westbroo",,"qajerea"
"1060654","westbrook",,"qujaraun"
"1060655","westbrooke",,"qijuruo"
"1060656","westbrooks",,"qujarau"
"1060657","westbury",,"qojireo"
"1060658","westby",,"eruqoi"
"1060659","westbys",,"eruqaet"
"1060660","westcentric",,"ariqazoget"
"1060661","westcentrism",,"ireqizagon"
"1060662","westchea",,"uroqurena"
"1060663","westches",,"ireqirun"
"1060664","westchester",,"oraqoredi"
"1060665","westchesterite",,"qojisipeot"
"1060666","westchesters",,"oraqoredat"
"1060667","westcliff",,"ariqazoni"
"1060668","westcliffe",,"uroquzua"
"1060669","westcott",,"qejosuat"
"1060670","westcottian",,"ireqihegen"
"1060671","westdale",,"qijutiun"
"1060672","westdean",,"qojitea"
"1060673","westdiep",,"qajetoot"
"1060674","weste",,"qujav"
"1060675","wested",,"oraqune"
"1060676","westen",,"ariqati"
"1060677","westenberger",,"qojivutiun"
"1060678","westend",,"qejovon"
"1060679","westendorf",,"qajevoon"
"1060680","westenhanger",,"qejovisiet"
"1060681","westenra",,"qijuvae"
"1060682","wester",,"ireqon"
"1060683","westerbeek",,"qojiviet"
"1060684","westerbeke",,"qojivieta"
"1060685","westerberg",,"uroqeqan"
"1060686","westered",,"qijuvuat"
"1060687","westerfield",,"qijuvunoet"
"1060688","westergard",,"ariqoqo"
"1060689","westergren",,"eruqiqu"
"1060690","westerham",,"qujavaat"
"1060691","westerhill",,"qojivie"
"1060692","westerhof",,"oraquqi"
"1060693","westerhold",,"qajeveon"
"1060694","westering",,"qijuvuo"
"1060695","westerings",,"qijuvuet"
"1060696","westerkwartier",,"qojivizaa"
"1060697","westerland",,"qejovou"
"1060698","westerleigh",,"oraquqofe"
"1060699","westerlier",,"eruqiqua"
"1060700","westerlies",,"qojivian"
"1060701","westerliest",,"ariqoqavon"
"1060702","westerliness",,"ireqaqivon"
"1060703","westerlinesses",,"oraquqovot"
"1060704","westerlinesss",,"ireqaqivan"
"1060705","westerling",,"ariqoqi"
"1060706","westerlu",,"qojivien"
"1060707","westerly",,"qajeveot"
"1060708","westerlys",,"qajeveo"
"1060709","westerman",,"qejovoe"
"1060710","westermann",,"oraquqia"
"1060711","westermarck",,"qijuvufaen"
"1060712","westermarcks",,"qijuvufaon"
"1060713","westermark",,"qijuvuoa"
"1060714","westermost",,"qujavae"
"1060715","western",,"qojiva"
"1060716","westerne",,"qejovoan"
"1060717","westerner",,"ariqoqot"
"1060718","westerners",,"ariqoqoa"
"1060719","westernest",,"uroqeqana"
"1060720","westernisation",,"qojiviheet"
"1060721","westernisations",,"qojivihei"
"1060722","westernise",,"qejovoin"
"1060723","westernised",,"uroqeqevun"
"1060724","westerniser",,"ariqoqovon"
"1060725","westernises",,"qejovohaa"
"1060726","westernish",,"eruqiqot"
"1060727","westernising",,"uroqeqeven"
"1060728","westernism",,"qajevei"
"1060729","westernisms",,"qajevehuat"
"1060730","westernization",,"oraququvo"
"1060731","westernizations",,"oraququvet"
"1060732","westernize",,"eruqiqe"
"1060733","westernized",,"qojivihean"
"1060734","westernizeed",,"qejovohaot"
"1060735","westernizeing",,"qejovohaan"
"1060736","westernizer",,"qijuvuhoen"
"1060737","westernizers",,"qijuvuhoon"
"1060738","westernizes",,"eruqiqivin"
"1060739","westernizing",,"qojivihea"
"1060740","westernly",,"eruqiqun"
"1060741","westernm",,"qajevea"
"1060742","westernmost",,"ariqoqohi"
"1060743","westernness",,"oraququjan"
"1060744","westernnesses",,"eruqiqijo"
"1060745","westernport",,"uroqeqequ"
"1060746","westernports",,"uroqeqeqot"
"1060747","westerns",,"qojiviena"
"1060748","westernwear",,"uroqeqemat"
"1060749","westers",,"ireqaan"
"1060750","westerton",,"oraquqet"
"1060751","westerveld",,"qajeveoa"
"1060752","westerveldite",,"oraquqofun"
"1060753","westervelt",,"qajeveen"
"1060754","westerville",,"qujavakiin"
"1060755","westervilles",,"qujavakia"
"1060756","westervoort",,"qojivikoun"
"1060757","westerwards",,"oraquqiton"
"1060758","westerway",,"uroqeqet"
"1060759","westerwelle",,"eruqiqofu"
"1060760","westerwolde",,"ariqoqecen"
"1060761","westest",,"oraquina"
"1060762","westfahl",,"ariqoro"
"1060763","westfalen",,"eruqire"
"1060764","westfalian",,"ireqarena"
"1060765","westfalish",,"ariqoran"
"1060766","westfalite",,"ireqaroa"
"1060767","westfall",,"ireqarin"
"1060768","westfiel",,"qujaleat"
"1060769","westfield",,"oraquson"
"1060770","westfields",,"oraqusana"
"1060771","westfir",,"qojilet"
"1060772","westfjords",,"qijuleet"
"1060773","westfold",,"ariqoha"
"1060774","westford",,"oraquhen"
"1060775","westgarth",,"eruquru"
"1060776","westgate",,"uroqoret"
"1060777","westham",,"ireqoun"
"1060778","westhampnett",,"ariqureqat"
"1060779","westhaven",,"ariqura"
"1060780","westhead",,"qajenuin"
"1060781","westhill",,"eruqasu"
"1060782","westhinder",,"qojinuat"
"1060783","westhoff",,"uroqihun"
"1060784","westhoughton",,"qojinaguen"
"1060785","westhouses",,"uroqihuna"
"1060786","westhumble",,"uroqidun"
"1060787","westie",,"qujao"
"1060788","westiepoo",,"ireqizot"
"1060789","westies",,"qujaret"
"1060790","westin",,"eruqone"
"1060791","westine",,"ariqaua"
"1060792","westing",,"oraqoen"
"1060793","westingh",,"qujaree"
"1060794","westinghouse",,"qujareroet"
"1060795","westinghouses",,"qujareroi"
"1060796","westings",,"oraqofon"
"1060797","westish",,"uroquon"
"1060798","westjet",,"qijusun"
"1060799","westlake",,"eruquran"
"1060800","westlan",,"qojivo"
"1060801","westland",,"ariqirin"
"1060802","westlander",,"qejoveu"
"1060803","westlanders",,"qejoveheot"
"1060804","westlandgate",,"qojivohoe"
"1060805","westlandways",,"eruquripot"
"1060806","westlaw",,"eruquone"
"1060807","westleig",,"oraqazeta"
"1060808","westleigh",,"qujaviu"
"1060809","westleton",,"ariqizoa"
"1060810","westley",,"ireqean"
"1060811","westlin",,"qejovun"
"1060812","westling",,"qojivuan"
"1060813","westlings",,"qojivuun"
"1060814","westlins",,"qejoviu"
"1060815","westlock",,"ireqehu"
"1060816","westlund",,"ireqede"
"1060817","westly",,"uroqane"
"1060818","westm",,"qijuz"
"1060819","westmacott",,"qajezaet"
"1060820","westman",,"ariquu"
"1060821","westmans",,"ariqurot"
"1060822","westmarc",,"ireqoruna"
"1060823","westmarland",,"qejozewia"
"1060824","westme",,"qojiin"
"1060825","westmead",,"eruqazon"
"1060826","westmeadows",,"eruqazepu"
"1060827","westmeath",,"qijuzoot"
"1060828","westmeaths",,"qijuzoo"
"1060829","westmeless",,"ireqozota"
"1060830","westmere",,"ariquzua"
"1060831","westmiff",,"qejoziot"
"1060832","westmill",,"qajezoet"
"1060833","westmin",,"uroqiona"
"1060834","westmins",,"uroqisana"
"1060835","westminster",,"ireqosadet"
"1060836","westminsterian",,"qijuzahoin"
"1060837","westminsters",,"ireqosadi"
"1060838","westmont",,"qojizaon"
"1060839","westmonts",,"qojizaan"
"1060840","westmoor",,"eruqahun"
"1060841","westmore",,"ireqohe"
"1060842","westmoreland",,"qejozuwoen"
"1060843","westmorland",,"qojizawue"
"1060844","westmost",,"ireqohua"
"1060845","westmoster",,"qujazoe"
"1060846","westmostest",,"qijuzebiet"
"1060847","westmount",,"qejozuin"
"1060848","westness",,"ariqazin"
"1060849","westney",,"oraqoina"
"1060850","westnorthwestwardly",,"qejopuween"
"1060851","westoe",,"qejoet"
"1060852","westoid",,"ariqeua"
"1060853","westoll",,"qujafi"
"1060854","weston",,"ireqann"
"1060855","westoning",,"qijufaet"
"1060856","westons",,"irequuna"
"1060857","westover",,"qajefaot"
"1060858","westow",,"qajee"
"1060859","westoxification",,"qejofitoot"
"1060860","westphal",,"ariqora"
"1060861","westphalia",,"eruqirot"
"1060862","westphalian",,"qajehesoun"
"1060863","westphalians",,"qajehesou"
"1060864","westphalias",,"eruqirefo"
"1060865","westpoin",,"qejohuu"
"1060866","westport",,"oraquhena"
"1060867","westports",,"oraquhon"
"1060868","westpreussen",,"ariqoquki"
"1060869","westpreussens",,"ariqoqukat"
"1060870","westra",,"ariqato"
"1060871","westralia",,"qejoceu"
"1060872","westralian",,"oraqeran"
"1060873","westralianism",,"ariquravin"
"1060874","westralianisms",,"ariqurava"
"1060875","westralians",,"oraqerovun"
"1060876","westray",,"oraqein"
"1060877","westrick",,"ireqosu"
"1060878","westrip",,"qojicen"
"1060879","westroad",,"qijucee"
"1060880","westrobothnia",,"oraqehica"
"1060881","westrobothnian",,"qejocutee"
"1060882","westrop",,"qujacon"
"1060883","westrum",,"eruqaia"
"1060884","westrumite",,"qejocaot"
"1060885","westrup",,"qejocan"
"1060886","westry",,"eruqeni"
"1060887","wests",,"qajeqa"
"1060888","westside",,"oraqosa"
"1060889","westsider",,"qujaqean"
"1060890","westsidest",,"qijuqaa"
"1060891","westsplainer",,"qijuqopaan"
"1060892","westsplaining",,"qojiqepuon"
"1060893","weststellingwerf",,"qijuqepaet"
"1060894","westsylvania",,"oraqomole"
"1060895","westtown",,"qojiwaet"
"1060896","westville",,"ireqesot"
"1060897","westvilles",,"ireqeso"
"1060898","westvirg",,"qajedoen"
"1060899","westwall",,"qejogeun"
"1060900","westwalls",,"qejogeu"
"1060901","westward",,"qujaguet"
"1060902","westwarder",,"oraqerena"
"1060903","westwardest",,"eruqarope"
"1060904","westwardly",,"ireqorin"
"1060905","westwardmost",,"oraqeripun"
"1060906","westwards",,"qujagui"
"1060907","westwater",,"qijugiu"
"1060908","westwego",,"qajegua"
"1060909","westwegos",,"qajeguen"
"1060910","westwell",,"qujagii"
"1060911","westwick",,"qojiguet"
"1060912","westwind",,"qajegoa"
"1060913","westwood",,"ariquhin"
"1060914","westwoods",,"ariquhae"
"1060915","westwork",,"ireqohue"
"1060916","westworks",,"ireqohota"
"1060917","westworth",,"uroqihat"
"1060918","westworths",,"uroqihe"
"1060919","westy",,"qojila"
"1060920","weta",,"qecu"
"1060921","wetar",,"arumute"
"1060922","wetas",,"qecuq"
"1060923","wetaskiwin",,"urimuvu"
"1060924","wetawd",,"oremuna"
"1060925","wetback",,"urinoaa"
"1060926","wetbacks",,"urinoten"
"1060927","wetbird",,"urinuoa"
"1060928","wetbrain",,"ironore"
"1060929","wetched",,"qucuno"
"1060930","wetchet",,"qucunen"
"1060931","wetdown",,"qocifa"
"1060932","wetdream",,"qicucoun"
"1060933","wetfast",,"qocuno"
"1060934","wetfastness",,"orekawajat"
"1060935","wetfoot",,"qacofa"
"1060936","weth",,"urimti"
"1060937","wethead",,"qacuve"
"1060938","wether",,"qacue"
"1060939","wetheral",,"iromaqea"
"1060940","wetherall",,"qicovua"
"1060941","wetherbee",,"oremuqae"
"1060942","wetherby",,"eramiqi"
"1060943","wetherbys",,"eramiqat"
"1060944","wethered",,"oremuqot"
"1060945","wetherell",,"qecavou"
"1060946","wetherhead",,"qacuveen"
"1060947","wetherhog",,"oremuqan"
"1060948","wetheril",,"oremuqet"
"1060949","wetherill",,"qoceviat"
"1060950","wethering",,"oremuqana"
"1060951","wetheringsett",,"arumoqoju"
"1060952","wetherington",,"eramiqiji"
"1060953","wethern",,"eramiie"
"1060954","wethers",,"qacuvin"
"1060955","wethersfield",,"oremuquru"
"1060956","wethersfields",,"oremuqurot"
"1060957","wetherteg",,"iromaqina"
"1060958","wethington",,"qicoraan"
"1060959","wetiko",,"qecean"
"1060960","wetland",,"arutiee"
"1060961","wetlander",,"qecuniun"
"1060962","wetlands",,"arutifin"
"1060963","wetlease",,"eratirona"
"1060964","wetley",,"irotonu"
"1060965","wetli",,"oretora"
"1060966","wetlier",,"qicere"
"1060967","wetliest",,"qocareet"
"1060968","wetline",,"qacirot"
"1060969","wetlook",,"aruteote"
"1060970","wetly",,"uritato"
"1060971","wetmop",,"aruveu"
"1060972","wetmopped",,"aruveja"
"1060973","wetmopping",,"aruvejat"
"1060974","wetmops",,"aruvein"
"1060975","wetmore",,"irovuat"
"1060976","wetmores",,"irovuqe"
"1060977","wetnap",,"qacae"
"1060978","wetness",,"aruzoea"
"1060979","wetnesses",,"urizewon"
"1060980","wetnet",,"qeceet"
"1060981","wetnurse",,"qeceboat"
"1060982","wetnursed",,"urizeqon"
"1060983","wetnurses",,"qeceboe"
"1060984","wetnursing",,"urizeqin"
"1060985","wetout",,"uripai"
"1060986","wetproof",,"erafahe"
"1060987","wetproofed",,"qecicuot"
"1060988","wetproofing",,"qecicujoan"
"1060989","wetproofs",,"erafahin"
"1060990","wetransfer",,"qacunoon"
"1060991","wetroom",,"erajoana"
"1060992","wetrot",,"qoceot"
"1060993","wets",,"qacaa"
"1060994","wetscape",,"arucarea"
"1060995","wetside",,"orecoina"
"1060996","wetsuit",,"orecua"
"1060997","wetsuited",,"qocobuet"
"1060998","wetsuits",,"orecusen"
"1060999","wetsuweten",,"qocobion"
"1061000","wetta",,"uriqoni"
"1061001","wettabilities",,"qicunutaun"
"1061002","wettability",,"qeconotio"
"1061003","wettabilitys",,"qeconotiet"
"1061004","wettable",,"oreqasot"
"1061005","wetted",,"qicuon"
"1061006","wettekind",,"iroqavin"
"1061007","wetten",,"qecoet"
"1061008","wettened",,"iroqafana"
"1061009","wettening",,"iroqafa"
"1061010","wettens",,"qecovi"
"1061011","wetter",,"qucaa"
"1061012","wetterhorn",,"iroqaqoa"
"1061013","wetterhoun",,"qicuvuen"
"1061014","wetterlund",,"orequqone"
"1061015","wetters",,"qucaven"
"1061016","wettest",,"qicuvat"
"1061017","wetteth",,"orequot"
"1061018","wettie",,"orequna"
"1061019","wetties",,"oreqoota"
"1061020","wettin",,"qocia"
"1061021","wetting",,"qicurin"
"1061022","wettingen",,"iroqifa"
"1061023","wettingly",,"oreqofan"
"1061024","wettings",,"qicuraa"
"1061025","wettish",,"qacera"
"1061026","wettishness",,"aruqawejan"
"1061027","wetton",,"qucaen"
"1061028","wettstein",,"uriquban"
"1061029","wettsteinian",,"qucaqopio"
"1061030","wetty",,"aruqeto"
"1061031","wetu",,"quce"
"1061032","wetumka",,"qocuzo"
"1061033","wetumkas",,"qocuzeet"
"1061034","wetumpka",,"orewejen"
"1061035","wetumpkas",,"orewejon"
"1061036","wetuppa",,"qicahun"
"1061037","wetwang",,"eradui"
"1061038","wetware",,"oredau"
"1061039","wetwares",,"oredaqot"
"1061040","wetwell",,"qucivet"
"1061041","wetwexwey",,"oredulot"
"1061042","wetwood",,"arudee"
"1061043","wetwork",,"iroduun"
"1061044","wetz",,"arulne"
"1061045","wetzel",,"qucea"
"1061046","wetzell",,"eralion"
"1061047","wetzlar",,"arulie"
"1061048","wetzler",,"irolean"
"1061049","weuns",,"qoqoq"
"1061050","weve",,"qiwaa"
"1061051","wevenphilist",,"uratujaven"
"1061052","wever",,"oritetu"
"1061053","weverka",,"oriteina"
"1061054","wevers",,"oritere"
"1061055","wevertown",,"uratibi"
"1061056","wevertowns",,"uratibat"
"1061057","wevet",,"erotoru"
"1061058","wevil",,"eronutu"
"1061059","wevill",,"qewean"
"1061060","wewa",,"iramti"
"1061061","wewahitchka",,"qabinoduat"
"1061062","wewahitchkas",,"qabinodue"
"1061063","weweia",,"orutenu"
"1061064","wewela",,"qobuu"
"1061065","wewelas",,"qobuvot"
"1061066","wewelsburg",,"qobuvuan"
"1061067","wewenoc",,"qobupot"
"1061068","wewenocs",,"qobupao"
"1061069","wewoka",,"urepara"
"1061070","wewokas",,"urepeen"
"1061071","wexcombe",,"eruropon"
"1061072","wexe",,"qodu"
"1061073","wexed",,"aritero"
"1061074","wexes",,"qoduq"
"1061075","wexford",,"arikeu"
"1061076","wexing",,"arinuni"
"1061077","wexis",,"qidiq"
"1061078","wexit",,"erunotu"
"1061079","wexler",,"qeduet"
"1061080","wexner",,"qadaun"
"1061081","weyand",,"uriminn"
"1061082","weyandt",,"qagipe"
"1061083","weyanoke",,"qegupuat"
"1061084","weyanokes",,"qegupue"
"1061085","weyant",,"urimota"
"1061086","weyard",,"oremune"
"1061087","weyauwega",,"arumokin"
"1061088","weyauwegas",,"arumoka"
"1061089","weybourne",,"qegafaun"
"1061090","weybridge",,"qigocain"
"1061091","weyburn",,"qagubu"
"1061092","weycroft",,"qegecuun"
"1061093","weyden",,"oresuna"
"1061094","weydens",,"oresuui"
"1061095","weye",,"aruttu"
"1061096","weyekin",,"qigate"
"1061097","weyenberg",,"qagopea"
"1061098","weyer",,"qoguc"
"1061099","weyerhaeuser",,"qegicosoot"
"1061100","weyerhaeusers",,"qegicosoo"
"1061101","weyerhau",,"erataria"
"1061102","weyerhauser",,"qogucisian"
"1061103","weyerhausers",,"qogucisiun"
"1061104","weyermann",,"qegicoe"
"1061105","weyers",,"qoguu"
"1061106","weyewa",,"urituta"
"1061107","weygafol",,"arulimo"
"1061108","weygand",,"aruliea"
"1061109","weygands",,"arulifin"
"1061110","weygandt",,"qeguniat"
"1061111","weyhill",,"qaguro"
"1061112","weyhrauc",,"oremera"
"1061113","weyl",,"qegu"
"1061114","weyleway",,"qeguvoi"
"1061115","weylian",,"irotiun"
"1061116","weylin",,"oretott"
"1061117","weyls",,"qeguq"
"1061118","weyman",,"qugio"
"1061119","weymann",,"aruviua"
"1061120","weymontachi",,"qegafidien"
"1061121","weymontachie",,"qagufodoun"
"1061122","weymontachingue",,"eravofute"
"1061123","weymouth",,"aruveda"
"1061124","weynss",,"qagae"
"1061125","weyr",,"qigoa"
"1061126","weyrich",,"orejoa"
"1061127","weys",,"eracle"
"1061128","weyve",,"qagiva"
"1061129","weyved",,"irobena"
"1061130","weyves",,"qagiat"
"1061131","weyving",,"irobie"
"1061132","weywadt",,"uridoot"
"1061133","weyward",,"arudiat"
"1061134","weywot",,"qogein"
"1061135","wezand",,"qakiat"
"1061136","wezands",,"qakipe"
"1061137","wezeer",,"urutuo"
"1061138","wezen",,"orotora"
"1061139","wezens",,"orotera"
"1061140","wezn",,"irizno"
"1061141","wezns",,"irizii"
"1061142","wezon",,"arapau"
"1061143","wfcalcag",,"idemetu"
"1061144","wfeo",,"qusae"
"1061145","wffs",,"idicna"
"1061146","wfhc",,"oduro"
"1061147","wfhogue",,"idapein"
"1061148","wfjmiii",,"udivue"
"1061149","wflower",,"qesogun"
"1061150","wfms",,"qetea"
"1061151","wfna",,"adims"
"1061152","wfoe",,"quze"
"1061153","wfpb",,"qapua"
"1061154","wfpc",,"idira"
"1061155","wfpcii",,"idire"
"1061156","wfps",,"idicne"
"1061157","wfrm",,"adovi"
"1061158","wfrms",,"adovaa"
"1061159","wfrttemberg",,"udeqazavin"
"1061160","wfrttembergs",,"udeqazava"
"1061161","wfrzburg",,"qehirau"
"1061162","wfrzburgs",,"qehiraot"
"1061163","wfsp",,"idefi"
"1061164","wftda",,"qicun"
"1061165","wftu",,"aduw"
"1061166","wgadna",,"agesun"
"1061167","wgara",,"qelun"
"1061168","wgat",,"qulue"
"1061169","wghtptsn",,"qolohuot"
"1061170","wgmi",,"ugenu"
"1061171","wgsr",,"qujoa"
"1061172","wgta",,"qucee"
"1061173","wgton",,"agupaa"
"1061174","wguod",,"ququt"
"1061175","wgwag",,"egimu"
"1061176","wgyuen",,"qegou"
"1061177","wha",,"qal"
"1061178","whaanau",,"akemaue"
"1061179","whabby",,"qilaet"
"1061180","whac",,"qalii"
"1061181","whachacallit",,"qulonovuot"
"1061182","whachamacallit",,"qilenefiun"
"1061183","whack",,"qulot"
"1061184","whackable",,"qiletee"
"1061185","whackadoo",,"akeroro"
"1061186","whackadoodle",,"okiruracun"
"1061187","whackage",,"qalitiin"
"1061188","whacked",,"ukareo"
"1061189","whacker",,"akerou"
"1061190","whackers",,"akerozot"
"1061191","whackets",,"ukarezon"
"1061192","whackier",,"akerosa"
"1061193","whackiest",,"ukaresat"
"1061194","whackily",,"ekorise"
"1061195","whacking",,"ukaresun"
"1061196","whackings",,"ukaresu"
"1061197","whackjob",,"qelutoat"
"1061198","whacko",,"qeluet"
"1061199","whackoes",,"qalitein"
"1061200","whackopedia",,"qolaticean"
"1061201","whackos",,"qeluti"
"1061202","whacks",,"quloa"
"1061203","whacktabacky",,"qolatisian"
"1061204","whacky",,"qeluen"
"1061205","whackypedia",,"qolaticei"
"1061206","whackyweed",,"ikuramu"
"1061207","whad",,"ekostu"
"1061208","whaddayacallit",,"okisiratin"
"1061209","whaddayaknow",,"ekosoruta"
"1061210","whaddayamean",,"akeseritet"
"1061211","whaddayasay",,"qelatuneat"
"1061212","whaddayathink",,"ekosoruton"
"1061213","whaddayawant",,"qulitonuat"
"1061214","whaddie",,"qiloti"
"1061215","whaddon",,"akeseua"
"1061216","whaddup",,"ekosoon"
"1061217","whadjuk",,"qolesa"
"1061218","whae",,"qului"
"1061219","whafabout",,"akekisen"
"1061220","whaff",,"qilil"
"1061221","whaffor",,"okikuon"
"1061222","whagwaan",,"akelura"
"1061223","whagwan",,"ukalion"
"1061224","whah",,"okimne"
"1061225","whahoo",,"ekomanna"
"1061226","whaikorero",,"qiletuen"
"1061227","whaikoreros",,"qiletuwoon"
"1061228","whaingaroan",,"okinonobin"
"1061229","whaisle",,"ukanuon"
"1061230","whaisled",,"qolaqao"
"1061231","whaisles",,"ukanuzan"
"1061232","whaisling",,"qolaqaun"
"1061233","whaitsiid",,"qulowuun"
"1061234","whaizle",,"qulomen"
"1061235","whaizled",,"akenozot"
"1061236","whaizles",,"qulomoon"
"1061237","whaizling",,"akenozana"
"1061238","whakairo",,"ukasosat"
"1061239","whakairos",,"ukasose"
"1061240","whakapapa",,"qalanoa"
"1061241","whakapapas",,"qalanoen"
"1061242","whakat",,"ekosona"
"1061243","whakatane",,"qolonien"
"1061244","whaker",,"akeseta"
"1061245","whal",,"aketne"
"1061246","whalan",,"qoliin"
"1061247","whalans",,"qolina"
"1061248","whale",,"ukateso"
"1061249","whaleback",,"qiluvoe"
"1061250","whalebacker",,"ukatesuzun"
"1061251","whalebacks",,"qiluvoin"
"1061252","whalebird",,"qiluvou"
"1061253","whaleboat",,"okitusete"
"1061254","whaleboater",,"qalevujaen"
"1061255","whaleboats",,"okitusie"
"1061256","whalebone",,"ikutasini"
"1061257","whaleboned",,"qelovaun"
"1061258","whalebones",,"ikutasaa"
"1061259","whaleboning",,"qelovajien"
"1061260","whaleburger",,"qiluvoguo"
"1061261","whalecraft",,"qalevaen"
"1061262","whaled",,"qolie"
"1061263","whaledom",,"qolivio"
"1061264","whalefall",,"qolivui"
"1061265","whalefeed",,"ikutamu"
"1061266","whalefish",,"ekotima"
"1061267","whalefisher",,"qulaveteot"
"1061268","whalehead",,"ukateria"
"1061269","whalehide",,"ikutarota"
"1061270","whalehood",,"ikutaraa"
"1061271","whaleish",,"qiluviin"
"1061272","whalekind",,"aketovet"
"1061273","whaleless",,"qalevia"
"1061274","whalelike",,"qulavoat"
"1061275","whaleling",,"ekotizaa"
"1061276","whalelore",,"ukatezata"
"1061277","whaleman",,"qulavion"
"1061278","whalemeat",,"qalevuot"
"1061279","whalemen",,"qoliveo"
"1061280","whalen",,"qaleun"
"1061281","whaleorca",,"qelovoat"
"1061282","whaler",,"qilui"
"1061283","whaleries",,"qoliveet"
"1061284","whalerman",,"ekotique"
"1061285","whaleroad",,"okituqet"
"1061286","whalers",,"qiluvat"
"1061287","whalery",,"qaleve"
"1061288","whales",,"ukatole"
"1061289","whalesbury",,"ekotiwu"
"1061290","whaleses",,"ikutawe"
"1061291","whaleshark",,"aketowi"
"1061292","whaleship",,"ekotiwot"
"1061293","whaleshit",,"ukatewe"
"1061294","whalesman",,"qulavuan"
"1061295","whaleson",,"qolivoen"
"1061296","whalesong",,"qiluvia"
"1061297","whalesongs",,"qiluvien"
"1061298","whalespeak",,"qiluviot"
"1061299","whalesucker",,"qalevagoet"
"1061300","whalesuckeres",,"qulavugein"
"1061301","whalesuckers",,"qalevagoi"
"1061302","whalewatcher",,"qelovasuot"
"1061303","whalewatching",,"qalevusiu"
"1061304","whaley",,"ekotets"
"1061305","whaleysville",,"qulavabuot"
"1061306","whaleysvilles",,"qulavabuo"
"1061307","whaling",,"qoliret"
"1061308","whalings",,"qoliroi"
"1061309","whalish",,"qulari"
"1061310","whall",,"qoliv"
"1061311","whallah",,"aketiaa"
"1061312","whalley",,"qiluvata"
"1061313","whallock",,"qiluvuin"
"1061314","whallon",,"ikuteina"
"1061315","whallonsburg",,"ukatohedet"
"1061316","whallonsburgs",,"ukatohedi"
"1061317","whally",,"qulao"
"1061318","whalm",,"ikutole"
"1061319","whalp",,"qaleh"
"1061320","whalsay",,"ikutiuna"
"1061321","whalton",,"ukataia"
"1061322","whaly",,"okitiru"
"1061323","wham",,"qilae"
"1061324","whamageddon",,"ukavonipu"
"1061325","whamble",,"qeliron"
"1061326","whambled",,"okivezo"
"1061327","whambles",,"qeliruan"
"1061328","whambling",,"okivezun"
"1061329","whambulance",,"akevudaton"
"1061330","whame",,"qoluv"
"1061331","whamer",,"ukavoi"
"1061332","whamest",,"ikuvaun"
"1061333","whammed",,"ekovai"
"1061334","whammeds",,"ekovazat"
"1061335","whammel",,"akevuot"
"1061336","whammeled",,"qoluzuen"
"1061337","whammeling",,"qoluzue"
"1061338","whammelled",,"okivezana"
"1061339","whammelling",,"okivezofa"
"1061340","whammels",,"akevuzo"
"1061341","whammer",,"okiveo"
"1061342","whammers",,"okivezet"
"1061343","whammest",,"ekovazun"
"1061344","whammie",,"qalozin"
"1061345","whammies",,"qalozaa"
"1061346","whamming",,"ekovasot"
"1061347","whammings",,"ekovaso"
"1061348","whammle",,"akevuota"
"1061349","whammo",,"qilaat"
"1061350","whammos",,"qilaze"
"1061351","whammy",,"qilaan"
"1061352","whamo",,"qalof"
"1061353","whamola",,"ekovoat"
"1061354","whamp",,"ekovio"
"1061355","whampee",,"ukaveen"
"1061356","whample",,"qoluha"
"1061357","whamples",,"qoluhaen"
"1061358","whampoa",,"ukaveon"
"1061359","whams",,"qilaqe"
"1061360","whamsy",,"qalouna"
"1061361","whan",,"ukazna"
"1061362","whanau",,"ukazoi"
"1061363","whanaus",,"ukazoeta"
"1061364","whand",,"qolat"
"1061365","whang",,"akezii"
"1061366","whangable",,"ukazorat"
"1061367","whangaehu",,"qilemeot"
"1061368","whangai",,"ekozuun"
"1061369","whangam",,"ukazoia"
"1061370","whangams",,"ukazorata"
"1061371","whanganui",,"qelumuin"
"1061372","whangarei",,"qulomoat"
"1061373","whangareis",,"qulomoe"
"1061374","whangdoodle",,"qulomajou"
"1061375","whangdoodles",,"qulomajoot"
"1061376","whanged",,"qolamot"
"1061377","whangee",,"ikuzeun"
"1061378","whangees",,"ikuzezu"
"1061379","whanger",,"qilemun"
"1061380","whangers",,"qilemau"
"1061381","whanghee",,"qolameen"
"1061382","whanghoa",,"qolameon"
"1061383","whanging",,"qolamoan"
"1061384","whangpoo",,"qulomeat"
"1061385","whangs",,"akezina"
"1061386","whank",,"ikuzane"
"1061387","whanked",,"qalite"
"1061388","whanker",,"qelutia"
"1061389","whanket",,"qalitu"
"1061390","whanking",,"qalitaet"
"1061391","whanks",,"ikuzunn"
"1061392","whannel",,"ukazuon"
"1061393","whanregarwen",,"quloceruin"
"1061394","whant",,"qolaw"
"1061395","whap",,"ikufn"
"1061396","whapped",,"ikufaat"
"1061397","whapper",,"ukafeet"
"1061398","whappers",,"ukafezi"
"1061399","whappet",,"ikufaun"
"1061400","whapping",,"ikufaso"
"1061401","whaps",,"ikufiu"
"1061402","whapuka",,"okifuo"
"1061403","whapukee",,"ukafevon"
"1061404","whapuku",,"akefoot"
"1061405","whar",,"okijni"
"1061406","wharangi",,"qalonao"
"1061407","wharanui",,"qilaniu"
"1061408","whare",,"ekojino"
"1061409","whareer",,"quleva"
"1061410","wharekai",,"ekojivun"
"1061411","wharenui",,"qeliveat"
"1061412","wharenuis",,"qelivee"
"1061413","wharepuni",,"ukajejun"
"1061414","wharepunis",,"ukajeju"
"1061415","whares",,"ekojete"
"1061416","wharf",,"qolula"
"1061417","wharfage",,"qilaleu"
"1061418","wharfages",,"qilaleot"
"1061419","wharfe",,"qeliet"
"1061420","wharfed",,"okijuaa"
"1061421","wharfedale",,"qulelean"
"1061422","wharfhead",,"qoluleet"
"1061423","wharfholder",,"qolulejoe"
"1061424","wharfie",,"qelilan"
"1061425","wharfies",,"qelileun"
"1061426","wharfing",,"okijusat"
"1061427","wharfinger",,"qalolaan"
"1061428","wharfingers",,"qalolahaun"
"1061429","wharfings",,"okijuse"
"1061430","wharfland",,"akejozeta"
"1061431","wharfless",,"ekojizin"
"1061432","wharflike",,"akejozi"
"1061433","wharfman",,"akejopen"
"1061434","wharfmaster",,"qalolusoi"
"1061435","wharfmasters",,"qalolusoat"
"1061436","wharfmen",,"ikujapot"
"1061437","wharfrae",,"ukajeqi"
"1061438","wharfs",,"qoluot"
"1061439","wharfside",,"okijuwi"
"1061440","wharfward",,"qelilaun"
"1061441","wharfwards",,"qelilau"
"1061442","wharl",,"quleve"
"1061443","wharling",,"ukajose"
"1061444","wharmby",,"qelizon"
"1061445","wharncliffe",,"akejatave"
"1061446","wharncliffes",,"akejatavin"
"1061447","wharp",,"qoluh"
"1061448","wharparilla",,"ikujaruvi"
"1061449","wharra",,"qoluu"
"1061450","wharram",,"qalocu"
"1061451","wharrow",,"qelici"
"1061452","wharry",,"qilai"
"1061453","whart",,"qalow"
"1061454","wharton",,"ekojoata"
"1061455","whartonesque",,"ukajahefot"
"1061456","whartonian",,"qilawuen"
"1061457","whartons",,"ekojohe"
"1061458","wharve",,"qilaon"
"1061459","wharved",,"ukajoo"
"1061460","wharves",,"qiladan"
"1061461","wharving",,"ukajosun"
"1061462","whas",,"qalio"
"1061463","whase",,"qulove"
"1061464","whaserface",,"qeluvaun"
"1061465","whasername",,"qalivuo"
"1061466","whasian",,"akecaota"
"1061467","whasisface",,"ikuciwo"
"1061468","whasisname",,"okicowat"
"1061469","whasle",,"ukacou"
"1061470","whassup",,"okicooa"
"1061471","whasup",,"okicota"
"1061472","what",,"ekoqni"
"1061473","whata",,"okiqat"
"1061474","whataboutery",,"qilonojoo"
"1061475","whataboutism",,"ekoqusuket"
"1061476","whataboutist",,"qelanajao"
"1061477","whatabouts",,"ikuqesa"
"1061478","whatagwan",,"qilonein"
"1061479","whatas",,"okiqin"
"1061480","whatcha",,"qelason"
"1061481","whatchacallem",,"qelasasien"
"1061482","whatchacallit",,"akeqarazu"
"1061483","whatcham",,"qulision"
"1061484","whatchamacaller",,"ukaquruhon"
"1061485","whatchamacallher",,"qilososuin"
"1061486","whatchamacallhim",,"ikuqirihen"
"1061487","whatchamacallim",,"qelasasoun"
"1061488","whatchamacallit",,"ukaquruhan"
"1061489","whatchamacallits",,"ukaquruhun"
"1061490","whatchamacallum",,"qalususeot"
"1061491","whatchamahoozie",,"qalususea"
"1061492","whatcheeriid",,"qilosopoet"
"1061493","whatchy",,"qolesot"
"1061494","whatchyall",,"qalusuet"
"1061495","whatcom",,"ekoqean"
"1061496","whatd",,"qulit"
"1061497","whatdoyoucallit",,"ikuquhecin"
"1061498","whatdyecallem",,"qalutepoi"
"1061499","whateer",,"qilovi"
"1061500","whateffer",,"qelavie"
"1061501","whateley",,"qiloveat"
"1061502","whately",,"qulivo"
"1061503","whatelys",,"qulivoet"
"1061504","whaten",,"qelaena"
"1061505","whater",,"quliot"
"1061506","whatere",,"qilovia"
"1061507","whatest",,"qilovan"
"1061508","whatev",,"qolee"
"1061509","whatevah",,"akeqogot"
"1061510","whatever",,"ikuqagun"
"1061511","whateveres",,"okiquget"
"1061512","whateverism",,"ekoqigaba"
"1061513","whateverist",,"qelavupoin"
"1061514","whateverness",,"qilovepuo"
"1061515","whatevers",,"ikuqagu"
"1061516","whateversexual",,"ikuqagobi"
"1061517","whateversville",,"qelavupoon"
"1061518","whateverville",,"qelavupoen"
"1061519","whateves",,"qelavuon"
"1061520","whatevs",,"qolevin"
"1061521","whatevuh",,"ikuqagua"
"1061522","whatevz",,"akeqoee"
"1061523","whath",,"qaluna"
"1061524","whathaveyou",,"ikuqorifen"
"1061525","whatkin",,"qelatat"
"1061526","whatley",,"qulivoa"
"1061527","whatlike",,"qelaveun"
"1061528","whatling",,"ikuqeso"
"1061529","whatll",,"ikuquni"
"1061530","whatman",,"qelazi"
"1061531","whatna",,"qiloi"
"1061532","whatness",,"qelapian"
"1061533","whatnesses",,"qalupoo"
"1061534","whatnot",,"akeqaot"
"1061535","whatnots",,"akeqaho"
"1061536","whatnottery",,"ekoqehuga"
"1061537","whatre",,"quliota"
"1061538","whatreck",,"qilocaun"
"1061539","whats",,"ekoqena"
"1061540","whatsaname",,"qelaque"
"1061541","whatsapp",,"akeqara"
"1061542","whatsapped",,"qoleqaet"
"1061543","whatsapper",,"qiloqeot"
"1061544","whatsapping",,"qoleqaceu"
"1061545","whatsapps",,"akeqaren"
"1061546","whatsay",,"ukaquen"
"1061547","whatseface",,"qaluqoa"
"1061548","whatsename",,"quliqean"
"1061549","whatserface",,"okiqoziran"
"1061550","whatsername",,"ekoqezojot"
"1061551","whatsherface",,"qelaqapoa"
"1061552","whatshername",,"qaluqupean"
"1061553","whatshernames",,"qaluqupeun"
"1061554","whatshisface",,"ikuqiradan"
"1061555","whatshisname",,"okiqorudot"
"1061556","whatshisnames",,"okiqorudo"
"1061557","whatsie",,"akeqain"
"1061558","whatsis",,"ekoqeat"
"1061559","whatsises",,"akeqasen"
"1061560","whatsisface",,"qelaqebaot"
"1061561","whatsisname",,"qaluqaboi"
"1061562","whatsit",,"quliqet"
"1061563","whatsits",,"quliqui"
"1061564","whatsitsname",,"ekoqesudet"
"1061565","whatsitsnames",,"ekoqesudi"
"1061566","whatso",,"ikuqata"
"1061567","whatsoeer",,"qaluqeot"
"1061568","whatsoev",,"quliqaet"
"1061569","whatsoever",,"akeqahen"
"1061570","whatsoeveres",,"ukaquhilu"
"1061571","whatsoevers",,"akeqahulon"
"1061572","whatsomever",,"ikuqihufen"
"1061573","whatstandwell",,"qelaqosien"
"1061574","whatstheirface",,"okiqobifo"
"1061575","whatstheirname",,"ekoqebofat"
"1061576","whatsup",,"qaluqu"
"1061577","whatsupd",,"ekoqedat"
"1061578","whatta",,"qaluat"
"1061579","whatten",,"okiqiaa"
"1061580","whatter",,"akeqeua"
"1061581","whattest",,"ukaqazon"
"1061582","whatth",,"ekoqio"
"1061583","whatthef",,"qaluwua"
"1061584","whatthefuck",,"qilowopoet"
"1061585","whatthehell",,"qaluwupean"
"1061586","whatve",,"qoleea"
"1061587","whatwg",,"akequo"
"1061588","whatzername",,"qelamiwiu"
"1061589","whatzisname",,"ikuqasajet"
"1061590","whatzit",,"okiquo"
"1061591","whau",,"quluo"
"1061592","whauk",,"qilit"
"1061593","whaup",,"okiwuo"
"1061594","whaups",,"okiwote"
"1061595","whaur",,"ekowas"
"1061596","whaurs",,"ekowona"
"1061597","whauve",,"ikuwiu"
"1061598","whazup",,"qolou"
"1061599","whazzit",,"ukaleeta"
"1061600","whazzup",,"akelou"
"1061601","whbl",,"qimua"
"1061602","whbq",,"okuh"
"1061603","whca",,"qane"
"1061604","whcd",,"akissu"
"1061605","whchung",,"qonuben"
"1061606","whct",,"akiqni"
"1061607","whea",,"qusai"
"1061608","wheaf",,"okomune"
"1061609","wheah",,"ekemasa"
"1061610","wheal",,"ukumonu"
"1061611","whealed",,"qesoven"
"1061612","whealing",,"qesovee"
"1061613","wheals",,"ukumotu"
"1061614","whealworm",,"qesovae"
"1061615","whealy",,"ekemetn"
"1061616","wheam",,"qosiz"
"1061617","whear",,"ekemasi"
"1061618","wheare",,"akamatn"
"1061619","wheat",,"akameno"
"1061620","wheatback",,"qusawiet"
"1061621","wheatbelt",,"qesowaan"
"1061622","wheatberry",,"qesowaat"
"1061623","wheatbird",,"qusawion"
"1061624","wheatboard",,"qosiween"
"1061625","wheatbread",,"qusawieta"
"1061626","wheatcroft",,"qosiwoi"
"1061627","wheatcrofts",,"qosiwowaat"
"1061628","wheate",,"ukumotn"
"1061629","wheatear",,"qusaweo"
"1061630","wheateared",,"ukumazone"
"1061631","wheatears",,"qusaweet"
"1061632","wheated",,"qosiwe"
"1061633","wheately",,"qisuwaat"
"1061634","wheaten",,"qasewun"
"1061635","wheatener",,"ekemozat"
"1061636","wheatenest",,"akamezoa"
"1061637","wheatenner",,"qosiwuet"
"1061638","wheatennest",,"qesowihiu"
"1061639","wheatens",,"qasewou"
"1061640","wheater",,"qisuwi"
"1061641","wheatfeed",,"ukumamon"
"1061642","wheatfield",,"qosiwui"
"1061643","wheatfieldes",,"qesowitaa"
"1061644","wheatfields",,"qosiwuteat"
"1061645","wheatflake",,"ukumame"
"1061646","wheatflakes",,"ukumamutin"
"1061647","wheatflour",,"qasewoon"
"1061648","wheatgerm",,"qosiwaet"
"1061649","wheatgrass",,"qesowuu"
"1061650","wheatgrasses",,"qasewiwai"
"1061651","wheatgrasss",,"qesowuweot"
"1061652","wheatgrower",,"ekemonoca"
"1061653","wheatgrowing",,"akamenecin"
"1061654","wheathampstead",,"akamerahe"
"1061655","wheatie",,"ukumaen"
"1061656","wheatier",,"qisuwiun"
"1061657","wheaties",,"ukumason"
"1061658","wheatiess",,"ukumasana"
"1061659","wheatiest",,"qosiwoen"
"1061660","wheatings",,"qosiwoia"
"1061661","wheatish",,"qusawui"
"1061662","wheatlage",,"qisuweu"
"1061663","wheatland",,"qasewiot"
"1061664","wheatlands",,"qasewio"
"1061665","wheatless",,"qesowuat"
"1061666","wheatlessness",,"ukumazida"
"1061667","wheatley",,"qisuweat"
"1061668","wheatleyi",,"qisuweua"
"1061669","wheatleyite",,"ikimuzoro"
"1061670","wheatleys",,"qisuwee"
"1061671","wheatlike",,"qasewioa"
"1061672","wheatman",,"qasewuin"
"1061673","wheatmeal",,"qasewuot"
"1061674","wheatmeals",,"qasewuo"
"1061675","wheaton",,"qisuwat"
"1061676","wheatpaste",,"ekemoje"
"1061677","wheatpasted",,"qusawesean"
"1061678","wheatpaster",,"qasewosoen"
"1061679","wheatpasting",,"qusawesea"
"1061680","wheatrick",,"qisuwoin"
"1061681","wheats",,"akamunt"
"1061682","wheatsel",,"qesowei"
"1061683","wheatsheaf",,"okomiwan"
"1061684","wheatsheaves",,"ikimuwufen"
"1061685","wheatstack",,"qisuwiin"
"1061686","wheatstalk",,"ikimuwo"
"1061687","wheatstarch",,"qasewadaet"
"1061688","wheatsto",,"qasewain"
"1061689","wheatstone",,"ikimuwa"
"1061690","wheatstones",,"ikimuwecen"
"1061691","wheatworm",,"qosiweet"
"1061692","wheatworms",,"qosiwei"
"1061693","wheaty",,"okomuni"
"1061694","wheble",,"qesio"
"1061695","whedder",,"ikisuia"
"1061696","wheddon",,"ikisuat"
"1061697","whedon",,"qoseu"
"1061698","whedonesque",,"qasufapoen"
"1061699","whedonian",,"okosifi"
"1061700","whedonite",,"okosifona"
"1061701","whedonspeak",,"ukusafequ"
"1061702","whedonverse",,"qusifukiat"
"1061703","whee",,"qosoa"
"1061704","wheech",,"ukutara"
"1061705","wheeched",,"qesesaet"
"1061706","wheeching",,"qesesau"
"1061707","wheechs",,"ukutuen"
"1061708","wheed",,"ikituto"
"1061709","wheedle",,"qusutot"
"1061710","wheedled",,"akateze"
"1061711","wheedler",,"eketozi"
"1061712","wheedlers",,"eketozat"
"1061713","wheedles",,"qusutoo"
"1061714","wheedlesome",,"qisitepaot"
"1061715","wheedling",,"akatezet"
"1061716","wheedlingly",,"qusutotein"
"1061717","wheedlings",,"akatezi"
"1061718","wheedly",,"qosotu"
"1061719","wheeel",,"eketenn"
"1061720","wheeing",,"okotoen"
"1061721","wheek",,"qeset"
"1061722","wheeked",,"eketiet"
"1061723","wheeking",,"eketisu"
"1061724","wheeks",,"qeseena"
"1061725","wheel",,"okotada"
"1061726","wheelabies",,"qesevuun"
"1061727","wheelable",,"eketurat"
"1061728","wheelabrate",,"qosovatiet"
"1061729","wheelabrated",,"ikiteruba"
"1061730","wheelabrating",,"ikiterubat"
"1061731","wheelabrator",,"okotaribun"
"1061732","wheelabrators",,"okotaribu"
"1061733","wheelage",,"ikitere"
"1061734","wheelan",,"qusuvo"
"1061735","wheeland",,"akatirina"
"1061736","wheelarch",,"ukutorane"
"1061737","wheelback",,"qesevaan"
"1061738","wheelband",,"qusuviet"
"1061739","wheelbarrel",,"okotasoban"
"1061740","wheelbarrow",,"qisivosua"
"1061741","wheelbarrowed",,"ikitesibet"
"1061742","wheelbarrower",,"ukutosubot"
"1061743","wheelbarrowers",,"ukutosubo"
"1061744","wheelbarrowful",,"qosovesia"
"1061745","wheelbarrowing",,"ikitesibu"
"1061746","wheelbarrowlike",,"eketusebun"
"1061747","wheelbarrows",,"qisivosuen"
"1061748","wheelbas",,"qosoveot"
"1061749","wheelbase",,"qesevai"
"1061750","wheelbased",,"okotasena"
"1061751","wheelbases",,"qesevaat"
"1061752","wheelbench",,"qisivoin"
"1061753","wheelbender",,"ikitesojot"
"1061754","wheelbird",,"qesevaata"
"1061755","wheelbox",,"okotasoa"
"1061756","wheelbuilding",,"ikitesove"
"1061757","wheelcha",,"qosovoa"
"1061758","wheelchair",,"ukutotea"
"1061759","wheelchairbound",,"qesevesean"
"1061760","wheelchaired",,"qeseveseot"
"1061761","wheelchairing",,"qeseveseana"
"1061762","wheelchairs",,"ukutotatin"
"1061763","wheelclamping",,"qisivipiun"
"1061764","wheelcraft",,"qisiviot"
"1061765","wheeldom",,"qasavein"
"1061766","wheeldon",,"eketuvat"
"1061767","wheeled",,"qusuvot"
"1061768","wheeler",,"qasavun"
"1061769","wheelerdealer",,"ukutozapu"
"1061770","wheelerian",,"akatizet"
"1061771","wheelerite",,"akatizen"
"1061772","wheelers",,"qasavou"
"1061773","wheelersburg",,"qeseviwia"
"1061774","wheelersburgs",,"qeseviwien"
"1061775","wheelerwood",,"ikitezumo"
"1061776","wheelery",,"qosovuot"
"1061777","wheelest",,"qusuveen"
"1061778","wheeleth",,"eketuzat"
"1061779","wheelflat",,"qesevie"
"1061780","wheelful",,"eketume"
"1061781","wheelgun",,"qisiveu"
"1061782","wheelhorse",,"ukutorea"
"1061783","wheelhorses",,"ukutorobin"
"1061784","wheelhou",,"qosoveen"
"1061785","wheelhouse",,"qesevau"
"1061786","wheelhouses",,"qesevajaot"
"1061787","wheelie",,"eketuio"
"1061788","wheelied",,"qusuvuen"
"1061789","wheelieing",,"qisivien"
"1061790","wheelier",,"qasavain"
"1061791","wheelies",,"eketusat"
"1061792","wheeliest",,"qusuvui"
"1061793","wheeling",,"qusuvuan"
"1061794","wheelingite",,"ukutosesa"
"1061795","wheelingly",,"eketuso"
"1061796","wheelings",,"qusuvuun"
"1061797","wheelless",,"qisiveua"
"1061798","wheellessness",,"eketuzadet"
"1061799","wheellike",,"qosovaon"
"1061800","wheellock",,"qasavio"
"1061801","wheelmaker",,"qisivoot"
"1061802","wheelmaking",,"qosoveseu"
"1061803","wheelman",,"qosoveo"
"1061804","wheelmark",,"qusuvian"
"1061805","wheelmen",,"qasavuin"
"1061806","wheelock",,"ikitehu"
"1061807","wheelocks",,"ikitehot"
"1061808","wheelpants",,"qasavoen"
"1061809","wheelperson",,"qesevipoot"
"1061810","wheelpit",,"ikitejin"
"1061811","wheelrace",,"qesevaia"
"1061812","wheelrim",,"qusuvii"
"1061813","wheelroad",,"akatiqaa"
"1061814","wheels",,"okotint"
"1061815","wheelset",,"qusuvuena"
"1061816","wheelslide",,"ukutowun"
"1061817","wheelslip",,"okotawan"
"1061818","wheelsman",,"qosovoet"
"1061819","wheelsmen",,"qasavaa"
"1061820","wheelsmith",,"akatiwan"
"1061821","wheelspan",,"okotawon"
"1061822","wheelspin",,"eketuwin"
"1061823","wheelspinned",,"okotawevu"
"1061824","wheelspinning",,"okotawevon"
"1061825","wheelspins",,"eketuwaa"
"1061826","wheelspun",,"akatiwen"
"1061827","wheelstand",,"qisiviin"
"1061828","wheelstanded",,"ikiteweto"
"1061829","wheelstanding",,"ikitewetun"
"1061830","wheelstands",,"qisividia"
"1061831","wheelstone",,"akatiwet"
"1061832","wheelstood",,"akatiweta"
"1061833","wheelsuck",,"akatiwo"
"1061834","wheelsucked",,"qosovoguon"
"1061835","wheelsucker",,"qisivigaa"
"1061836","wheelsucking",,"qosovoguin"
"1061837","wheelsucks",,"akatiwete"
"1061838","wheelswarf",,"ikitewo"
"1061839","wheeltapper",,"akatibaqon"
"1061840","wheeltapping",,"ukutobuqen"
"1061841","wheelwar",,"qasavuu"
"1061842","wheelway",,"ikitekun"
"1061843","wheelwell",,"eketuke"
"1061844","wheelwise",,"ukutokan"
"1061845","wheelwoman",,"qosovei"
"1061846","wheelwork",,"qasavuo"
"1061847","wheelworks",,"qasavuet"
"1061848","wheelwright",,"qasavuwoat"
"1061849","wheelwrighting",,"akatikevon"
"1061850","wheelwrights",,"qasavuwoe"
"1061851","wheely",,"ukutare"
"1061852","wheelying",,"qesevou"
"1061853","wheem",,"qasaz"
"1061854","wheen",,"eketeso"
"1061855","wheencat",,"qasapae"
"1061856","wheenge",,"eketeia"
"1061857","wheenged",,"qusupoen"
"1061858","wheengeing",,"qisipeen"
"1061859","wheenges",,"eketenat"
"1061860","wheenging",,"qusupoe"
"1061861","wheens",,"eketetn"
"1061862","wheeny",,"ikititi"
"1061863","wheeo",,"qusuf"
"1061864","wheep",,"akatoto"
"1061865","wheeped",,"qosohe"
"1061866","wheeping",,"qosohoet"
"1061867","wheeple",,"qesehet"
"1061868","wheepled",,"okotuza"
"1061869","wheeples",,"qesehui"
"1061870","wheepling",,"okotuzat"
"1061871","wheeps",,"akatunu"
"1061872","wheer",,"ukutiti"
"1061873","wheerikins",,"qusucuu"
"1061874","whees",,"qosoqa"
"1061875","wheesh",,"ukutoro"
"1061876","wheeshed",,"qeseqaon"
"1061877","wheeshes",,"ikitirea"
"1061878","wheeshing",,"qeseqain"
"1061879","wheesht",,"qosoqot"
"1061880","wheeshted",,"okotoren"
"1061881","wheeshtes",,"qeseqaat"
"1061882","wheeshting",,"okotorea"
"1061883","wheeshts",,"qosoqeo"
"1061884","wheetle",,"qusuwa"
"1061885","wheetled",,"akatezua"
"1061886","wheetles",,"qusuwoen"
"1061887","wheetling",,"akatezon"
"1061888","wheeze",,"ukutinn"
"1061889","wheezed",,"qosomun"
"1061890","wheezer",,"qisimon"
"1061891","wheezers",,"qisimaan"
"1061892","wheezes",,"ukuteaa"
"1061893","wheezier",,"qisimiat"
"1061894","wheeziest",,"qosomoo"
"1061895","wheezilier",,"ikitasoa"
"1061896","wheeziliest",,"okotusovun"
"1061897","wheezily",,"qusumuet"
"1061898","wheeziness",,"qasamao"
"1061899","wheezinesses",,"qusumuhie"
"1061900","wheezinesss",,"qasamahuet"
"1061901","wheezing",,"qosomoen"
"1061902","wheezinglier",,"qasamahaun"
"1061903","wheezingliest",,"qusumuhuen"
"1061904","wheezingly",,"ukutesu"
"1061905","wheezings",,"qosomoon"
"1061906","wheezle",,"qesemen"
"1061907","wheezled",,"okotuzota"
"1061908","wheezles",,"qesemuon"
"1061909","wheezling",,"okotuzana"
"1061910","wheezy",,"okotele"
"1061911","wheft",,"qusuwe"
"1061912","whefts",,"qusuo"
"1061913","whei",,"qiseo"
"1061914","wheimay",,"qusozen"
"1061915","whein",,"okonoto"
"1061916","whekau",,"qosoua"
"1061917","wheki",,"qosor"
"1061918","whelan",,"qaseuna"
"1061919","whelchel",,"eketerun"
"1061920","wheldon",,"okotioa"
"1061921","wheldone",,"eketohat"
"1061922","wheldrake",,"okotiqet"
"1061923","whelehan",,"eketiruna"
"1061924","whelham",,"qesonan"
"1061925","whelk",,"okotusa"
"1061926","whelked",,"qusato"
"1061927","whelker",,"qasetu"
"1061928","whelkie",,"eketiata"
"1061929","whelkier",,"qasetaa"
"1061930","whelkiest",,"qusatuat"
"1061931","whelking",,"qusatuun"
"1061932","whelklike",,"qositaan"
"1061933","whelks",,"okotade"
"1061934","whelky",,"ukutens"
"1061935","wheller",,"eketuan"
"1061936","whellers",,"eketuzun"
"1061937","whelley",,"qesovon"
"1061938","whelm",,"eketari"
"1061939","whelmed",,"qisuzan"
"1061940","whelming",,"qisuzia"
"1061941","whelms",,"eketitu"
"1061942","whelnetham",,"qosipuan"
"1061943","whelp",,"qisuh"
"1061944","whelpday",,"okotuvoa"
"1061945","whelped",,"ikitaata"
"1061946","whelpeth",,"qosihuen"
"1061947","whelphood",,"qosihei"
"1061948","whelpie",,"qosiha"
"1061949","whelping",,"ikitasoe"
"1061950","whelpish",,"akatoseti"
"1061951","whelpless",,"okotuzi"
"1061952","whelpley",,"ukutezi"
"1061953","whelpling",,"qasehii"
"1061954","whelps",,"qisuana"
"1061955","whelpy",,"qaseune"
"1061956","whelton",,"okotiena"
"1061957","whelve",,"qusaota"
"1061958","whemmel",,"ikivoea"
"1061959","whemmeled",,"qasozoot"
"1061960","whemmeling",,"qasozoan"
"1061961","whemmelled",,"akavuzet"
"1061962","whemmelling",,"akavuzafu"
"1061963","whemmels",,"ikivozin"
"1061964","whemmle",,"ikivoee"
"1061965","whemmled",,"qesizuan"
"1061966","whemmles",,"ikivozina"
"1061967","whemmling",,"qesizua"
"1061968","when",,"okozno"
"1061969","whenabout",,"ukuzosan"
"1061970","whenabouts",,"ukuzosun"
"1061971","whenas",,"ikizani"
"1061972","whenby",,"qiseon"
"1061973","whence",,"ekezene"
"1061974","whenceafter",,"qesusisau"
"1061975","whenceeer",,"qisesaat"
"1061976","whenceever",,"ikizizu"
"1061977","whenceforth",,"akazazucat"
"1061978","whenceforward",,"ukuzuzica"
"1061979","whencefrom",,"ikizizen"
"1061980","whenceness",,"qesusiun"
"1061981","whencer",,"qasisun"
"1061982","whences",,"ekezeon"
"1061983","whencesoeer",,"qasisobio"
"1061984","whencesoever",,"akazazocon"
"1061985","whencest",,"qusoseen"
"1061986","whencever",,"ukuzuzon"
"1061987","whenceward",,"akazaza"
"1061988","whend",,"qasit"
"1061989","wheneer",,"qusova"
"1061990","whener",,"qasiat"
"1061991","whenest",,"qusovo"
"1061992","whenever",,"ukuzeget"
"1061993","whenevs",,"qisevan"
"1061994","whenll",,"ukuzet"
"1061995","whenner",,"ukuzuet"
"1061996","whenness",,"qosapuo"
"1061997","whennest",,"ikizizua"
"1061998","whenre",,"qasiata"
"1061999","whens",,"okozou"
"1062000","whenso",,"ukuzen"
"1062001","whensoeer",,"qesuqoat"
"1062002","whensoev",,"qasiqein"
"1062003","whensoever",,"ekezehu"
"1062004","whensomever",,"ukuzuhafu"
"1062005","whenua",,"okozine"
"1062006","whenuapai",,"qisebein"
"1062007","whenuas",,"okozuaa"
"1062008","whenwe",,"ukuzae"
"1062009","whenwes",,"ukuzien"
"1062010","whept",,"qusuwi"
"1062011","wher",,"akajnu"
"1062012","where",,"ukujes"
"1062013","whereabo",,"qesivuon"
"1062014","whereabout",,"ekejire"
"1062015","whereabouts",,"ekejirocin"
"1062016","whereabove",,"akajora"
"1062017","whereacross",,"qesivuvou"
"1062018","whereafter",,"qusevoan"
"1062019","whereagainst",,"ukujeruta"
"1062020","wherealong",,"ukujeru"
"1062021","whereamong",,"qosuvaan"
"1062022","whereamongst",,"ikijarucan"
"1062023","whereanent",,"qosuvaet"
"1062024","wherearound",,"qosuvawai"
"1062025","whereas",,"akajoee"
"1062026","whereases",,"ukujeron"
"1062027","whereat",,"qisavi"
"1062028","whereater",,"ukujerona"
"1062029","whereatest",,"ikijarin"
"1062030","whereatter",,"qosuvaen"
"1062031","whereattest",,"qesivudue"
"1062032","whereaway",,"ekejiran"
"1062033","wherebefore",,"qasovupuen"
"1062034","wherebehind",,"ekejisatot"
"1062035","wherebelow",,"okojuson"
"1062036","wherebetween",,"qasovupio"
"1062037","wherebier",,"ukujesi"
"1062038","wherebiest",,"ikijasot"
"1062039","whereby",,"qasovat"
"1062040","whered",,"qosuun"
"1062041","wheredunit",,"qisavuot"
"1062042","wheredunnit",,"okojuvejun"
"1062043","whereer",,"qosuvu"
"1062044","whereever",,"ekejizana"
"1062045","wherefor",,"ikijamin"
"1062046","wherefore",,"okojumon"
"1062047","wherefores",,"okojuman"
"1062048","whereforth",,"ikijameta"
"1062049","wherefrom",,"ekejimin"
"1062050","wherehence",,"akajoro"
"1062051","wherein",,"qasovua"
"1062052","whereinafter",,"ikijasati"
"1062053","whereinbefore",,"ukujesevo"
"1062054","whereiner",,"ekejise"
"1062055","whereinest",,"akajoset"
"1062056","whereinner",,"qosuvoi"
"1062057","whereinnest",,"qesivehiot"
"1062058","whereins",,"qasovaot"
"1062059","whereinsoever",,"qusevuheot"
"1062060","whereinsofar",,"qasovahoun"
"1062061","whereint",,"ekejisun"
"1062062","whereinto",,"ikijasaa"
"1062063","whereinwhich",,"qusevuhao"
"1062064","whereis",,"ukujeeta"
"1062065","whereist",,"qosuvoo"
"1062066","wherell",,"ekejiana"
"1062067","wheren",,"qasoata"
"1062068","whereness",,"qusevuon"
"1062069","wherenesses",,"qisavipaot"
"1062070","wherenot",,"ikijafu"
"1062071","whereof",,"qesivi"
"1062072","whereofer",,"okojuhon"
"1062073","whereofest",,"ekejihin"
"1062074","whereoffer",,"qosuvian"
"1062075","whereoffest",,"qesivonaa"
"1062076","whereon",,"qosuvota"
"1062077","whereoner",,"ikijahin"
"1062078","whereonest",,"okojuhi"
"1062079","whereonner",,"qusevaat"
"1062080","whereonnest",,"qisavuhao"
"1062081","whereonto",,"akajohen"
"1062082","whereout",,"qisavuun"
"1062083","whereover",,"ukujehi"
"1062084","wherer",,"qisaon"
"1062085","wherere",,"qosuvua"
"1062086","wheres",,"ukujato"
"1062087","whereso",,"ekejiia"
"1062088","wheresoe",,"akajowin"
"1062089","wheresoeer",,"qisaviu"
"1062090","wheresoever",,"ikijawefa"
"1062091","wheresomever",,"ekejiwuha"
"1062092","wherest",,"qosuvin"
"1062093","wheresth",,"ukujewi"
"1062094","wherethan",,"qesivoun"
"1062095","wherethrough",,"okojubiba"
"1062096","wheretill",,"qusevaata"
"1062097","whereto",,"qusevo"
"1062098","wheretoever",,"qesivojae"
"1062099","wheretofore",,"qosuvijeat"
"1062100","wheretosoever",,"qisavujaet"
"1062101","wheretoward",,"qisavujuot"
"1062102","wheretowards",,"qisavujuo"
"1062103","whereunder",,"qisavau"
"1062104","whereunt",,"akajodot"
"1062105","whereuntil",,"qosuvuan"
"1062106","whereunto",,"okojudon"
"1062107","whereup",,"qisavan"
"1062108","whereupo",,"qasovoin"
"1062109","whereupon",,"ukujedat"
"1062110","whereve",,"qasovata"
"1062111","wherever",,"okojuga"
"1062112","wherewit",,"qasovuin"
"1062113","wherewith",,"okojuki"
"1062114","wherewithal",,"qasovutii"
"1062115","wherewithals",,"qasovutiat"
"1062116","wherewithin",,"qisavoteon"
"1062117","wherewithout",,"qesivatuen"
"1062118","wherewiths",,"okojukat"
"1062119","wherin",,"qesion"
"1062120","wherley",,"qisavana"
"1062121","whernside",,"ekejewe"
"1062122","wherof",,"qosuota"
"1062123","wherret",,"ukujien"
"1062124","wherreted",,"qesicii"
"1062125","wherreting",,"qesiciot"
"1062126","wherrets",,"ukujizon"
"1062127","wherried",,"ukujison"
"1062128","wherries",,"qisacie"
"1062129","wherrit",,"akajuot"
"1062130","wherrited",,"qosucoen"
"1062131","wherriting",,"qosucoe"
"1062132","wherrits",,"akajuso"
"1062133","wherrol",,"ekejaata"
"1062134","wherry",,"qesien"
"1062135","wherrying",,"ekejamot"
"1062136","wherryite",,"ekejame"
"1062137","wherryman",,"ukujimat"
"1062138","wherrymen",,"okojemon"
"1062139","wherve",,"qesioa"
"1062140","wherves",,"qesidet"
"1062141","wherwell",,"ukujizi"
"1062142","wherwith",,"ikijosot"
"1062143","whesten",,"qusowo"
"1062144","whet",,"ukuqte"
"1062145","whether",,"ukuqieta"
"1062146","whethering",,"qesania"
"1062147","whethersoever",,"ikiqozudi"
"1062148","whetile",,"qasuru"
"1062149","whetrock",,"qusicaon"
"1062150","whets",,"ukuquta"
"1062151","whetsel",,"qasuqe"
"1062152","whetsell",,"akaqazae"
"1062153","whetstine",,"akaqaben"
"1062154","whetston",,"ikiqibin"
"1062155","whetstone",,"okoqobon"
"1062156","whetstoned",,"qasuqeo"
"1062157","whetstones",,"okoqoban"
"1062158","whetstoning",,"qasuqejoun"
"1062159","whettam",,"qesawon"
"1062160","whetted",,"okoqiin"
"1062161","whetten",,"akaqeu"
"1062162","whettens",,"akaqezota"
"1062163","whetter",,"ikiquat"
"1062164","whetters",,"ikiquze"
"1062165","whetting",,"okoqisi"
"1062166","whettle",,"ekeqoi"
"1062167","whettleton",,"akaqezona"
"1062168","whetton",,"ikiquea"
"1062169","whetzel",,"ikiqaata"
"1062170","wheugh",,"akawini"
"1062171","wheughed",,"qosomeo"
"1062172","wheughing",,"qosomeun"
"1062173","wheughs",,"akawiae"
"1062174","whevs",,"ikibit"
"1062175","whew",,"qesia"
"1062176","whewed",,"ekedo"
"1062177","whewee",,"quseu"
"1062178","whewell",,"qosuvote"
"1062179","whewellian",,"okoduzata"
"1062180","whewellite",,"okoduzan"
"1062181","whewellites",,"okoduzovun"
"1062182","whewells",,"qosuvao"
"1062183","whewer",,"okodua"
"1062184","whewing",,"ekedeun"
"1062185","whewl",,"ekedui"
"1062186","whewled",,"qisavia"
"1062187","whewling",,"qisaviot"
"1062188","whewls",,"ekedon"
"1062189","whews",,"qesiqa"
"1062190","whewt",,"okodi"
"1062191","whey",,"qasui"
"1062192","wheybeard",,"okokeza"
"1062193","wheybird",,"okokeso"
"1062194","wheyey",,"qesaa"
"1062195","wheyeyness",,"ukukeman"
"1062196","wheyface",,"ikikarun"
"1062197","wheyfaced",,"qesalui"
"1062198","wheyfaces",,"ikikaru"
"1062199","wheyier",,"ekekeia"
"1062200","wheyiest",,"akakazot"
"1062201","wheyish",,"okokoen"
"1062202","wheyishness",,"qoserosuun"
"1062203","wheyishnesses",,"qesaresiet"
"1062204","wheyishnesss",,"qoserosuu"
"1062205","wheyisness",,"ikikiwo"
"1062206","wheylike",,"ikikesin"
"1062207","wheyming",,"ikikosa"
"1062208","wheyn",,"ukukut"
"1062209","wheyness",,"ikikize"
"1062210","wheys",,"qasuqi"
"1062211","wheyworm",,"akakuha"
"1062212","wheywormed",,"qosegiet"
"1062213","whfg",,"ikil"
"1062214","whian",,"ukomunu"
"1062215","whiba",,"okanare"
"1062216","whibley",,"qumeven"
"1062217","which",,"ekurae"
"1062218","whicham",,"akiruaa"
"1062219","whichard",,"okareret"
"1062220","whichaway",,"ikerorot"
"1062221","whichd",,"qumoo"
"1062222","whiche",,"akiruo"
"1062223","whicher",,"qumonet"
"1062224","whiches",,"akiruot"
"1062225","whichest",,"qimenau"
"1062226","whicheve",,"qemunian"
"1062227","whichever",,"ikerozot"
"1062228","whicheveres",,"okarezofat"
"1062229","whichevers",,"ikerozo"
"1062230","whichford",,"qimenao"
"1062231","whichll",,"ikeroota"
"1062232","whichqs",,"okareet"
"1062233","whichre",,"qumoneta"
"1062234","whichs",,"ekurana"
"1062235","whichsoeer",,"qaminaet"
"1062236","whichsoever",,"akiruwifan"
"1062237","whichth",,"ekuraea"
"1062238","whichve",,"qomana"
"1062239","whichway",,"okareket"
"1062240","whichways",,"okareki"
"1062241","whick",,"qimet"
"1062242","whicken",,"ekuriat"
"1062243","whicker",,"ukoreon"
"1062244","whickered",,"qemutiat"
"1062245","whickering",,"qemutio"
"1062246","whickers",,"ukorezana"
"1062247","whickham",,"ukorerun"
"1062248","whicks",,"qimeat"
"1062249","whid",,"akisla"
"1062250","whidah",,"qamue"
"1062251","whidahs",,"qamunin"
"1062252","whidbee",,"qomeru"
"1062253","whidbey",,"qamurun"
"1062254","whidby",,"qemaena"
"1062255","whidded",,"ikesuan"
"1062256","whidden",,"ekusoie"
"1062257","whidder",,"ukosaen"
"1062258","whiddered",,"qematii"
"1062259","whiddering",,"qematiot"
"1062260","whidders",,"ukosazon"
"1062261","whidding",,"ikesusa"
"1062262","whiddle",,"okasiao"
"1062263","whiddled",,"qamutiu"
"1062264","whiddles",,"okasizena"
"1062265","whiddling",,"qamution"
"1062266","whiddon",,"ukosaone"
"1062267","whids",,"akisase"
"1062268","whied",,"ukotasa"
"1062269","whier",,"akitus"
"1062270","whies",,"qimiqe"
"1062271","whiest",,"ukotens"
"1062272","whiff",,"qomol"
"1062273","whiffable",,"qemeluin"
"1062274","whiffed",,"okakueta"
"1062275","whiffen",,"akikoen"
"1062276","whiffenpoof",,"okakuzuqen"
"1062277","whiffer",,"ikekaota"
"1062278","whifferdale",,"ekukizopen"
"1062279","whifferdill",,"qimilaweat"
"1062280","whiffers",,"ikekazo"
"1062281","whiffet",,"okakuon"
"1062282","whiffets",,"okakuzan"
"1062283","whiffier",,"ikekasen"
"1062284","whiffiest",,"okakuse"
"1062285","whiffiness",,"akikose"
"1062286","whiffing",,"okakusu"
"1062287","whiffings",,"okakusot"
"1062288","whiffle",,"ekukiu"
"1062289","whiffleball",,"qimilepuan"
"1062290","whiffled",,"qumuloat"
"1062291","whiffler",,"qamaliet"
"1062292","whiffleries",,"qumulopao"
"1062293","whifflers",,"qamalii"
"1062294","whifflery",,"qomolaat"
"1062295","whiffles",,"ekukizot"
"1062296","whifflet",,"qumuloun"
"1062297","whiffletree",,"ukokeziga"
"1062298","whiffletrees",,"ukokezigen"
"1062299","whiffling",,"qumuloo"
"1062300","whifflingly",,"ekukizije"
"1062301","whifflings",,"qumuloet"
"1062302","whiffs",,"qomoen"
"1062303","whiffy",,"qumuon"
"1062304","whift",,"qamawa"
"1062305","whifts",,"qamain"
"1062306","whifty",,"qomoa"
"1062307","whig",,"qamee"
"1062308","whigga",,"qomio"
"1062309","whiggamore",,"ikeleri"
"1062310","whiggamores",,"ikelerucat"
"1062311","whiggarchy",,"qamemian"
"1062312","whiggarchys",,"qamemiwoun"
"1062313","whigged",,"ekuluuna"
"1062314","whigger",,"okalaon"
"1062315","whiggeries",,"ekuluzena"
"1062316","whiggery",,"ukolozun"
"1062317","whiggess",,"qamemoen"
"1062318","whiggesss",,"qamemoon"
"1062319","whiggification",,"ukolosivot"
"1062320","whiggifications",,"ukolosivo"
"1062321","whiggified",,"qemomeet"
"1062322","whiggifies",,"ikelesun"
"1062323","whiggify",,"ekuluso"
"1062324","whiggifying",,"qimuminein"
"1062325","whiggifys",,"ekuluset"
"1062326","whigging",,"ekulusen"
"1062327","whiggish",,"ikeleson"
"1062328","whiggishly",,"qomimoot"
"1062329","whiggishlys",,"qomimobio"
"1062330","whiggishness",,"qimumibuu"
"1062331","whiggishnesss",,"qimumibuot"
"1062332","whiggism",,"qumamuu"
"1062333","whiggisms",,"qumamuot"
"1062334","whigham",,"ekulau"
"1062335","whighams",,"ekularot"
"1062336","whight",,"qameot"
"1062337","whigism",,"qimurot"
"1062338","whiglet",,"qomiven"
"1062339","whiglets",,"qomivuon"
"1062340","whiglike",,"ikelesen"
"1062341","whigling",,"qomivoun"
"1062342","whiglings",,"qomivou"
"1062343","whigmaleerie",,"qamezipuun"
"1062344","whigmaleeries",,"qamezipuu"
"1062345","whigmaleery",,"qimuzepoet"
"1062346","whigmaleerys",,"qimuzepoi"
"1062347","whigmeleerie",,"qimuzapoi"
"1062348","whigs",,"qameqe"
"1062349","whigship",,"qomiqeat"
"1062350","whigships",,"qomiqee"
"1062351","whikerby",,"qamavuot"
"1062352","while",,"iketasu"
"1062353","whileas",,"ukoteono"
"1062354","whiled",,"qemoet"
"1062355","whileen",,"qimuvuna"
"1062356","whilemeal",,"qimuvoot"
"1062357","whilend",,"akitoote"
"1062358","whileness",,"qimuviot"
"1062359","whilere",,"qemovi"
"1062360","whiles",,"iketunna"
"1062361","whilest",,"qemovan"
"1062362","whilever",,"ekutigun"
"1062363","whiley",,"akitune"
"1062364","whilie",,"iketesi"
"1062365","whiling",,"qemoru"
"1062366","whilk",,"iketala"
"1062367","whilkut",,"qameta"
"1062368","whilkuts",,"qametoen"
"1062369","whill",,"qemov"
"1062370","whillaballoo",,"ekuturotan"
"1062371","whillaloo",,"ekuturoa"
"1062372","whillickers",,"ekutusipon"
"1062373","whillied",,"ekutusu"
"1062374","whillies",,"qamevaen"
"1062375","whilligers",,"iketesana"
"1062376","whillikers",,"ekutuset"
"1062377","whillikins",,"ukotoset"
"1062378","whillilew",,"iketeset"
"1062379","whilly",,"qimuun"
"1062380","whillying",,"iketemi"
"1062381","whillywha",,"ukotomu"
"1062382","whillywhaed",,"qemovoloa"
"1062383","whillywhaing",,"qemovoloat"
"1062384","whillywhas",,"ukotomot"
"1062385","whillywhaw",,"okatame"
"1062386","whillywhawed",,"qumavalaot"
"1062387","whillywhawing",,"qumavalaan"
"1062388","whillywhaws",,"okatamitin"
"1062389","whilock",,"akiteoe"
"1062390","whilom",,"ukotiri"
"1062391","whilome",,"iketuina"
"1062392","whilomer",,"qomifeon"
"1062393","whilomest",,"qemofain"
"1062394","whilommer",,"qamefuon"
"1062395","whilommest",,"qumafiin"
"1062396","whils",,"ukotutu"
"1062397","whilst",,"qomia"
"1062398","whilter",,"iketuui"
"1062399","whim",,"qomue"
"1062400","whimberries",,"ikevozubon"
"1062401","whimberry",,"ekuvazu"
"1062402","whimble",,"qamorin"
"1062403","whimbrel",,"okaveqon"
"1062404","whimbrels",,"okaveqan"
"1062405","whimling",,"qumevuu"
"1062406","whimmed",,"akivuot"
"1062407","whimmier",,"ekuvasin"
"1062408","whimmiest",,"akivusi"
"1062409","whimming",,"akivusan"
"1062410","whimmy",,"qomuae"
"1062411","whimper",,"qimahe"
"1062412","whimperative",,"qemihiween"
"1062413","whimpere",,"qomuhuen"
"1062414","whimpered",,"ikevazot"
"1062415","whimperer",,"ukovezuna"
"1062416","whimperers",,"ukovezua"
"1062417","whimperi",,"qimahaot"
"1062418","whimpering",,"ikevazan"
"1062419","whimperingly",,"qomuhuwuo"
"1062420","whimperings",,"ikevazuvun"
"1062421","whimpers",,"qimahain"
"1062422","whimpery",,"qamohoa"
"1062423","whimple",,"qemihat"
"1062424","whimpled",,"okavuzon"
"1062425","whimples",,"qemihue"
"1062426","whimpling",,"okavuzin"
"1062427","whimpy",,"okavoi"
"1062428","whims",,"qomuqe"
"1062429","whimsey",,"qimaqun"
"1062430","whimseys",,"qimaqau"
"1062431","whimsic",,"qomuqen"
"1062432","whimsica",,"qimaqiin"
"1062433","whimsical",,"ikevisen"
"1062434","whimsicalist",,"qemiqevei"
"1062435","whimsicalities",,"qamoqavao"
"1062436","whimsicality",,"qimaqiviat"
"1062437","whimsically",,"qomuqovou"
"1062438","whimsicalness",,"qimaqiviun"
"1062439","whimsicalnesses",,"qomuqovoet"
"1062440","whimsied",,"okavoson"
"1062441","whimsier",,"ikevisa"
"1062442","whimsies",,"qemiqee"
"1062443","whimsiest",,"okavosat"
"1062444","whimsigoth",,"qamoqae"
"1062445","whimsigothic",,"qamoqaria"
"1062446","whimsily",,"ukovuse"
"1062447","whimsiness",,"akivasat"
"1062448","whimsinesses",,"ukovusefen"
"1062449","whimsome",,"qemiqoe"
"1062450","whimstone",,"qamoqeet"
"1062451","whimsy",,"qumeen"
"1062452","whimsying",,"ukovumot"
"1062453","whimsys",,"qumeqon"
"1062454","whimwham",,"ekuvarin"
"1062455","whimwhams",,"ekuvara"
"1062456","whin",,"ikeznu"
"1062457","whinas",,"ukozeta"
"1062458","whinberries",,"qemuriwoa"
"1062459","whinberry",,"qumorean"
"1062460","whinchacker",,"ikezirizon"
"1062461","whinchat",,"ukozurat"
"1062462","whinchats",,"ukozure"
"1062463","whincheck",,"qamisuen"
"1062464","whincow",,"ikeziua"
"1062465","whindersson",,"qamitowoan"
"1062466","whindian",,"ekuzosu"
"1062467","whindle",,"akizeot"
"1062468","whine",,"okazut"
"1062469","whined",,"qamiuna"
"1062470","whinedst",,"ekuzivun"
"1062471","whineling",,"ukozezot"
"1062472","whiner",,"qemuon"
"1062473","whiners",,"qemuvan"
"1062474","whinery",,"qimevun"
"1062475","whines",,"okazate"
"1062476","whinest",,"qamivin"
"1062477","whinestone",,"akizowi"
"1062478","whineth",,"okazuet"
"1062479","whiney",,"ukozen"
"1062480","whing",,"ukozoa"
"1062481","whingding",,"okazavu"
"1062482","whingdings",,"okazavot"
"1062483","whinge",,"ikezeni"
"1062484","whingebag",,"qumomeun"
"1062485","whinged",,"qemuman"
"1062486","whingeing",,"qamimoan"
"1062487","whingeingly",,"okazazujo"
"1062488","whingeings",,"qamimoun"
"1062489","whinger",,"qomamen"
"1062490","whingers",,"qomamuon"
"1062491","whinges",,"ikezein"
"1062492","whingey",,"akiziaa"
"1062493","whinging",,"qemumea"
"1062494","whingle",,"qamima"
"1062495","whingled",,"ekuzuzua"
"1062496","whingles",,"qamimien"
"1062497","whingling",,"ekuzuzon"
"1062498","whings",,"ukozi"
"1062499","whingy",,"ekuzat"
"1062500","whinham",,"qemunun"
"1062501","whiniard",,"ukozurata"
"1062502","whiniards",,"ukozurea"
"1062503","whinier",,"qemurat"
"1062504","whiniest",,"qamiroo"
"1062505","whinily",,"qomaret"
"1062506","whinin",,"qumoona"
"1062507","whininess",,"qimerio"
"1062508","whininesses",,"qomaropue"
"1062509","whining",,"qamiren"
"1062510","whininglier",,"qimeririun"
"1062511","whiningliest",,"qomaroroen"
"1062512","whiningly",,"okazofu"
"1062513","whinings",,"qamiraon"
"1062514","whinmill",,"ikezoset"
"1062515","whinmoor",,"qumozaun"
"1062516","whinnel",,"ikeziin"
"1062517","whinner",,"akizaaa"
"1062518","whinnered",,"qomapuet"
"1062519","whinnering",,"qomapuu"
"1062520","whinners",,"akizazen"
"1062521","whinnery",,"okazozon"
"1062522","whinnied",,"ukozusat"
"1062523","whinnier",,"akizaset"
"1062524","whinnies",,"qimepiot"
"1062525","whinniest",,"ukozusu"
"1062526","whinnock",,"qamipeen"
"1062527","whinny",,"qemui"
"1062528","whinnying",,"ekuzemen"
"1062529","whinnyingly",,"qamipetou"
"1062530","whins",,"ikezii"
"1062531","whinsec",,"okazooa"
"1062532","whinstone",,"ekuzebot"
"1062533","whinstones",,"ekuzebo"
"1062534","whiny",,"akizes"
"1062535","whinyard",,"ekuzoruna"
"1062536","whinyards",,"ekuzoru"
"1062537","whio",,"qemai"
"1062538","whip",,"okafni"
"1062539","whiparound",,"qamanuon"
"1062540","whipbelly",,"qumureat"
"1062541","whipbird",,"qemereun"
"1062542","whipbirds",,"qemereu"
"1062543","whipcat",,"qemesi"
"1062544","whipcats",,"qemesuat"
"1062545","whipcord",,"ukofuhan"
"1062546","whipcords",,"ukofuhuna"
"1062547","whipcordy",,"ekufehua"
"1062548","whipcrack",,"qemesae"
"1062549","whipcracker",,"okafoqozun"
"1062550","whipcraft",,"qimisoa"
"1062551","whipee",,"akifee"
"1062552","whipgraft",,"qumumiu"
"1062553","whipholt",,"qemenoin"
"1062554","whipholts",,"qemenoa"
"1062555","whipjack",,"qamasio"
"1062556","whipjacks",,"qamasiet"
"1062557","whipkey",,"okafuena"
"1062558","whipking",,"qimitien"
"1062559","whiplash",,"okafaran"
"1062560","whiplashed",,"qumuvoe"
"1062561","whiplashes",,"ekufuro"
"1062562","whiplashing",,"qumuvobaet"
"1062563","whiplashlike",,"qomovabio"
"1062564","whiplashy",,"ukoforu"
"1062565","whipless",,"qimivain"
"1062566","whiplike",,"qomovoi"
"1062567","whipliker",,"ukofosin"
"1062568","whiplikest",,"ikefesi"
"1062569","whipline",,"okafasan"
"1062570","whipmaker",,"qimizea"
"1062571","whipmaking",,"qomozain"
"1062572","whipman",,"qomozena"
"1062573","whipmanship",,"qumuzoheen"
"1062574","whipmaster",,"akifuri"
"1062575","whipnose",,"qumupaan"
"1062576","whipoorwill",,"qamafeweu"
"1062577","whiporie",,"qomofeon"
"1062578","whipp",,"qomoh"
"1062579","whippa",,"qimiat"
"1062580","whippability",,"akiforevin"
"1062581","whippable",,"qemehue"
"1062582","whippador",,"qamahien"
"1062583","whippany",,"ukoferat"
"1062584","whippanys",,"ukofere"
"1062585","whipparee",,"ikefarot"
"1062586","whippe",,"qemeon"
"1062587","whipped",,"okafuo"
"1062588","whippedness",,"qomohuzuat"
"1062589","whippee",,"qamahu"
"1062590","whippen",,"akifoaa"
"1062591","whipper",,"ikefau"
"1062592","whipperginny",,"ekufizosat"
"1062593","whipperjawed",,"akifozezat"
"1062594","whippers",,"ikefazot"
"1062595","whippersnapper",,"ukofezadi"
"1062596","whippersnappers",,"ukofezadat"
"1062597","whippertail",,"okafuzigin"
"1062598","whippes",,"qemehan"
"1062599","whippest",,"okafuzon"
"1062600","whippet",,"okafuene"
"1062601","whippetdog",,"qimihaen"
"1062602","whippeter",,"qamahoo"
"1062603","whippeth",,"qemehie"
"1062604","whippeting",,"qumuheot"
"1062605","whippetings",,"qumuhedeo"
"1062606","whippets",,"okafuzona"
"1062607","whippety",,"ukofezan"
"1062608","whippier",,"ikefasa"
"1062609","whippiest",,"okafusat"
"1062610","whippily",,"ukofese"
"1062611","whippin",,"ekufiu"
"1062612","whippiness",,"akifosate"
"1062613","whippinesses",,"ukofesefen"
"1062614","whipping",,"okafusun"
"1062615","whippingham",,"qamahahain"
"1062616","whippingly",,"qemeheet"
"1062617","whippings",,"okafusu"
"1062618","whippish",,"ukofesu"
"1062619","whippit",,"ikefaot"
"1062620","whipple",,"ekufiun"
"1062621","whippleanus",,"qomohapoe"
"1062622","whipplei",,"ekufizin"
"1062623","whipples",,"ekufizu"
"1062624","whippletree",,"ukofezigin"
"1062625","whippletrees",,"ukofeziga"
"1062626","whippleville",,"qumuhopuen"
"1062627","whipplevilles",,"qumuhopuon"
"1062628","whippo",,"qumuet"
"1062629","whippomorph",,"ikefahuce"
"1062630","whippomorphan",,"qamahefio"
"1062631","whippoorwill",,"ikefahebin"
"1062632","whippoorwills",,"ikefaheba"
"1062633","whippost",,"akifohet"
"1062634","whippowill",,"qumuhaa"
"1062635","whipps",,"qomoaa"
"1062636","whippy",,"qumuen"
"1062637","whipray",,"qumucet"
"1062638","whiprays",,"qumucoi"
"1062639","whipround",,"qumucaun"
"1062640","whips",,"okafoe"
"1062641","whipsaw",,"ekufeat"
"1062642","whipsawed",,"qimiqeu"
"1062643","whipsawing",,"qimiqeon"
"1062644","whipsawn",,"qomoqaet"
"1062645","whipsaws",,"ekufere"
"1062646","whipsawyer",,"qemequu"
"1062647","whipscorpia",,"okafotabin"
"1062648","whipscorpion",,"qumuqujaet"
"1062649","whipscorpions",,"qumuqujai"
"1062650","whipship",,"ukofuru"
"1062651","whipsman",,"qomoqeon"
"1062652","whipsmart",,"ekufepot"
"1062653","whipsnade",,"ukofufata"
"1062654","whipsnake",,"qomoqoi"
"1062655","whipsnakes",,"qomoqoat"
"1062656","whipsocket",,"qamaqeon"
"1062657","whipspider",,"qemeqiot"
"1062658","whipstaff",,"qumuqau"
"1062659","whipstaffs",,"qumuqaot"
"1062660","whipstalk",,"akifabi"
"1062661","whipstall",,"qimiquo"
"1062662","whipstalled",,"ikefibifon"
"1062663","whipstalling",,"ikefibifin"
"1062664","whipstalls",,"qimiquet"
"1062665","whipstaves",,"akifabon"
"1062666","whipster",,"ekufebe"
"1062667","whipsters",,"ekufebin"
"1062668","whipstick",,"qumuqae"
"1062669","whipstitch",,"qamaqean"
"1062670","whipstitched",,"akifaboge"
"1062671","whipstitches",,"qumuqatoo"
"1062672","whipstitching",,"akifaboget"
"1062673","whipstock",,"qemeqoin"
"1062674","whipstocks",,"qemeqoaa"
"1062675","whipsy",,"ukofete"
"1062676","whipt",,"qamawi"
"1062677","whiptail",,"ekuforin"
"1062678","whiptailed",,"qimiweo"
"1062679","whiptails",,"ekufora"
"1062680","whiptree",,"akifeqa"
"1062681","whipwise",,"ukofisat"
"1062682","whipworm",,"qumugaat"
"1062683","whipworms",,"qumugae"
"1062684","whipworthy",,"qimiguet"
"1062685","whir",,"ekujno"
"1062686","whirily",,"qamora"
"1062687","whirken",,"qamotot"
"1062688","whirl",,"qimav"
"1062689","whirlabout",,"qamovion"
"1062690","whirlabouts",,"qamovitian"
"1062691","whirlaway",,"qamovio"
"1062692","whirlaways",,"qamoviet"
"1062693","whirlbat",,"qumevii"
"1062694","whirlbats",,"qumeviat"
"1062695","whirlblast",,"ukojosin"
"1062696","whirlblasts",,"ukojosuta"
"1062697","whirlbone",,"qomuvei"
"1062698","whirlbrain",,"ukojosota"
"1062699","whirled",,"ikejeee"
"1062700","whirler",,"ukojoi"
"1062701","whirlers",,"ukojozat"
"1062702","whirleth",,"qomuvuon"
"1062703","whirley",,"qumevet"
"1062704","whirlgig",,"qamovii"
"1062705","whirlicane",,"okajasun"
"1062706","whirlicote",,"akijisan"
"1062707","whirlicotes",,"akijisocun"
"1062708","whirlie",,"qomuven"
"1062709","whirlier",,"ukojosun"
"1062710","whirlies",,"qomuvoon"
"1062711","whirliest",,"ikejesen"
"1062712","whirligi",,"qumevuua"
"1062713","whirligig",,"qamovaun"
"1062714","whirligiged",,"akijisavin"
"1062715","whirligigged",,"ekujuseve"
"1062716","whirligigging",,"ekujusevet"
"1062717","whirligiging",,"akijisavi"
"1062718","whirligigs",,"qamovaua"
"1062719","whirlimagig",,"qumevufuon"
"1062720","whirlimix",,"akijisat"
"1062721","whirlimixed",,"qomuvofuu"
"1062722","whirlimixer",,"qimavifaan"
"1062723","whirlimixes",,"ukojosaven"
"1062724","whirlimixing",,"qomuvofuon"
"1062725","whirlin",,"okajaie"
"1062726","whirling",,"ikejeset"
"1062727","whirlingly",,"qomuvoin"
"1062728","whirlingness",,"qimavihie"
"1062729","whirlings",,"ikejesia"
"1062730","whirlmagee",,"qemivaot"
"1062731","whirlmixer",,"qimavoet"
"1062732","whirlpit",,"qumeveun"
"1062733","whirlpoo",,"akijijon"
"1062734","whirlpool",,"qomuvuun"
"1062735","whirlpooled",,"okajajacin"
"1062736","whirlpooling",,"okajajaci"
"1062737","whirlpoolled",,"qumevejoen"
"1062738","whirlpoolling",,"qumevejoe"
"1062739","whirlpools",,"qomuvuu"
"1062740","whirlpuff",,"ikejeji"
"1062741","whirls",,"qimaun"
"1062742","whirlsome",,"qomuvoan"
"1062743","whirlstorm",,"qimavion"
"1062744","whirlwig",,"qomuvean"
"1062745","whirlwin",,"akijikon"
"1062746","whirlwind",,"qimavoo"
"1062747","whirlwinder",,"ukojokeja"
"1062748","whirlwindest",,"ikejekajat"
"1062749","whirlwindish",,"akijikoja"
"1062750","whirlwinds",,"qimavoeta"
"1062751","whirlwindy",,"qamovui"
"1062752","whirly",,"qamou"
"1062753","whirlyball",,"akijiman"
"1062754","whirlybird",,"okajamun"
"1062755","whirlybirds",,"okajamivu"
"1062756","whirlygig",,"qomuvie"
"1062757","whirlygigum",,"qumevareet"
"1062758","whirpool",,"akijohona"
"1062759","whirr",,"qamoca"
"1062760","whirra",,"qemion"
"1062761","whirred",,"akijuin"
"1062762","whirrer",,"ekujaat"
"1062763","whirret",,"akijuot"
"1062764","whirreted",,"qomucuen"
"1062765","whirreth",,"qumecean"
"1062766","whirreting",,"qomucue"
"1062767","whirrets",,"akijuzo"
"1062768","whirrey",,"qemici"
"1062769","whirrick",,"qumecuat"
"1062770","whirried",,"akijuso"
"1062771","whirries",,"qumecuan"
"1062772","whirring",,"akijusi"
"1062773","whirrings",,"akijusat"
"1062774","whirroo",,"qumeci"
"1062775","whirrs",,"qamoua"
"1062776","whirry",,"qomuot"
"1062777","whirrying",,"okajeme"
"1062778","whirs",,"ekujenu"
"1062779","whirter",,"akijeota"
"1062780","whirtle",,"ikejuue"
"1062781","whirtles",,"ikejuzot"
"1062782","whisby",,"ikecato"
"1062783","whisenant",,"akicofet"
"1062784","whisenhunt",,"qomavoun"
"1062785","whish",,"ekucai"
"1062786","whishaw",,"akicuaa"
"1062787","whished",,"qimenun"
"1062788","whishes",,"akicuae"
"1062789","whishing",,"qimeniena"
"1062790","whisht",,"qumoete"
"1062791","whishted",,"ukociban"
"1062792","whishting",,"ukociba"
"1062793","whishtly",,"ekucabin"
"1062794","whishts",,"qumoni"
"1062795","whisk",,"qimeta"
"1062796","whiska",,"qumoen"
"1062797","whiskable",,"qomataon"
"1062798","whiskbroom",,"qemutao"
"1062799","whiskbrooms",,"qemutawuet"
"1062800","whiskd",,"ukoceta"
"1062801","whisked",,"ikecaea"
"1062802","whisker",,"ukoceia"
"1062803","whiskerage",,"akicozi"
"1062804","whiskerando",,"ukocezatot"
"1062805","whiskerandoed",,"qemutiween"
"1062806","whiskerandos",,"ukocezato"
"1062807","whiskered",,"qemutiun"
"1062808","whiskeredness",,"ukocezafo"
"1062809","whiskerer",,"qomatuon"
"1062810","whiskerette",,"ekucizofa"
"1062811","whiskerier",,"qomatuat"
"1062812","whiskeriest",,"qemutiwio"
"1062813","whiskerine",,"qumoteu"
"1062814","whiskeriness",,"qumoteweo"
"1062815","whiskering",,"qemutien"
"1062816","whiskerino",,"qomatue"
"1062817","whiskerless",,"qamitowaan"
"1062818","whiskerlike",,"qumotewua"
"1062819","whiskerpad",,"ekucizot"
"1062820","whiskerring",,"ikecazubun"
"1062821","whiskers",,"ukocezata"
"1062822","whiskerstay",,"qamitowoi"
"1062823","whiskery",,"ekucize"
"1062824","whisket",,"ikecaua"
"1062825","whiskets",,"ikecazota"
"1062826","whiskey",,"qumotet"
"1062827","whiskeyana",,"akicozon"
"1062828","whiskeyed",,"ukocezan"
"1062829","whiskeyfied",,"qumoteniin"
"1062830","whiskeyful",,"qimetaet"
"1062831","whiskeygrass",,"ikecazesat"
"1062832","whiskeyize",,"ekucizota"
"1062833","whiskeyjack",,"akicozizat"
"1062834","whiskeyleaks",,"ikecazefan"
"1062835","whiskeyless",,"ikecazefon"
"1062836","whiskeylike",,"okacuzafin"
"1062837","whiskeys",,"qumotei"
"1062838","whiskeytini",,"qemutinuet"
"1062839","whiskeytown",,"qemutinuo"
"1062840","whiskeytowns",,"qemutinueta"
"1062841","whiskful",,"qomatuan"
"1062842","whiskied",,"ikecasot"
"1062843","whiskies",,"qomatoon"
"1062844","whiskified",,"qimetion"
"1062845","whiskileaks",,"okacusofot"
"1062846","whiskin",,"okacuia"
"1062847","whisking",,"ikecaset"
"1062848","whiskingly",,"qomatoin"
"1062849","whisks",,"qimeun"
"1062850","whisky",,"qamiu"
"1062851","whiskybae",,"okacumon"
"1062852","whiskyfied",,"qamitei"
"1062853","whiskyish",,"okacume"
"1062854","whiskyjack",,"ekucimo"
"1062855","whiskyleaks",,"ukocemufa"
"1062856","whiskyless",,"ukocemin"
"1062857","whiskylike",,"ikecami"
"1062858","whiskys",,"qamitot"
"1062859","whiskytini",,"qomatiu"
"1062860","whisler",,"qomavo"
"1062861","whisman",,"okaceeta"
"1062862","whismore",,"akicuhen"
"1062863","whisnand",,"ekucere"
"1062864","whisnant",,"ekuceru"
"1062865","whisner",,"qemupan"
"1062866","whisp",,"okacut"
"1062867","whisper",,"qamihin"
"1062868","whisperable",,"qumohewue"
"1062869","whisperation",,"qamihowae"
"1062870","whisperd",,"ekucizun"
"1062871","whispere",,"qumoheon"
"1062872","whispered",,"akicozoe"
"1062873","whisperer",,"ekucizu"
"1062874","whisperers",,"ekucizote"
"1062875","whisperest",,"akicozona"
"1062876","whispereth",,"qumohee"
"1062877","whisperhood",,"qumohewaot"
"1062878","whisperi",,"qamihoo"
"1062879","whisperin",,"ukocezu"
"1062880","whispering",,"akicozuna"
"1062881","whisperingly",,"qumoheweet"
"1062882","whisperingness",,"qamihowoo"
"1062883","whisperings",,"akicozevu"
"1062884","whisperless",,"ukocezafot"
"1062885","whispermode",,"akicozehan"
"1062886","whisperous",,"qemuhiot"
"1062887","whisperously",,"ikecazucat"
"1062888","whisperproof",,"ukocezaqon"
"1062889","whispers",,"qamihoa"
"1062890","whispersome",,"qumohewein"
"1062891","whispery",,"qomahuen"
"1062892","whispovirus",,"okacuhovot"
"1062893","whispy",,"ukocete"
"1062894","whiss",,"qumoqe"
"1062895","whissed",,"ukocuet"
"1062896","whissendine",,"ikecizapon"
"1062897","whisses",,"qimequn"
"1062898","whissing",,"ukocusua"
"1062899","whissle",,"ikeciu"
"1062900","whisson",,"akicao"
"1062901","whissons",,"akicahet"
"1062902","whist",,"akiceo"
"1062903","whisted",,"qomawot"
"1062904","whister",,"qimewun"
"1062905","whisterpoop",,"qamiwowuat"
"1062906","whistest",,"qomawuen"
"1062907","whistful",,"ukocame"
"1062908","whisting",,"qomawoan"
"1062909","whistlable",,"qemuwuin"
"1062910","whistle",,"qemuwan"
"1062911","whistlea",,"qomawaen"
"1062912","whistleable",,"qamiwipaon"
"1062913","whistlebelly",,"ekucozavet"
"1062914","whistleberries",,"okacizevo"
"1062915","whistleblew",,"qomawapiat"
"1062916","whistleblogger",,"akicezuven"
"1062917","whistleblow",,"qamiwipean"
"1062918","whistleblower",,"ekucozavi"
"1062919","whistleblowers",,"ekucozavat"
"1062920","whistleblowing",,"akicezuvet"
"1062921","whistleblowings",,"akicezuvi"
"1062922","whistleblown",,"ukocaziven"
"1062923","whistleblows",,"qamiwipeun"
"1062924","whistlecock",,"qomawapuun"
"1062925","whistled",,"okacizet"
"1062926","whistlefield",,"ekucozari"
"1062927","whistlefish",,"qimewepoat"
"1062928","whistlefishes",,"qomawapeen"
"1062929","whistleless",,"akicezufat"
"1062930","whistlelike",,"ukocazifo"
"1062931","whistler",,"ikecuzota"
"1062932","whistleresque",,"ekucozabon"
"1062933","whistlerian",,"qamiwipeat"
"1062934","whistlerism",,"ekucozabona"
"1062935","whistlers",,"ikecuzo"
"1062936","whistles",,"qemuwuun"
"1062937","whistlestop",,"qumowopeot"
"1062938","whistlestoped",,"ukocaziden"
"1062939","whistlestoping",,"ukocazide"
"1062940","whistlestopped",,"qumowopeet"
"1062941","whistlestopping",,"qumowopeu"
"1062942","whistlestops",,"qumowopeo"
"1062943","whistlewing",,"ukocazimen"
"1062944","whistlewood",,"ukocazimot"
"1062945","whistley",,"qimeweu"
"1062946","whistlike",,"qamiwion"
"1062947","whistlin",,"ekucozot"
"1062948","whistling",,"okacizu"
"1062949","whistlingly",,"qemuwutii"
"1062950","whistlings",,"okacizot"
"1062951","whistly",,"qumowon"
"1062952","whistness",,"qamiwaen"
"1062953","whiston",,"qimewu"
"1062954","whistonian",,"ikecuhi"
"1062955","whistonians",,"ikecuhavat"
"1062956","whists",,"akicin"
"1062957","whit",,"akiqno"
"1062958","whitacre",,"quminuet"
"1062959","whitaker",,"qimonau"
"1062960","whitakers",,"qimonaot"
"1062961","whitaturalist",,"ukoqobibon"
"1062962","whitaturalists",,"ukoqobiban"
"1062963","whitbeck",,"qomeruo"
"1062964","whitbed",,"ukoqien"
"1062965","whitbian",,"ukoqisat"
"1062966","whitblow",,"ukoqizata"
"1062967","whitbourn",,"qimorua"
"1062968","whitbourne",,"qomerian"
"1062969","whitbread",,"qumirion"
"1062970","whitbreads",,"qumirian"
"1062971","whitburn",,"qemariun"
"1062972","whitburns",,"qemariu"
"1062973","whitby",,"qemaet"
"1062974","whitbyan",,"ekuqamun"
"1062975","whitcher",,"akiqaro"
"1062976","whitchurch",,"qumisiu"
"1062977","whitcomb",,"qumisai"
"1062978","whitcombe",,"qimosuin"
"1062979","whitcraft",,"qemasau"
"1062980","white",,"ukoqes"
"1062981","whiteabbey",,"okaquret"
"1062982","whiteacre",,"qimovee"
"1062983","whiteacres",,"qimovein"
"1062984","whiteadder",,"qomevaen"
"1062985","whiteaker",,"qomevaet"
"1062986","whitean",,"qemavi"
"1062987","whiteanity",,"ukoqeru"
"1062988","whiteass",,"akiqora"
"1062989","whiteback",,"qimovou"
"1062990","whitebait",,"akiqosen"
"1062991","whitebaited",,"qomevesui"
"1062992","whitebaiter",,"qimovosao"
"1062993","whitebaiting",,"qomevesuot"
"1062994","whitebaits",,"akiqoson"
"1062995","whiteball",,"qemavae"
"1062996","whitebark",,"akiqosena"
"1062997","whitebarked",,"qomevesii"
"1062998","whitebass",,"qumivii"
"1062999","whitebasses",,"qimovosaa"
"1063000","whitebeam",,"qemavaat"
"1063001","whitebeams",,"qemavaea"
"1063002","whitebeard",,"qimovoua"
"1063003","whitebeards",,"qimovopiot"
"1063004","whitebelly",,"qemavau"
"1063005","whitebelt",,"qamuvua"
"1063006","whiteberry",,"qamuvuo"
"1063007","whitebill",,"qamuvuet"
"1063008","whitebird",,"qimovoin"
"1063009","whitebirds",,"qimovoa"
"1063010","whiteblaze",,"qimovoina"
"1063011","whiteblow",,"ikeqasa"
"1063012","whiteboard",,"qemavaee"
"1063013","whiteboarding",,"ekuqisutan"
"1063014","whiteboards",,"qemavajein"
"1063015","whitebone",,"ikeqasot"
"1063016","whitebook",,"qemavaua"
"1063017","whitebottle",,"ikeqaseget"
"1063018","whiteboy",,"qomeveo"
"1063019","whiteboyism",,"qamuvujian"
"1063020","whiteboyisms",,"qamuvujiun"
"1063021","whiteboys",,"qomeveet"
"1063022","whitebread",,"qimovoue"
"1063023","whitebream",,"ikeqasaa"
"1063024","whitebridge",,"qimovowaen"
"1063025","whitebrook",,"ikeqaset"
"1063026","whitecap",,"qamuvain"
"1063027","whitecapped",,"qamuvasuen"
"1063028","whitecapper",,"qemavesain"
"1063029","whitecapping",,"qamuvasue"
"1063030","whitecaps",,"qamuvaa"
"1063031","whitecastle",,"okaqutodat"
"1063032","whitecedar",,"ukoqetan"
"1063033","whitechapel",,"qimovisien"
"1063034","whitecheek",,"qamuvaen"
"1063035","whitechi",,"qimoviin"
"1063036","whitechurch",,"qimovisoet"
"1063037","whiteclay",,"qumivui"
"1063038","whiteclays",,"qumivuat"
"1063039","whitecliff",,"qumivuot"
"1063040","whitecoat",,"qamuvaaa"
"1063041","whitecoats",,"qamuvaena"
"1063042","whitecollar",,"qimovijiet"
"1063043","whitecomb",,"qimoviina"
"1063044","whitecombs",,"qimovia"
"1063045","whitecorn",,"ukoqetun"
"1063046","whitecotton",,"qimovijeet"
"1063047","whitecourt",,"akiqoton"
"1063048","whitecow",,"ukoqeti"
"1063049","whitecraigs",,"qamuvawaan"
"1063050","whitecroft",,"qemaveot"
"1063051","whitecross",,"qamuvaet"
"1063052","whitecup",,"qimovie"
"1063053","whitecups",,"qimoviine"
"1063054","whitecurrant",,"okaqutebu"
"1063055","whited",,"qomeu"
"1063056","whitedamp",,"ukoqevat"
"1063057","whitedamps",,"ukoqeve"
"1063058","whitedow",,"qomevio"
"1063059","whitedra",,"akiqovot"
"1063060","whiteeye",,"ukoqezeta"
"1063061","whitefac",,"qamuvoot"
"1063062","whiteface",,"qumivei"
"1063063","whitefaced",,"akiqomen"
"1063064","whitefaces",,"qumiveat"
"1063065","whitefar",,"okaqumon"
"1063066","whitefeet",,"ikeqamot"
"1063067","whitefella",,"qemaviot"
"1063068","whitefeller",,"ekuqimafen"
"1063069","whitefellow",,"qamuvopaat"
"1063070","whitefield",,"qemaviota"
"1063071","whitefieldian",,"ekuqimifat"
"1063072","whitefieldians",,"ekuqimife"
"1063073","whitefieldism",,"qumivetion"
"1063074","whitefieldisms",,"qumivetian"
"1063075","whitefieldite",,"ekuqimifan"
"1063076","whitefieldites",,"ekuqimifun"
"1063077","whitefields",,"qemavitao"
"1063078","whitefin",,"ikeqamo"
"1063079","whitefish",,"ekuqimo"
"1063080","whitefisher",,"qumivetea"
"1063081","whitefishery",,"qemavition"
"1063082","whitefishes",,"akiqomode"
"1063083","whitefishs",,"ekuqimet"
"1063084","whiteflaw",,"ikeqamoa"
"1063085","whiteflies",,"ikeqamon"
"1063086","whitefly",,"ekuqimu"
"1063087","whiteflys",,"ekuqimot"
"1063088","whitefolk",,"akiqoman"
"1063089","whitefoord",,"qimovaen"
"1063090","whitefoot",,"ukoqemu"
"1063091","whitefootism",,"okaqumacen"
"1063092","whitefoots",,"ukoqemot"
"1063093","whiteford",,"qemaviu"
"1063094","whitefords",,"qemaviote"
"1063095","whitefriar",,"qemavia"
"1063096","whitefront",,"akiqomat"
"1063097","whitefulla",,"qemaviaa"
"1063098","whitegirl",,"ukoqenin"
"1063099","whitegoods",,"qomevaat"
"1063100","whitegraft",,"qemavua"
"1063101","whitehair",,"ekuqirot"
"1063102","whitehaired",,"qimovosaen"
"1063103","whitehal",,"ukoqerat"
"1063104","whitehall",,"qemavain"
"1063105","whitehalls",,"qemavaa"
"1063106","whitehan",,"ikeqarot"
"1063107","whitehanded",,"ekuqirejot"
"1063108","whitehass",,"qumiviat"
"1063109","whitehat",,"akiqoro"
"1063110","whitehav",,"ukoqeran"
"1063111","whitehaven",,"qumiviun"
"1063112","whitehawk",,"qemavaue"
"1063113","whitehawse",,"qemavaui"
"1063114","whitehea",,"qimovoe"
"1063115","whitehead",,"ukoqerana"
"1063116","whiteheaded",,"qemavapee"
"1063117","whiteheadian",,"qemavapeo"
"1063118","whiteheads",,"ukoqerun"
"1063119","whiteheart",,"qimovoaa"
"1063120","whitehearted",,"ikeqarotet"
"1063121","whiteheath",,"qimovoo"
"1063122","whiteheaths",,"qimovopiet"
"1063123","whitehill",,"qamuvui"
"1063124","whitehills",,"qamuvuat"
"1063125","whitehood",,"ikeqaro"
"1063126","whitehor",,"okaquri"
"1063127","whitehorn",,"qimovooa"
"1063128","whitehorse",,"ekuqira"
"1063129","whitehorses",,"ekuqiruben"
"1063130","whitehou",,"qumivian"
"1063131","whitehouse",,"qimovooe"
"1063132","whitehousian",,"ukoqeroket"
"1063133","whitehurst",,"qomeveat"
"1063134","whiteinch",,"okaqusat"
"1063135","whiteing",,"qemaveu"
"1063136","whiteish",,"qimoviot"
"1063137","whiteishness",,"ekuqisiti"
"1063138","whiteism",,"okaqusi"
"1063139","whiteist",,"qomevoet"
"1063140","whiteite",,"qemaveat"
"1063141","whiteknee",,"qomevuet"
"1063142","whitekni",,"qumiveata"
"1063143","whiteknight",,"qamuvohou"
"1063144","whiteknighted",,"akiqovova"
"1063145","whiteknighting",,"akiqovovat"
"1063146","whiteknights",,"qamuvohoot"
"1063147","whitelackington",,"akiqozazi"
"1063148","whiteland",,"qumivoan"
"1063149","whitelands",,"qumivoun"
"1063150","whitelash",,"ukoqeze"
"1063151","whitelashes",,"ikeqazidon"
"1063152","whitelaw",,"qamuviot"
"1063153","whitelead",,"okaquzet"
"1063154","whiteleaf",,"ukoqezuna"
"1063155","whiteleas",,"qemavuun"
"1063156","whiteleg",,"qemavuuna"
"1063157","whitelegg",,"qomevaan"
"1063158","whiteless",,"qamuvio"
"1063159","whitelessness",,"ikeqazodat"
"1063160","whiteletter",,"akiqozugi"
"1063161","whiteley",,"qomevao"
"1063162","whiteleys",,"qomevaeta"
"1063163","whitelies",,"qamuvien"
"1063164","whitelike",,"qumivouna"
"1063165","whitelime",,"qimovea"
"1063166","whitelimed",,"ukoqezua"
"1063167","whitelimes",,"qimoveen"
"1063168","whiteliming",,"ukoqezehon"
"1063169","whiteline",,"ukoqezea"
"1063170","whitelip",,"ukoqezune"
"1063171","whitelist",,"okaquzat"
"1063172","whitelisted",,"qumivoteu"
"1063173","whitelisting",,"qumivoteon"
"1063174","whitelists",,"okaquze"
"1063175","whitelock",,"qomevai"
"1063176","whitelow",,"qemavuune"
"1063177","whitely",,"qimovun"
"1063178","whitemail",,"qamuvueta"
"1063179","whitemailed",,"akiqopavan"
"1063180","whitemailing",,"akiqopava"
"1063181","whitemails",,"qamuvuia"
"1063182","whiteman",,"qumiviia"
"1063183","whitemanity",,"okaqupoju"
"1063184","whitemanize",,"ekuqipejo"
"1063185","whitemanized",,"qumivisein"
"1063186","whitemanizes",,"ekuqipejet"
"1063187","whitemanizing",,"qumivisei"
"1063188","whitemans",,"qumiviata"
"1063189","whitemark",,"qemavauo"
"1063190","whitemetalled",,"okaqupegin"
"1063191","whitemoor",,"qamuvuete"
"1063192","whitemore",,"qomeveon"
"1063193","whitemou",,"ikeqapot"
"1063194","whiten",,"qamuea"
"1063195","whitenack",,"qamuvao"
"1063196","whitenat",,"okaqufet"
"1063197","whitened",,"akiqofot"
"1063198","whitener",,"ekuqifun"
"1063199","whiteners",,"ekuqifu"
"1063200","whitenes",,"qumivuon"
"1063201","whiteness",,"qumivuan"
"1063202","whitenesses",,"qimovipao"
"1063203","whitenest",,"akiqofen"
"1063204","whiteneth",,"qumivuata"
"1063205","whitenight",,"qemaveen"
"1063206","whitenin",,"ukoqefun"
"1063207","whitening",,"akiqofan"
"1063208","whitenings",,"akiqofun"
"1063209","whitenization",,"ikeqafasu"
"1063210","whitenize",,"okaqufi"
"1063211","whitenized",,"qamuvaene"
"1063212","whitenizes",,"okaqufat"
"1063213","whitenizing",,"qamuvatue"
"1063214","whitenoise",,"qemaveota"
"1063215","whitenose",,"qemavee"
"1063216","whitens",,"qamuvin"
"1063217","whiteoak",,"ekuqihe"
"1063218","whiteout",,"qimovuu"
"1063219","whiteouts",,"qimovuot"
"1063220","whiteowl",,"qemavoun"
"1063221","whiteowls",,"qemavou"
"1063222","whitepaper",,"qemaviua"
"1063223","whitephobia",,"qimovaseon"
"1063224","whitepig",,"qamuvoen"
"1063225","whitepine",,"okaqujan"
"1063226","whitepost",,"okaqujana"
"1063227","whiteposts",,"okaqujun"
"1063228","whitepot",,"okaqujon"
"1063229","whitepots",,"okaqujane"
"1063230","whitepox",,"akiqojo"
"1063231","whiteprint",,"ikeqajon"
"1063232","whiteprinting",,"qamuvowoo"
"1063233","whiter",,"qimoan"
"1063234","whiterid",,"ukoqeqani"
"1063235","whiterock",,"qumiviate"
"1063236","whiterockian",,"ukoqeqozen"
"1063237","whiteroot",,"ikeqaqoi"
"1063238","whiterump",,"ikeqaqoo"
"1063239","whites",,"ukoqeno"
"1063240","whitesan",,"qemaveata"
"1063241","whitesands",,"okaquwan"
"1063242","whitesark",,"qimoviota"
"1063243","whitesboro",,"ukoqewu"
"1063244","whitesboros",,"ukoqewacot"
"1063245","whitesburg",,"akiqowi"
"1063246","whitesburgs",,"akiqowekat"
"1063247","whiteschist",,"ukoqeweta"
"1063248","whiteseam",,"okaquwon"
"1063249","whitesel",,"qamuvaot"
"1063250","whitesell",,"akiqowet"
"1063251","whiteshank",,"okaquwe"
"1063252","whiteshift",,"qumivuota"
"1063253","whiteshill",,"qamuvaat"
"1063254","whiteshirt",,"qimoviet"
"1063255","whiteside",,"qemaveun"
"1063256","whitesides",,"qemaveua"
"1063257","whiteski",,"ikeqawa"
"1063258","whiteskin",,"qumivue"
"1063259","whiteskinned",,"qamuvazoun"
"1063260","whiteslave",,"ekuqiwin"
"1063261","whitesmith",,"okaquwu"
"1063262","whitesmithing",,"qumivufeat"
"1063263","whitesmiths",,"okaquwivot"
"1063264","whitesna",,"qemaveate"
"1063265","whitesnow",,"qamuvaeni"
"1063266","whitesox",,"qomevoen"
"1063267","whitespa",,"qamuvaota"
"1063268","whitespace",,"qumivuana"
"1063269","whitesplain",,"qemaveceen"
"1063270","whitesplained",,"ekuqiwafi"
"1063271","whitesplainer",,"okaquwefo"
"1063272","whitesplaining",,"ekuqiwafot"
"1063273","whitesplains",,"qemaveceon"
"1063274","whitesploitation",,"qumivucuin"
"1063275","whitespot",,"okaquwana"
"1063276","whitespotted",,"akiqowucat"
"1063277","whitest",,"qomeva"
"1063278","whitestart",,"qimoviaa"
"1063279","whitester",,"ikeqawot"
"1063280","whitestone",,"okaquwat"
"1063281","whitestonecliffe",,"qemaveduot"
"1063282","whitestoned",,"qamuvadion"
"1063283","whitestones",,"okaquwace"
"1063284","whitestoning",,"qamuvadiin"
"1063285","whitestown",,"ekuqiwaa"
"1063286","whitestowns",,"ekuqiwucen"
"1063287","whitestraits",,"qimovidui"
"1063288","whitestream",,"okaquwabun"
"1063289","whitestreamed",,"qumivudain"
"1063290","whitestreaming",,"qumivudai"
"1063291","whitestreams",,"okaquwabu"
"1063292","whitesville",,"qomevokue"
"1063293","whitesvilles",,"qomevokuin"
"1063294","whitetai",,"qimovuua"
"1063295","whitetail",,"ikeqabo"
"1063296","whitetails",,"ikeqabet"
"1063297","whitethorn",,"ukoqebot"
"1063298","whitethorns",,"ukoqebaco"
"1063299","whitethroat",,"okaqubibu"
"1063300","whitethroats",,"okaqubibot"
"1063301","whitetip",,"akiqoben"
"1063302","whitetop",,"okaqubon"
"1063303","whitetopia",,"ikeqabeta"
"1063304","whitetopping",,"okaqubaqen"
"1063305","whitetow",,"qomevien"
"1063306","whitetrashistan",,"qomeviwoon"
"1063307","whiteuni",,"qumivean"
"1063308","whitevein",,"ukoqegun"
"1063309","whiteveins",,"ukoqegu"
"1063310","whiteville",,"qomevaata"
"1063311","whitevilles",,"qomevatoe"
"1063312","whitewall",,"akiqoket"
"1063313","whitewalls",,"akiqoki"
"1063314","whitewards",,"ikeqaka"
"1063315","whiteware",,"qemavaata"
"1063316","whitewares",,"qemavaei"
"1063317","whitewas",,"ikeqaku"
"1063318","whitewash",,"qomeveona"
"1063319","whitewashable",,"qemavasien"
"1063320","whitewashed",,"okaqukodat"
"1063321","whitewasher",,"ikeqakidet"
"1063322","whitewashers",,"ikeqakidi"
"1063323","whitewashes",,"qemavasiot"
"1063324","whitewashing",,"okaqukodo"
"1063325","whitewashings",,"okaqukodet"
"1063326","whitewater",,"okaquki"
"1063327","whitewatergate",,"qemavasuet"
"1063328","whitewaters",,"okaqukogat"
"1063329","whitewax",,"qumiviet"
"1063330","whiteway",,"akiqokot"
"1063331","whiteweed",,"qimovoun"
"1063332","whitewell",,"ikeqakaa"
"1063333","whitewing",,"qumivie"
"1063334","whitewings",,"qumiviin"
"1063335","whitewishing",,"ekuqikidun"
"1063336","whitewood",,"qumiviana"
"1063337","whitewoods",,"qumiviuna"
"1063338","whitework",,"qomevei"
"1063339","whiteworm",,"qemavauu"
"1063340","whitewort",,"ukoqekun"
"1063341","whitewright",,"qomevewuin"
"1063342","whitewrights",,"qomevewua"
"1063343","whitey",,"ekuqon"
"1063344","whiteys",,"ekuqian"
"1063345","whiteywood",,"qemavoua"
"1063346","whiteywoods",,"qemavoluot"
"1063347","whitfield",,"qomeloan"
"1063348","whitfieldian",,"okaqusefo"
"1063349","whitfieldism",,"qamulapain"
"1063350","whitfieldite",,"okaqusefa"
"1063351","whitfields",,"qomeloun"
"1063352","whitfinch",,"qimoliet"
"1063353","whitflaw",,"ukoqezuni"
"1063354","whitfoot",,"akiqohon"
"1063355","whitford",,"qomelion"
"1063356","whitgift",,"okaqasun"
"1063357","whitgiftian",,"qumimunoet"
"1063358","whith",,"qumin"
"1063359","whitham",,"qimonu"
"1063360","whitharral",,"okaqere"
"1063361","whitharrals",,"okaqeribin"
"1063362","whither",,"akiquai"
"1063363","whithered",,"qomenuet"
"1063364","whitherer",,"qimonaota"
"1063365","whitherest",,"qomenuan"
"1063366","whitherever",,"okaqezifun"
"1063367","whithering",,"qomenuu"
"1063368","whitherne",,"qamunoen"
"1063369","whitherrer",,"akiquzi"
"1063370","whitherrest",,"ukoqizabot"
"1063371","whithers",,"akiquzen"
"1063372","whitherso",,"okaqezat"
"1063373","whithersoever",,"ukoqizaden"
"1063374","whitherto",,"qamunoet"
"1063375","whithertofore",,"qimonawee"
"1063376","whitherward",,"ukoqizamin"
"1063377","whitherwards",,"ukoqizama"
"1063378","whithorn",,"quminaun"
"1063379","whitie",,"ukoqeta"
"1063380","whitier",,"qimore"
"1063381","whities",,"ukoquii"
"1063382","whitiest",,"qomeruet"
"1063383","whitified",,"akiqami"
"1063384","whitifies",,"qumireu"
"1063385","whitify",,"qomeret"
"1063386","whitifying",,"okaqoma"
"1063387","whitin",,"qemaan"
"1063388","whitina",,"qomeren"
"1063389","whiting",,"qomeron"
"1063390","whitingham",,"ikeqifat"
"1063391","whitinghams",,"ikeqifite"
"1063392","whitings",,"qomeroan"
"1063393","whitino",,"qimorin"
"1063394","whitinsville",,"okaqofulen"
"1063395","whitinsvilles",,"okaqofulon"
"1063396","whitish",,"qumiran"
"1063397","whitisher",,"akiqawia"
"1063398","whitishest",,"ukoquwot"
"1063399","whitishly",,"ekuqewo"
"1063400","whitishness",,"okaqowijot"
"1063401","whitishnesses",,"ekuqewojat"
"1063402","whitishnesss",,"okaqowijo"
"1063403","whitism",,"ikeqiot"
"1063404","whitist",,"qimoru"
"1063405","whitkirk",,"qometoana"
"1063406","whitlam",,"qemavat"
"1063407","whitlams",,"qemavue"
"1063408","whitland",,"qamuvia"
"1063409","whitlandian",,"akiqiropun"
"1063410","whitlands",,"qamuviena"
"1063411","whitlash",,"akiqiret"
"1063412","whitlashs",,"akiqiri"
"1063413","whitlavia",,"ukoqore"
"1063414","whitlaviae",,"ikeqeren"
"1063415","whitlavias",,"ukoqorin"
"1063416","whitleather",,"ikeqezigon"
"1063417","whitleathers",,"ikeqezigan"
"1063418","whitledge",,"okaqazia"
"1063419","whitley",,"qimovuna"
"1063420","whitleyism",,"qemaviae"
"1063421","whitleyisms",,"qemavinien"
"1063422","whitleys",,"qimovau"
"1063423","whitleyville",,"ukoqozolen"
"1063424","whitleyvilles",,"ukoqozolon"
"1063425","whitling",,"okaqasuna"
"1063426","whitlingham",,"qamuvahain"
"1063427","whitlings",,"okaqasua"
"1063428","whitlock",,"qimovuota"
"1063429","whitlockite",,"ikeqehapan"
"1063430","whitlocks",,"qimovuo"
"1063431","whitlow",,"qomeven"
"1063432","whitlows",,"qomevion"
"1063433","whitlowwort",,"qomeviliu"
"1063434","whitlowworts",,"qomeviliot"
"1063435","whitmal",,"qemazat"
"1063436","whitman",,"qamuzot"
"1063437","whitmanese",,"qimozea"
"1063438","whitmaneses",,"qimozehoen"
"1063439","whitmanesque",,"qimozehoon"
"1063440","whitmania",,"qemazuin"
"1063441","whitmaniac",,"qemazuot"
"1063442","whitmanian",,"akiqurat"
"1063443","whitmanic",,"qamuziet"
"1063444","whitmanise",,"qumizou"
"1063445","whitmanises",,"qumizoheot"
"1063446","whitmanish",,"okaqerin"
"1063447","whitmanism",,"qimozeon"
"1063448","whitmanisms",,"qimozehaan"
"1063449","whitmanite",,"akiquran"
"1063450","whitmanize",,"okaqerun"
"1063451","whitmanized",,"qamuzihoi"
"1063452","whitmanizes",,"okaqeruvu"
"1063453","whitmanizing",,"qamuzihoot"
"1063454","whitmannian",,"qemazuhiet"
"1063455","whitmannic",,"ukoqirot"
"1063456","whitmans",,"qamuzio"
"1063457","whitmarsh",,"akiquri"
"1063458","whitmer",,"qemazan"
"1063459","whitmers",,"qemaziun"
"1063460","whitmire",,"qemazee"
"1063461","whitmires",,"qemazein"
"1063462","whitmonday",,"akiquhi"
"1063463","whitmondays",,"akiquhopat"
"1063464","whitmore",,"qimozuin"
"1063465","whitmoreite",,"ikeqohufi"
"1063466","whitmores",,"qimozua"
"1063467","whitmoyer",,"qamuzeen"
"1063468","whitmyer",,"qimozuu"
"1063469","whitn",,"qemap"
"1063470","whitnall",,"qumipoat"
"1063471","whitneck",,"qumipei"
"1063472","whitnell",,"qomepuon"
"1063473","whitner",,"okaqoene"
"1063474","whitney",,"qomepa"
"1063475","whitneyan",,"okaqozia"
"1063476","whitneyes",,"qemapiun"
"1063477","whitneyite",,"okaqozat"
"1063478","whitneys",,"qomepuen"
"1063479","whitneyville",,"ikeqizelat"
"1063480","whitneyvilles",,"ikeqizele"
"1063481","whitoid",,"qamufot"
"1063482","whitopia",,"qimofaot"
"1063483","whitrack",,"qumicoi"
"1063484","whitracks",,"qumicoat"
"1063485","whitret",,"ukoqion"
"1063486","whitrets",,"ukoqizana"
"1063487","whitrick",,"qimociot"
"1063488","whitricks",,"qimocio"
"1063489","whitrigg",,"qemaceot"
"1063490","whits",,"akiqano"
"1063491","whitsel",,"qemaqan"
"1063492","whitsell",,"ekuqezua"
"1063493","whitsett",,"ikeqizin"
"1063494","whitsetts",,"ikeqiza"
"1063495","whitsey",,"ekuqean"
"1063496","whitshed",,"ukoquran"
"1063497","whitsitt",,"ukoqusun"
"1063498","whitson",,"qimoqu"
"1063499","whitsour",,"qamuqeo"
"1063500","whitstable",,"qomeqii"
"1063501","whitstables",,"qomeqisiat"
"1063502","whitster",,"ukoquban"
"1063503","whitsters",,"ukoqubun"
"1063504","whitstone",,"ikeqibo"
"1063505","whitsun",,"qamuqot"
"1063506","whitsunday",,"ukoqude"
"1063507","whitsundays",,"ukoqudepin"
"1063508","whitsuns",,"qamuqoo"
"1063509","whitsuntide",,"qimoqaheet"
"1063510","whitsuntides",,"qimoqahei"
"1063511","whitt",,"qimowa"
"1063512","whittake",,"qomewaen"
"1063513","whittaker",,"ukoqarun"
"1063514","whittakers",,"ukoqaru"
"1063515","whittaw",,"qomewa"
"1063516","whittawer",,"ikequrot"
"1063517","whittawers",,"ikequro"
"1063518","whittawing",,"okaqiru"
"1063519","whittaws",,"qomewaena"
"1063520","whitted",,"ikequuna"
"1063521","whittemo",,"qomewuet"
"1063522","whittemore",,"ikequzen"
"1063523","whitten",,"ekuqoat"
"1063524","whittenburg",,"okaqizuvu"
"1063525","whittener",,"qumiwean"
"1063526","whitter",,"ukoqaon"
"1063527","whittered",,"qemawiat"
"1063528","whitterick",,"ikequzet"
"1063529","whittericks",,"ikequzuvi"
"1063530","whittering",,"qemawio"
"1063531","whitters",,"ukoqazan"
"1063532","whittier",,"ukoqasat"
"1063533","whittiers",,"ukoqase"
"1063534","whittingdale",,"ekuqosisi"
"1063535","whittingham",,"qemawehei"
"1063536","whittingstall",,"qumiwuhuan"
"1063537","whittington",,"okaqisuso"
"1063538","whittingtonian",,"qumiwuhue"
"1063539","whittle",,"okaqien"
"1063540","whittled",,"qamuwiot"
"1063541","whittler",,"qemawuun"
"1063542","whittlers",,"qemawuu"
"1063543","whittles",,"okaqizon"
"1063544","whittlesea",,"okaqizan"
"1063545","whittlesey",,"ikequzo"
"1063546","whittlesford",,"qumiwopeo"
"1063547","whittlin",,"qumiwoun"
"1063548","whittling",,"qamuwian"
"1063549","whittlings",,"qamuwiun"
"1063550","whittock",,"qumiwaan"
"1063551","whittome",,"qomewiet"
"1063552","whitton",,"ukoqaana"
"1063553","whittret",,"qomeween"
"1063554","whittrets",,"qomeweon"
"1063555","whittrick",,"ukoqaqu"
"1063556","whitts",,"qimoata"
"1063557","whitty",,"qamuee"
"1063558","whitver",,"ikeqeea"
"1063559","whitwall",,"ekuqaru"
"1063560","whitweek",,"akiquzaa"
"1063561","whitweeks",,"akiquzena"
"1063562","whitwell",,"ukoqizate"
"1063563","whitwellian",,"qemagipeen"
"1063564","whitwells",,"ukoqize"
"1063565","whitwick",,"okaqesi"
"1063566","whitwood",,"qamugea"
"1063567","whitworth",,"qumigae"
"1063568","whitworths",,"qumigain"
"1063569","whity",,"okaqiu"
"1063570","whixall",,"ekuguun"
"1063571","whixley",,"qemuvi"
"1063572","whiz",,"okalne"
"1063573","whizbang",,"okaleron"
"1063574","whizbangery",,"qomorahoat"
"1063575","whizbangs",,"okaleran"
"1063576","whizgig",,"ukoloun"
"1063577","whizkid",,"qumuton"
"1063578","whizkids",,"qumutuan"
"1063579","whizs",,"okalos"
"1063580","whizz",,"qomoma"
"1063581","whizzbang",,"qomomeon"
"1063582","whizzbangery",,"akilosajat"
"1063583","whizzbangs",,"qomomean"
"1063584","whizzed",,"okaluot"
"1063585","whizzer",,"ikelauna"
"1063586","whizzerman",,"qimimaa"
"1063587","whizzers",,"ikelazu"
"1063588","whizzery",,"akilozot"
"1063589","whizzes",,"qememon"
"1063590","whizzgig",,"qumumoun"
"1063591","whizzier",,"ikelasina"
"1063592","whizziest",,"okalusia"
"1063593","whizzin",,"ekuliuna"
"1063594","whizziness",,"akilosi"
"1063595","whizzing",,"okalusan"
"1063596","whizzingly",,"qememeo"
"1063597","whizzings",,"okalusun"
"1063598","whizzkid",,"okaluvon"
"1063599","whizzkids",,"okaluvan"
"1063600","whizzle",,"ekuliane"
"1063601","whizzo",,"qumuo"
"1063602","whizzs",,"qomoin"
"1063603","whizzy",,"qumuaa"
"1063604","whkasper",,"qareqoot"
"1063605","whmaisel",,"okumowon"
"1063606","whmis",,"qotaq"
"1063607","whnf",,"qivii"
"1063608","who",,"qez"
"1063609","whoa",,"qozi"
"1063610","whoadie",,"okemiae"
"1063611","whoaed",,"okemute"
"1063612","whoah",,"ukimire"
"1063613","whoaing",,"okemoon"
"1063614","whoam",,"qazez"
"1063615","whoas",,"qoziq"
"1063616","whobrey",,"qizacan"
"1063617","whobub",,"qezien"
"1063618","whod",,"okesso"
"1063619","whoda",,"ikosena"
"1063620","whodie",,"ekasone"
"1063621","whodunit",,"ikosafot"
"1063622","whodunitries",,"qezabetuet"
"1063623","whodunitry",,"quzibue"
"1063624","whodunits",,"ikosafo"
"1063625","whodunnit",,"quzibuun"
"1063626","whodunnitries",,"akusofovot"
"1063627","whodunnitry",,"ikosafavi"
"1063628","whodunnits",,"quzibuu"
"1063629","whodunwhat",,"qezabein"
"1063630","whodve",,"qizoon"
"1063631","whoeer",,"ekateti"
"1063632","whoes",,"qazaq"
"1063633","whoever",,"qizidan"
"1063634","whoeveres",,"qozoduo"
"1063635","whoevers",,"qizidaun"
"1063636","whoi",,"qezu"
"1063637","whois",,"qezuq"
"1063638","whoised",,"ekaneana"
"1063639","whoises",,"qaziqin"
"1063640","whoising",,"ekanesa"
"1063641","whol",,"ekatno"
"1063642","whole",,"akutodo"
"1063643","wholecar",,"qazevain"
"1063644","wholecoiner",,"ukitetovot"
"1063645","wholefis",,"qazevoen"
"1063646","wholefood",,"akutomon"
"1063647","wholefoods",,"akutoman"
"1063648","wholegrain",,"akutonat"
"1063649","wholehea",,"quzavion"
"1063650","wholehearted",,"ukiteritin"
"1063651","wholeheartedly",,"qizuvopian"
"1063652","wholeheartedness",,"quzavipuon"
"1063653","wholeheartednesses",,"qizuvopiot"
"1063654","wholely",,"quzavet"
"1063655","wholemeal",,"qazevuo"
"1063656","wholemeals",,"qazevuet"
"1063657","wholemount",,"ekatipoa"
"1063658","wholenes",,"qazevaot"
"1063659","wholeness",,"qazevao"
"1063660","wholenesses",,"quzavupee"
"1063661","wholer",,"quzao"
"1063662","wholes",,"akuture"
"1063663","wholesal",,"qizuviu"
"1063664","wholesale",,"qozivoet"
"1063665","wholesaled",,"ikotawa"
"1063666","wholesalely",,"ukitewufin"
"1063667","wholesaleness",,"akutowafe"
"1063668","wholesaler",,"ukitewe"
"1063669","wholesalers",,"ukitewufina"
"1063670","wholesales",,"qozivoi"
"1063671","wholesaling",,"ikotawifat"
"1063672","wholescale",,"qozivoon"
"1063673","wholesom",,"akutowen"
"1063674","wholesome",,"ukitewun"
"1063675","wholesomely",,"qizuvijuet"
"1063676","wholesomeness",,"quzavujao"
"1063677","wholesomenesses",,"qizuvijue"
"1063678","wholesomer",,"qizuvio"
"1063679","wholesomest",,"qozivojiun"
"1063680","wholesomnesse",,"quzavujaoa"
"1063681","wholest",,"qizuvun"
"1063682","wholestitch",,"qizuvidaon"
"1063683","wholestitches",,"qozivoduot"
"1063684","wholetail",,"ukitebea"
"1063685","wholetime",,"qazeveen"
"1063686","wholetone",,"ikotabaa"
"1063687","wholetrain",,"qoziviat"
"1063688","wholewheat",,"ikotako"
"1063689","wholewise",,"oketuki"
"1063690","wholigan",,"quzaroun"
"1063691","wholisation",,"ekatewegi"
"1063692","wholism",,"ukituat"
"1063693","wholisms",,"ukituwe"
"1063694","wholist",,"quzari"
"1063695","wholistic",,"quzarue"
"1063696","wholistically",,"quzarudeon"
"1063697","wholists",,"quzaruat"
"1063698","wholl",,"qizuv"
"1063699","wholle",,"qoziot"
"1063700","whollier",,"ukitosun"
"1063701","wholliest",,"ikotesena"
"1063702","wholly",,"qazeu"
"1063703","wholock",,"oketiete"
"1063704","wholphin",,"quzahie"
"1063705","wholsom",,"ekateee"
"1063706","wholsome",,"akutahen"
"1063707","wholth",,"ekatatn"
"1063708","wholy",,"ikoturu"
"1063709","whom",,"quzea"
"1063710","whoman",,"ukivet"
"1063711","whomble",,"qozura"
"1063712","whombled",,"ikovozu"
"1063713","whombles",,"qozuraen"
"1063714","whombling",,"ikovozon"
"1063715","whome",,"qizav"
"1063716","whomever",,"qezivuan"
"1063717","whomeveres",,"qazovio"
"1063718","whomevers",,"qezivuun"
"1063719","whommle",,"ekavaun"
"1063720","whommled",,"quzezoi"
"1063721","whommles",,"ekavazu"
"1063722","whommling",,"quzezoot"
"1063723","whomp",,"okevut"
"1063724","whompage",,"ikovarot"
"1063725","whomped",,"quzehen"
"1063726","whomper",,"qazohin"
"1063727","whomperjawed",,"qozuhuwaun"
"1063728","whomping",,"quzehue"
"1063729","whomprlt",,"quzehiat"
"1063730","whomps",,"okevoa"
"1063731","whoms",,"quzeq"
"1063732","whomso",,"qezii"
"1063733","whomsoeer",,"ekavehu"
"1063734","whomsoev",,"akuvaho"
"1063735","whomsoever",,"qizaqua"
"1063736","whomsoeveres",,"qozuqipoun"
"1063737","whomsoevers",,"qizaqupien"
"1063738","whomsomever",,"qeziqofaa"
"1063739","whomst",,"akuvin"
"1063740","whon",,"akuzni"
"1063741","whone",,"ukizete"
"1063742","whoneyt",,"quzoven"
"1063743","whoniverse",,"okezogat"
"1063744","whons",,"akuzau"
"1063745","whoo",,"qizo"
"1063746","whoobub",,"qizorat"
"1063747","whoobubs",,"qizorae"
"1063748","whoodle",,"qazutu"
"1063749","whooed",,"ikopane"
"1063750","whooee",,"qezaen"
"1063751","whooey",,"quzia"
"1063752","whoof",,"ekapis"
"1063753","whoofed",,"qizolun"
"1063754","whoofing",,"qizolien"
"1063755","whoofle",,"qozelen"
"1063756","whoofs",,"ekapata"
"1063757","whooing",,"ikopiaa"
"1063758","whoom",,"qezaz"
"1063759","whoomed",,"ekapaana"
"1063760","whooming",,"ekapasaa"
"1063761","whoomp",,"ukipone"
"1063762","whoomped",,"qezaziat"
"1063763","whoomph",,"qizozin"
"1063764","whoomphed",,"ikopojo"
"1063765","whoomphing",,"ikopojun"
"1063766","whoomphs",,"qizozaa"
"1063767","whoomping",,"qezazio"
"1063768","whoomps",,"ukipian"
"1063769","whooms",,"qezai"
"1063770","whoonga",,"ukipuan"
"1063771","whooosh",,"okepion"
"1063772","whoop",,"ekapine"
"1063773","whoopass",,"okepuron"
"1063774","whoopdee",,"qozehia"
"1063775","whoope",,"akupuo"
"1063776","whooped",,"qizohat"
"1063777","whoopee",,"ukipeeta"
"1063778","whoopeed",,"qozehua"
"1063779","whoopeedoo",,"qezahiu"
"1063780","whoopeeing",,"qezahia"
"1063781","whoopees",,"ukipezi"
"1063782","whooper",,"quzihet"
"1063783","whoopers",,"quzihei"
"1063784","whoopeth",,"akupozen"
"1063785","whoopi",,"ekapate"
"1063786","whoopie",,"akupoaa"
"1063787","whoopies",,"akuposen"
"1063788","whoopin",,"qozehet"
"1063789","whooping",,"qizohio"
"1063790","whoopingly",,"akupose"
"1063791","whoopings",,"qizohiet"
"1063792","whoopla",,"quzihon"
"1063793","whooplas",,"quzihoan"
"1063794","whooplike",,"qezahuot"
"1063795","whoops",,"ekapane"
"1063796","whoopsadaisy",,"qizohiseon"
"1063797","whoopsed",,"qizohie"
"1063798","whoopses",,"akupowo"
"1063799","whoopsie",,"akupowen"
"1063800","whoopsies",,"akupowon"
"1063801","whoopsing",,"qizohieta"
"1063802","whoopsy",,"ikopaua"
"1063803","whoopty",,"qezahan"
"1063804","whoopy",,"ikopuni"
"1063805","whoor",,"akuput"
"1063806","whoore",,"ukipeno"
"1063807","whoorel",,"qezacan"
"1063808","whoos",,"qizoq"
"1063809","whooses",,"qozeqa"
"1063810","whoosh",,"akupote"
"1063811","whooshed",,"qozeqeen"
"1063812","whooshes",,"ukipurat"
"1063813","whooshing",,"qozeqee"
"1063814","whooshka",,"akuparet"
"1063815","whooshy",,"okepoet"
"1063816","whoosies",,"qozeqoet"
"1063817","whoosis",,"qizoqu"
"1063818","whoosises",,"qozeqoi"
"1063819","whoosiss",,"qizoqiot"
"1063820","whoost",,"ukipete"
"1063821","whoosted",,"qezaqoan"
"1063822","whoosting",,"qezaqoa"
"1063823","whoosts",,"ukipuia"
"1063824","whoosy",,"qazue"
"1063825","whoosys",,"qazuqin"
"1063826","whoot",,"ukipai"
"1063827","whoota",,"akupus"
"1063828","whooted",,"qezawon"
"1063829","whooting",,"qezawein"
"1063830","whoots",,"ukipeti"
"1063831","whooty",,"ekapini"
"1063832","whoozit",,"quzimon"
"1063833","whop",,"ukift"
"1063834","whopped",,"ukifeeta"
"1063835","whopper",,"akufoot"
"1063836","whopperjawed",,"okefuzize"
"1063837","whoppers",,"akufozoa"
"1063838","whopping",,"ukifesu"
"1063839","whoppingly",,"qizihii"
"1063840","whoppings",,"ukifesot"
"1063841","whops",,"ukifus"
"1063842","whopstraw",,"ikofiba"
"1063843","whorage",,"ukijoon"
"1063844","whore",,"okejus"
"1063845","whorebug",,"qezivaat"
"1063846","whored",,"qazoat"
"1063847","whoredom",,"qazoveot"
"1063848","whoredoms",,"qazoveo"
"1063849","whoreface",,"qozuvuen"
"1063850","whorefucker",,"ekajimazo"
"1063851","whorehound",,"quzevie"
"1063852","whorehouse",,"qezivain"
"1063853","whorehouses",,"qezivajaa"
"1063854","whoreish",,"qezivee"
"1063855","whoreisher",,"okejusun"
"1063856","whoreishest",,"ekajisiten"
"1063857","whoreishly",,"ikojasona"
"1063858","whoreishness",,"ukijeseten"
"1063859","whoreishnesss",,"ukijeseton"
"1063860","whoreless",,"qizavein"
"1063861","whorelet",,"ukijezi"
"1063862","whorelike",,"qozuvai"
"1063863","whoreling",,"ukijezina"
"1063864","whorely",,"qezivi"
"1063865","whoreman",,"qozuveen"
"1063866","whoremaster",,"akujopadi"
"1063867","whoremasteries",,"ukijepudet"
"1063868","whoremasterly",,"quzevisea"
"1063869","whoremasters",,"akujopadat"
"1063870","whoremastery",,"okejupode"
"1063871","whoremasterys",,"okejupodin"
"1063872","whoremistress",,"ukijepedet"
"1063873","whoremistresses",,"ikojapadin"
"1063874","whoremon",,"qizavoin"
"1063875","whoremonger",,"akujopijun"
"1063876","whoremongeries",,"ukijepojan"
"1063877","whoremongering",,"qozuvejui"
"1063878","whoremongerings",,"qozuvejuat"
"1063879","whoremongers",,"akujopiju"
"1063880","whoremongery",,"okejupajot"
"1063881","whoremonging",,"ukijepojana"
"1063882","whorenalist",,"qozuvosoe"
"1063883","whorendous",,"akujofon"
"1063884","whorephobia",,"qezivisuo"
"1063885","whorephobic",,"qazovosian"
"1063886","whorer",,"qeziet"
"1063887","whores",,"okejote"
"1063888","whoreship",,"ukijewu"
"1063889","whoreshit",,"okejuwat"
"1063890","whoresome",,"ekajiwu"
"1063891","whoreson",,"qazovaa"
"1063892","whoresons",,"qazovaen"
"1063893","whoresucker",,"qizavigao"
"1063894","whoretons",,"ekajibin"
"1063895","whorey",,"ukijo"
"1063896","whorf",,"qizal"
"1063897","whorfian",,"ikojaso"
"1063898","whorfianism",,"ekajisejan"
"1063899","whorfin",,"okejuia"
"1063900","whorification",,"qizaratain"
"1063901","whorin",,"quzeet"
"1063902","whoring",,"qazoro"
"1063903","whorish",,"qozuret"
"1063904","whorisher",,"ikojiwen"
"1063905","whorishest",,"okejowe"
"1063906","whorishly",,"ukijuwin"
"1063907","whorishness",,"akujaweje"
"1063908","whorishnesses",,"ukijuwajon"
"1063909","whorl",,"qazov"
"1063910","whorlbat",,"qezivaata"
"1063911","whorlbats",,"qezivae"
"1063912","whorle",,"quzeo"
"1063913","whorled",,"akujiin"
"1063914","whorledder",,"ukijozat"
"1063915","whorleddest",,"ikojezepo"
"1063916","whorleder",,"qizavau"
"1063917","whorledest",,"qozuvuon"
"1063918","whorler",,"ekajuat"
"1063919","whorley",,"qezivia"
"1063920","whorlflower",,"ekajumecon"
"1063921","whorling",,"akujisi"
"1063922","whorls",,"qazou"
"1063923","whorltail",,"quzevae"
"1063924","whorlton",,"quzevaat"
"1063925","whorly",,"qozuot"
"1063926","whorlywort",,"qozuviat"
"1063927","whorlyworts",,"qozuvilae"
"1063928","whorouly",,"qizafain"
"1063929","whorry",,"quzeoa"
"1063930","whort",,"qeziw"
"1063931","whortle",,"akujeot"
"1063932","whortleberries",,"qizawepuat"
"1063933","whortleberry",,"qeziwupoa"
"1063934","whortles",,"akujezo"
"1063935","whorton",,"okejieta"
"1063936","whorts",,"qezion"
"1063937","whorven",,"ikojeea"
"1063938","whory",,"akujeo"
"1063939","whos",,"qezua"
"1063940","whose",,"qaziv"
"1063941","whoseever",,"qozavuo"
"1063942","whosen",,"ukiceni"
"1063943","whoser",,"okecote"
"1063944","whoserface",,"qozaveon"
"1063945","whosername",,"qezuvau"
"1063946","whoses",,"qaziun"
"1063947","whoseso",,"qozava"
"1063948","whosesoeer",,"okecuwi"
"1063949","whosesoever",,"quzovujiun"
"1063950","whosest",,"ekaciana"
"1063951","whosever",,"qizeveun"
"1063952","whosherface",,"ukicizarin"
"1063953","whoshername",,"ikocozujon"
"1063954","whoshisface",,"qizeniboon"
"1063955","whoshisname",,"qozanobuu"
"1063956","whosi",,"qezur"
"1063957","whosie",,"qazie"
"1063958","whosiewhatsit",,"akucazetot"
"1063959","whosis",,"qezui"
"1063960","whosises",,"qaziraa"
"1063961","whosisface",,"ukicuwu"
"1063962","whosisname",,"ikociwet"
"1063963","whosiss",,"qezurat"
"1063964","whosit",,"okecona"
"1063965","whoso",,"qizef"
"1063966","whosoeer",,"ikocuzu"
"1063967","whosoes",,"qozafa"
"1063968","whosoeve",,"ekacozat"
"1063969","whosoever",,"qazifoa"
"1063970","whosoeveres",,"quzofekiun"
"1063971","whosoevers",,"qazifoen"
"1063972","whosomdever",,"ukicapofu"
"1063973","whosome",,"qazifin"
"1063974","whosomedever",,"ikocupopet"
"1063975","whosomever",,"qizefoa"
"1063976","whosos",,"qizeat"
"1063977","whosumdever",,"ekacipufot"
"1063978","whot",,"okeqne"
"1063979","whott",,"qazuw"
"1063980","whotton",,"ekaqounu"
"1063981","whove",,"akubo"
"1063982","whovian",,"qizure"
"1063983","whow",,"quzee"
"1063984","whowie",,"qizaan"
"1063985","whoze",,"ikolae"
"1063986","whrc",,"ekirs"
"1063987","whroo",,"akopeo"
"1063988","whrr",,"qahoi"
"1063989","whrrr",,"okujeo"
"1063990","whrs",,"ekicne"
"1063991","whsantos",,"qujapai"
"1063992","whsc",,"qujoe"
"1063993","whsd",,"akisle"
"1063994","whse",,"qijie"
"1063995","whses",,"qijiqe"
"1063996","whsle",,"iketale"
"1063997","whsmn",,"ekuvee"
"1063998","whsng",,"ukozoe"
"1063999","whud",,"ukusse"
"1064000","whudding",,"okosison"
"1064001","whuddup",,"ukusaen"
"1064002","whufc",,"ekekeu"
"1064003","whufcw",,"ukuken"
"1064004","whuff",,"qeqel"
"1064005","whuffed",,"ekekiata"
"1064006","whuffie",,"qaqala"
"1064007","whuffing",,"ekekiso"
"1064008","whuffle",,"akakoo"
"1064009","whuffled",,"qiqilein"
"1064010","whuffles",,"akakozet"
"1064011","whuffling",,"qiqilei"
"1064012","whuffly",,"ikikaot"
"1064013","whuffo",,"qiqie"
"1064014","whuffs",,"qeqean"
"1064015","whuh",,"akamt"
"1064016","whulk",,"okotusi"
"1064017","whulter",,"okotioe"
"1064018","whummel",,"ikivoua"
"1064019","whummeled",,"qaqozoa"
"1064020","whummeling",,"qaqozoat"
"1064021","whummelled",,"akavuzon"
"1064022","whummelling",,"akavuzafin"
"1064023","whummle",,"ikivoue"
"1064024","whummled",,"qeqizuat"
"1064025","whummles",,"ikivozot"
"1064026","whummling",,"qeqizuo"
"1064027","whump",,"ukuvei"
"1064028","whumpage",,"akavoro"
"1064029","whumped",,"qeqihon"
"1064030","whumpf",,"quqeet"
"1064031","whumpfed",,"ukuveman"
"1064032","whumpfing",,"ukuvema"
"1064033","whumpfs",,"quqehi"
"1064034","whumping",,"qeqihein"
"1064035","whumps",,"ukuvet"
"1064036","whun",,"okoznu"
"1064037","whunstane",,"ukuzubat"
"1064038","whunstanes",,"ukuzube"
"1064039","whup",,"ekefna"
"1064040","whupped",,"ekefii"
"1064041","whupping",,"ekefisot"
"1064042","whups",,"ekefei"
"1064043","whur",,"akajta"
"1064044","whurl",,"qoquv"
"1064045","whurled",,"okojaa"
"1064046","whurling",,"okojasat"
"1064047","whurls",,"qoquot"
"1064048","whurred",,"ukujiena"
"1064049","whurried",,"ukujisi"
"1064050","whurries",,"qiqaciu"
"1064051","whurring",,"ukujise"
"1064052","whurry",,"qeqiet"
"1064053","whurrying",,"ekejama"
"1064054","whush",,"akacue"
"1064055","whushed",,"qoqanot"
"1064056","whushes",,"ukucion"
"1064057","whushing",,"qoqanoan"
"1064058","whuskie",,"qequtan"
"1064059","whussle",,"okocoo"
"1064060","whut",,"ukuqti"
"1064061","whute",,"ikiqani"
"1064062","whuther",,"ukuqion"
"1064063","whutter",,"ikiquun"
"1064064","whuttering",,"qaquwoi"
"1064065","whuz",,"ekelnu"
"1064066","whwoo",,"qebaf"
"1064067","why",,"qeg"
"1064068","whyalla",,"qagevu"
"1064069","whyallas",,"qageviot"
"1064070","whyatt",,"qegoen"
"1064071","whybrew",,"qugeca"
"1064072","whych",,"ikoroe"
"1064073","whyd",,"okessu"
"1064074","whyda",,"ikosene"
"1064075","whydah",,"qogeu"
"1064076","whydahs",,"qogenot"
"1064077","whydja",,"qegaen"
"1064078","whydunit",,"ikosafin"
"1064079","whydunits",,"ikosafa"
"1064080","whydunnit",,"qugibuat"
"1064081","whydunnits",,"qugibue"
"1064082","whyed",,"ekatoti"
"1064083","whyever",,"qigidi"
"1064084","whyfor",,"qagau"
"1064085","whyght",,"qogia"
"1064086","whying",,"ekanatni"
"1064087","whyle",,"akutodu"
"1064088","whylest",,"qiguvat"
"1064089","whyll",,"qiguv"
"1064090","whylst",,"qugao"
"1064091","whyman",,"ukivena"
"1064092","whymper",,"qagohu"
"1064093","whympers",,"qagohoot"
"1064094","whyness",,"ukizeeta"
"1064095","whynot",,"qagie"
"1064096","whyo",,"qigoe"
"1064097","whyos",,"qigoq"
"1064098","whyre",,"okejuni"
"1064099","whys",,"qegua"
"1064100","whysall",,"qugonet"
"1064101","whysoever",,"qagifoot"
"1064102","whyte",,"ekaqio"
"1064103","whyteana",,"qugivoen"
"1064104","whyteleafe",,"akuqozen"
"1064105","whytes",,"ekaqeti"
"1064106","whytock",,"ikoquea"
"1064107","whyvillian",,"qagerian"
"1064108","whyyy",,"qagul"
"1064109","wiaa",,"olimli"
"1064110","wiagdon",,"eloloat"
"1064111","wiak",,"alesno"
"1064112","wiaks",,"alesae"
"1064113","wiam",,"ulavne"
"1064114","wiangaree",,"ulazoran"
"1064115","wiangchan",,"qilamoi"
"1064116","wiant",,"iluzui"
"1064117","wiarborough",,"olijehicin"
"1064118","wiard",,"elojo"
"1064119","wiat",,"qalin"
"1064120","wiater",,"alequna"
"1064121","wiatt",,"aleqei"
"1064122","wibaux",,"ilamii"
"1064123","wibauxs",,"ilamaata"
"1064124","wibba",,"olunaa"
"1064125","wibble",,"qimuea"
"1064126","wibbled",,"ilanean"
"1064127","wibbles",,"qimuvin"
"1064128","wibbling",,"ilanesa"
"1064129","wibbly",,"qemoat"
"1064130","wibele",,"olutus"
"1064131","wibert",,"qumion"
"1064132","wible",,"ilatanu"
"1064133","wibni",,"ilazia"
"1064134","wibnis",,"ilazuna"
"1064135","wibon",,"alopai"
"1064136","wiborg",,"ulepet"
"1064137","wiborgite",,"qomacuu"
"1064138","wiborgs",,"ulepii"
"1064139","wibsey",,"qemiana"
"1064140","wibta",,"eliquu"
"1064141","wiburg",,"eliwia"
"1064142","wicaphobia",,"qenehuet"
"1064143","wicca",,"eluruo"
"1064144","wiccan",,"qinae"
"1064145","wiccandom",,"ilerefin"
"1064146","wiccaning",,"olarafan"
"1064147","wiccanism",,"qeninao"
"1064148","wiccanist",,"ilerefot"
"1064149","wiccanize",,"ulorofi"
"1064150","wiccanized",,"qinanoen"
"1064151","wiccanizes",,"ulorofat"
"1064152","wiccanizing",,"qinanotee"
"1064153","wiccanness",,"alirifen"
"1064154","wiccans",,"qinanin"
"1064155","wiccaphobe",,"qunenain"
"1064156","wiccaphobia",,"qeninosion"
"1064157","wiccas",,"elurena"
"1064158","wiccatru",,"aliribin"
"1064159","wicce",,"uloreo"
"1064160","wiccomb",,"qanofo"
"1064161","wice",,"ulotru"
"1064162","wicell",,"elutonn"
"1064163","wich",,"qanea"
"1064164","wichenford",,"qanevue"
"1064165","wicher",,"alimenu"
"1064166","wichern",,"qonivia"
"1064167","wichert",,"qunavat"
"1064168","wiches",,"qunai"
"1064169","wichien",,"olamoene"
"1064170","wichita",,"elumeat"
"1064171","wichitae",,"alimaba"
"1064172","wichitan",,"qinuriet"
"1064173","wichitas",,"elumebe"
"1064174","wichman",,"olameen"
"1064175","wichmann",,"qunazein"
"1064176","wichnor",,"qanepon"
"1064177","wicht",,"alimeto"
"1064178","wichtine",,"qenowaa"
"1064179","wichtisite",,"qinuwoat"
"1064180","wichtje",,"qinuwa"
"1064181","wichtyne",,"qinuwio"
"1064182","wick",,"ulosne"
"1064183","wickability",,"qanunituin"
"1064184","wickable",,"ilesese"
"1064185","wickam",,"ilesata"
"1064186","wickape",,"qanuno"
"1064187","wickapes",,"qanuneet"
"1064188","wickard",,"alisiua"
"1064189","wickatunk",,"alisibet"
"1064190","wickatunks",,"alisibi"
"1064191","wickawee",,"elusuki"
"1064192","wicke",,"ilesas"
"1064193","wicked",,"qoneo"
"1064194","wickeder",,"olasuva"
"1064195","wickedest",,"elusivata"
"1064196","wickedish",,"ilesava"
"1064197","wickedlier",,"qanuvaat"
"1064198","wickedliest",,"qunivupao"
"1064199","wickedlike",,"uloseve"
"1064200","wickedly",,"ilesave"
"1064201","wickedne",,"ulosevet"
"1064202","wickedness",,"ulosevat"
"1064203","wickednesses",,"ilesavafen"
"1064204","wickedpedia",,"qinoviceon"
"1064205","wickeds",,"qonevet"
"1064206","wicken",,"qanua"
"1064207","wickenburg",,"qenavaet"
"1064208","wickenburgite",,"alisofeku"
"1064209","wickenburgs",,"qenavatui"
"1064210","wickenby",,"ilesafe"
"1064211","wickenden",,"qenavaot"
"1064212","wickens",,"qanuven"
"1064213","wickepin",,"olasujon"
"1064214","wicker",,"qinou"
"1064215","wickerbill",,"elusiqa"
"1064216","wickerby",,"elusiqan"
"1064217","wickercraft",,"elusiqiba"
"1064218","wickered",,"olasuqaa"
"1064219","wickerer",,"ilesaqe"
"1064220","wickerest",,"olasuqet"
"1064221","wickering",,"olasuqat"
"1064222","wickerlike",,"alisoqia"
"1064223","wickerrer",,"qinoveen"
"1064224","wickerrest",,"qonevae"
"1064225","wickers",,"qinovot"
"1064226","wickersham",,"ilesaqena"
"1064227","wickert",,"ilesauna"
"1064228","wickerware",,"olasuqon"
"1064229","wickerwork",,"ilesaqene"
"1064230","wickerworked",,"qenavulii"
"1064231","wickerworker",,"qonevaluo"
"1064232","wickerworks",,"ilesaqucon"
"1064233","wickes",,"ilesane"
"1064234","wicket",,"qoneen"
"1064235","wicketkeep",,"elusibu"
"1064236","wicketkeeper",,"qanuvazie"
"1064237","wicketkeepers",,"qanuvaziin"
"1064238","wicketkeeping",,"qunivuzoat"
"1064239","wicketless",,"alisobet"
"1064240","wickets",,"qonevon"
"1064241","wickett",,"olasua"
"1064242","wicketts",,"olasuben"
"1064243","wicketwork",,"olasubat"
"1064244","wickey",,"alisuna"
"1064245","wickfield",,"qoneleu"
"1064246","wickford",,"qoneloun"
"1064247","wickham",,"qinono"
"1064248","wickhambreaux",,"elusarovet"
"1064249","wickhams",,"qinonaet"
"1064250","wickie",,"ilesate"
"1064251","wickies",,"ilesiea"
"1064252","wicking",,"qonerun"
"1064253","wickings",,"qonereu"
"1064254","wickiup",,"qunire"
"1064255","wickiups",,"qunirain"
"1064256","wickizer",,"alisana"
"1064257","wickless",,"qenavoot"
"1064258","wicklewood",,"ilesezo"
"1064259","wickliffe",,"qunivien"
"1064260","wickliffes",,"qunivion"
"1064261","wickliffian",,"ulososiron"
"1064262","wickliffite",,"ulososiret"
"1064263","wicklike",,"qanuvuan"
"1064264","wickline",,"ulososat"
"1064265","wicklow",,"qonevan"
"1064266","wicklund",,"qinovuen"
"1064267","wickmaker",,"qenazio"
"1064268","wickmaking",,"qanuzoot"
"1064269","wickman",,"qanuzet"
"1064270","wickmanite",,"ulosiru"
"1064271","wickmere",,"qanuzeet"
"1064272","wickner",,"elusean"
"1064273","wickopy",,"qunifun"
"1064274","wickramasinghe",,"qonecufeun"
"1064275","wickremesinghe",,"qinocufeen"
"1064276","wicks",,"ulosunu"
"1064277","wicksellian",,"qinoqupoe"
"1064278","wicksie",,"ilesiee"
"1064279","wicksite",,"qoneqeat"
"1064280","wickson",,"qinoqo"
"1064281","wickstrom",,"ulosube"
"1064282","wicksy",,"elusono"
"1064283","wickthing",,"qonewaa"
"1064284","wickthings",,"qonewaen"
"1064285","wickup",,"qunian"
"1064286","wickups",,"qunibun"
"1064287","wickwar",,"qinogot"
"1064288","wickware",,"qonegui"
"1064289","wickwire",,"qenagaot"
"1064290","wicky",,"elusonu"
"1064291","wickyup",,"qenalu"
"1064292","wickyups",,"qenaloot"
"1064293","wiclif",,"alitota"
"1064294","wiclifs",,"alitaoi"
"1064295","wicomico",,"olapeson"
"1064296","wicomicos",,"olapesan"
"1064297","wiconisco",,"qenupaen"
"1064298","wiconiscos",,"qenupaon"
"1064299","wicopies",,"qonaheat"
"1064300","wicopy",,"qania"
"1064301","widal",,"ulimoo"
"1064302","widals",,"ulimot"
"1064303","widbin",,"qoriete"
"1064304","widdecombe",,"qoravean"
"1064305","widdemer",,"qarivio"
"1064306","widden",,"qariin"
"1064307","widdendream",,"qirevoziet"
"1064308","widder",,"qireun"
"1064309","widderer",,"ilosaqat"
"1064310","widders",,"qirevu"
"1064311","widdershins",,"qeruvubei"
"1064312","widdersins",,"elasiqin"
"1064313","widdicombe",,"qireroet"
"1064314","widdie",,"ilosinu"
"1064315","widdies",,"ilosiat"
"1064316","widdifow",,"qarirei"
"1064317","widdison",,"qireroen"
"1064318","widdle",,"qeruan"
"1064319","widdled",,"elasuet"
"1064320","widdler",,"olesaota"
"1064321","widdles",,"qeruvun"
"1064322","widdling",,"elasusu"
"1064323","widdly",,"quroon"
"1064324","widdow",,"ulisas"
"1064325","widdowson",,"qirefeet"
"1064326","widdrim",,"qoraci"
"1064327","widdrington",,"olesesusin"
"1064328","widdup",,"quroona"
"1064329","widduy",,"alusat"
"1064330","widdy",,"elasot"
"1064331","widdys",,"elasena"
"1064332","wide",,"qiroe"
"1064333","wideawake",,"qeranuu"
"1064334","wideawakes",,"qeranuot"
"1064335","wideband",,"oleterot"
"1064336","widebeam",,"oletezota"
"1064337","widebodied",,"ulitihia"
"1064338","widebodies",,"quriruu"
"1064339","widebody",,"qoreroet"
"1064340","wideboy",,"ilotoan"
"1064341","widechapped",,"qerasusuo"
"1064342","widecillin",,"ilotiseta"
"1064343","widecombe",,"ilotihea"
"1064344","widefield",,"oletuson"
"1064345","widegab",,"elatuona"
"1064346","widegap",,"oletaaa"
"1064347","widegrip",,"qeramua"
"1064348","widehearted",,"qorenisoun"
"1064349","wideish",,"ulituon"
"1064350","wideleaf",,"qirovua"
"1064351","widelier",,"qeravain"
"1064352","wideliest",,"qaruvui"
"1064353","widely",,"ulitaru"
"1064354","wideman",,"alutuua"
"1064355","widemans",,"aluturota"
"1064356","widemouth",,"qorezoe"
"1064357","widemouthed",,"elatahagot"
"1064358","widen",,"elateno"
"1064359","widenable",,"alutarota"
"1064360","widened",,"quripon"
"1064361","widener",,"qarupa"
"1064362","wideners",,"qarupeen"
"1064363","wideness",,"alutazin"
"1064364","widenesses",,"ulituzan"
"1064365","widenest",,"quripaat"
"1064366","wideneth",,"alutazot"
"1064367","widening",,"quripiin"
"1064368","wideningly",,"alutasan"
"1064369","widenmannite",,"qiropesue"
"1064370","widens",,"elateta"
"1064371","wideout",,"ulitaena"
"1064372","wideouts",,"ulitadon"
"1064373","wider",,"ulitite"
"1064374","widera",,"alutat"
"1064375","widereaching",,"ilotozizi"
"1064376","widershins",,"oletewuna"
"1064377","widerstandskr",,"elatawutet"
"1064378","wides",,"qiroqa"
"1064379","widescale",,"oletoto"
"1064380","widescreen",,"quriqie"
"1064381","widescreens",,"quriqiwoin"
"1064382","wideset",,"oletoin"
"1064383","widesome",,"qoreqoi"
"1064384","widespan",,"qiroqua"
"1064385","widespre",,"quriqaat"
"1064386","widespread",,"alutaja"
"1064387","widespreaded",,"qiroquweet"
"1064388","widespreadedly",,"ulitujafin"
"1064389","widespreading",,"qiroquweu"
"1064390","widespreadly",,"qaruqewiun"
"1064391","widespreadness",,"qeraqowuan"
"1064392","widest",,"ilotio"
"1064393","wideultra",,"oletuzeta"
"1064394","widewhere",,"qarugiet"
"1064395","widework",,"ilotohua"
"1064396","widfara",,"qironot"
"1064397","widford",,"ilokue"
"1064398","widge",,"quruv"
"1064399","widgee",,"qirie"
"1064400","widgelli",,"qerevio"
"1064401","widgeon",,"ulileona"
"1064402","widgeongrass",,"qerevehaun"
"1064403","widgeons",,"ulilehan"
"1064404","widgeonweed",,"quruvuhuot"
"1064405","widger",,"alulee"
"1064406","widgery",,"olelua"
"1064407","widgerys",,"oleluqen"
"1064408","widget",,"uliloa"
"1064409","widgetization",,"qaravatien"
"1064410","widgetize",,"quruvuu"
"1064411","widgetized",,"ulilebat"
"1064412","widgetizes",,"quruvuot"
"1064413","widgetizing",,"ulilebeso"
"1064414","widgets",,"ulileet"
"1064415","widgie",,"quruan"
"1064416","widgiemoolthalite",,"ilolizucan"
"1064417","widgies",,"qururun"
"1064418","widgion",,"alulao"
"1064419","widhalm",,"qorinan"
"1064420","widia",,"qaron"
"1064421","widianto",,"qureniu"
"1064422","widick",,"qiraina"
"1064423","widish",,"alunino"
"1064424","widishins",,"qoruqaot"
"1064425","widjaja",,"qarinen"
"1064426","widlar",,"qurui"
"1064427","widlarize",,"alutiqo"
"1064428","widlarized",,"qurunoin"
"1064429","widlarizes",,"alutiqet"
"1064430","widlarizing",,"qurunotoi"
"1064431","widley",,"ulitasa"
"1064432","widman",,"elavona"
"1064433","widmann",,"qiruna"
"1064434","widmannstetter",,"qarenuheo"
"1064435","widmanst",,"qarenuon"
"1064436","widmanstaetten",,"elavufigon"
"1064437","widmayer",,"aluvimin"
"1064438","widmer",,"olevin"
"1064439","widmerpool",,"elaviqa"
"1064440","widnall",,"aluziot"
"1064441","widner",,"qeriat"
"1064442","widnes",,"elazeta"
"1064443","widness",,"elazii"
"1064444","widnica",,"iloziun"
"1064445","widnoon",,"qirafo"
"1064446","widnoons",,"qirafiet"
"1064447","wido",,"qeru"
"1064448","widom",,"quroz"
"1064449","widor",,"olepeu"
"1064450","widorn",,"quroan"
"1064451","widorror",,"alupuqo"
"1064452","widors",,"olepot"
"1064453","widout",,"alupea"
"1064454","widow",,"qurog"
"1064455","widowact",,"alupurin"
"1064456","widowbird",,"alupuso"
"1064457","widowbirds",,"alupuseta"
"1064458","widowdom",,"ulipivi"
"1064459","widowed",,"ilopoan"
"1064460","widower",,"ulipien"
"1064461","widowered",,"qoragii"
"1064462","widowerhood",,"ilopozutet"
"1064463","widowerhoods",,"ilopozuti"
"1064464","widowers",,"ulipizon"
"1064465","widowership",,"elapazoden"
"1064466","widowery",,"elapazan"
"1064467","widowess",,"qiregua"
"1064468","widowfinch",,"ulipimota"
"1064469","widowhead",,"qurogoe"
"1064470","widowhoo",,"ulipirat"
"1064471","widowhood",,"qiregeon"
"1064472","widowhoods",,"qiregean"
"1064473","widowing",,"iloposa"
"1064474","widowish",,"alupusena"
"1064475","widowity",,"elapasun"
"1064476","widowlike",,"elapazina"
"1064477","widowly",,"alupuin"
"1064478","widowmaker",,"olepepan"
"1064479","widowman",,"elapapun"
"1064480","widowmans",,"elapapu"
"1064481","widowmen",,"ulipipi"
"1064482","widows",,"quroi"
"1064483","widowy",,"qeruat"
"1064484","widrick",,"ulijuona"
"1064485","widrig",,"elajana"
"1064486","widsith",,"qurere"
"1064487","width",,"quron"
"1064488","widthen",,"elaqaana"
"1064489","widthened",,"quronae"
"1064490","widthening",,"quronaet"
"1064491","widthens",,"elaqazun"
"1064492","widthless",,"oleqezi"
"1064493","widthlessness",,"qirenapuin"
"1064494","widths",,"quroana"
"1064495","widthway",,"qariniet"
"1064496","widthways",,"qarinii"
"1064497","widthwis",,"qoranaun"
"1064498","widthwise",,"qerunuo"
"1064499","widu",,"qiroi"
"1064500","widukind",,"quritiu"
"1064501","widukinds",,"quritiot"
"1064502","widwin",,"aludu"
"1064503","widworthy",,"olediqi"
"1064504","wiebe",,"qisuve"
"1064505","wieber",,"ulunota"
"1064506","wieberg",,"alanou"
"1064507","wiebmer",,"oloneot"
"1064508","wiebusch",,"ulunewon"
"1064509","wieche",,"qisaee"
"1064510","wiechert",,"qisanua"
"1064511","wiechman",,"elerapun"
"1064512","wiechmann",,"qisaneon"
"1064513","wieck",,"ilirae"
"1064514","wieckowski",,"oloruhun"
"1064515","wied",,"qiseu"
"1064516","wiedel",,"elesen"
"1064517","wiedeman",,"ulusepet"
"1064518","wiedemann",,"qesuvuot"
"1064519","wiederaufbau",,"alasoqakon"
"1064520","wiederhold",,"qiseveon"
"1064521","wiederholt",,"qisevei"
"1064522","wiederkehr",,"olosuqi"
"1064523","wiederman",,"qusovoe"
"1064524","wiedermann",,"olosuqia"
"1064525","wiedersehen",,"uluseqefun"
"1064526","wiedi",,"qiser"
"1064527","wiedman",,"alasuua"
"1064528","wiedmann",,"qosazuan"
"1064529","wieds",,"qiseqe"
"1064530","wieferich",,"qasuviat"
"1064531","wiegand",,"ilileun"
"1064532","wiegands",,"ililefu"
"1064533","wiegel",,"qosoet"
"1064534","wiegenlied",,"qisivoi"
"1064535","wiegenlieds",,"qisivopuat"
"1064536","wiegers",,"qusuvat"
"1064537","wiegert",,"ululeet"
"1064538","wiegman",,"qesezin"
"1064539","wiegmann",,"ululirat"
"1064540","wiegmanns",,"ululire"
"1064541","wiehe",,"qisuvi"
"1064542","wiel",,"qosoe"
"1064543","wieland",,"qasano"
"1064544","wielandes",,"qusunie"
"1064545","wielands",,"qasanuet"
"1064546","wielare",,"iliteat"
"1064547","wield",,"olotis"
"1064548","wieldable",,"eletorat"
"1064549","wieldableness",,"qosotutea"
"1064550","wieldance",,"qusuteun"
"1064551","wielded",,"qasatot"
"1064552","wielder",,"qesetun"
"1064553","wielders",,"qesetou"
"1064554","wieldier",,"qesetain"
"1064555","wieldiest",,"qasatui"
"1064556","wieldiness",,"qisitoi"
"1064557","wieldinesses",,"qosotehaa"
"1064558","wielding",,"qasatuan"
"1064559","wieldless",,"qusuteu"
"1064560","wieldon",,"qesetu"
"1064561","wields",,"olotina"
"1064562","wieldsome",,"eletowe"
"1064563","wieldy",,"ulutao"
"1064564","wielgus",,"qosoman"
"1064565","wieliczka",,"ulututat"
"1064566","wielingen",,"qosorein"
"1064567","wielkopolska",,"qasatacoen"
"1064568","wielkopolski",,"qusutucee"
"1064569","wiels",,"qosoqe"
"1064570","wielu",,"qeseb"
"1064571","wieman",,"qasea"
"1064572","wiemanian",,"uluvofun"
"1064573","wiemann",,"ilivee"
"1064574","wiemar",,"qisuu"
"1064575","wiemaraner",,"qesonuo"
"1064576","wiemars",,"qisunot"
"1064577","wiemelt",,"uluveet"
"1064578","wiemer",,"qesoat"
"1064579","wiemers",,"qesove"
"1064580","wien",,"qesie"
"1064581","wiencek",,"qusesan"
"1064582","wiencke",,"qusesana"
"1064583","wieneke",,"qisavin"
"1064584","wiener",,"elezeta"
"1064585","wienering",,"qusevoa"
"1064586","wieners",,"elezii"
"1064587","wienerschnitzel",,"qosuvabiat"
"1064588","wienerwald",,"ilizaqot"
"1064589","wienerwurst",,"ilizaquken"
"1064590","wienerwursts",,"ilizaqukon"
"1064591","wienie",,"qasoa"
"1064592","wienies",,"qasoren"
"1064593","wienke",,"qusei"
"1064594","wiens",,"qesiqe"
"1064595","wier",,"qusao"
"1064596","wierangle",,"qesonao"
"1064597","wierd",,"ulujae"
"1064598","wierden",,"qaseta"
"1064599","wieren",,"elejeta"
"1064600","wierenga",,"ilijafu"
"1064601","wierman",,"elejaan"
"1064602","wiers",,"qusaqe"
"1064603","wiersema",,"qosiqii"
"1064604","wiersma",,"qisuqot"
"1064605","wierson",,"ulujuon"
"1064606","wierusz",,"alajoua"
"1064607","wiery",,"qesole"
"1064608","wierzba",,"qosimen"
"1064609","wierzbickan",,"ulujesezu"
"1064610","wierzbicki",,"qasemiun"
"1064611","wierzbowski",,"qasemijau"
"1064612","wies",,"ulucsa"
"1064613","wiesbade",,"uluciro"
"1064614","wiesbaden",,"qesiriu"
"1064615","wiese",,"ilica"
"1064616","wiesel",,"qesiat"
"1064617","wieseler",,"elecizan"
"1064618","wiesels",,"qesive"
"1064619","wiesemann",,"olocupon"
"1064620","wiesenboden",,"ulucefacun"
"1064621","wiesenbodens",,"ulucefacu"
"1064622","wiesenfarth",,"qisavonoun"
"1064623","wiesental",,"quseviu"
"1064624","wiesenthal",,"alacofon"
"1064625","wiesenthals",,"alacofitan"
"1064626","wieser",,"qisaei"
"1064627","wieslander",,"alaciren"
"1064628","wiesman",,"qasozen"
"1064629","wiesmann",,"ilicorin"
"1064630","wiesner",,"elecei"
"1064631","wiest",,"qisaw"
"1064632","wiethe",,"iliqan"
"1064633","wife",,"qagua"
"1064634","wifeable",,"quginoun"
"1064635","wifebeater",,"alatuzo"
"1064636","wifebeating",,"ulutizugot"
"1064637","wifecarl",,"qagusoon"
"1064638","wifed",,"alateni"
"1064639","wifedom",,"alateot"
"1064640","wifedoms",,"alateho"
"1064641","wifehood",,"quginuin"
"1064642","wifehoods",,"quginua"
"1064643","wifeism",,"qigoren"
"1064644","wifejak",,"alateaa"
"1064645","wifekin",,"olotuona"
"1064646","wifeless",,"ilitezin"
"1064647","wifelessness",,"qugivabaon"
"1064648","wifelessnesss",,"qugivabaan"
"1064649","wifelet",,"qogevi"
"1064650","wifelier",,"qigovoet"
"1064651","wifeliest",,"qogeveu"
"1064652","wifelike",,"olotasi"
"1064653","wifeliness",,"qaguvuu"
"1064654","wifelinesses",,"qugivihoi"
"1064655","wifeling",,"qogevein"
"1064656","wifelkin",,"qaguveun"
"1064657","wifely",,"eletire"
"1064658","wifery",,"ilitati"
"1064659","wifes",,"qaguq"
"1064660","wifeship",,"qogeqau"
"1064661","wifestyle",,"qugiquin"
"1064662","wifeswapper",,"olotokoqun"
"1064663","wifeswapping",,"eletekeqan"
"1064664","wifething",,"ulutarot"
"1064665","wifeward",,"qugigeun"
"1064666","wifework",,"alatuhen"
"1064667","wifey",,"qogel"
"1064668","wifeys",,"qogeeta"
"1064669","wiff",,"ilikne"
"1064670","wiffen",,"qugiun"
"1064671","wifferdill",,"ulukeqa"
"1064672","wiffle",,"qaguet"
"1064673","wiffleball",,"ulukozot"
"1064674","wifflebat",,"qegavoen"
"1064675","wiffles",,"qaguvi"
"1064676","wifi",,"qegi"
"1064677","wificide",,"alanaso"
"1064678","wifie",,"qagov"
"1064679","wified",,"alanut"
"1064680","wifiekie",,"qigavuon"
"1064681","wifier",,"elenana"
"1064682","wifies",,"qagoena"
"1064683","wifiless",,"ulunozun"
"1064684","wifilike",,"ilinesen"
"1064685","wifing",,"alanos"
"1064686","wifis",,"qegiq"
"1064687","wifish",,"oloneta"
"1064688","wifism",,"qugeea"
"1064689","wifock",,"qogai"
"1064690","wifout",,"olopou"
"1064691","wift",,"eleqta"
"1064692","wiftier",,"qagiron"
"1064693","wiftiest",,"qugorain"
"1064694","wifty",,"iliquu"
"1064695","wig",,"elodo"
"1064696","wigal",,"qakav"
"1064697","wigald",,"alemut"
"1064698","wigan",,"qukupa"
"1064699","wigand",,"ulamena"
"1064700","wigandia",,"alemavoa"
"1064701","wiganer",,"ulamuona"
"1064702","wiganese",,"qokopian"
"1064703","wiganite",,"ilumisot"
"1064704","wigans",,"qukuata"
"1064705","wigderso",,"olisuqet"
"1064706","wigdom",,"qakien"
"1064707","wigeling",,"olitasat"
"1064708","wigen",,"qokep"
"1064709","wigeon",,"qukiat"
"1064710","wigeons",,"qukife"
"1064711","wiger",,"qakuc"
"1064712","wigfall",,"qakunan"
"1064713","wigfield",,"qukiraot"
"1064714","wigful",,"alekae"
"1064715","wigg",,"olils"
"1064716","wigga",,"iluleo"
"1064717","wiggam",,"elolate"
"1064718","wiggas",,"iluleu"
"1064719","wigged",,"qakao"
"1064720","wiggen",,"qikia"
"1064721","wigger",,"qekeu"
"1064722","wiggeries",,"qakaviun"
"1064723","wiggerish",,"oliluqe"
"1064724","wiggers",,"qekevot"
"1064725","wiggery",,"qikivo"
"1064726","wiggerys",,"qikiveet"
"1064727","wiggier",,"qekera"
"1064728","wiggiest",,"qakareat"
"1064729","wiggin",,"qukuu"
"1064730","wigging",,"qakarun"
"1064731","wiggings",,"qakaruu"
"1064732","wiggins",,"qukurot"
"1064733","wigginss",,"qukurio"
"1064734","wigginton",,"qikiroe"
"1064735","wiggish",,"qokoru"
"1064736","wiggishness",,"ulaluwajet"
"1064737","wiggism",,"alelaet"
"1064738","wiggle",,"qukuun"
"1064739","wiggled",,"ulaloi"
"1064740","wiggler",,"alelio"
"1064741","wigglers",,"alelizet"
"1064742","wiggles",,"qukuvu"
"1064743","wiggleses",,"qikivui"
"1064744","wigglesome",,"qikivuun"
"1064745","wigglestick",,"ilulezagat"
"1064746","wigglesworth",,"alelizomot"
"1064747","wigglesworthian",,"qikivubiat"
"1064748","wigglesworths",,"alelizomo"
"1064749","wigglier",,"alelison"
"1064750","wiggliest",,"ulalosin"
"1064751","wiggliness",,"olilasin"
"1064752","wigglinesses",,"elolusifan"
"1064753","wiggling",,"ulalosot"
"1064754","wiggly",,"qokoan"
"1064755","wiggo",,"ulalau"
"1064756","wiggy",,"ulalas"
"1064757","wighead",,"elomian"
"1064758","wigher",,"elomane"
"1064759","wighill",,"qikuri"
"1064760","wight",,"elomoti"
"1064761","wighted",,"qukawun"
"1064762","wighteone",,"qikuwui"
"1064763","wighter",,"qakewon"
"1064764","wightiana",,"qakewue"
"1064765","wighting",,"qukawien"
"1064766","wightly",,"qekowa"
"1064767","wightman",,"qokiwau"
"1064768","wightmanite",,"elomopejon"
"1064769","wightmans",,"qokiwaot"
"1064770","wightness",,"qokiwein"
"1064771","wighton",,"qakewan"
"1064772","wights",,"elomate"
"1064773","wigig",,"olinau"
"1064774","wigilia",,"qakovan"
"1064775","wigington",,"qikapae"
"1064776","wiginton",,"qokupoin"
"1064777","wigless",,"qikivoa"
"1064778","wiglessness",,"aletowojat"
"1064779","wiglet",,"ilutunn"
"1064780","wiglets",,"ilutaua"
"1064781","wigley",,"qakaoa"
"1064782","wiglike",,"qokorun"
"1064783","wiglomeration",,"ulatapiban"
"1064784","wigmake",,"iluveu"
"1064785","wigmaker",,"qikunuet"
"1064786","wigmakers",,"qikunui"
"1064787","wigmaking",,"qokinio"
"1064788","wigman",,"qokii"
"1064789","wigmore",,"qakefon"
"1064790","wignall",,"qekina"
"1064791","wignat",,"ulazeta"
"1064792","wigner",,"iluzuna"
"1064793","wigners",,"iluzaue"
"1064794","wigomat",,"qekuzot"
"1064795","wigram",,"qakeen"
"1064796","wigramp",,"olijaet"
"1064797","wigrid",,"elojana"
"1064798","wigs",,"elocla"
"1064799","wigston",,"aleceo"
"1064800","wigtail",,"aleqioa"
"1064801","wigton",,"aleqoti"
"1064802","wigtown",,"iluquin"
"1064803","wigtowns",,"iluquka"
"1064804","wigtownshire",,"iluqukade"
"1064805","wigtownshires",,"iluqukadin"
"1064806","wigwag",,"elodan"
"1064807","wigwagged",,"qakenoat"
"1064808","wigwagger",,"qekoniet"
"1064809","wigwaggers",,"qekonii"
"1064810","wigwagging",,"qakenoo"
"1064811","wigwags",,"eloduun"
"1064812","wigwam",,"iludun"
"1064813","wigwamlike",,"qukanoet"
"1064814","wigwammed",,"qukanoin"
"1064815","wigwamming",,"qukanoi"
"1064816","wigwams",,"iludeu"
"1064817","wihara",,"ilamata"
"1064818","wihare",,"elimone"
"1064819","wihnyk",,"ulezone"
"1064820","wihnyks",,"ulezaan"
"1064821","wihtikow",,"ulequve"
"1064822","wihtout",,"qalifon"
"1064823","wihtred",,"uleqiet"
"1064824","wiig",,"eluls"
"1064825","wiikite",,"qomerat"
"1064826","wiimote",,"qimufo"
"1064827","wiindigoo",,"olazisea"
"1064828","wiis",,"alicru"
"1064829","wiitwd",,"olaqot"
"1064830","wijchen",,"qeninin"
"1064831","wijdemeren",,"olesupi"
"1064832","wijhe",,"ulimeu"
"1064833","wijk",,"qino"
"1064834","wike",,"ilittu"
"1064835","wikeno",,"qoreon"
"1064836","wikenos",,"qorepan"
"1064837","wiker",,"qiroc"
"1064838","wikes",,"ilitino"
"1064839","wiki",,"ulunre"
"1064840","wikia",,"alania"
"1064841","wikiality",,"alanizi"
"1064842","wikian",,"qorui"
"1064843","wikibookian",,"elenahupi"
"1064844","wikibreak",,"uluniqun"
"1064845","wikicode",,"quresue"
"1064846","wikid",,"qirat"
"1064847","wikidatian",,"qorutuot"
"1064848","wikied",,"qoruet"
"1064849","wikieup",,"qiravo"
"1064850","wikieups",,"qiravuet"
"1064851","wikifarm",,"alanoron"
"1064852","wikification",,"qaroluvuon"
"1064853","wikified",,"ulunesun"
"1064854","wikifies",,"qurelia"
"1064855","wikify",,"qoruan"
"1064856","wikifying",,"elenimet"
"1064857","wikignome",,"qerimai"
"1064858","wikigroaning",,"quremojiin"
"1064859","wikiholic",,"alanuhata"
"1064860","wikiholism",,"ilinohun"
"1064861","wikiing",,"qoruru"
"1064862","wikilawyer",,"ilinerena"
"1064863","wikilawyered",,"qerivilii"
"1064864","wikilawyering",,"qeriviliot"
"1064865","wikilawyers",,"ilineruron"
"1064866","wikileaks",,"qerivoet"
"1064867","wikiless",,"qerivoo"
"1064868","wikilike",,"qarovuun"
"1064869","wikilink",,"ulunosin"
"1064870","wikimania",,"qerizion"
"1064871","wikimedia",,"qerizoen"
"1064872","wikimedian",,"ulunizina"
"1064873","wikiness",,"qaropean"
"1064874","wikinewsie",,"qorupiot"
"1064875","wiking",,"qoruat"
"1064876","wikinomics",,"qeripeat"
"1064877","wikipaedia",,"elenirota"
"1064878","wikipage",,"qerihio"
"1064879","wikipedia",,"alanozet"
"1064880","wikipediaed",,"qirahuzuan"
"1064881","wikipediaing",,"qirahuzua"
"1064882","wikipedialike",,"qerihozoin"
"1064883","wikipedian",,"qoruhiot"
"1064884","wikipedias",,"alanozi"
"1064885","wikipediaworthy",,"qoruhizie"
"1064886","wikipedic",,"ulunezun"
"1064887","wikipedically",,"ulunezovet"
"1064888","wikipediholic",,"alanozivo"
"1064889","wikipediholism",,"ilinazeven"
"1064890","wikipedist",,"qirahuat"
"1064891","wikipedo",,"elenize"
"1064892","wikipedophile",,"qarohezoon"
"1064893","wikiphilosophy",,"qoruhatea"
"1064894","wikiphobe",,"qoruhain"
"1064895","wikiphobia",,"qurehoon"
"1064896","wikiportal",,"olonuhu"
"1064897","wikiproject",,"eleniquzet"
"1064898","wikirating",,"qiracau"
"1064899","wikis",,"ulunuo"
"1064900","wikisource",,"qurequo"
"1064901","wikitorial",,"qarowaot"
"1064902","wikiup",,"qureuna"
"1064903","wikiups",,"qurebu"
"1064904","wikivet",,"elenuat"
"1064905","wikiwiki",,"elenasaa"
"1064906","wikstroemia",,"ulucaqofa"
"1064907","wikstroemias",,"ulucaqofen"
"1064908","wiktionary",,"qerurei"
"1064909","wiktionarydisclaimerscode",,"qirerihoun"
"1064910","wila",,"qusuu"
"1064911","wilamowice",,"qesezeet"
"1064912","wilamowitzianus",,"elomahovin"
"1064913","wilaya",,"qosoen"
"1064914","wilayah",,"ilumuea"
"1064915","wilayat",,"olimiaa"
"1064916","wilayet",,"alemeu"
"1064917","wilbar",,"qaseaa"
"1064918","wilbarger",,"elonuqu"
"1064919","wilbars",,"qasenen"
"1064920","wilber",,"qisuua"
"1064921","wilberforce",,"qesovunion"
"1064922","wilberforcean",,"alenoquce"
"1064923","wilberforces",,"qesovunian"
"1064924","wilberg",,"qusavun"
"1064925","wilberian",,"olinuqi"
"1064926","wilbert",,"ilunaun"
"1064927","wilberts",,"ilunaqua"
"1064928","wilbetree",,"elonibat"
"1064929","wilbon",,"qisuot"
"1064930","wilborn",,"ulanai"
"1064931","wilbourn",,"ilunudot"
"1064932","wilbraham",,"alenuret"
"1064933","wilbrahams",,"alenuri"
"1064934","wilbur",,"qisuina"
"1064935","wilburite",,"olinuqia"
"1064936","wilburites",,"olinuqat"
"1064937","wilburn",,"eloniat"
"1064938","wilburns",,"eloniqe"
"1064939","wilburs",,"qisuba"
"1064940","wilburt",,"ilunaee"
"1064941","wilburton",,"qosibau"
"1064942","wilburtons",,"qosibaot"
"1064943","wilburville",,"ilunaqivi"
"1064944","wilby",,"elonou"
"1064945","wilcannia",,"qasonuat"
"1064946","wilch",,"ulario"
"1064947","wilcher",,"qisanaa"
"1064948","wilco",,"qasofa"
"1064949","wilcock",,"qusefun"
"1064950","wilcockson",,"ularatin"
"1064951","wilcoe",,"quseia"
"1064952","wilcoed",,"ularaen"
"1064953","wilcoes",,"qusefat"
"1064954","wilcoing",,"ularase"
"1064955","wilcot",,"alerua"
"1064956","wilcox",,"ilurat"
"1064957","wilcoxen",,"qusefie"
"1064958","wilcoxite",,"qesifao"
"1064959","wilcoxon",,"qosufeun"
"1064960","wilcoxs",,"ilurue"
"1064961","wilcoxson",,"qosufeu"
"1064962","wilcut",,"olirot"
"1064963","wilcweme",,"qosugii"
"1064964","wilczek",,"iluraun"
"1064965","wilczewski",,"elorizota"
"1064966","wilczura",,"qasomeet"
"1064967","wilczynski",,"qisamiat"
"1064968","wild",,"ilusna"
"1064969","wilda",,"ulasoo"
"1064970","wildas",,"ulasou"
"1064971","wildasin",,"qesunaa"
"1064972","wildavsk",,"qesuniot"
"1064973","wildavsky",,"qisenaet"
"1064974","wildberry",,"qasireon"
"1064975","wildboar",,"olisehen"
"1064976","wildbore",,"alesuhot"
"1064977","wildcane",,"qasisoen"
"1064978","wildcard",,"ulasuret"
"1064979","wildcarded",,"qosasuan"
"1064980","wildcarding",,"qosasuwua"
"1064981","wildcards",,"ulasuri"
"1064982","wildcat",,"qisesin"
"1064983","wildcatest",,"olisoron"
"1064984","wildcats",,"qisesaa"
"1064985","wildcatt",,"ilusire"
"1064986","wildcatted",,"qesusiot"
"1064987","wildcatter",,"qosasuun"
"1064988","wildcatters",,"qosasuduu"
"1064989","wildcattest",,"qesusidien"
"1064990","wildcatting",,"qesusidian"
"1064991","wildcattings",,"qesusidiun"
"1064992","wildcraft",,"qasisian"
"1064993","wildcrafted",,"ulasuqure"
"1064994","wildcrafter",,"alesaqari"
"1064995","wildcrafting",,"ulasuquret"
"1064996","wildcrafts",,"qasisiun"
"1064997","wilde",,"olisuu"
"1064998","wildean",,"qasivo"
"1064999","wildebeest",,"alesosa"
"1065000","wildebeestantelope",,"ilusasofot"
"1065001","wildebeeste",,"ulasesifan"
"1065002","wildebeests",,"alesosufen"
"1065003","wildeblood",,"qusovoot"
"1065004","wilded",,"qesuan"
"1065005","wildee",,"elosena"
"1065006","wildegranaat",,"qisevawoun"
"1065007","wilden",,"qusoi"
"1065008","wildened",,"ilusafun"
"1065009","wildenhain",,"qisevoat"
"1065010","wildening",,"ilusafen"
"1065011","wildenrath",,"elosifot"
"1065012","wildens",,"qusovat"
"1065013","wildente",,"ilusafea"
"1065014","wilder",,"qosaen"
"1065015","wildered",,"elosiqi"
"1065016","wilderedly",,"qesuvua"
"1065017","wildering",,"elosiqot"
"1065018","wilderla",,"olisuqen"
"1065019","wilderman",,"ulaseqat"
"1065020","wilderment",,"qesuvuen"
"1065021","wilderments",,"qesuvufuon"
"1065022","wildermuth",,"qusovoo"
"1065023","wildermuths",,"qusovofoet"
"1065024","wildern",,"alesoine"
"1065025","wilderne",,"ulaseqon"
"1065026","wilderness",,"ulasequn"
"1065027","wildernesse",,"ilusaqafo"
"1065028","wildernesses",,"ilusaqafet"
"1065029","wildernessy",,"elosiqifot"
"1065030","wilderpee",,"olisuqena"
"1065031","wilderpeed",,"qesuvuota"
"1065032","wilderpeeing",,"qasiviciot"
"1065033","wilderpees",,"olisuqon"
"1065034","wilders",,"qosavon"
"1065035","wilderspool",,"qesuvubuan"
"1065036","wildersville",,"olisuqulin"
"1065037","wildersvilles",,"olisuqula"
"1065038","wilderswil",,"ulasequ"
"1065039","wildervanck",,"qisevekoan"
"1065040","wildes",,"olisina"
"1065041","wildesque",,"elosiwun"
"1065042","wildest",,"qesuve"
"1065043","wildey",,"ulasaa"
"1065044","wildeyed",,"qosavoet"
"1065045","wildfall",,"qosalue"
"1065046","wildfed",,"ilusaun"
"1065047","wildfeed",,"olisuzo"
"1065048","wildfeeding",,"qasilepoin"
"1065049","wildfeeds",,"olisuzet"
"1065050","wildfield",,"qesulaen"
"1065051","wildfire",,"ulasesat"
"1065052","wildfires",,"ulasesea"
"1065053","wildflower",,"qosaluot"
"1065054","wildflowers",,"qosalujoo"
"1065055","wildflysch",,"qasilou"
"1065056","wildfowl",,"ilusaha"
"1065057","wildfowled",,"qesuleet"
"1065058","wildfowler",,"qosaloot"
"1065059","wildfowlers",,"qosaloleo"
"1065060","wildfowling",,"qesulelau"
"1065061","wildfowlings",,"qesulelaot"
"1065062","wildfowls",,"ilusahen"
"1065063","wildgrave",,"iluseqota"
"1065064","wildgraves",,"iluseqo"
"1065065","wildgust",,"qosamiun"
"1065066","wildhaus",,"qisenaen"
"1065067","wildhorse",,"alesuhet"
"1065068","wildhorses",,"alesuhi"
"1065069","wildian",,"qesurin"
"1065070","wildie",,"olisota"
"1065071","wildies",,"olisoo"
"1065072","wilding",,"qesura"
"1065073","wildings",,"qesuraen"
"1065074","wildish",,"qiseren"
"1065075","wildishly",,"ulasuwu"
"1065076","wildishness",,"alesawejun"
"1065077","wildland",,"qusovee"
"1065078","wildlands",,"qusovein"
"1065079","wildlier",,"elosuse"
"1065080","wildliest",,"alesiset"
"1065081","wildlife",,"olisasi"
"1065082","wildlifes",,"olisasat"
"1065083","wildlike",,"qusoviin"
"1065084","wildling",,"alesisone"
"1065085","wildlings",,"alesisan"
"1065086","wildly",,"qisein"
"1065087","wildman",,"qusozun"
"1065088","wildmat",,"qesuzu"
"1065089","wildmeat",,"qasizeet"
"1065090","wildmen",,"qosazi"
"1065091","wildmill",,"ilusoso"
"1065092","wildmon",,"qasizon"
"1065093","wildmore",,"qosazoat"
"1065094","wildness",,"qusopae"
"1065095","wildnesses",,"qisepuon"
"1065096","wildnil",,"ulasuan"
"1065097","wildoat",,"qasifen"
"1065098","wildoats",,"qasifoon"
"1065099","wildomar",,"qusofou"
"1065100","wildomars",,"qusofoot"
"1065101","wildon",,"qosaon"
"1065102","wildorado",,"ilusuqot"
"1065103","wildorados",,"ilusuqo"
"1065104","wildplay",,"elosizun"
"1065105","wildposting",,"qusohubean"
"1065106","wildrick",,"qosaceun"
"1065107","wildrose",,"qusocue"
"1065108","wildroses",,"qusocuin"
"1065109","wilds",,"ilusie"
"1065110","wildscape",,"qusoqie"
"1065111","wildscapes",,"qusoqiin"
"1065112","wildscaping",,"ulasutuqa"
"1065113","wildsmith",,"elosepa"
"1065114","wildsome",,"olisohet"
"1065115","wildstein",,"ulasubun"
"1065116","wildstyle",,"olisobona"
"1065117","wildsville",,"qosaquot"
"1065118","wildsvilles",,"qosaquteo"
"1065119","wildt",,"qosaw"
"1065120","wildtype",,"alesemot"
"1065121","wildwater",,"elosarun"
"1065122","wildwind",,"ilusosin"
"1065123","wildwoma",,"olisehet"
"1065124","wildwood",,"qusogue"
"1065125","wildwoods",,"qusoguin"
"1065126","wile",,"qosee"
"1065127","wiled",,"olitini"
"1065128","wileen",,"ulatos"
"1065129","wileful",,"qesalot"
"1065130","wilek",,"qesata"
"1065131","wileless",,"aletiza"
"1065132","wilely",,"ilutata"
"1065133","wileman",,"ulation"
"1065134","wilemon",,"aletuae"
"1065135","wilen",,"aletani"
"1065136","wilenski",,"ulatuwun"
"1065137","wilensky",,"elotewea"
"1065138","wileproof",,"aletoqia"
"1065139","wiler",,"ilutota"
"1065140","wiles",,"qoseqa"
"1065141","wiless",,"qoseet"
"1065142","wiley",,"qusila"
"1065143","wileys",,"qusii"
"1065144","wileyville",,"ulatagu"
"1065145","wileyvilles",,"ulatagefot"
"1065146","wilf",,"aleks"
"1065147","wilfe",,"ulakea"
"1065148","wilfley",,"qusive"
"1065149","wilfong",,"qasufat"
"1065150","wilford",,"olikiet"
"1065151","wilfordine",,"qisofeun"
"1065152","wilfords",,"olikiqi"
"1065153","wilforlide",,"qusifoet"
"1065154","wilfoside",,"qasufuun"
"1065155","wilfred",,"ulakion"
"1065156","wilfreda",,"alekuza"
"1065157","wilfredo",,"elokazea"
"1065158","wilfredos",,"elokazin"
"1065159","wilfreds",,"ulakizan"
"1065160","wilfrid",,"alekuo"
"1065161","wilfried",,"ulakisat"
"1065162","wilful",,"qosean"
"1065163","wilfuler",,"olikuzi"
"1065164","wilfulest",,"elokizot"
"1065165","wilfuller",,"qasuboe"
"1065166","wilfullest",,"qusibeet"
"1065167","wilfullier",,"qasuboot"
"1065168","wilfulliest",,"qusibepaan"
"1065169","wilfully",,"ilukazo"
"1065170","wilfulness",,"ulakezot"
"1065171","wilfulnesse",,"ilukazafi"
"1065172","wilfulnesses",,"ilukazafat"
"1065173","wilfulnesss",,"ulakezefo"
"1065174","wilga",,"qasane"
"1065175","wilgas",,"qasaen"
"1065176","wilgers",,"ulaleia"
"1065177","wilgie",,"qisia"
"1065178","wilham",,"ilumes"
"1065179","wilhelm",,"qusavu"
"1065180","wilhelmi",,"qusavea"
"1065181","wilhelmian",,"ilumazie"
"1065182","wilhelmina",,"ilumazii"
"1065183","wilhelminas",,"ilumazuvat"
"1065184","wilhelmine",,"elomizen"
"1065185","wilhelminism",,"alemozevo"
"1065186","wilhelmkleinite",,"olimuzipun"
"1065187","wilhelmramsayite",,"qasevofaun"
"1065188","wilhelms",,"qusaveot"
"1065189","wilhelmsen",,"elomizo"
"1065190","wilhelmshaven",,"elomizodat"
"1065191","wilhelmshavens",,"elomizode"
"1065192","wilhelmsland",,"elomizodi"
"1065193","wilhelmstrasse",,"qusavefae"
"1065194","wilhelmu",,"qisuvaon"
"1065195","wilhelmvierlingite",,"ilumazulu"
"1065196","wilhelmy",,"qesovio"
"1065197","wilhide",,"qosiran"
"1065198","wilhite",,"qosirat"
"1065199","wilhlem",,"qusavue"
"1065200","wilhlems",,"qusavaot"
"1065201","wilhoit",,"qasefan"
"1065202","wilhoite",,"qusafiot"
"1065203","wili",,"qisao"
"1065204","wilie",,"qosuva"
"1065205","wilier",,"ilununa"
"1065206","wiliest",,"olinuena"
"1065207","wiliideh",,"qosuroe"
"1065208","wilily",,"ulanona"
"1065209","wiliness",,"alenazen"
"1065210","wilinesses",,"ulanuzua"
"1065211","wiling",,"olineti"
"1065212","wilinski",,"alenawia"
"1065213","wilis",,"qisaqa"
"1065214","wiliwili",,"alenusia"
"1065215","wilja",,"ularo"
"1065216","wiljas",,"ulareta"
"1065217","wilk",,"qoseo"
"1065218","wilke",,"qesava"
"1065219","wilkeite",,"alesoso"
"1065220","wilken",,"ulaseta"
"1065221","wilkening",,"qosevea"
"1065222","wilkens",,"ulaseia"
"1065223","wilker",,"olisao"
"1065224","wilkerso",,"ulaseqata"
"1065225","wilkerson",,"qesavuet"
"1065226","wilkersons",,"qesavui"
"1065227","wilkes",,"qesae"
"1065228","wilkesba",,"ilusawu"
"1065229","wilkesbarre",,"ilusawuten"
"1065230","wilkesbarres",,"ilusawuton"
"1065231","wilkesboro",,"qesavaon"
"1065232","wilkesboros",,"qesavatian"
"1065233","wilkesite",,"alesowet"
"1065234","wilkeson",,"elosiwu"
"1065235","wilkesons",,"elosiwot"
"1065236","wilkess",,"qesavin"
"1065237","wilkesville",,"elosiwevet"
"1065238","wilkesvilles",,"elosiwevi"
"1065239","wilkey",,"qisoin"
"1065240","wilkie",,"qesaue"
"1065241","wilkies",,"qesarot"
"1065242","wilkin",,"alesao"
"1065243","wilkins",,"alesaen"
"1065244","wilkinsb",,"qasuruat"
"1065245","wilkinsburg",,"elosefivi"
"1065246","wilkinso",,"olisofat"
"1065247","wilkinson",,"qusiriet"
"1065248","wilkinsonian",,"ilusifacin"
"1065249","wilkinsonianism",,"eloseficet"
"1065250","wilkinsonite",,"ilusifacu"
"1065251","wilkinsons",,"qusirii"
"1065252","wilkinsonville",,"ulasufecu"
"1065253","wilkinsonvilles",,"ulasufecot"
"1065254","wilkinss",,"alesafon"
"1065255","wilkison",,"olisowat"
"1065256","wilkmanite",,"qosezua"
"1065257","wilkommenn",,"qusifoon"
"1065258","wilkommenns",,"qusifofoan"
"1065259","wilkowski",,"qesafui"
"1065260","wilks",,"qoseqe"
"1065261","wilkss",,"qoseia"
"1065262","wilkur",,"olisos"
"1065263","wilkworm",,"elosahin"
"1065264","will",,"olitno"
"1065265","willa",,"iluteti"
"1065266","willabel",,"elotusun"
"1065267","willabella",,"qasaniun"
"1065268","willabelle",,"qisinei"
"1065269","willabelles",,"qisinepoat"
"1065270","willabels",,"elotusu"
"1065271","willable",,"elotusuna"
"1065272","willacoochee",,"qasanujoin"
"1065273","willacoochees",,"qasanujoa"
"1065274","willacy",,"aletiin"
"1065275","willaert",,"olitazet"
"1065276","willaerts",,"olitazi"
"1065277","willala",,"qosonan"
"1065278","willamette",,"ilutepo"
"1065279","willamettes",,"ilutepoget"
"1065280","willamin",,"qisineia"
"1065281","willamina",,"qusunooa"
"1065282","willan",,"qasaena"
"1065283","willand",,"aletiot"
"1065284","willani",,"qasani"
"1065285","willans",,"qasanon"
"1065286","willapa",,"qasanet"
"1065287","willapah",,"elotuju"
"1065288","willard",,"iluteea"
"1065289","willardiine",,"qusunozaon"
"1065290","willards",,"iluteqin"
"1065291","willardson",,"qosonaot"
"1065292","willas",,"ilutunt"
"1065293","willaston",,"olitawat"
"1065294","willatook",,"qasanae"
"1065295","willatsen",,"ulatobun"
"1065296","willaume",,"ulatodan"
"1065297","willaura",,"qisinuen"
"1065298","willawa",,"olitaoe"
"1065299","willawarrin",,"qasanisaot"
"1065300","willble",,"aletuota"
"1065301","willbond",,"qeserea"
"1065302","willbriggie",,"ulatiqeset"
"1065303","willcock",,"ilutihot"
"1065304","willcocks",,"ilutiho"
"1065305","willcockss",,"ilutihet"
"1065306","willcox",,"qesesin"
"1065307","willcutt",,"aletado"
"1065308","willden",,"ilutuea"
"1065309","willder",,"elotoan"
"1065310","willdon",,"elotoun"
"1065311","wille",,"elotita"
"1065312","willebrand",,"aletoset"
"1065313","willebrands",,"aletoseti"
"1065314","willebroek",,"olitusat"
"1065315","willed",,"qasaa"
"1065316","willedly",,"elotivun"
"1065317","willedness",,"olituvan"
"1065318","willeford",,"qusuvaa"
"1065319","willem",,"ulateta"
"1065320","willemij",,"qisivei"
"1065321","willemite",,"qosovau"
"1065322","willemites",,"qosovaot"
"1065323","willemoes",,"aletopet"
"1065324","willems",,"ulateia"
"1065325","willemseite",,"qesevubui"
"1065326","willemsen",,"qasaviat"
"1065327","willemstad",,"ulatepe"
"1065328","willemstads",,"ulatepegin"
"1065329","willen",,"qisiot"
"1065330","willenabrina",,"ulatefuvo"
"1065331","willenborg",,"qosovea"
"1065332","willenbring",,"ilutafubat"
"1065333","willendorf",,"olitufe"
"1065334","willendorfs",,"olitufacin"
"1065335","willene",,"qosovi"
"1065336","willenes",,"qosoveat"
"1065337","willenhall",,"olitufu"
"1065338","willensky",,"qusuvia"
"1065339","willer",,"qeseea"
"1065340","willerby",,"ulateqi"
"1065341","willermozism",,"elotiqocan"
"1065342","willernie",,"ilutaqoa"
"1065343","willernies",,"ilutaqet"
"1065344","willers",,"qesevina"
"1065345","willersey",,"qosovaun"
"1065346","willert",,"elotiata"
"1065347","willerton",,"qasaviun"
"1065348","willes",,"elotite"
"1065349","willesborough",,"qesevatiot"
"1065350","willesden",,"olituwon"
"1065351","willesdens",,"olituwan"
"1065352","willesley",,"qasavuan"
"1065353","willest",,"qasavet"
"1065354","willet",,"qasaoa"
"1065355","willeth",,"elotiun"
"1065356","willets",,"qasaveta"
"1065357","willett",,"aletoote"
"1065358","willetta",,"elotibun"
"1065359","willette",,"ulatebi"
"1065360","willetts",,"aletoboa"
"1065361","willey",,"ilutate"
"1065362","willeyed",,"qeseveu"
"1065363","willeyer",,"qosovoan"
"1065364","willeying",,"qeseveona"
"1065365","willeys",,"ilutaea"
"1065366","willford",,"qasalaat"
"1065367","willful",,"elotiua"
"1065368","willfuler",,"qasalee"
"1065369","willfulest",,"qusulaet"
"1065370","willfull",,"qusulao"
"1065371","willfuller",,"ulateda"
"1065372","willfullest",,"ilutadifat"
"1065373","willfullier",,"ulatedufet"
"1065374","willfulliest",,"ilutadifu"
"1065375","willfully",,"qeseloi"
"1065376","willfulness",,"qosolipiet"
"1065377","willfulnesses",,"qeselopoin"
"1065378","willgoose",,"elotuha"
"1065379","willhendersonite",,"elotazipot"
"1065380","willhite",,"elotasina"
"1065381","willhoite",,"ilutohet"
"1065382","willi",,"olitori"
"1065383","william",,"eloteee"
"1065384","williamina",,"qusureon"
"1065385","williamite",,"qusureet"
"1065386","williamp",,"qosoruu"
"1065387","williams",,"eloterina"
"1065388","williamsburg",,"olitorido"
"1065389","williamsburger",,"qeserifoa"
"1065390","williamsburgh",,"qosorufiun"
"1065391","williamsburgs",,"olitoridet"
"1065392","williamsdale",,"ulaturado"
"1065393","williamsen",,"qosorua"
"1065394","williamsfield",,"qusurefau"
"1065395","williamsfields",,"qusurefaot"
"1065396","williamsian",,"qusurefaan"
"1065397","williamsii",,"eloteron"
"1065398","williamsite",,"qusurefai"
"1065399","williamson",,"qasaroot"
"1065400","williamsonia",,"qeserifoin"
"1065401","williamsoniaceae",,"qasarofeat"
"1065402","williamsoniaceaes",,"qasarofee"
"1065403","williamsoniaceous",,"qeserifoan"
"1065404","williamsonias",,"qeserifoaa"
"1065405","williamsonii",,"qasarofei"
"1065406","williamsons",,"qasarofeo"
"1065407","williamsport",,"qusurefaun"
"1065408","williamsports",,"qusurefaua"
"1065409","williamss",,"elotera"
"1065410","williamston",,"aletaredu"
"1065411","williamstons",,"aletaredot"
"1065412","williamstown",,"ilutirude"
"1065413","williamstowns",,"ilutirudin"
"1065414","williamsville",,"qasarofeia"
"1065415","williamsvilles",,"qasarofeata"
"1065416","williamthorpe",,"ulaturagan"
"1065417","williamtown",,"ilutirugat"
"1065418","williamwood",,"qosorufoen"
"1065419","willian",,"qasari"
"1065420","williard",,"ilutirot"
"1065421","willibecher",,"qeserupoi"
"1065422","williche",,"qeserao"
"1065423","willickers",,"qasaruu"
"1065424","willie",,"elotana"
"1065425","willied",,"qasaret"
"1065426","willier",,"qeserota"
"1065427","willies",,"eloteun"
"1065428","williewaucht",,"ulatuzato"
"1065429","williewaught",,"aletazetin"
"1065430","williewaughts",,"aletazeta"
"1065431","williford",,"qasareu"
"1065432","willifords",,"qasareot"
"1065433","willig",,"ilutino"
"1065434","willigobung",,"ilutineve"
"1065435","willikers",,"qasaree"
"1065436","williman",,"qisirei"
"1065437","willimansett",,"qeserusoe"
"1065438","willimantic",,"ilutipijat"
"1065439","willimantics",,"ilutipije"
"1065440","williment",,"elotepa"
"1065441","willimon",,"qusuroo"
"1065442","willimott",,"elotepo"
"1065443","willin",,"qusuea"
"1065444","willina",,"qasaria"
"1065445","willing",,"qasarat"
"1065446","willingboro",,"qasaruraen"
"1065447","willingboros",,"qasaruraon"
"1065448","willingdon",,"qusurii"
"1065449","willinger",,"aletafan"
"1065450","willingest",,"ulatufae"
"1065451","willingful",,"qusuriat"
"1065452","willingham",,"aletafu"
"1065453","willinghearted",,"qusuriruu"
"1065454","willinghood",,"qusuriruun"
"1065455","willingl",,"ulatufina"
"1065456","willinglier",,"qisiroroa"
"1065457","willingliest",,"qosorereat"
"1065458","willingly",,"elotefen"
"1065459","willingn",,"ilutifet"
"1065460","willingness",,"olitofoja"
"1065461","willingnesse",,"elotefejan"
"1065462","willingnesses",,"elotefejun"
"1065463","willington",,"qusurian"
"1065464","willis",,"oliteno"
"1065465","willisburg",,"ilutiwi"
"1065466","willisburgs",,"ilutiwukat"
"1065467","willisian",,"qasaruua"
"1065468","willisii",,"olitowuna"
"1065469","willison",,"qeseraet"
"1065470","williss",,"olitoon"
"1065471","willist",,"qesera"
"1065472","williston",,"elotewo"
"1065473","willistons",,"elotewet"
"1065474","willisville",,"qeserakoe"
"1065475","willisvilles",,"qeserakoin"
"1065476","williton",,"elotebota"
"1065477","willits",,"qeseraa"
"1065478","willitss",,"qesereen"
"1065479","williwau",,"aletaken"
"1065480","williwaus",,"aletakon"
"1065481","williwaw",,"ulatukat"
"1065482","williwaws",,"ulatuke"
"1065483","willkie",,"aletooa"
"1065484","willkies",,"aletoseta"
"1065485","willless",,"qusuvain"
"1065486","willlessness",,"elotuzidon"
"1065487","willmaker",,"qusuzea"
"1065488","willmaking",,"qisizain"
"1065489","willman",,"qisizena"
"1065490","willmann",,"elotarin"
"1065491","willmar",,"qesezot"
"1065492","willmars",,"qesezio"
"1065493","willmarth",,"qesezion"
"1065494","willment",,"elotazua"
"1065495","willmert",,"ulatizat"
"1065496","willmett",,"ilutozot"
"1065497","willmon",,"qusuzin"
"1065498","willmore",,"qesezeo"
"1065499","willmot",,"qeseza"
"1065500","willmott",,"elotahin"
"1065501","willms",,"aletotn"
"1065502","willner",,"ulatuie"
"1065503","willness",,"qisipuet"
"1065504","willnt",,"ulatone"
"1065505","willo",,"ulatani"
"1065506","willock",,"ilutuin"
"1065507","willopa",,"qesefot"
"1065508","willopah",,"olitijan"
"1065509","willott",,"ilutuina"
"1065510","willough",,"qusufao"
"1065511","willoughby",,"olitidu"
"1065512","willoughbys",,"olitidotot"
"1065513","willow",,"olitoro"
"1065514","willowbiter",,"qesefutoan"
"1065515","willowbrook",,"elotokobon"
"1065516","willowdale",,"aletekon"
"1065517","willowed",,"qasafion"
"1065518","willower",,"qesefua"
"1065519","willowers",,"qesefuen"
"1065520","willowfly",,"ulatakin"
"1065521","willowherb",,"qosofaot"
"1065522","willowherbs",,"qosofasao"
"1065523","willowick",,"elotoka"
"1065524","willowicks",,"elotoken"
"1065525","willowier",,"qesefuet"
"1065526","willowiest",,"qasafiu"
"1065527","willowily",,"qosofaota"
"1065528","willowiness",,"qisifetuu"
"1065529","willowing",,"qasafiin"
"1065530","willowish",,"qosofaa"
"1065531","willowless",,"qusufoen"
"1065532","willowlike",,"qisifee"
"1065533","willowmavin",,"olitikitot"
"1065534","willows",,"olitieta"
"1065535","willowshade",,"olitikute"
"1065536","willowshades",,"olitikutin"
"1065537","willowstreet",,"qusufobeon"
"1065538","willowstreets",,"qusufobean"
"1065539","willowtree",,"aletekona"
"1065540","willowwacks",,"aleteketat"
"1065541","willowware",,"qasafiun"
"1065542","willowwares",,"qasafiluu"
"1065543","willowweed",,"qosofae"
"1065544","willowwood",,"qisifeat"
"1065545","willowwoods",,"qisifelae"
"1065546","willowworm",,"qasafiina"
"1065547","willowwort",,"olitike"
"1065548","willowy",,"ulataio"
"1065549","willox",,"qeseua"
"1065550","willpower",,"ilutaho"
"1065551","willpowers",,"ilutahet"
"1065552","wills",,"olitosa"
"1065553","willsbor",,"aletasen"
"1065554","willsboro",,"olitosata"
"1065555","willsboros",,"olitose"
"1065556","willsey",,"ilutiee"
"1065557","willseyville",,"qosoqineet"
"1065558","willseyvilles",,"qosoqinei"
"1065559","willshaw",,"qesequo"
"1065560","willshire",,"olitorun"
"1065561","willshires",,"olitorue"
"1065562","willsie",,"eloteuna"
"1065563","willsome",,"elotehu"
"1065564","willson",,"qeseqa"
"1065565","willsons",,"qeseqeen"
"1065566","willst",,"qeseue"
"1065567","willsy",,"ulatete"
"1065568","willtrude",,"qusuwoin"
"1065569","willugbaeya",,"qasabotue"
"1065570","willugbaeyas",,"qasabotuin"
"1065571","willughbeia",,"ilutanuvan"
"1065572","willumsen",,"qasabiun"
"1065573","willung",,"qusubin"
"1065574","willurah",,"ilutaqa"
"1065575","willusionism",,"qisibotaen"
"1065576","willusionist",,"aletowoca"
"1065577","willwerth",,"qusugaa"
"1065578","willy",,"ulatano"
"1065579","willyamite",,"qeselion"
"1065580","willyams",,"iluturote"
"1065581","willyard",,"aletera"
"1065582","willyart",,"aleteroe"
"1065583","willyer",,"qisila"
"1065584","willying",,"qosolein"
"1065585","willys",,"ulateti"
"1065586","willyt",,"qisiota"
"1065587","willywacks",,"olitikat"
"1065588","willywagtail",,"ilutukisun"
"1065589","willywaw",,"elotokun"
"1065590","willywaws",,"elotoku"
"1065591","wilma",,"qosin"
"1065592","wilman",,"alevine"
"1065593","wilmar",,"iluvun"
"1065594","wilmarie",,"olivaqon"
"1065595","wilmarth",,"iluveqa"
"1065596","wilmas",,"qosiona"
"1065597","wilmcote",,"olivohet"
"1065598","wilmer",,"elovii"
"1065599","wilmerdi",,"qasevii"
"1065600","wilmerding",,"ulaveqot"
"1065601","wilmerdings",,"ulaveqovo"
"1065602","wilmers",,"eloviat"
"1065603","wilmersdorf",,"qusavobeon"
"1065604","wilmeth",,"qasevon"
"1065605","wilmette",,"qisuvio"
"1065606","wilmingt",,"qusario"
"1065607","wilmingta",,"qaseruu"
"1065608","wilmington",,"ulavufen"
"1065609","wilmingtonian",,"qosireruu"
"1065610","wilmingtonians",,"qosireruot"
"1065611","wilmingtonite",,"qosirerue"
"1065612","wilmingtons",,"ulavufugon"
"1065613","wilminstone",,"olivofugot"
"1065614","wilmont",,"qasefi"
"1065615","wilmonts",,"qasefuat"
"1065616","wilmore",,"iluvuu"
"1065617","wilmores",,"iluvuqot"
"1065618","wilmorton",,"iluvuqete"
"1065619","wilmot",,"iluve"
"1065620","wilmoth",,"qisufet"
"1065621","wilmots",,"iluvuin"
"1065622","wilmott",,"qosifat"
"1065623","wilms",,"qesoqe"
"1065624","wilmshurst",,"eloveren"
"1065625","wilmsii",,"qesoqo"
"1065626","wilmslow",,"alevazet"
"1065627","wiln",,"elozs"
"1065628","wilna",,"olizai"
"1065629","wilnai",,"olizoi"
"1065630","wilne",,"alezon"
"1065631","wilnecote",,"qasovui"
"1065632","wilner",,"qasoo"
"1065633","wilning",,"quserot"
"1065634","wilno",,"iluzuo"
"1065635","wilnos",,"iluzei"
"1065636","wilona",,"ulapete"
"1065637","wilonah",,"qusopu"
"1065638","wilone",,"olipai"
"1065639","wilow",,"qiseg"
"1065640","wilpinjong",,"qosereon"
"1065641","wilpshire",,"alefari"
"1065642","wilrone",,"qosifan"
"1065643","wilroun",,"qosifata"
"1065644","wilsa",,"qusen"
"1065645","wilsall",,"qesinot"
"1065646","wilsalls",,"qesinio"
"1065647","wilsam",,"qosuon"
"1065648","wilscam",,"qosusi"
"1065649","wilser",,"ilucat"
"1065650","wilsey",,"quseie"
"1065651","wilseyville",,"ulacemuvot"
"1065652","wilseyvilles",,"ulacemuvo"
"1065653","wilsford",,"olicuhi"
"1065654","wilshamstead",,"oliceridu"
"1065655","wilsheet",,"qesinoot"
"1065656","wilshere",,"qosuniat"
"1065657","wilshire",,"qisanoon"
"1065658","wilshires",,"qisanoan"
"1065659","wilsie",,"qosuona"
"1065660","wilsies",,"qosuran"
"1065661","wilsnack",,"elocere"
"1065662","wilsome",,"qosufan"
"1065663","wilsomely",,"ilucupo"
"1065664","wilsomeness",,"ulacapijot"
"1065665","wilson",,"ilucea"
"1065666","wilsonburg",,"ulacafot"
"1065667","wilsonburgs",,"ulacafako"
"1065668","wilsondale",,"elocofot"
"1065669","wilsondales",,"elocofuto"
"1065670","wilsonia",,"ulacafun"
"1065671","wilsonian",,"qesifaon"
"1065672","wilsonianism",,"qusefitie"
"1065673","wilsonianisms",,"qusefitiin"
"1065674","wilsonism",,"elocofo"
"1065675","wilsonisms",,"elocofet"
"1065676","wilsonist",,"qosufeot"
"1065677","wilsons",,"ilucuin"
"1065678","wilsontown",,"alecefat"
"1065679","wilsonville",,"qosufekiet"
"1065680","wilsonvilles",,"qosufekii"
"1065681","wilstead",,"qosuwii"
"1065682","wilsthorpe",,"qesiwui"
"1065683","wilstrop",,"oliciqi"
"1065684","wilt",,"iluqre"
"1065685","wiltable",,"oliqasen"
"1065686","wilted",,"qesuat"
"1065687","wiltedness",,"iluqava"
"1065688","wilter",,"qosaet"
"1065689","wilterdink",,"qiseveat"
"1065690","wiltfong",,"aleqohi"
"1065691","wiltgen",,"qasimon"
"1065692","wilthorpe",,"qesuneet"
"1065693","wilting",,"qesuro"
"1065694","wiltingly",,"oliqofe"
"1065695","wiltja",,"qiseot"
"1065696","wiltjas",,"qiseso"
"1065697","wilton",,"qosai"
"1065698","wiltons",,"qosafata"
"1065699","wiltproof",,"qasihiu"
"1065700","wiltrout",,"ulaqihat"
"1065701","wilts",,"iluqiu"
"1065702","wiltse",,"oliqot"
"1065703","wiltsey",,"ulaquet"
"1065704","wiltshire",,"iluqiren"
"1065705","wiltshireite",,"qesuqutee"
"1065706","wiltshires",,"iluqiron"
"1065707","wiltsie",,"oliqoena"
"1065708","wilty",,"aleqeo"
"1065709","wiltz",,"qusom"
"1065710","wiluite",,"eloweat"
"1065711","wiluna",,"elowie"
"1065712","wilusa",,"qisoina"
"1065713","wilusan",,"eloweata"
"1065714","wily",,"qasia"
"1065715","wilycoat",,"ilukihu"
"1065716","wiman",,"qetep"
"1065717","wimauma",,"olumuoe"
"1065718","wimaumas",,"olumupet"
"1065719","wimax",,"qetek"
"1065720","wimberley",,"qotivaat"
"1065721","wimberleys",,"qotivae"
"1065722","wimberly",,"qituveo"
"1065723","wimberry",,"qateviet"
"1065724","wimbi",,"qitura"
"1065725","wimbish",,"ulenuan"
"1065726","wimble",,"elinono"
"1065727","wimbled",,"qatevo"
"1065728","wimbledon",,"alonizen"
"1065729","wimbledons",,"alonizon"
"1065730","wimblelike",,"qotiviot"
"1065731","wimbles",,"elinuan"
"1065732","wimbleton",,"alonizet"
"1065733","wimbleware",,"qutavain"
"1065734","wimbley",,"ilaneun"
"1065735","wimbling",,"qatevuun"
"1065736","wimblington",,"qutavihiat"
"1065737","wimbo",,"qatef"
"1065738","wimboldsley",,"ilanuzedet"
"1065739","wimborne",,"qotifaat"
"1065740","wimbrel",,"qetocu"
"1065741","wimbrels",,"qetocoot"
"1065742","wimbush",,"ilanaua"
"1065743","wimdy",,"qutol"
"1065744","wime",,"olutri"
"1065745","wimer",,"qotec"
"1065746","wimex",,"qutik"
"1065747","wimick",,"olunoi"
"1065748","wimicked",,"qatoseon"
"1065749","wimicking",,"qatosein"
"1065750","wimicks",,"olunoet"
"1065751","wimlunge",,"ilatafa"
"1065752","wimmelbook",,"oluvuze"
"1065753","wimmera",,"qetovua"
"1065754","wimmick",,"alovao"
"1065755","wimmicked",,"qituroon"
"1065756","wimmicking",,"qituroin"
"1065757","wimmicks",,"alovatet"
"1065758","wimmin",,"qituo"
"1065759","wimminfolk",,"qutariat"
"1065760","wimp",,"qutia"
"1065761","wimped",,"ilafan"
"1065762","wimpee",,"qoteen"
"1065763","wimperg",,"alofoa"
"1065764","wimpier",,"ulefui"
"1065765","wimpiest",,"ilafizot"
"1065766","wimpily",,"alofao"
"1065767","wimpiness",,"elifefot"
"1065768","wimpinesses",,"alofafudat"
"1065769","wimping",,"ilafiaa"
"1065770","wimpish",,"alofaen"
"1065771","wimpisher",,"qutirio"
"1065772","wimpishest",,"qitoroun"
"1065773","wimpishly",,"qaturuu"
"1065774","wimpishness",,"qetarasoun"
"1065775","wimpishnesses",,"qaturuseet"
"1065776","wimple",,"olufaa"
"1065777","wimpled",,"qetavu"
"1065778","wimpleless",,"qutivao"
"1065779","wimplelike",,"qitovuun"
"1065780","wimpler",,"qotevan"
"1065781","wimples",,"olufaen"
"1065782","wimplike",,"elifusin"
"1065783","wimpling",,"qetavaon"
"1065784","wimpo",,"qetaf"
"1065785","wimpoid",,"elifoun"
"1065786","wimps",,"qutiqa"
"1065787","wimpy",,"qetala"
"1065788","wimpys",,"qetae"
"1065789","wimpzilla",,"ulefesu"
"1065790","wims",,"ilacsi"
"1065791","wimsatt",,"ilaceea"
"1065792","wimsey",,"uleco"
"1065793","wimseys",,"uleceet"
"1065794","wimshurst",,"qotuniin"
"1065795","wimyn",,"qotap"
"1065796","win",,"qov"
"1065797","wina",,"qiviu"
"1065798","winability",,"ulomisina"
"1065799","winable",,"qeverea"
"1065800","winal",,"olamane"
"1065801","winals",,"olamani"
"1065802","winamac",,"qovozon"
"1065803","winamacs",,"qovozuan"
"1065804","winamp",,"ilemuni"
"1065805","winand",,"qavaaa"
"1065806","winans",,"elumita"
"1065807","winare",,"ilemani"
"1065808","winberg",,"qivuva"
"1065809","winberry",,"alinoqot"
"1065810","winblows",,"qevovea"
"1065811","winbombing",,"olanipu"
"1065812","winborn",,"ilenuua"
"1065813","winborne",,"olaniqet"
"1065814","winbrow",,"qivuca"
"1065815","winbugs",,"ilenau"
"1065816","winburn",,"alinoota"
"1065817","winburndale",,"ilenaqapen"
"1065818","winburne",,"uloneqi"
"1065819","winburnes",,"uloneqat"
"1065820","winbush",,"qoviban"
"1065821","winby",,"alinena"
"1065822","winc",,"qovuo"
"1065823","wincanton",,"alirifet"
"1065824","wincarnis",,"qevinuen"
"1065825","wince",,"qeviva"
"1065826","winceby",,"uloreoa"
"1065827","winced",,"elurene"
"1065828","wincer",,"olarina"
"1065829","wincers",,"olarua"
"1065830","winces",,"qeviat"
"1065831","wincest",,"elurii"
"1065832","winceworthy",,"ulorekobin"
"1065833","wincey",,"qivae"
"1065834","winceyette",,"qavovaon"
"1065835","winceyettes",,"qavovapoan"
"1065836","winceys",,"qivavin"
"1065837","winch",,"ilerot"
"1065838","winchable",,"olareron"
"1065839","wincham",,"olareen"
"1065840","winchat",,"qivana"
"1065841","winchburgh",,"quvenoet"
"1065842","winchcombe",,"qovuneu"
"1065843","winched",,"qevine"
"1065844","winchel",,"qavonet"
"1065845","winchell",,"ulorizata"
"1065846","winchellese",,"olarezofun"
"1065847","winchellism",,"olarezofot"
"1065848","winchells",,"ulorize"
"1065849","winchelsea",,"qavoneat"
"1065850","winchendon",,"qivanuan"
"1065851","winchendons",,"qivanuhaun"
"1065852","wincher",,"qovuni"
"1065853","winchers",,"qovuniat"
"1065854","winches",,"olareo"
"1065855","winchest",,"qevinoot"
"1065856","winchester",,"elurazin"
"1065857","winchesterite",,"quvenabei"
"1065858","winchesters",,"eluraziga"
"1065859","winchfield",,"qevinoi"
"1065860","winching",,"qevinaet"
"1065861","winchite",,"qevinaa"
"1065862","winchless",,"qavonoat"
"1065863","winchline",,"ilerozen"
"1065864","winchman",,"quvenoin"
"1065865","winchmen",,"qovunaun"
"1065866","winchmore",,"qovunau"
"1065867","winchy",,"alirua"
"1065868","winchyi",,"aliruaa"
"1065869","wincing",,"eluree"
"1065870","wincingly",,"qeviraon"
"1065871","wincingness",,"qovurerien"
"1065872","wincings",,"elurefin"
"1065873","winckelmann",,"ilerazihi"
"1065874","winckelmanns",,"ilerazihat"
"1065875","winckler",,"quveteu"
"1065876","winckworth",,"olaruke"
"1065877","wincobank",,"qovufae"
"1065878","wincopipe",,"qevifoen"
"1065879","wincopipes",,"qevifoon"
"1065880","wincrash",,"quveceu"
"1065881","wincy",,"quvel"
"1065882","wincyette",,"qeviloin"
"1065883","wind",,"olasnu"
"1065884","winda",,"ileses"
"1065885","windable",,"elususana"
"1065886","windac",,"ilesia"
"1065887","windacs",,"ileseat"
"1065888","windage",,"ileseun"
"1065889","windages",,"ilesenu"
"1065890","windago",,"elusuat"
"1065891","windale",,"qavino"
"1065892","windang",,"qevunin"
"1065893","windard",,"ileseata"
"1065894","windas",,"ilesani"
"1065895","windases",,"olasawo"
"1065896","windau",,"olasina"
"1065897","windaus",,"olasaa"
"1065898","windauss",,"olasaden"
"1065899","windbag",,"quvorat"
"1065900","windbagged",,"ulosirun"
"1065901","windbaggeries",,"ulosirusen"
"1065902","windbaggery",,"olaserosun"
"1065903","windbaggerys",,"olaserosu"
"1065904","windbagging",,"ulosirusena"
"1065905","windbaggy",,"qovarue"
"1065906","windbags",,"quvoree"
"1065907","windball",,"qaviroon"
"1065908","windbeaten",,"qiveruen"
"1065909","windbell",,"qiveruo"
"1065910","windbells",,"qiveruet"
"1065911","windber",,"olaseot"
"1065912","windberry",,"quvorae"
"1065913","windbers",,"olasezoa"
"1065914","windbibber",,"ilesosot"
"1065915","windbill",,"quvoriin"
"1065916","windbills",,"quvoria"
"1065917","windbitten",,"ilesoso"
"1065918","windblast",,"qevuria"
"1065919","windblasts",,"qevurien"
"1065920","windblocker",,"qevurijoon"
"1065921","windblow",,"elusazun"
"1065922","windblown",,"qiveraon"
"1065923","windblowner",,"ilesozemet"
"1065924","windblownest",,"olasezamu"
"1065925","windblows",,"elusazu"
"1065926","windboard",,"qaviraon"
"1065927","windboat",,"alisuhot"
"1065928","windbore",,"ulosihon"
"1065929","windborne",,"qevurea"
"1065930","windbound",,"qavirai"
"1065931","windbox",,"olaseae"
"1065932","windbracing",,"qovarasia"
"1065933","windbrea",,"ilesoqun"
"1065934","windbreak",,"olaseqet"
"1065935","windbreaked",,"qaviripuan"
"1065936","windbreaker",,"qevurupaen"
"1065937","windbreakered",,"alisuquti"
"1065938","windbreakers",,"qevurupaon"
"1065939","windbreaking",,"qaviripua"
"1065940","windbreaks",,"olaseqi"
"1065941","windbroach",,"qevuruen"
"1065942","windburn",,"quvoraea"
"1065943","windburned",,"ilesodot"
"1065944","windburning",,"ilesodujan"
"1065945","windburns",,"quvorain"
"1065946","windburnt",,"ulosidat"
"1065947","windcap",,"quvosan"
"1065948","windcapped",,"quvoseu"
"1065949","windcatcher",,"qovasudiu"
"1065950","windchapped",,"alisaraqon"
"1065951","windcheater",,"qevusupaen"
"1065952","windcheatered",,"alisaruti"
"1065953","windcheaters",,"qevusupaon"
"1065954","windchest",,"elusere"
"1065955","windchests",,"eluserin"
"1065956","windchill",,"quvosoo"
"1065957","windchilled",,"ilesirafon"
"1065958","windchills",,"quvosoet"
"1065959","windchime",,"quvosoot"
"1065960","windclothes",,"qevusijii"
"1065961","windcuffer",,"qivesuan"
"1065962","winddog",,"quvotun"
"1065963","winddown",,"ulosahie"
"1065964","winde",,"elusine"
"1065965","windeatt",,"elusiran"
"1065966","winded",,"qaviin"
"1065967","windedder",,"quvovuat"
"1065968","windeddest",,"qivevio"
"1065969","windeder",,"alisovu"
"1065970","windedest",,"ulosevon"
"1065971","windedly",,"elusivan"
"1065972","windedness",,"olasuvon"
"1065973","windednesss",,"olasuvufan"
"1065974","windel",,"quvoi"
"1065975","windelband",,"ilesazot"
"1065976","windelbands",,"ilesazuto"
"1065977","windell",,"ilesaea"
"1065978","windella",,"ulosezi"
"1065979","windellama",,"ilesazoa"
"1065980","winder",,"qevuat"
"1065981","windera",,"qovavet"
"1065982","windered",,"alisoqu"
"1065983","windering",,"alisoqon"
"1065984","windermere",,"ilesaqot"
"1065985","windermost",,"elusiqot"
"1065986","winders",,"qevuve"
"1065987","windesheimer",,"ilesawufi"
"1065988","windesheimers",,"ilesawufat"
"1065989","windest",,"qavivo"
"1065990","windeth",,"elusian"
"1065991","windex",,"qivee"
"1065992","windexed",,"olasulot"
"1065993","windexes",,"qovaveon"
"1065994","windexing",,"olasulan"
"1065995","windexs",,"qivevin"
"1065996","windeyer",,"qovavoon"
"1065997","windfall",,"qevulio"
"1065998","windfallen",,"ilesaret"
"1065999","windfalls",,"qevuliet"
"1066000","windfanner",,"uloseru"
"1066001","windfarm",,"ilesarot"
"1066002","windfarming",,"qevuliwee"
"1066003","windfirm",,"olasusan"
"1066004","windfish",,"ulosese"
"1066005","windfishes",,"ilesason"
"1066006","windflaw",,"elusize"
"1066007","windflaws",,"elusizin"
"1066008","windflower",,"qevulion"
"1066009","windflowers",,"qevulijean"
"1066010","windfola",,"alisohen"
"1066011","windfucker",,"elusidot"
"1066012","windful",,"elusiun"
"1066013","windgall",,"elusuru"
"1066014","windgalled",,"quvomea"
"1066015","windgalls",,"elusurot"
"1066016","windgap",,"qavimet"
"1066017","windgat",,"qivema"
"1066018","windgrass",,"quvomoot"
"1066019","windgun",,"quvome"
"1066020","windguns",,"quvomain"
"1066021","windgust",,"qevumoa"
"1066022","windham",,"qevunina"
"1066023","windhill",,"quvonia"
"1066024","windhoek",,"qovanoun"
"1066025","windhoeks",,"qovanou"
"1066026","windhold",,"qovanouna"
"1066027","windhole",,"olasehon"
"1066028","windhorst",,"quvonua"
"1066029","windhound",,"qavinaat"
"1066030","windhover",,"qovanoe"
"1066031","windhovers",,"qovanoin"
"1066032","windian",,"qaviret"
"1066033","windicator",,"alisaton"
"1066034","windie",,"elusonn"
"1066035","windier",,"qevuru"
"1066036","windies",,"eluseana"
"1066037","windiest",,"qavireon"
"1066038","windigo",,"alisaoa"
"1066039","windigoes",,"ulosunea"
"1066040","windigos",,"alisanet"
"1066041","windilier",,"alisazon"
"1066042","windiliest",,"ulosuzin"
"1066043","windill",,"ulosuan"
"1066044","windily",,"qovaran"
"1066045","windin",,"quvoat"
"1066046","windiness",,"qiveroon"
"1066047","windinesses",,"qovarepiot"
"1066048","winding",,"qaviri"
"1066049","windingly",,"elusefa"
"1066050","windingness",,"olasofojin"
"1066051","windingnesss",,"olasofoja"
"1066052","windings",,"qaviruat"
"1066053","windisch",,"qovareun"
"1066054","windish",,"qovarat"
"1066055","windjam",,"qaviset"
"1066056","windjammed",,"olasiran"
"1066057","windjammer",,"ilesuren"
"1066058","windjammers",,"ilesuruhon"
"1066059","windjamming",,"olasiriha"
"1066060","windjammings",,"olasirihen"
"1066061","windjams",,"qavisoi"
"1066062","windkanter",,"qivetai"
"1066063","windkessel",,"qovatiu"
"1066064","windlace",,"qavivoen"
"1066065","windlashed",,"qavivoat"
"1066066","windlass",,"qevuviot"
"1066067","windlassed",,"alisiren"
"1066068","windlasser",,"elusurin"
"1066069","windlasses",,"qavivoata"
"1066070","windlassing",,"alisirode"
"1066071","windle",,"quvoia"
"1066072","windled",,"ulosoena"
"1066073","windles",,"quvovat"
"1066074","windlesham",,"ulosozu"
"1066075","windless",,"quvovae"
"1066076","windlessly",,"alisizon"
"1066077","windlessness",,"elusuziden"
"1066078","windlessnesses",,"alisizodu"
"1066079","windlestrae",,"quvovabea"
"1066080","windlestraes",,"quvovabeen"
"1066081","windlestraw",,"qivevubaan"
"1066082","windlestraws",,"qivevubaun"
"1066083","windley",,"qevuvea"
"1066084","windlike",,"qivevoet"
"1066085","windlin",,"ileseina"
"1066086","windling",,"ulosose"
"1066087","windlings",,"ulososin"
"1066088","windload",,"ilesehu"
"1066089","windmeter",,"ilesozin"
"1066090","windmill",,"olasesan"
"1066091","windmilled",,"qavizue"
"1066092","windmiller",,"qevuzai"
"1066093","windmilling",,"qavizupuet"
"1066094","windmills",,"olasesun"
"1066095","windmilly",,"ulosisu"
"1066096","windock",,"ilesuea"
"1066097","windocks",,"ilesutin"
"1066098","windoid",,"qivefa"
"1066099","windoids",,"qivefoen"
"1066100","windolite",,"elusozin"
"1066101","windom",,"olasae"
"1066102","windoms",,"olasien"
"1066103","windon",,"qevue"
"1066104","windore",,"qivefot"
"1066105","windores",,"qivefeo"
"1066106","window",,"olasota"
"1066107","windowable",,"elusoku"
"1066108","windowbox",,"olasikon"
"1066109","windowdress",,"elusokubot"
"1066110","windowed",,"qavifien"
"1066111","windowedness",,"olasikepun"
"1066112","windowfr",,"ulosakat"
"1066113","windowframe",,"olasikebe"
"1066114","windowfront",,"ilesukoban"
"1066115","windowful",,"elusokot"
"1066116","windowglass",,"qovafareo"
"1066117","windowie",,"elusokun"
"1066118","windowin",,"quvofoin"
"1066119","windowing",,"qavifie"
"1066120","windowings",,"qavifiin"
"1066121","windowless",,"quvofoa"
"1066122","windowlessness",,"elusokefan"
"1066123","windowlet",,"ulosakata"
"1066124","windowlicker",,"ulosakuvo"
"1066125","windowlight",,"qevufupoe"
"1066126","windowlike",,"qivefeat"
"1066127","windowline",,"olasikun"
"1066128","windowmaker",,"quvofofien"
"1066129","windowmaking",,"qivefefoa"
"1066130","windowman",,"qivefeon"
"1066131","windowpa",,"quvofoe"
"1066132","windowpane",,"elusokin"
"1066133","windowpaned",,"qavificuun"
"1066134","windowpanes",,"elusokata"
"1066135","windowpaning",,"qavificuen"
"1066136","windowpeeper",,"qovafacaot"
"1066137","windows",,"olasio"
"1066138","windowscreen",,"ilesukazet"
"1066139","windowshade",,"olasikutat"
"1066140","windowshop",,"elusoko"
"1066141","windowshopped",,"elusokiti"
"1066142","windowshopping",,"elusokitot"
"1066143","windowshut",,"elusoka"
"1066144","windowsi",,"olasikona"
"1066145","windowsill",,"ulosakot"
"1066146","windowsills",,"ulosakevo"
"1066147","windowsole",,"qevufuet"
"1066148","windowss",,"olasiket"
"1066149","windowward",,"elusokua"
"1066150","windowwards",,"elusokotot"
"1066151","windowwise",,"ulosake"
"1066152","windowy",,"ulosaeta"
"1066153","windoze",,"quvofan"
"1066154","windozes",,"quvofaun"
"1066155","windpack",,"qivehao"
"1066156","windpants",,"qevuhio"
"1066157","windpipe",,"ulosesan"
"1066158","windpipes",,"ulosesuna"
"1066159","windplayer",,"quvoheot"
"1066160","windpost",,"alisoho"
"1066161","windpower",,"ilesahot"
"1066162","windpro",,"elusiata"
"1066163","windproof",,"quvohoo"
"1066164","windproofed",,"ilesaqecon"
"1066165","windproofer",,"uloseqoca"
"1066166","windproofest",,"ilesaqecat"
"1066167","windprooffer",,"qavihijoen"
"1066168","windprooffest",,"quvohojee"
"1066169","windproofing",,"ilesaqecin"
"1066170","windproofs",,"quvohoet"
"1066171","windpuff",,"qaviheat"
"1066172","windpuffs",,"qavihee"
"1066173","windpump",,"olasudon"
"1066174","windpunk",,"ulosedat"
"1066175","windradyne",,"qevucia"
"1066176","windred",,"elusaon"
"1066177","windring",,"elusasin"
"1066178","windroad",,"alisuhota"
"1066179","windrode",,"ilesohe"
"1066180","windroot",,"elusahe"
"1066181","windrose",,"qivecio"
"1066182","windroses",,"qiveciet"
"1066183","windross",,"quvocuu"
"1066184","windrow",,"qovaci"
"1066185","windrowed",,"elusahun"
"1066186","windrower",,"olasehona"
"1066187","windrowers",,"olasehan"
"1066188","windrowing",,"elusahen"
"1066189","windrows",,"qovacoat"
"1066190","windrush",,"olasedon"
"1066191","windrusher",,"qevucoet"
"1066192","winds",,"olasos"
"1066193","windsail",,"qevuqia"
"1066194","windsailor",,"ulosurin"
"1066195","windsails",,"qevuqien"
"1066196","windsat",,"qovaqon"
"1066197","windscale",,"qaviquon"
"1066198","windscales",,"qaviquan"
"1066199","windscoop",,"qovaqee"
"1066200","windscreen",,"ilesitot"
"1066201","windscreened",,"qevuqawuen"
"1066202","windscreening",,"qevuqawue"
"1066203","windscreens",,"ilesitufo"
"1066204","windses",,"elusei"
"1066205","windshadow",,"ilesiro"
"1066206","windshaft",,"quvoqoa"
"1066207","windshake",,"qevuquo"
"1066208","windshaken",,"ulosuru"
"1066209","windshakes",,"qevuquet"
"1066210","windshear",,"ilesirot"
"1066211","windshie",,"qevuqua"
"1066212","windshield",,"quvoqoo"
"1066213","windshielded",,"ilesirafona"
"1066214","windshielding",,"ilesirafin"
"1066215","windshields",,"quvoqotoet"
"1066216","windship",,"ulosuruna"
"1066217","windships",,"ulosurua"
"1066218","windshock",,"qiveqei"
"1066219","windslab",,"olasozena"
"1066220","windsled",,"ulosuzon"
"1066221","windsleds",,"ulosuzan"
"1066222","windsnap",,"olasofet"
"1066223","windsock",,"ilesihin"
"1066224","windsocks",,"ilesiha"
"1066225","windsome",,"elusehun"
"1066226","windsor",,"quvoqun"
"1066227","windsore",,"qiveqio"
"1066228","windsorite",,"ilesihen"
"1066229","windsors",,"quvoquu"
"1066230","windspeed",,"elusejat"
"1066231","windsplit",,"qevuqoet"
"1066232","windsprint",,"elusejo"
"1066233","windster",,"elusebat"
"1066234","windstor",,"ulosuban"
"1066235","windstorm",,"olasoban"
"1066236","windstorms",,"olasobun"
"1066237","windstream",,"alisabet"
"1066238","windstrength",,"quvoquwoan"
"1066239","windstrewn",,"qevuqeen"
"1066240","windsucker",,"quvoqaot"
"1066241","windsuckers",,"quvoqavoo"
"1066242","windsucking",,"qivequveu"
"1066243","windsuckings",,"qivequveot"
"1066244","windsurf",,"ilesidot"
"1066245","windsurfed",,"qevuqoen"
"1066246","windsurfer",,"qovaqiin"
"1066247","windsurfers",,"qovaqiwaa"
"1066248","windsurfing",,"qevuqowue"
"1066249","windsurfings",,"qevuqowuin"
"1066250","windsurfs",,"ilesido"
"1066251","windsway",,"ilesike"
"1066252","windswept",,"alisako"
"1066253","windswepter",,"quvoqopoa"
"1066254","windsweptest",,"qiveqepeat"
"1066255","windtalker",,"quvowea"
"1066256","windtalkers",,"quvowepoen"
"1066257","windthorst",,"ulosarin"
"1066258","windthorsts",,"ulosaroba"
"1066259","windthrow",,"qovawau"
"1066260","windthrown",,"aliseran"
"1066261","windthrows",,"qovawaot"
"1066262","windtight",,"qovaweot"
"1066263","windtunnel",,"ilesuden"
"1066264","winduh",,"qevuea"
"1066265","windup",,"qovaet"
"1066266","winduper",,"olasujen"
"1066267","windupest",,"elusijea"
"1066268","windupper",,"qivebuet"
"1066269","winduppest",,"qovabiu"
"1066270","windups",,"qovabi"
"1066271","windvocate",,"olasahon"
"1066272","windwalker",,"ilesoroa"
"1066273","windward",,"elusaran"
"1066274","windwarder",,"qavigoi"
"1066275","windwardest",,"quvogeweot"
"1066276","windwardly",,"qevugio"
"1066277","windwardmost",,"qavigowoin"
"1066278","windwardness",,"qovaguwuot"
"1066279","windwardnesss",,"qovaguwuo"
"1066280","windwards",,"elusaruna"
"1066281","windwatt",,"alisurot"
"1066282","windway",,"ilesoat"
"1066283","windways",,"ilesore"
"1066284","windwayward",,"olaserami"
"1066285","windwaywardly",,"qovagunoa"
"1066286","windwheel",,"olaserona"
"1066287","windwise",,"ulosisia"
"1066288","windworn",,"alisuho"
"1066289","windy",,"ulosai"
"1066290","windyville",,"qivelaan"
"1066291","windyvilles",,"qivelatoun"
"1066292","windz",,"qivem"
"1066293","windzer",,"ilesaat"
"1066294","wine",,"qevae"
"1066295","winearita",,"qivoneet"
"1066296","winebag",,"ulotiet"
"1066297","wineball",,"alitura"
"1066298","winebar",,"qivorin"
"1066299","winebarger",,"ulotirun"
"1066300","winebaum",,"aliturot"
"1066301","wineberries",,"elutazobot"
"1066302","wineberry",,"ulotizia"
"1066303","wineberryes",,"iletozuba"
"1066304","wineberrys",,"ulotizata"
"1066305","winebibb",,"iletose"
"1066306","winebibber",,"qovereun"
"1066307","winebibbers",,"qoveretou"
"1066308","winebibbery",,"quvirituot"
"1066309","winebibbing",,"qevaratean"
"1066310","winebibbings",,"qevarateun"
"1066311","wineblue",,"qivoraa"
"1066312","winebottle",,"qavuraat"
"1066313","winebottleful",,"quvirudeat"
"1066314","winebox",,"qevare"
"1066315","winebrenner",,"elutaqajot"
"1066316","winebrennerian",,"quviropaat"
"1066317","winebrennerians",,"quviropae"
"1066318","wineconner",,"iletiho"
"1066319","winecup",,"olatoaa"
"1066320","wined",,"elutora"
"1066321","winedark",,"qevatiin"
"1066322","winedraf",,"ulotaqi"
"1066323","winedrunk",,"olatiqi"
"1066324","winefat",,"qivola"
"1066325","wineful",,"qavulon"
"1066326","winefully",,"elutidot"
"1066327","winegar",,"ulotoona"
"1066328","winegardner",,"qavumowoe"
"1066329","wineglas",,"olatazon"
"1066330","wineglass",,"olatazan"
"1066331","wineglasses",,"elutuzedo"
"1066332","wineglassful",,"elutuzedan"
"1066333","wineglassfuls",,"elutuzedun"
"1066334","winegrape",,"quvimoin"
"1066335","winegrove",,"qovemae"
"1066336","winegrower",,"qovemain"
"1066337","winegrowers",,"qovemajoa"
"1066338","winegrowing",,"qevamujee"
"1066339","winegrowings",,"qevamujein"
"1066340","winehall",,"aliturena"
"1066341","winehouse",,"olatehi"
"1066342","wineier",,"eluteana"
"1066343","wineiest",,"alitaza"
"1066344","wineinger",,"quviria"
"1066345","wineland",,"ileteru"
"1066346","winelands",,"ileterot"
"1066347","wineless",,"ulotozi"
"1066348","winelessness",,"qavuvebein"
"1066349","winelike",,"iletesot"
"1066350","winelist",,"quviviin"
"1066351","winelore",,"qevaveot"
"1066352","winemake",,"qivozao"
"1066353","winemaker",,"ulotirat"
"1066354","winemakers",,"ulotire"
"1066355","winemaking",,"iletoria"
"1066356","winemakings",,"iletorovat"
"1066357","wineman",,"iletoea"
"1066358","winemast",,"alituraa"
"1066359","winemaster",,"quvizeot"
"1066360","winemay",,"qovezon"
"1066361","winemerchant",,"qoveziwio"
"1066362","winemiller",,"elutaso"
"1066363","winemonger",,"quvizuen"
"1066364","wineology",,"olatizat"
"1066365","winepot",,"quvihun"
"1066366","winepres",,"qovehaan"
"1066367","winepress",,"qovehaun"
"1066368","winepresser",,"olatuqedat"
"1066369","winepresses",,"qevahupoet"
"1066370","winer",,"olatero"
"1066371","winerack",,"olateren"
"1066372","wineries",,"elutasun"
"1066373","winerman",,"qivoceen"
"1066374","winers",,"olatotn"
"1066375","winery",,"ulotone"
"1066376","winerys",,"ulotieta"
"1066377","wines",,"qevaq"
"1066378","winesap",,"ulotuet"
"1066379","winesaps",,"uloturi"
"1066380","winesburg",,"qoveqae"
"1066381","winesburgs",,"qoveqain"
"1066382","winese",,"qavuot"
"1066383","wineshop",,"qavuqian"
"1066384","wineshops",,"qavuqiun"
"1066385","wineskin",,"iletiva"
"1066386","wineskins",,"iletiven"
"1066387","winesop",,"alitaota"
"1066388","winesops",,"alitahoa"
"1066389","winespeak",,"olatojon"
"1066390","winetaster",,"elutorua"
"1066391","winetasting",,"aliterogun"
"1066392","winetastings",,"aliterogu"
"1066393","winetini",,"qivowoon"
"1066394","winetree",,"quviwoat"
"1066395","winetrough",,"ulotaqot"
"1066396","winevat",,"qavudo"
"1066397","wineware",,"aliturin"
"1066398","winey",,"qivol"
"1066399","wineyard",,"quvileat"
"1066400","wineyness",,"alitefo"
"1066401","winfall",,"olakaona"
"1066402","winfalls",,"olakazan"
"1066403","winfarthing",,"ulokoqoton"
"1066404","winfield",,"elukezu"
"1066405","winford",,"elukoun"
"1066406","winforms",,"quvifoa"
"1066407","winforum",,"qivofei"
"1066408","winfred",,"ilekoe"
"1066409","winfreds",,"ilekozin"
"1066410","winfree",,"qoveci"
"1066411","winfrey",,"qavucet"
"1066412","winfreys",,"qavucei"
"1066413","winfrid",,"ulokian"
"1066414","winfrith",,"quvicio"
"1066415","winful",,"qevain"
"1066416","wing",,"qivin"
"1066417","wingable",,"qovonaat"
"1066418","wingadee",,"olalavo"
"1066419","wingan",,"olaloe"
"1066420","wingard",,"quvunun"
"1066421","wingaroo",,"uloloqun"
"1066422","wingate",,"ileleea"
"1066423","wingatui",,"ileleba"
"1066424","wingback",,"uloliran"
"1066425","wingbacked",,"qovorue"
"1066426","wingbacks",,"uloliruna"
"1066427","wingbar",,"qavaret"
"1066428","wingbase",,"uloliri"
"1066429","wingbeat",,"qiviruo"
"1066430","wingbeats",,"qiviruet"
"1066431","wingbow",,"uloliia"
"1066432","wingbows",,"ulolihat"
"1066433","wingbox",,"qiviro"
"1066434","wingbud",,"qovori"
"1066435","wingcase",,"qivisao"
"1066436","wingceltis",,"qavaseu"
"1066437","wingchair",,"qavasie"
"1066438","wingchairs",,"qavasiin"
"1066439","wingco",,"qavaen"
"1066440","wingcuck",,"qevesoa"
"1066441","wingcucks",,"qevesoen"
"1066442","wingcut",,"olaloen"
"1066443","wingd",,"ileluo"
"1066444","wingdale",,"qevetiot"
"1066445","wingdales",,"qevetio"
"1066446","wingding",,"qevetaet"
"1066447","wingdinger",,"elulosen"
"1066448","wingdings",,"qevetai"
"1066449","wingdog",,"eluloea"
"1066450","wingdom",,"ileluin"
"1066451","winge",,"qovova"
"1066452","wingecarribee",,"ilelatibi"
"1066453","winged",,"olalot"
"1066454","wingedly",,"qovovoat"
"1066455","wingedness",,"qivivii"
"1066456","wingednesss",,"qiviviheat"
"1066457","wingeel",,"aliloot"
"1066458","wingeing",,"elulisot"
"1066459","wingello",,"qevevien"
"1066460","wingen",,"alilin"
"1066461","winger",,"ilelune"
"1066462","wingers",,"ilelau"
"1066463","wingert",,"qovovan"
"1066464","wingerter",,"olaluqi"
"1066465","wingerworth",,"qivivelau"
"1066466","winges",,"qovoona"
"1066467","winget",,"olalae"
"1066468","wingette",,"qavavaona"
"1066469","wingfic",,"aliloen"
"1066470","wingfield",,"olalusun"
"1066471","wingfish",,"qavaluua"
"1066472","wingfishes",,"quvulii"
"1066473","wingflap",,"elulizot"
"1066474","wingfoot",,"qivilian"
"1066475","wingform",,"qavalae"
"1066476","winggirl",,"qivimoat"
"1066477","wingham",,"ileloot"
"1066478","winghanded",,"qavanoun"
"1066479","winghead",,"qivinuen"
"1066480","winghold",,"ulolihee"
"1066481","wingier",,"ileliine"
"1066482","wingiest",,"olalozi"
"1066483","wingina",,"olaloon"
"1066484","winginas",,"olalofan"
"1066485","winging",,"olaloan"
"1066486","wingish",,"uloluuna"
"1066487","wingism",,"qeveroa"
"1066488","wingist",,"ileliote"
"1066489","wingle",,"elulana"
"1066490","wingler",,"qevevot"
"1066491","wingles",,"eluluun"
"1066492","wingless",,"eluluzu"
"1066493","winglesse",,"alilizeta"
"1066494","winglessly",,"qevevoi"
"1066495","winglessness",,"qovovibiet"
"1066496","winglessnesses",,"qevevoboin"
"1066497","winglessnesss",,"qovovibii"
"1066498","winglet",,"qavavon"
"1066499","winglets",,"qavavean"
"1066500","winglike",,"alilison"
"1066501","wingliker",,"qavavuu"
"1066502","winglikest",,"quvuvion"
"1066503","wingloading",,"ilelehipun"
"1066504","wingman",,"aliluo"
"1066505","wingmanned",,"elulara"
"1066506","wingmanning",,"elularijat"
"1066507","wingmans",,"aliluret"
"1066508","wingmanship",,"olalerudo"
"1066509","wingmate",,"elularea"
"1066510","wingmen",,"ileloin"
"1066511","wingnut",,"quvupu"
"1066512","wingnutosphere",,"olalodacon"
"1066513","wingnuts",,"quvupaot"
"1066514","wingnuttery",,"qavapedoin"
"1066515","wingnutty",,"eluledot"
"1066516","wingo",,"qavaf"
"1066517","wingolfi",,"qavafou"
"1066518","wingos",,"qavaeta"
"1066519","wingover",,"qivifaet"
"1066520","wingovers",,"qivifai"
"1066521","wingpad",,"qavahet"
"1066522","wingpiece",,"ilelasaa"
"1066523","wingpit",,"quvuhin"
"1066524","wingplay",,"qevehio"
"1066525","wingpost",,"qeveheen"
"1066526","wingrave",,"qovocuat"
"1066527","wingrove",,"qiviciet"
"1066528","wings",,"qiviqa"
"1066529","wingsail",,"ileliro"
"1066530","wingseed",,"elulezat"
"1066531","wingshooting",,"elulerucu"
"1066532","wingspan",,"qiviquon"
"1066533","wingspans",,"qiviquan"
"1066534","wingspot",,"qeveqoen"
"1066535","wingspread",,"alilajon"
"1066536","wingspreads",,"alilajefan"
"1066537","wingstem",,"alilaben"
"1066538","wingstems",,"alilabon"
"1066539","wingstroke",,"qiviqiun"
"1066540","wingsuit",,"olalodan"
"1066541","wingsuited",,"qavaqee"
"1066542","wingsuiter",,"qeveqoi"
"1066543","wingsuits",,"olalodun"
"1066544","wingtai",,"ulolaan"
"1066545","wingtip",,"quvuwin"
"1066546","wingtips",,"quvuwia"
"1066547","wingville",,"ileleset"
"1066548","wingwalker",,"quvugeen"
"1066549","wingwall",,"quvugeot"
"1066550","wingwang",,"elularin"
"1066551","wingwoman",,"aliluhi"
"1066552","wingy",,"qaval"
"1066553","winham",,"olamoru"
"1066554","winhead",,"qovivon"
"1066555","winhelp",,"olamueta"
"1066556","winhester",,"elumiwu"
"1066557","winhex",,"quvaan"
"1066558","wini",,"qovuu"
"1066559","winiama",,"qovunan"
"1066560","winiarski",,"ileneqet"
"1066561","winick",,"qeviu"
"1066562","winiecki",,"qavovuan"
"1066563","winier",,"olanara"
"1066564","winiest",,"eluniati"
"1066565","winifiel",,"qevilaet"
"1066566","winifield",,"elunisa"
"1066567","winifred",,"ilenaqot"
"1066568","winifrede",,"olanuqi"
"1066569","winifredes",,"olanuqat"
"1066570","winifreds",,"ilenaqo"
"1066571","winigan",,"olanaon"
"1066572","winigans",,"olanaran"
"1066573","winika",,"qovuia"
"1066574","winikka",,"qevita"
"1066575","winily",,"ilenea"
"1066576","wininess",,"ulonuzata"
"1066577","wining",,"elununs"
"1066578","wininger",,"qavopoat"
"1066579","winings",,"eluneu"
"1066580","winish",,"ilenut"
"1066581","winiwarter",,"elunarota"
"1066582","winjallok",,"eluruzo"
"1066583","winjs",,"olaroe"
"1066584","wink",,"qevao"
"1066585","winkburn",,"ulosidata"
"1066586","winked",,"aliseo"
"1066587","winkel",,"ulosete"
"1066588","winkelman",,"qavuvoun"
"1066589","winkelmann",,"ilesazon"
"1066590","winkelmans",,"qavuvou"
"1066591","winkelried",,"ilesazen"
"1066592","winkelrieds",,"ilesazuvon"
"1066593","winkels",,"uloseie"
"1066594","winken",,"ilesune"
"1066595","winker",,"elusini"
"1066596","winkered",,"quvivoun"
"1066597","winkers",,"elusiate"
"1066598","winketh",,"qavuvon"
"1066599","winkey",,"qoveeta"
"1066600","winkeys",,"qovevi"
"1066601","winkfest",,"qevaloo"
"1066602","winkfield",,"alisosi"
"1066603","winkhill",,"ulosisin"
"1066604","winkie",,"qavuen"
"1066605","winkin",,"ulosie"
"1066606","winkiness",,"ilesifen"
"1066607","winking",,"alisaet"
"1066608","winkingly",,"qavuruin"
"1066609","winkings",,"alisafi"
"1066610","winkle",,"uloseti"
"1066611","winklebag",,"qevavoen"
"1066612","winklebury",,"elusuzote"
"1066613","winkled",,"qivova"
"1066614","winklehawk",,"qovevia"
"1066615","winklehawks",,"qoveviseen"
"1066616","winklehole",,"ulosozot"
"1066617","winkleigh",,"qavuvein"
"1066618","winkleish",,"quvivaen"
"1066619","winkleman",,"qavuveun"
"1066620","winklepicker",,"ulosoziven"
"1066621","winkler",,"quvive"
"1066622","winklers",,"quvivain"
"1066623","winkles",,"ulosoia"
"1066624","winklesque",,"ilesezena"
"1066625","winkless",,"ulosozat"
"1066626","winklet",,"qivovo"
"1066627","winklevoss",,"quvivaena"
"1066628","winkley",,"elusuata"
"1066629","winkling",,"qivovoat"
"1066630","winklot",,"qevava"
"1066631","winks",,"qevaqa"
"1066632","winksome",,"qavuqaan"
"1066633","winkt",,"elusoti"
"1066634","winkton",,"qavuwi"
"1066635","winkworth",,"olasehun"
"1066636","winky",,"qivole"
"1066637","winland",,"ulotoone"
"1066638","winlaton",,"elutubu"
"1066639","winless",,"alitoot"
"1066640","winlessness",,"qevevaboi"
"1066641","winlestrae",,"alitowet"
"1066642","winlestraes",,"alitowibi"
"1066643","winlock",,"olatiet"
"1066644","winlocks",,"olatiti"
"1066645","winly",,"iletune"
"1066646","winmalee",,"ilevezu"
"1066647","winmarleigh",,"eluvuqefi"
"1066648","winme",,"quvava"
"1066649","winmo",,"qovif"
"1066650","winmodem",,"ulovavan"
"1066651","winmox",,"alivina"
"1066652","winn",,"alizna"
"1066653","winna",,"eluzuu"
"1066654","winnabilities",,"qivanetoo"
"1066655","winnability",,"qevinutaat"
"1066656","winnable",,"ulozosi"
"1066657","winnabow",,"qevinuot"
"1066658","winnabows",,"qevinuo"
"1066659","winnage",,"eluzuat"
"1066660","winnages",,"eluzune"
"1066661","winnah",,"qeviua"
"1066662","winnaleah",,"alizizet"
"1066663","winnambool",,"olazape"
"1066664","winnap",,"qovuona"
"1066665","winnard",,"eluzuan"
"1066666","winnards",,"eluzuqun"
"1066667","winne",,"ulozei"
"1066668","winnebago",,"qivaveon"
"1066669","winnebagoes",,"qovuvaseot"
"1066670","winnebagos",,"qivavean"
"1066671","winneconne",,"alizoton"
"1066672","winneconnes",,"alizotijan"
"1066673","winnecowet",,"qovuvee"
"1066674","winnecowets",,"qovuvejoin"
"1066675","winned",,"qivau"
"1066676","winnel",,"qovuone"
"1066677","winnelstrae",,"qovuvubuot"
"1066678","winnemucca",,"olazupi"
"1066679","winnemuccas",,"olazupezat"
"1066680","winnepesaukee",,"qevivopoan"
"1066681","winnepesaukees",,"qevivopoun"
"1066682","winner",,"quvean"
"1066683","winnerhood",,"qivaveat"
"1066684","winnerless",,"olazuqat"
"1066685","winners",,"quvevun"
"1066686","winnersh",,"alizoqen"
"1066687","winnership",,"qevivuan"
"1066688","winneshiek",,"qovuvea"
"1066689","winnest",,"qivava"
"1066690","winnet",,"qivain"
"1066691","winneth",,"ulozeia"
"1066692","winnetka",,"qivavien"
"1066693","winnetkan",,"eluzibin"
"1066694","winnetkas",,"qivavion"
"1066695","winnetoon",,"alizobon"
"1066696","winnetoons",,"alizoban"
"1066697","winnett",,"ilezae"
"1066698","winnetts",,"ilezabin"
"1066699","winney",,"eluzon"
"1066700","winnfield",,"qivaloan"
"1066701","winnfields",,"qivaloun"
"1066702","winni",,"alizan"
"1066703","winnick",,"ulozuana"
"1066704","winnicott",,"eluzetot"
"1066705","winnicottian",,"quverijeat"
"1066706","winnie",,"ulozet"
"1066707","winnies",,"ulozuia"
"1066708","winnifre",,"eluzemin"
"1066709","winnifred",,"qavoreun"
"1066710","winnik",,"ulozii"
"1066711","winnin",,"qovuana"
"1066712","winnindoo",,"eluzefa"
"1066713","winning",,"qivaron"
"1066714","winninger",,"ilezifet"
"1066715","winningest",,"olazofu"
"1066716","winningham",,"ilezifat"
"1066717","winningl",,"olazofun"
"1066718","winninglier",,"qevirarau"
"1066719","winningliest",,"qavoruruon"
"1066720","winningly",,"ulozufot"
"1066721","winningness",,"alizafaju"
"1066722","winningnesses",,"ulozufuji"
"1066723","winningnesss",,"alizafajot"
"1066724","winnings",,"qivaroan"
"1066725","winnington",,"qovureet"
"1066726","winninish",,"ilezifi"
"1066727","winnipeg",,"qeviroen"
"1066728","winnipegger",,"olazojesot"
"1066729","winnipeggers",,"olazojeso"
"1066730","winnipegian",,"alizajusu"
"1066731","winnipegish",,"olazojesoa"
"1066732","winnipegonian",,"quverapiin"
"1066733","winnipegosis",,"qivarupoo"
"1066734","winnipegs",,"qeviroon"
"1066735","winnipes",,"qavorean"
"1066736","winnipesaukee",,"qovuripiet"
"1066737","winnipesaukees",,"qovuripii"
"1066738","winnisquam",,"ulozuwot"
"1066739","winnisquams",,"ulozuwuko"
"1066740","winnister",,"ulozuwe"
"1066741","winnitud",,"ilezibot"
"1066742","winnitude",,"olazobi"
"1066743","winnitudes",,"olazobat"
"1066744","winnle",,"qovuoni"
"1066745","winnles",,"qovuvan"
"1066746","winnock",,"eluzoun"
"1066747","winnocks",,"eluzotu"
"1066748","winnonish",,"alizefat"
"1066749","winnow",,"alizin"
"1066750","winnowed",,"qivafeo"
"1066751","winnower",,"quvefou"
"1066752","winnowers",,"quvefoot"
"1066753","winnowest",,"qivafeon"
"1066754","winnowet",,"qivafeen"
"1066755","winnoweth",,"ulozake"
"1066756","winnowil",,"qivafei"
"1066757","winnowing",,"qivafeun"
"1066758","winnowingly",,"ulozakejet"
"1066759","winnowings",,"qivafeu"
"1066760","winnows",,"alizeaa"
"1066761","winns",,"alizas"
"1066762","winnsboro",,"alizason"
"1066763","winnsboros",,"alizasan"
"1066764","winnt",,"quvew"
"1066765","winny",,"olaziu"
"1066766","wino",,"quvoe"
"1066767","winocur",,"ulopuon"
"1066768","winoes",,"qivein"
"1066769","winograd",,"qevumua"
"1066770","winogradsky",,"qovamasuo"
"1066771","winokur",,"ilepain"
"1066772","winola",,"ulopeta"
"1066773","winona",,"ilepuna"
"1066774","winonah",,"qivepen"
"1066775","winooski",,"qavifuun"
"1066776","winooskis",,"qavifuu"
"1066777","winos",,"quvoq"
"1066778","winou",,"qiveb"
"1066779","winouj",,"ilepeu"
"1066780","winpc",,"ulofua"
"1066781","winpe",,"ilefa"
"1066782","winpepi",,"quvivea"
"1066783","winquist",,"olahusi"
"1066784","winrace",,"ilejeat"
"1066785","winrate",,"qovinon"
"1066786","winrow",,"ilejuna"
"1066787","winrt",,"qoviwa"
"1066788","wins",,"qovun"
"1066789","winsatan",,"qevineot"
"1066790","winsberg",,"qivaruen"
"1066791","winscales",,"elucere"
"1066792","winscombe",,"olacohon"
"1066793","winscp",,"ulocene"
"1066794","winser",,"olacote"
"1066795","winsett",,"qavoven"
"1066796","winsey",,"qivaua"
"1066797","winseys",,"qivavot"
"1066798","winsford",,"elucihu"
"1066799","winsham",,"olaceeta"
"1066800","winshell",,"ulocizun"
"1066801","winship",,"quvenin"
"1066802","winside",,"elucean"
"1066803","winsides",,"elucevun"
"1066804","winslet",,"quvevuna"
"1066805","winslett",,"ulocozan"
"1066806","winsley",,"olacao"
"1066807","winslow",,"elucuun"
"1066808","winsock",,"qivafo"
"1066809","winsome",,"qevifin"
"1066810","winsomely",,"olacipan"
"1066811","winsomeness",,"ilecupojon"
"1066812","winsomenesses",,"olacipejot"
"1066813","winsomer",,"olacipon"
"1066814","winsomes",,"qevifua"
"1066815","winsomest",,"elucopin"
"1066816","winson",,"olacoa"
"1066817","winsor",,"alicina"
"1066818","winsorisation",,"aliceqodo"
"1066819","winsorise",,"ulocaqe"
"1066820","winsorised",,"qivafean"
"1066821","winsorising",,"qivafetua"
"1066822","winsorization",,"qevifutuot"
"1066823","winsorize",,"qavofiat"
"1066824","winsorized",,"aliceqone"
"1066825","winsorizes",,"qavofie"
"1066826","winsorizing",,"aliceqosin"
"1066827","winspy",,"elucii"
"1066828","winstanley",,"alicerona"
"1066829","winstanleyite",,"qivawahoin"
"1066830","winstead",,"qeviwou"
"1066831","winsted",,"qavowo"
"1066832","winsteds",,"qavoweet"
"1066833","winstein",,"qivawuet"
"1066834","winster",,"qeviwu"
"1066835","winston",,"qeviwot"
"1066836","winstone",,"qavowai"
"1066837","winstonian",,"alicehat"
"1066838","winstonn",,"ulocahun"
"1066839","winstons",,"qeviweo"
"1066840","winstonville",,"elucohilan"
"1066841","winstonvilles",,"elucohilun"
"1066842","winstrol",,"ilecuqa"
"1066843","winstub",,"qeviwua"
"1066844","wint",,"olaqra"
"1066845","wintard",,"ileqeuna"
"1066846","wintel",,"quvoan"
"1066847","wintels",,"quvovun"
"1066848","winter",,"qevuun"
"1066849","wintera",,"qovavon"
"1066850","winteraceae",,"qevuvusoa"
"1066851","winteraceaes",,"qevuvusoen"
"1066852","winteraceous",,"qovavasiot"
"1066853","winterae",,"qevuvuu"
"1066854","winterage",,"qovavaun"
"1066855","winterana",,"eluqiqea"
"1066856","winteranaceae",,"aliqoqaji"
"1066857","winteranaceaes",,"aliqoqajat"
"1066858","winteras",,"qovavaan"
"1066859","winterball",,"aliqoqon"
"1066860","winterberries",,"eluqiqofet"
"1066861","winterberry",,"uloqeqafe"
"1066862","winterberrys",,"uloqeqafin"
"1066863","winterbloom",,"qovavateo"
"1066864","winterborne",,"eluqiqoca"
"1066865","winterbotham",,"ileqaqucan"
"1066866","winterbottom",,"ileqaqucana"
"1066867","winterbottoms",,"ileqaqucun"
"1066868","winterbound",,"aliqoqeci"
"1066869","winterbourn",,"eluqiqoco"
"1066870","winterbourne",,"aliqoqecat"
"1066871","winterbournes",,"aliqoqece"
"1066872","winterburn",,"uloqeqe"
"1066873","wintercreeper",,"eluqiqibo"
"1066874","wintercress",,"eluqiqibot"
"1066875","wintercresses",,"aliqoqobat"
"1066876","winterdress",,"qavivizaun"
"1066877","winterdyke",,"eluqiqu"
"1066878","winterdykes",,"eluqiqurot"
"1066879","wintered",,"aliqoqin"
"1066880","winterer",,"eluqiqat"
"1066881","winterers",,"eluqiqee"
"1066882","winterest",,"aliqoqo"
"1066883","winterfat",,"qiveveon"
"1066884","winterfed",,"qevuvua"
"1066885","winterfeed",,"qavivian"
"1066886","winterfeeding",,"uloqeqifet"
"1066887","winterfeeds",,"qaviviniun"
"1066888","winterfest",,"qevuvuet"
"1066889","winterffed",,"ileqaqen"
"1066890","winterful",,"qaviviun"
"1066891","wintergarden",,"aliqoqatat"
"1066892","wintergewitter",,"ileqaqife"
"1066893","wintergrass",,"uloqequbot"
"1066894","wintergreen",,"qiveveriat"
"1066895","wintergreens",,"qiveverie"
"1066896","winterhain",,"qaviviu"
"1066897","winterhardiness",,"quvovosiu"
"1066898","winterhardy",,"aliqoqeti"
"1066899","winterhaven",,"ileqaqutet"
"1066900","winterho",,"uloqeqat"
"1066901","winterhouse",,"olaquqice"
"1066902","winteri",,"qevuvin"
"1066903","winterier",,"eluqiqua"
"1066904","winteriest",,"aliqoqona"
"1066905","winterim",,"quvovoin"
"1066906","winterin",,"uloqeqata"
"1066907","winteriness",,"ileqaqajon"
"1066908","winterinesses",,"olaququjot"
"1066909","wintering",,"aliqoqia"
"1066910","winteringham",,"quvovotaun"
"1066911","winterisation",,"qevuvutoin"
"1066912","winterisations",,"qevuvutoa"
"1066913","winterise",,"qaviviana"
"1066914","winterised",,"aliqoqet"
"1066915","winterises",,"qaviviuna"
"1066916","winterish",,"olaquqata"
"1066917","winterishly",,"qovavatien"
"1066918","winterishness",,"qivevetua"
"1066919","winterising",,"aliqoqodu"
"1066920","winterization",,"ileqaqase"
"1066921","winterizations",,"ileqaqasin"
"1066922","winterize",,"olaquqona"
"1066923","winterized",,"qevuvuo"
"1066924","winterizer",,"qovavau"
"1066925","winterizes",,"olaquqan"
"1066926","winterizing",,"qevuvutuun"
"1066927","winterkartoffelkn",,"qavivizua"
"1066928","winterkill",,"qovavao"
"1066929","winterkilled",,"eluqiqavon"
"1066930","winterkilling",,"eluqiqavin"
"1066931","winterkillings",,"eluqiqava"
"1066932","winterkills",,"qovavaziet"
"1066933","winterkorn",,"qaviviua"
"1066934","winterland",,"ileqaqoa"
"1066935","winterless",,"uloqeqea"
"1066936","winterlessness",,"qavivipien"
"1066937","winterlike",,"ileqaqet"
"1066938","winterliness",,"qevuvupoun"
"1066939","winterlinesses",,"qavivipeet"
"1066940","winterling",,"qivevee"
"1066941","winterlong",,"qaviviin"
"1066942","winterly",,"olaquqeta"
"1066943","wintermute",,"olaquqana"
"1066944","winternitz",,"aliqoqie"
"1066945","winternship",,"eluqiqidon"
"1066946","winterover",,"qevuvuen"
"1066947","winterowd",,"eluqiqei"
"1066948","winterpea",,"ileqaqin"
"1066949","winterpeg",,"ileqaqaa"
"1066950","winterport",,"aliqoqii"
"1066951","winterports",,"aliqoqucat"
"1066952","winterproof",,"uloqeqibo"
"1066953","winterproofed",,"qovavacoon"
"1066954","winterproofing",,"qovavacoin"
"1066955","winterproofs",,"uloqeqibet"
"1066956","winterreise",,"aliqoqefi"
"1066957","winterreises",,"aliqoqefat"
"1066958","winterrest",,"qaviviat"
"1066959","winterrowd",,"qevuvuena"
"1066960","winters",,"qevuvu"
"1066961","winterscape",,"ileqaqazo"
"1066962","winterset",,"aliqoqoa"
"1066963","wintersets",,"aliqoqeta"
"1066964","wintersm",,"quvovou"
"1066965","wintersome",,"qaviviune"
"1066966","winterson",,"eluqiqin"
"1066967","wintersons",,"eluqiqa"
"1066968","wintersports",,"aliqoqoqe"
"1066969","winterss",,"qevuvuot"
"1066970","wintersteen",,"qevuvubiet"
"1066971","winterstein",,"qovavabua"
"1066972","wintersteiner",,"olaququgot"
"1066973","wintersville",,"eluqiqilon"
"1066974","wintersvilles",,"eluqiqilan"
"1066975","wintersweet",,"olaququman"
"1066976","winterswijk",,"ileqaqaman"
"1066977","winterthur",,"eluqiqaa"
"1066978","winterthurs",,"eluqiquten"
"1066979","winterti",,"eluqiqeo"
"1066980","wintertide",,"quvovoot"
"1066981","wintertides",,"quvovodao"
"1066982","wintertime",,"ileqaqena"
"1066983","wintertimes",,"ileqaqevon"
"1066984","winterton",,"qaviviata"
"1066985","winterval",,"quvovoina"
"1066986","winterville",,"eluqiqeven"
"1066987","wintervilles",,"eluqiqevon"
"1066988","winterward",,"qaviviane"
"1066989","winterwards",,"qaviviluun"
"1066990","winterwear",,"aliqoqene"
"1066991","winterweed",,"olaquqete"
"1066992","winterweight",,"quvovoloan"
"1066993","winterwo",,"qevuvuota"
"1066994","wintery",,"qivevota"
"1066995","winther",,"olaqeen"
"1066996","winthorpe",,"qavinaun"
"1066997","winthrop",,"qevunuen"
"1066998","winthrops",,"qevunuon"
"1066999","wintle",,"quvoana"
"1067000","wintled",,"uloqoet"
"1067001","wintler",,"aliqiota"
"1067002","wintles",,"quvovuna"
"1067003","wintling",,"uloqosu"
"1067004","wintney",,"qavipen"
"1067005","winton",,"qevuu"
"1067006","wintonian",,"aliqefi"
"1067007","wintons",,"qevufot"
"1067008","wintoon",,"qivefen"
"1067009","wintor",,"quvoata"
"1067010","wintory",,"qevufin"
"1067011","wintour",,"qivefo"
"1067012","wintrier",,"olaqeson"
"1067013","wintriest",,"eluqasin"
"1067014","wintrified",,"qovacea"
"1067015","wintrify",,"eluqasina"
"1067016","wintrily",,"ileqosa"
"1067017","wintriness",,"uloqisin"
"1067018","wintrinesses",,"ileqosafan"
"1067019","wintringham",,"qavicuhuen"
"1067020","wintrish",,"ileqosoa"
"1067021","wintrode",,"ileqohu"
"1067022","wintroll",,"qevuceen"
"1067023","wintrous",,"qivecieta"
"1067024","wintry",,"quvoane"
"1067025","wintu",,"eluqit"
"1067026","wintuan",,"quvobun"
"1067027","wintun",,"qiveot"
"1067028","wintuns",,"qivebo"
"1067029","wintus",,"eluqis"
"1067030","wintz",,"qiveme"
"1067031","winvick",,"alibaa"
"1067032","winvnc",,"qiviine"
"1067033","winwaloe",,"eluduzun"
"1067034","winward",,"qevone"
"1067035","winwick",,"quvare"
"1067036","winwood",,"ulodaon"
"1067037","winx",,"alige"
"1067038","winxer",,"quvei"
"1067039","winxp",,"qevih"
"1067040","winy",,"quvoo"
"1067041","winyah",,"elukia"
"1067042","winz",,"ulolt"
"1067043","winze",,"ilelae"
"1067044","winzeman",,"quvivoe"
"1067045","winzemen",,"qovevaan"
"1067046","winzer",,"qivou"
"1067047","winzes",,"ilelane"
"1067048","winzler",,"olalaoa"
"1067049","wion",,"quzei"
"1067050","wiota",,"qozan"
"1067051","wiotas",,"qozaet"
"1067052","wipable",,"qaparo"
"1067053","wipe",,"qapue"
"1067054","wipeability",,"olotasufe"
"1067055","wipeable",,"qupinoat"
"1067056","wipebreech",,"alatuqo"
"1067057","wiped",,"alateno"
"1067058","wipedown",,"qopetoan"
"1067059","wipeoff",,"qapufi"
"1067060","wipeout",,"eletoan"
"1067061","wipeouts",,"eletodun"
"1067062","wiper",,"eletare"
"1067063","wiperless",,"qipocaet"
"1067064","wipers",,"eletona"
"1067065","wipes",,"qapuq"
"1067066","wipest",,"alatenu"
"1067067","wipeth",,"qapuo"
"1067068","wipette",,"qipowin"
"1067069","wipey",,"qopel"
"1067070","wipf",,"ilikni"
"1067071","wiphala",,"qopinan"
"1067072","wiping",,"alanas"
"1067073","wipings",,"alanaen"
"1067074","wipipo",,"alanota"
"1067075","wipo",,"qipe"
"1067076","wipp",,"ilifu"
"1067077","wippen",,"qupian"
"1067078","wippens",,"qupivun"
"1067079","wipro",,"ulujai"
"1067080","wips",,"qepie"
"1067081","wipstock",,"olocihon"
"1067082","wira",,"qehei"
"1067083","wirable",,"quhuran"
"1067084","wiradhari",,"ilamura"
"1067085","wiradhuri",,"elimorin"
"1067086","wiradhurri",,"qehetuon"
"1067087","wiradjuri",,"alometet"
"1067088","wiradjuric",,"alometon"
"1067089","wiradjuris",,"alometi"
"1067090","wiradthuri",,"qahatae"
"1067091","wiradyuri",,"qohotoun"
"1067092","wiragere",,"elimuzat"
"1067093","wiraiari",,"ilamirota"
"1067094","wirbelwind",,"qihuvai"
"1067095","wirble",,"qihuua"
"1067096","wirbled",,"ilaneata"
"1067097","wirbles",,"qihuvot"
"1067098","wirbling",,"ilaneso"
"1067099","wird",,"aloste"
"1067100","wire",,"quhio"
"1067101","wireable",,"qihoneot"
"1067102","wireback",,"aloturin"
"1067103","wireball",,"ilatoru"
"1067104","wirebar",,"qeharun"
"1067105","wirebender",,"qahureon"
"1067106","wirebird",,"alotusot"
"1067107","wirebound",,"ilatohin"
"1067108","wirebrush",,"alotuqene"
"1067109","wirebrushed",,"qihoregui"
"1067110","wirebrushes",,"uletiqidu"
"1067111","wirebrushing",,"qihoreguot"
"1067112","wirecast",,"alotarin"
"1067113","wirecloth",,"alotazet"
"1067114","wirecutter",,"olutodon"
"1067115","wirecutters",,"olutodagan"
"1067116","wirecutting",,"elitedugen"
"1067117","wired",,"uletara"
"1067118","wiredancer",,"olutireta"
"1067119","wiredancers",,"olutiruzi"
"1067120","wiredancing",,"elitorizo"
"1067121","wiredancings",,"elitorizet"
"1067122","wiredness",,"qahutuon"
"1067123","wiredraw",,"qihoteot"
"1067124","wiredrawer",,"ilatuqin"
"1067125","wiredrawers",,"ilatuqima"
"1067126","wiredrawing",,"olutiqome"
"1067127","wiredrawings",,"olutiqomin"
"1067128","wiredrawn",,"elitoqun"
"1067129","wiredraws",,"qihoteo"
"1067130","wiredrew",,"qehatue"
"1067131","wireds",,"uletaru"
"1067132","wireform",,"qehaleo"
"1067133","wireframe",,"quhiloin"
"1067134","wireframed",,"uletequn"
"1067135","wireframer",,"alotoqon"
"1067136","wireframing",,"uletequhen"
"1067137","wirefree",,"quhiloun"
"1067138","wirefu",,"alotuni"
"1067139","wireglass",,"alotizeta"
"1067140","wiregrass",,"olutaqi"
"1067141","wiregrasses",,"elituqeda"
"1067142","wireguard",,"qahumei"
"1067143","wirehair",,"qehania"
"1067144","wirehaired",,"aloturet"
"1067145","wirehairs",,"qehanien"
"1067146","wirehead",,"quhinaat"
"1067147","wireheading",,"ilatozipon"
"1067148","wireheads",,"quhinae"
"1067149","wirehouse",,"alotuhen"
"1067150","wirelength",,"qahuveu"
"1067151","wireless",,"olutazen"
"1067152","wirelessed",,"qahuvei"
"1067153","wirelesses",,"elituzu"
"1067154","wirelessing",,"qahuvebeot"
"1067155","wirelessless",,"quhivabaet"
"1067156","wirelessly",,"qoheviua"
"1067157","wirelessness",,"qihovubuun"
"1067158","wirelessnesss",,"qihovubuu"
"1067159","wirelettuce",,"uletozogun"
"1067160","wirelike",,"elituse"
"1067161","wireline",,"quhiviu"
"1067162","wiremaker",,"oluteron"
"1067163","wiremaking",,"elitaren"
"1067164","wireman",,"elitaan"
"1067165","wiremans",,"elitarun"
"1067166","wiremen",,"uletiet"
"1067167","wiremens",,"uletizi"
"1067168","wiremesh",,"olutezet"
"1067169","wiremonger",,"qohezoot"
"1067170","wireperson",,"alotozon"
"1067171","wirephoto",,"alotoron"
"1067172","wirephotoed",,"qihohejaat"
"1067173","wirephotoeds",,"qihohejae"
"1067174","wirephotoing",,"qihohejao"
"1067175","wirephotoings",,"qihohejaet"
"1067176","wirephotos",,"alotoran"
"1067177","wirepull",,"olutudon"
"1067178","wirepulled",,"qahuheat"
"1067179","wirepuller",,"qehahoet"
"1067180","wirepullers",,"qehahopai"
"1067181","wirepulling",,"qahuhepuo"
"1067182","wirepullings",,"qahuhepuet"
"1067183","wirepulls",,"olutudan"
"1067184","wirer",,"alotuno"
"1067185","wirerimmed",,"quhicia"
"1067186","wireroom",,"olutehon"
"1067187","wirerooms",,"olutehan"
"1067188","wirers",,"alotenu"
"1067189","wires",,"quhiq"
"1067190","wirescape",,"elitetat"
"1067191","wireshark",,"qahuqiat"
"1067192","wiresmith",,"qoheqain"
"1067193","wiresome",,"qihoqio"
"1067194","wiresonde",,"qoheqoat"
"1067195","wiresondes",,"qoheqoe"
"1067196","wirespun",,"qoheqiat"
"1067197","wirest",,"uletoni"
"1067198","wirestem",,"elitebat"
"1067199","wirestitched",,"qoheqotua"
"1067200","wiretail",,"qihowaen"
"1067201","wiretap",,"qehawe"
"1067202","wiretapped",,"qehawia"
"1067203","wiretapper",,"qohewue"
"1067204","wiretappers",,"qohewucain"
"1067205","wiretapping",,"qehawicuat"
"1067206","wiretappings",,"qehawicue"
"1067207","wiretaps",,"qehawiin"
"1067208","wireton",,"qihowa"
"1067209","wirewalker",,"qahugoat"
"1067210","wirewalkers",,"qahugopie"
"1067211","wirewalking",,"quhigepoi"
"1067212","wirewater",,"qoheguan"
"1067213","wirewaters",,"qoheguun"
"1067214","wireway",,"qahuga"
"1067215","wireways",,"qahugoen"
"1067216","wireweed",,"alotuze"
"1067217","wirework",,"uletihan"
"1067218","wireworked",,"qohegoe"
"1067219","wireworker",,"qihogii"
"1067220","wireworkers",,"qihogiweat"
"1067221","wireworking",,"qohegowaet"
"1067222","wireworkings",,"qohegowai"
"1067223","wireworks",,"uletihuna"
"1067224","wireworm",,"ilatohina"
"1067225","wireworms",,"ilatoha"
"1067226","wirewound",,"qahugai"
"1067227","wirewove",,"olutehoa"
"1067228","wirewrap",,"qahugiet"
"1067229","wiri",,"qahoo"
"1067230","wirick",,"quheat"
"1067231","wirier",,"alonuu"
"1067232","wiriest",,"uleneona"
"1067233","wirilda",,"quhevun"
"1067234","wirildas",,"quhevuu"
"1067235","wirily",,"elinana"
"1067236","wiriness",,"olunozon"
"1067237","wirinesses",,"elinezot"
"1067238","wiring",,"ulenino"
"1067239","wirings",,"ulenuata"
"1067240","wirksworth",,"alosakat"
"1067241","wirkung",,"olusuon"
"1067242","wirl",,"uletni"
"1067243","wirlie",,"ilatuna"
"1067244","wirling",,"qohore"
"1067245","wirlinga",,"qihiroi"
"1067246","wiros",,"qohaqa"
"1067247","wiross",,"qohaona"
"1067248","wirot",,"olupia"
"1067249","wirr",,"elijn"
"1067250","wirra",,"olujaa"
"1067251","wirraba",,"qihunin"
"1067252","wirradgerry",,"quhanuroo"
"1067253","wirradhuri",,"qehoneon"
"1067254","wirradhurri",,"olujaviku"
"1067255","wirrah",,"qohion"
"1067256","wirrahs",,"qohinan"
"1067257","wirral",,"qaheoe"
"1067258","wirralian",,"ulejoze"
"1067259","wirrals",,"qahenet"
"1067260","wirrasthru",,"qehonaon"
"1067261","wirrate",,"qaheno"
"1067262","wirratherie",,"qahenasiu"
"1067263","wirrathuri",,"qehonei"
"1067264","wirricow",,"elijete"
"1067265","wirricows",,"elijetin"
"1067266","wirrimah",,"qaheriat"
"1067267","wirrinya",,"qehoraa"
"1067268","wirsingkohl",,"ulecufupi"
"1067269","wirsung",,"ilacain"
"1067270","wirt",,"aloqno"
"1067271","wirtanen",,"aloqifa"
"1067272","wirth",,"qahin"
"1067273","wirths",,"qahien"
"1067274","wirtinger",,"ilaqifen"
"1067275","wirtschaftswunder",,"eliqetotot"
"1067276","wirtschaftswunders",,"eliqetoto"
"1067277","wirtshaus",,"qahiqiat"
"1067278","wirtz",,"qehum"
"1067279","wirtzs",,"qehuun"
"1067280","wiru",,"quhiu"
"1067281","wiry",,"qohai"
"1067282","wis",,"alida"
"1067283","wisa",,"elumru"
"1067284","wisacky",,"olamoaa"
"1067285","wisackys",,"olamoven"
"1067286","wisard",,"elumete"
"1067287","wisards",,"elumai"
"1067288","wisbeach",,"eluniran"
"1067289","wisbech",,"alinoue"
"1067290","wisbechs",,"alinotot"
"1067291","wisbey",,"qejoan"
"1067292","wisby",,"qojile"
"1067293","wisbys",,"qojien"
"1067294","wisc",,"alirt"
"1067295","wiscasset",,"qujenie"
"1067296","wiscassets",,"qujeniin"
"1067297","wisconsi",,"qujefiin"
"1067298","wisconsin",,"olarifata"
"1067299","wisconsinan",,"qajofubeot"
"1067300","wisconsinesque",,"alirefovot"
"1067301","wisconsinite",,"qajofubeo"
"1067302","wisconsinites",,"qajofubeet"
"1067303","wisconsins",,"olarife"
"1067304","wiscvm",,"qejiun"
"1067305","wisd",,"qujoi"
"1067306","wisden",,"elusete"
"1067307","wisdens",,"elusiia"
"1067308","wisdom",,"qujoan"
"1067309","wisdome",,"qijefot"
"1067310","wisdomful",,"qijefean"
"1067311","wisdomless",,"olasipat"
"1067312","wisdomlessness",,"qijefepea"
"1067313","wisdomproof",,"olasipebot"
"1067314","wisdoms",,"qujofun"
"1067315","wisdomship",,"qejufuan"
"1067316","wisdomwise",,"qejufuet"
"1067317","wisdumb",,"olasuaa"
"1067318","wise",,"ulotsa"
"1067319","wiseacre",,"qujinian"
"1067320","wiseacred",,"ulototet"
"1067321","wiseacredness",,"qajunuwie"
"1067322","wiseacredom",,"ulototafun"
"1067323","wiseacreish",,"alititefi"
"1067324","wiseacreishness",,"qejanawuin"
"1067325","wiseacreism",,"qojenewain"
"1067326","wiseacres",,"qujiniun"
"1067327","wiseacring",,"ulototu"
"1067328","wiseapple",,"qajunei"
"1067329","wiseass",,"alitiua"
"1067330","wiseassery",,"qejanaa"
"1067331","wiseasses",,"ulotowi"
"1067332","wisecarver",,"qijosaen"
"1067333","wisecrac",,"qajusio"
"1067334","wisecrack",,"qujisoe"
"1067335","wisecracked",,"iletiqizot"
"1067336","wisecracker",,"ulotuquzun"
"1067337","wisecrackers",,"ulotuquzu"
"1067338","wisecrackery",,"eluteqezot"
"1067339","wisecracking",,"iletiqizan"
"1067340","wisecracks",,"qujisoin"
"1067341","wisecracky",,"qejasua"
"1067342","wisecup",,"qujisan"
"1067343","wised",,"qijot"
"1067344","wisedom",,"qijotot"
"1067345","wisedome",,"qojetoi"
"1067346","wiseguy",,"elutuana"
"1067347","wiseguys",,"elutuduna"
"1067348","wisehart",,"qajunoon"
"1067349","wisehead",,"ulotizet"
"1067350","wisehearted",,"iletoziba"
"1067351","wiseheartedly",,"qijonusiun"
"1067352","wiseheimer",,"elutazot"
"1067353","wisehood",,"iletohin"
"1067354","wiseleigh",,"iletezena"
"1067355","wiseley",,"qijovin"
"1067356","wiselier",,"olataset"
"1067357","wiseliest",,"elutusua"
"1067358","wiselike",,"qajuvui"
"1067359","wiseling",,"elutusina"
"1067360","wiselings",,"elutusa"
"1067361","wisely",,"qujii"
"1067362","wiseman",,"qajuzen"
"1067363","wisemans",,"qajuzoon"
"1067364","wisen",,"qejap"
"1067365","wisenbaker",,"qejapuo"
"1067366","wisened",,"alitaea"
"1067367","wisener",,"eluteia"
"1067368","wiseness",,"qajupeet"
"1067369","wisenesses",,"qujipain"
"1067370","wisenhei",,"elutere"
"1067371","wisenheimer",,"qijopepuun"
"1067372","wisenheimers",,"qijopepuu"
"1067373","wisening",,"alitaseta"
"1067374","wisens",,"qejaun"
"1067375","wisent",,"elutont"
"1067376","wisents",,"eluteane"
"1067377","wiser",,"qujica"
"1067378","wiserite",,"iletosu"
"1067379","wises",,"ulotunu"
"1067380","wisest",,"qijou"
"1067381","wiseweed",,"qujigai"
"1067382","wisewoman",,"qajugaan"
"1067383","wisewomen",,"qijogiet"
"1067384","wish",,"qajei"
"1067385","wisha",,"qejon"
"1067386","wishable",,"qujanoe"
"1067387","wishalloy",,"qojinuin"
"1067388","wisham",,"qujaata"
"1067389","wishart",,"qejonin"
"1067390","wishaw",,"qujaan"
"1067391","wishbone",,"qujaruu"
"1067392","wishboned",,"ulomihat"
"1067393","wishbones",,"qujaruot"
"1067394","wishboning",,"ulomiho"
"1067395","wishbook",,"ulomihun"
"1067396","wishcast",,"elumerun"
"1067397","wishcasted",,"qujasein"
"1067398","wishcasting",,"qujasebei"
"1067399","wishcasts",,"elumeru"
"1067400","wishcycle",,"alimamo"
"1067401","wishcycled",,"qujasuin"
"1067402","wishcycles",,"alimamet"
"1067403","wishcycling",,"qujasuvii"
"1067404","wishd",,"alimetu"
"1067405","wishe",,"qujava"
"1067406","wished",,"ulomos"
"1067407","wishedly",,"qujavue"
"1067408","wishedst",,"qijuvio"
"1067409","wishek",,"qijuot"
"1067410","wisheks",,"qijuvo"
"1067411","wisher",,"alimuu"
"1067412","wishers",,"alimoota"
"1067413","wishes",,"qujaana"
"1067414","wishest",,"ulomeone"
"1067415","wisheth",,"qujave"
"1067416","wishford",,"ulomehun"
"1067417","wishful",,"qujalin"
"1067418","wishfuler",,"ulomedu"
"1067419","wishfulest",,"ilemadon"
"1067420","wishfulfilling",,"qejolopuun"
"1067421","wishfuller",,"qojilio"
"1067422","wishfullest",,"qejolopaun"
"1067423","wishfullier",,"qojilipeon"
"1067424","wishfulliest",,"qejolopain"
"1067425","wishfully",,"alimodan"
"1067426","wishfulness",,"elumidejon"
"1067427","wishfulnesses",,"alimodajot"
"1067428","wishi",,"qajera"
"1067429","wishin",,"ilemus"
"1067430","wishing",,"ulomuuna"
"1067431","wishingly",,"qujariet"
"1067432","wishings",,"ulomufua"
"1067433","wishkah",,"elumiea"
"1067434","wishless",,"ilemezoti"
"1067435","wishlessness",,"qujavabai"
"1067436","wishlist",,"qijuvoi"
"1067437","wishlisted",,"olamasun"
"1067438","wishlisting",,"olamasugen"
"1067439","wishly",,"elumana"
"1067440","wishma",,"qujaate"
"1067441","wishman",,"olameete"
"1067442","wishmay",,"qejozin"
"1067443","wishness",,"olamozon"
"1067444","wishon",,"alimoto"
"1067445","wishosk",,"qejofa"
"1067446","wishoskan",,"alimewi"
"1067447","wishoskans",,"alimewat"
"1067448","wishram",,"alimuaa"
"1067449","wishrams",,"alimuren"
"1067450","wisht",,"alimera"
"1067451","wishtonwish",,"ilemuhamun"
"1067452","wishtonwishes",,"olamihumet"
"1067453","wishverse",,"qojidiun"
"1067454","wishy",,"qojili"
"1067455","wisibada",,"olanero"
"1067456","wisigoth",,"ilenehen"
"1067457","wisigothic",,"ilenehan"
"1067458","wisigothics",,"ilenehetun"
"1067459","wising",,"qijao"
"1067460","wisinski",,"qejipaet"
"1067461","wiske",,"ilesano"
"1067462","wisker",,"qijoina"
"1067463","wisket",,"qojeeta"
"1067464","wiskets",,"qojevi"
"1067465","wiskind",,"eluseun"
"1067466","wisking",,"qojere"
"1067467","wiskinkie",,"qujirien"
"1067468","wiskinky",,"qojereu"
"1067469","wiskostatin",,"qijofodou"
"1067470","wiskott",,"aliseae"
"1067471","wisla",,"qujuna"
"1067472","wislany",,"ulotooni"
"1067473","wisler",,"iletatn"
"1067474","wislizenii",,"qejeroan"
"1067475","wisly",,"qajala"
"1067476","wisma",,"ulovoe"
"1067477","wisman",,"qejoe"
"1067478","wismar",,"qujaane"
"1067479","wismer",,"qojiet"
"1067480","wismuth",,"olavuet"
"1067481","wisner",,"olazota"
"1067482","wisners",,"olazuo"
"1067483","wisneski",,"qajovuan"
"1067484","wisnewski",,"qijavei"
"1067485","wisnicki",,"qejiraen"
"1067486","wisnieski",,"qajoree"
"1067487","wisniewska",,"qujerao"
"1067488","wisniewski",,"qijaruun"
"1067489","wisor",,"qojaca"
"1067490","wisp",,"qejaa"
"1067491","wisped",,"alifuna"
"1067492","wispen",,"ilefat"
"1067493","wispier",,"elufeat"
"1067494","wispiest",,"alifazo"
"1067495","wispily",,"olafoet"
"1067496","wispiness",,"ilefifo"
"1067497","wispinesses",,"olafofede"
"1067498","wispinesss",,"ilefifet"
"1067499","wisping",,"alifaen"
"1067500","wispington",,"ulofufoa"
"1067501","wispish",,"olafoona"
"1067502","wispishly",,"qojereot"
"1067503","wisplike",,"ilefesaa"
"1067504","wispliker",,"qijovoan"
"1067505","wisplikest",,"qojevea"
"1067506","wispr",,"olafea"
"1067507","wisps",,"qejaq"
"1067508","wispy",,"qijol"
"1067509","wiss",,"alicsa"
"1067510","wissahickon",,"aliciroze"
"1067511","wissant",,"ileceea"
"1067512","wisse",,"uloces"
"1067513","wissed",,"qijae"
"1067514","wissel",,"qojuet"
"1067515","wisser",,"qujei"
"1067516","wisses",,"uloco"
"1067517","wissey",,"elucet"
"1067518","wisshe",,"qujeana"
"1067519","wissing",,"qijaret"
"1067520","wissinger",,"ilecifen"
"1067521","wissington",,"qojureen"
"1067522","wissle",,"qojueta"
"1067523","wissled",,"olacaa"
"1067524","wissler",,"ileceee"
"1067525","wisslers",,"ilecezin"
"1067526","wissles",,"qojuvi"
"1067527","wissling",,"olacasat"
"1067528","wissman",,"qejizin"
"1067529","wist",,"qujoo"
"1067530","wistanstow",,"qojanein"
"1067531","wistar",,"eluqona"
"1067532","wistaria",,"olaqaqet"
"1067533","wistarias",,"olaqaqi"
"1067534","wiste",,"qijeve"
"1067535","wisted",,"ileqii"
"1067536","wistened",,"qujoviat"
"1067537","wister",,"uloqoo"
"1067538","wisteria",,"aliqoqaa"
"1067539","wisterias",,"aliqoqeni"
"1067540","wisterine",,"qajivian"
"1067541","wisters",,"uloqeet"
"1067542","wistest",,"ileqauna"
"1067543","wistful",,"qijelen"
"1067544","wistfuler",,"ileqado"
"1067545","wistfulest",,"olaqudun"
"1067546","wistfull",,"olaqudan"
"1067547","wistfuller",,"qejuloi"
"1067548","wistfullest",,"qajilepuot"
"1067549","wistfullier",,"qejulopaun"
"1067550","wistfulliest",,"qajilepuen"
"1067551","wistfully",,"uloqedu"
"1067552","wistfuln",,"eluqidin"
"1067553","wistfulness",,"aliqodajun"
"1067554","wistfulnesses",,"uloqedujet"
"1067555","wisting",,"ileqiota"
"1067556","wistit",,"uloqete"
"1067557","wistiti",,"uloquana"
"1067558","wistitis",,"uloqubun"
"1067559","wistless",,"olaqazet"
"1067560","wistlessness",,"qijevubue"
"1067561","wistly",,"aliqui"
"1067562","wiston",,"uloqeti"
"1067563","wistonwish",,"qojafeo"
"1067564","wistow",,"qujoana"
"1067565","wistron",,"qujoce"
"1067566","wistrup",,"qajicet"
"1067567","wists",,"qujoqa"
"1067568","wisty",,"qejula"
"1067569","wisure",,"qijoua"
"1067570","wiswall",,"eluduata"
"1067571","wiswell",,"ulodeona"
"1067572","wit",,"quc"
"1067573","witan",,"ilomis"
"1067574","witans",,"ilomate"
"1067575","witaske",,"qiciqot"
"1067576","witbeck",,"ilonaat"
"1067577","witbier",,"qucarat"
"1067578","witblits",,"ilonesot"
"1067579","witblitses",,"olenasata"
"1067580","witbooi",,"ulinai"
"1067581","witboois",,"ulinahat"
"1067582","witch",,"aluruu"
"1067583","witchampton",,"qucenefoon"
"1067584","witchball",,"qicaneon"
"1067585","witchbells",,"qecinuet"
"1067586","witchblade",,"qicaneet"
"1067587","witchblr",,"qucenou"
"1067588","witchbroom",,"iloroset"
"1067589","witchbrooms",,"ilorosuci"
"1067590","witchcamp",,"qaconuan"
"1067591","witchcore",,"qecinaa"
"1067592","witchcra",,"qecinain"
"1067593","witchcraft",,"qocunein"
"1067594","witchcraftical",,"oleretiten"
"1067595","witchcrafts",,"qocunewea"
"1067596","witchcraftsman",,"uliritati"
"1067597","witchcrafty",,"quceniwien"
"1067598","witchdoctor",,"qicanijuat"
"1067599","witchdom",,"qucenuu"
"1067600","witched",,"qicanin"
"1067601","witchedly",,"ulirizan"
"1067602","witchen",,"qecinu"
"1067603","witchens",,"qecinoot"
"1067604","witcher",,"qucenat"
"1067605","witchercully",,"qocuniwio"
"1067606","witcheries",,"qicanui"
"1067607","witchering",,"ilorozon"
"1067608","witchert",,"ulirizi"
"1067609","witchery",,"qecinoin"
"1067610","witches",,"uliriet"
"1067611","witchet",,"qicanot"
"1067612","witchetties",,"olerezagun"
"1067613","witchetty",,"aluruzo"
"1067614","witchety",,"qaconeet"
"1067615","witchfinder",,"iloromaji"
"1067616","witchfinding",,"oleremujet"
"1067617","witchfire",,"elaramot"
"1067618","witchgrass",,"qocunuot"
"1067619","witchgrasses",,"qeciniwaat"
"1067620","witchhood",,"ulirire"
"1067621","witchhoods",,"uliririn"
"1067622","witchhunt",,"qecinueta"
"1067623","witchhunter",,"elararajen"
"1067624","witchie",,"uliriona"
"1067625","witchier",,"quceniu"
"1067626","witchiest",,"qicanoon"
"1067627","witchily",,"qaconuana"
"1067628","witchiness",,"qecinaon"
"1067629","witching",,"qicanoi"
"1067630","witchingham",,"ilorosasun"
"1067631","witchingly",,"ulirisa"
"1067632","witchings",,"qicanoat"
"1067633","witchish",,"qaconuat"
"1067634","witchism",,"ilorosaa"
"1067635","witchity",,"qecinaaa"
"1067636","witchkind",,"elaravot"
"1067637","witchking",,"qocunia"
"1067638","witchknot",,"iloroven"
"1067639","witchknots",,"ilorovon"
"1067640","witchleaf",,"aluruzeta"
"1067641","witchless",,"qocunue"
"1067642","witchlet",,"olerezet"
"1067643","witchlike",,"qeciniet"
"1067644","witchliker",,"olerezee"
"1067645","witchlikest",,"elarazipet"
"1067646","witchling",,"olerezei"
"1067647","witchlor",,"elarazue"
"1067648","witchly",,"qaconet"
"1067649","witchman",,"qecinua"
"1067650","witchmeal",,"qecinuo"
"1067651","witchmeals",,"qecinuete"
"1067652","witchmonger",,"iloropejan"
"1067653","witchoura",,"qocunoe"
"1067654","witchs",,"alurut"
"1067655","witchspirit",,"qecinacoun"
"1067656","witchtok",,"qaconaan"
"1067657","witchuck",,"ilorodin"
"1067658","witchweed",,"qaconiet"
"1067659","witchweeds",,"qaconii"
"1067660","witchwife",,"qicanei"
"1067661","witchwoman",,"qecinuon"
"1067662","witchwood",,"qecinuoa"
"1067663","witchwork",,"qucenoa"
"1067664","witchy",,"olerot"
"1067665","witcraft",,"olereret"
"1067666","witczak",,"elarii"
"1067667","witdoeke",,"ilosuze"
"1067668","wite",,"qicoi"
"1067669","wited",,"ilotus"
"1067670","witek",,"qocet"
"1067671","witeless",,"elatuzat"
"1067672","witen",,"elatenu"
"1067673","witenagemot",,"qecapirui"
"1067674","witenagemote",,"qacuporiin"
"1067675","witenagemotes",,"qacuporia"
"1067676","witenagemots",,"qecapiruat"
"1067677","witepenny",,"elatize"
"1067678","witereden",,"ulitizon"
"1067679","wites",,"qicoq"
"1067680","witess",,"qicou"
"1067681","witfish",,"qecaro"
"1067682","witful",,"qicoaa"
"1067683","witfully",,"ulikezun"
"1067684","witfulness",,"alukozan"
"1067685","witgat",,"elalia"
"1067686","witgatboom",,"qiciniat"
"1067687","witgatbooms",,"qicinitae"
"1067688","witgats",,"elaluate"
"1067689","with",,"alumna"
"1067690","witha",,"elamutu"
"1067691","withable",,"ulimosi"
"1067692","withafastuosin",,"qeconosoo"
"1067693","withaferin",,"qucanaet"
"1067694","withal",,"qucaat"
"1067695","withaler",,"ulimozan"
"1067696","withalest",,"ilomeza"
"1067697","withall",,"ilomein"
"1067698","withaller",,"qocinuu"
"1067699","withallest",,"qeconion"
"1067700","witham",,"ulimeta"
"1067701","withametelin",,"qocinapuet"
"1067702","withamite",,"qocinau"
"1067703","withamites",,"qocinaot"
"1067704","withams",,"ulimoia"
"1067705","withamss",,"ulimopat"
"1067706","withanamide",,"elamufeho"
"1067707","withania",,"qucaniin"
"1067708","withanias",,"qucania"
"1067709","withanolide",,"qocinejeo"
"1067710","withanone",,"olemafan"
"1067711","withanoside",,"ulimofodot"
"1067712","withaperuvin",,"olemajebot"
"1067713","withbear",,"elamazate"
"1067714","withbearing",,"qucarasuon"
"1067715","withbears",,"elamaze"
"1067716","withbeg",,"qaceret"
"1067717","withbore",,"olemehet"
"1067718","withborne",,"qucaruot"
"1067719","withcall",,"ilomirota"
"1067720","withcalled",,"qecosien"
"1067721","withcalling",,"qecosipae"
"1067722","withcalls",,"ilomiro"
"1067723","withdaw",,"qicutot"
"1067724","withdean",,"olemizen"
"1067725","withdraft",,"olemiqan"
"1067726","withdraught",,"elamoqeket"
"1067727","withdraw",,"ulimaqi"
"1067728","withdrawability",,"qacetisai"
"1067729","withdrawable",,"ilomuqimet"
"1067730","withdrawal",,"qicutei"
"1067731","withdrawalism",,"qecotuseu"
"1067732","withdrawalist",,"ilomuqimun"
"1067733","withdrawals",,"qicutesiat"
"1067734","withdrawed",,"qocitaun"
"1067735","withdrawer",,"qicuteon"
"1067736","withdrawers",,"qicutesian"
"1067737","withdrawest",,"qocitasoin"
"1067738","withdraweth",,"ilomuqimeta"
"1067739","withdrawing",,"qocitasoen"
"1067740","withdrawingly",,"ilomuqimu"
"1067741","withdrawingness",,"ulimaqumun"
"1067742","withdrawingnesss",,"ulimaqumu"
"1067743","withdrawment",,"ilomuqimi"
"1067744","withdrawments",,"ilomuqimat"
"1067745","withdrawn",,"qecotuo"
"1067746","withdrawnness",,"ilomuqimata"
"1067747","withdrawnnesses",,"olemiqomen"
"1067748","withdrawnnesss",,"ilomuqime"
"1067749","withdraws",,"ulimaqat"
"1067750","withdrew",,"olemiqen"
"1067751","withdrewst",,"qecotuen"
"1067752","withdrive",,"qocitae"
"1067753","withdriven",,"alumeqi"
"1067754","withdrives",,"qocitain"
"1067755","withdriving",,"olemiqula"
"1067756","withdrove",,"qucatoin"
"1067757","withe",,"ulimes"
"1067758","withed",,"qicuu"
"1067759","withee",,"ilomane"
"1067760","withees",,"ilomaun"
"1067761","witheld",,"olemuoa"
"1067762","withem",,"olemae"
"1067763","withen",,"qecoe"
"1067764","wither",,"qucaan"
"1067765","witherable",,"qicuveon"
"1067766","witherband",,"ilomaqa"
"1067767","witherbee",,"ilomaqua"
"1067768","witherbees",,"ilomaqot"
"1067769","witherblench",,"qacevituot"
"1067770","witherby",,"olemuqen"
"1067771","withercraft",,"olemuqube"
"1067772","witherd",,"ulimeet"
"1067773","witherdeed",,"qecovuot"
"1067774","witherden",,"qacevii"
"1067775","withered",,"ilomaqea"
"1067776","witheredly",,"qicuveona"
"1067777","witheredness",,"qucavopeen"
"1067778","witherednesses",,"qicuvepau"
"1067779","witherednesss",,"qucavopeon"
"1067780","witherell",,"qaceviat"
"1067781","witherer",,"ulimeqi"
"1067782","witherers",,"ulimeqata"
"1067783","witherest",,"ilomaqota"
"1067784","witheret",,"ilomaque"
"1067785","withereth",,"qicuveone"
"1067786","withergloom",,"elamiqefi"
"1067787","witherian",,"ilomaqo"
"1067788","witherin",,"olemuqi"
"1067789","withering",,"ilomaqet"
"1067790","witheringly",,"qicuvetuin"
"1067791","witherings",,"ilomaqi"
"1067792","witherington",,"olemuqujen"
"1067793","witherite",,"ilomaqaa"
"1067794","witherites",,"ilomaqen"
"1067795","witherless",,"olemuqata"
"1067796","witherley",,"ulimeqate"
"1067797","witherling",,"qecovuat"
"1067798","witherly",,"alumoqo"
"1067799","withermarsh",,"qucavofion"
"1067800","withern",,"olemuen"
"1067801","withernam",,"elamiqin"
"1067802","withername",,"alumoqon"
"1067803","witherne",,"elamiqun"
"1067804","withernsea",,"olemuqan"
"1067805","witherod",,"elamiquna"
"1067806","witherods",,"elamiqu"
"1067807","witherow",,"qucavou"
"1067808","withers",,"qucavun"
"1067809","withersake",,"qicuvei"
"1067810","withersfield",,"ilomaqarat"
"1067811","withershins",,"qocivaboet"
"1067812","withersins",,"olemuqe"
"1067813","witherslack",,"ilomaqafon"
"1067814","witherso",,"qecovua"
"1067815","withersoever",,"qicuvebaun"
"1067816","witherspoon",,"qocivabaen"
"1067817","witherss",,"qucavoua"
"1067818","withertip",,"qaceviun"
"1067819","witherward",,"qicuveoni"
"1067820","witherwards",,"qicuveloan"
"1067821","witherweight",,"qocivalaon"
"1067822","witherwin",,"alumoqona"
"1067823","witherwise",,"qecovuet"
"1067824","withery",,"qecovu"
"1067825","withes",,"ulimene"
"1067826","withewood",,"qacevian"
"1067827","withey",,"elamoni"
"1067828","withgang",,"qacemoun"
"1067829","withgate",,"qacemoi"
"1067830","withgo",,"ilomus"
"1067831","withgoes",,"olemahi"
"1067832","withgoing",,"qecomeat"
"1067833","withgone",,"qucamuot"
"1067834","withgott",,"olemahan"
"1067835","withhault",,"qicunaan"
"1067836","withheld",,"qociniun"
"1067837","withheldest",,"elamazepo"
"1067838","withhele",,"olemezon"
"1067839","withhie",,"qucanu"
"1067840","withhold",,"qacenaat"
"1067841","withholdable",,"qucanupei"
"1067842","withholdal",,"alumuhat"
"1067843","withholded",,"ulimihu"
"1067844","withholden",,"olemehe"
"1067845","withholdens",,"olemehopin"
"1067846","withholder",,"alumuhan"
"1067847","withholders",,"alumuhapun"
"1067848","withholdest",,"ulimihupa"
"1067849","withholdeth",,"qucanupeia"
"1067850","withholding",,"ulimihupon"
"1067851","withholdings",,"ulimihupan"
"1067852","withholdment",,"qucanupeat"
"1067853","withholdments",,"qucanupee"
"1067854","withholds",,"qacenae"
"1067855","withiel",,"qocirat"
"1067856","withier",,"qucare"
"1067857","withies",,"ulimuia"
"1067858","withiest",,"qicuruet"
"1067859","within",,"qociana"
"1067860","withindoors",,"qecoraziun"
"1067861","withiner",,"olemofi"
"1067862","withinest",,"elamefot"
"1067863","withinforth",,"qecoraniin"
"1067864","withing",,"qicuron"
"1067865","withings",,"qicuroan"
"1067866","withington",,"qocireet"
"1067867","withinner",,"qucario"
"1067868","withinness",,"ulimufota"
"1067869","withinnest",,"qicuroun"
"1067870","withins",,"qociruna"
"1067871","withinshaw",,"olemofu"
"1067872","withinside",,"elamefoa"
"1067873","withinsides",,"elamefivet"
"1067874","withinward",,"qecoraon"
"1067875","withinwards",,"qecoralaan"
"1067876","withlacoochee",,"olemarucot"
"1067877","withlafe",,"alumiren"
"1067878","withnailesque",,"alumarofin"
"1067879","withnall",,"qacepoat"
"1067880","withnay",,"qacepet"
"1067881","withnell",,"qicupuon"
"1067882","withness",,"qecopoa"
"1067883","withnim",,"qacepan"
"1067884","withold",,"alumea"
"1067885","witholden",,"qecofien"
"1067886","witholding",,"qicufau"
"1067887","witholds",,"alumezen"
"1067888","without",,"qacefon"
"1067889","withoutdoors",,"qucafadean"
"1067890","withoute",,"qucafau"
"1067891","withouten",,"olemidan"
"1067892","withouter",,"alumedet"
"1067893","withoutest",,"ulimadu"
"1067894","withoutforth",,"qucafadoe"
"1067895","withoutness",,"olemidaju"
"1067896","withouts",,"qacefean"
"1067897","withoutside",,"ulimadodot"
"1067898","withoutter",,"qucafao"
"1067899","withouttest",,"qicufudaun"
"1067900","withoutward",,"qucafaduen"
"1067901","withoutwards",,"qucafaduon"
"1067902","withrow",,"qacecona"
"1067903","withs",,"alumae"
"1067904","withsaid",,"qaceqoi"
"1067905","withsake",,"ulimuran"
"1067906","withsaken",,"qecoqien"
"1067907","withsakes",,"ulimurun"
"1067908","withsaking",,"qicuqau"
"1067909","withsat",,"qaceqet"
"1067910","withsave",,"qicuqao"
"1067911","withsaved",,"ilomirina"
"1067912","withsaves",,"qicuqaet"
"1067913","withsaving",,"ilomiria"
"1067914","withsaw",,"ulimuona"
"1067915","withsay",,"ilomiee"
"1067916","withsayer",,"qociquun"
"1067917","withsaying",,"qecoqian"
"1067918","withsays",,"ilomirine"
"1067919","withset",,"qicuqa"
"1067920","withsets",,"qicuquen"
"1067921","withsetting",,"qecoqodiun"
"1067922","withsit",,"qucaqu"
"1067923","withsits",,"qucaqiot"
"1067924","withsitten",,"qacequu"
"1067925","withsitting",,"qociqedui"
"1067926","withslip",,"alumazon"
"1067927","withsook",,"ilomiho"
"1067928","withspar",,"ilomijot"
"1067929","withspeak",,"qaceqeat"
"1067930","withspeaking",,"ulimujiton"
"1067931","withspeaks",,"qaceqee"
"1067932","withspoke",,"qecoqoet"
"1067933","withspoken",,"ulimujot"
"1067934","withstan",,"ilomibot"
"1067935","withstand",,"qociqoe"
"1067936","withstandable",,"qecoqesoat"
"1067937","withstanded",,"elamebejot"
"1067938","withstander",,"olemobojun"
"1067939","withstanders",,"olemoboju"
"1067940","withstanding",,"elamebejan"
"1067941","withstandingness",,"qociqosiot"
"1067942","withstandingnesss",,"qociqosio"
"1067943","withstands",,"qociqoin"
"1067944","withstay",,"qociqoat"
"1067945","withstayed",,"elamebu"
"1067946","withstaying",,"elameberon"
"1067947","withstays",,"qociqoea"
"1067948","withstoo",,"qicuqion"
"1067949","withstood",,"ilomibo"
"1067950","withstrain",,"qicuqiun"
"1067951","withstrained",,"olemobitin"
"1067952","withstraining",,"olemobiti"
"1067953","withstrains",,"qicuqiwou"
"1067954","withstraint",,"ilomibutan"
"1067955","withtake",,"qicuwaen"
"1067956","withtaken",,"elamorin"
"1067957","withtakes",,"qicuwaon"
"1067958","withtaking",,"ilomurana"
"1067959","withtee",,"qociwon"
"1067960","withthrew",,"qociwau"
"1067961","withthrow",,"qacewie"
"1067962","withthrowing",,"ulimaracan"
"1067963","withthrown",,"ilomuri"
"1067964","withthrows",,"qacewiin"
"1067965","withtook",,"qociwou"
"1067966","withtract",,"qacewian"
"1067967","withtracted",,"ulimaquze"
"1067968","withtracting",,"ulimaquzet"
"1067969","withtracts",,"qacewiun"
"1067970","withturn",,"qecowoo"
"1067971","withvine",,"alumisen"
"1067972","withwent",,"ulimizan"
"1067973","withwind",,"alumusen"
"1067974","withwinds",,"alumuson"
"1067975","withwine",,"qucagiin"
"1067976","withy",,"olemii"
"1067977","withybrook",,"elamoso"
"1067978","withyham",,"qecoluo"
"1067979","withypot",,"alumejen"
"1067980","withywind",,"olemikan"
"1067981","withywinds",,"olemikun"
"1067982","withywood",,"qiculeon"
"1067983","witigo",,"qocuan"
"1067984","witiko",,"qacoet"
"1067985","witing",,"ilonut"
"1067986","witjar",,"qacio"
"1067987","witjuti",,"qocabat"
"1067988","witkey",,"qucii"
"1067989","witkin",,"elasati"
"1067990","witkoff",,"qicofon"
"1067991","witkop",,"olesou"
"1067992","witless",,"oletuoa"
"1067993","witlesslier",,"alutowofat"
"1067994","witlessliest",,"ulitewefo"
"1067995","witlessly",,"qocovee"
"1067996","witlessness",,"qicivobuat"
"1067997","witlessnesses",,"qocovebien"
"1067998","witlet",,"qeceun"
"1067999","witley",,"ulitote"
"1068000","witling",,"qecero"
"1068001","witlings",,"qeceraet"
"1068002","witloof",,"qicifet"
"1068003","witloofs",,"qicifii"
"1068004","witlosen",,"qecefaa"
"1068005","witman",,"elavia"
"1068006","witmer",,"olevot"
"1068007","witmers",,"olevuo"
"1068008","witmonger",,"qocifein"
"1068009","witne",,"elazi"
"1068010","witness",,"elaziana"
"1068011","witnessable",,"aluzowoton"
"1068012","witnessdom",,"qacovuun"
"1068013","witnesse",,"aluzowot"
"1068014","witnessed",,"qucevie"
"1068015","witnessedst",,"ulizewefe"
"1068016","witnesser",,"qacovui"
"1068017","witnessers",,"qacovuat"
"1068018","witnesses",,"aluzowo"
"1068019","witnessest",,"quceviot"
"1068020","witnesseth",,"aluzowon"
"1068021","witnessf",,"qocuveun"
"1068022","witnessi",,"elaziwe"
"1068023","witnessing",,"quceviet"
"1068024","witnessism",,"ulizewin"
"1068025","witnessless",,"qicavoboat"
"1068026","witnesss",,"elaziwun"
"1068027","witney",,"ilozan"
"1068028","witneyer",,"qocuvoi"
"1068029","witneys",,"ilozaun"
"1068030","witold",,"qucoan"
"1068031","witooka",,"qicefo"
"1068032","witort",,"qecue"
"1068033","witotan",,"qucowun"
"1068034","witoto",,"ilopune"
"1068035","witotoan",,"qecuwea"
"1068036","witotos",,"ilopuu"
"1068037","witowt",,"ulipena"
"1068038","wits",,"qucei"
"1068039","witsafe",,"elacuan"
"1068040","witsec",,"qicae"
"1068041","witsend",,"qacovo"
"1068042","witship",,"qecina"
"1068043","witsome",,"qicafa"
"1068044","witsuwit",,"elacike"
"1068045","witsuwiten",,"qocubain"
"1068046","witsy",,"qecil"
"1068047","witt",,"uliqto"
"1068048","wittal",,"qicein"
"1068049","wittall",,"oleqaena"
"1068050","wittawer",,"qocanai"
"1068051","witte",,"iloqao"
"1068052","witteboom",,"qacivian"
"1068053","witted",,"qocao"
"1068054","wittedder",,"qecuveu"
"1068055","witteddest",,"qacivaon"
"1068056","witteder",,"olequva"
"1068057","wittedest",,"elaqivat"
"1068058","wittedly",,"iloqavea"
"1068059","wittedness",,"uliqevat"
"1068060","wittednesses",,"iloqavafen"
"1068061","wittednesss",,"uliqevefe"
"1068062","wittekind",,"uliqevun"
"1068063","wittekinds",,"uliqevu"
"1068064","wittels",,"qecuvu"
"1068065","wittelsbach",,"qicevabian"
"1068066","wittem",,"elaqon"
"1068067","witten",,"qacia"
"1068068","wittena",,"qecuve"
"1068069","wittenagemot",,"elaqifeset"
"1068070","wittenagemote",,"aluqofase"
"1068071","wittenberg",,"qecuvaen"
"1068072","wittenberge",,"qacivutiun"
"1068073","wittenburg",,"qecuvaet"
"1068074","wittenham",,"aluqofet"
"1068075","wittenheim",,"iloqafet"
"1068076","wittens",,"qaciven"
"1068077","wittensville",,"aluqofole"
"1068078","wittensvilles",,"aluqofolin"
"1068079","witter",,"qiceu"
"1068080","wittered",,"olequqae"
"1068081","wittering",,"olequqat"
"1068082","witterly",,"uliqeqia"
"1068083","witterness",,"aluqoqete"
"1068084","witters",,"qicevot"
"1068085","wittersham",,"iloqaqena"
"1068086","witteth",,"iloqaea"
"1068087","wittgenstein",,"qocamihiet"
"1068088","wittgensteinean",,"aluqizodo"
"1068089","wittgensteineanism",,"iloqezadan"
"1068090","wittgensteinian",,"elaquzidin"
"1068091","wittgensteinianism",,"uliqozedet"
"1068092","wittgensteins",,"qocamihii"
"1068093","witthayakhom",,"iloqoretun"
"1068094","witticaster",,"uliqutudu"
"1068095","wittichenite",,"qucorisoi"
"1068096","wittichii",,"qucorien"
"1068097","witticise",,"iloqita"
"1068098","witticised",,"qocareu"
"1068099","witticises",,"iloqiten"
"1068100","witticising",,"qocaretion"
"1068101","witticism",,"oleqotat"
"1068102","witticisms",,"oleqote"
"1068103","witticist",,"qiceroi"
"1068104","witticize",,"qucoriin"
"1068105","wittie",,"iloqata"
"1068106","wittier",,"qicera"
"1068107","wittiest",,"qocariat"
"1068108","wittified",,"uliqume"
"1068109","wittig",,"aluqot"
"1068110","wittigian",,"qiceraat"
"1068111","wittilier",,"oleqozat"
"1068112","wittiliest",,"elaqezoa"
"1068113","wittily",,"qucore"
"1068114","wittiness",,"qaciruat"
"1068115","wittinesses",,"qucoripaen"
"1068116","witting",,"qocarun"
"1068117","wittingite",,"elaqefen"
"1068118","wittingl",,"elaqefot"
"1068119","wittinglier",,"qaciruruo"
"1068120","wittingliest",,"qucoririun"
"1068121","wittingly",,"iloqifet"
"1068122","wittings",,"qocareua"
"1068123","wittite",,"qocari"
"1068124","wittitrin",,"qecureon"
"1068125","wittle",,"qecuun"
"1068126","wittler",,"oleqao"
"1068127","wittmaack",,"iloqorot"
"1068128","wittman",,"qacizet"
"1068129","wittmann",,"iloqorota"
"1068130","wittmanns",,"iloqoro"
"1068131","wittmans",,"qacizoi"
"1068132","wittmer",,"qecuzu"
"1068133","wittmeyer",,"qocaziat"
"1068134","wittner",,"elaqean"
"1068135","wittol",,"qucoat"
"1068136","wittold",,"uliqaon"
"1068137","wittoldry",,"qecufio"
"1068138","wittolly",,"aluqezen"
"1068139","wittols",,"qucofe"
"1068140","wittome",,"iloquea"
"1068141","witton",,"qiceota"
"1068142","wittrock",,"qacicai"
"1068143","witts",,"uliqus"
"1068144","wittstock",,"qucoquot"
"1068145","wittwer",,"qecuge"
"1068146","witty",,"elaqot"
"1068147","witucki",,"qocesan"
"1068148","wituland",,"aluwira"
"1068149","witumki",,"qacuzi"
"1068150","witumkis",,"qacuzeat"
"1068151","witwal",,"oledot"
"1068152","witwall",,"qacenet"
"1068153","witwalls",,"qacenoi"
"1068154","witwanton",,"aludifet"
"1068155","witwantoned",,"qicunodaan"
"1068156","witwantoning",,"qicunodaa"
"1068157","witwantons",,"aludifi"
"1068158","witwatersrand",,"eladubaben"
"1068159","witwatersrands",,"eladubabon"
"1068160","witwer",,"oledin"
"1068161","witword",,"qucafat"
"1068162","witworm",,"iloduu"
"1068163","witz",,"elals"
"1068164","witzchoura",,"ulilure"
"1068165","witzel",,"qicoua"
"1068166","witzelsucht",,"qocevubaot"
"1068167","witzke",,"uliloe"
"1068168","witzy",,"ilolue"
"1068169","wive",,"qowe"
"1068170","wived",,"olitino"
"1068171","wivehood",,"qewaneot"
"1068172","wivehoods",,"qewaneo"
"1068173","wiveless",,"aletizot"
"1068174","wiveliscombe",,"qawuvubein"
"1068175","wivelsfield",,"quwivinaet"
"1068176","wively",,"ilutana"
"1068177","wivenhoe",,"qewapuot"
"1068178","wiver",,"ilutote"
"1068179","wivern",,"qawua"
"1068180","wiverns",,"qawucen"
"1068181","wivers",,"ilutani"
"1068182","wives",,"qoweq"
"1068183","wivesless",,"aletazo"
"1068184","wivestad",,"qoweqoon"
"1068185","wivina",,"olinas"
"1068186","wivinah",,"qowupat"
"1068187","wiving",,"olinene"
"1068188","wivinia",,"olinoeta"
"1068189","wivish",,"ulanone"
"1068190","wivout",,"ulapen"
"1068191","wivre",,"ilujai"
"1068192","wiwa",,"ulemla"
"1068193","wiwal",,"qobov"
"1068194","wiwaxia",,"qobokon"
"1068195","wiwi",,"ilanti"
"1068196","wixams",,"qedeun"
"1068197","wixford",,"elukoat"
"1068198","wixoe",,"qidev"
"1068199","wixom",,"qodaz"
"1068200","wixoms",,"qodaon"
"1068201","wixon",,"olapoti"
"1068202","wixson",,"olacai"
"1068203","wixted",,"qadiin"
"1068204","wiyat",,"qogow"
"1068205","wiyats",,"qogoena"
"1068206","wiyn",,"quge"
"1068207","wiyot",,"qigew"
"1068208","wiyots",,"qigein"
"1068209","wiz",,"qek"
"1068210","wizard",,"qokoo"
"1068211","wizardcraft",,"alamuvobon"
"1068212","wizarded",,"elemavon"
"1068213","wizarder",,"olomeva"
"1068214","wizardess",,"qekecein"
"1068215","wizardest",,"elemavat"
"1068216","wizardhood",,"qekeceen"
"1068217","wizarding",,"elemavin"
"1068218","wizardish",,"ilimova"
"1068219","wizardishness",,"qukucutaan"
"1068220","wizardism",,"qakacaan"
"1068221","wizardkind",,"qikicii"
"1068222","wizardless",,"alamuven"
"1068223","wizardlier",,"qakacaat"
"1068224","wizardliest",,"qukucupao"
"1068225","wizardlike",,"ulumive"
"1068226","wizardliness",,"qokocopio"
"1068227","wizardling",,"qukucuen"
"1068228","wizardly",,"ilimove"
"1068229","wizardries",,"olomevi"
"1068230","wizardry",,"alamuvin"
"1068231","wizards",,"qokocet"
"1068232","wizardship",,"qukucuo"
"1068233","wizardsv",,"elemavan"
"1068234","wizardy",,"qukuci"
"1068235","wize",,"qaku"
"1068236","wizely",,"eleteta"
"1068237","wizen",,"ilitinu"
"1068238","wizened",,"qekapat"
"1068239","wizenedness",,"ilitizeja"
"1068240","wizener",,"qokepet"
"1068241","wizenest",,"qekapou"
"1068242","wizening",,"qekapao"
"1068243","wizenner",,"alatafot"
"1068244","wizennest",,"ulutufana"
"1068245","wizens",,"ilitanu"
"1068246","wizes",,"qakuq"
"1068247","wizier",,"elenonu"
"1068248","wiziers",,"eleniana"
"1068249","wizlizenii",,"ilitinon"
"1068250","wizman",,"ilivat"
"1068251","wizmode",,"alaveu"
"1068252","wizs",,"qekia"
"1068253","wizz",,"ililna"
"1068254","wizzard",,"ululoo"
"1068255","wizzed",,"qekai"
"1068256","wizzen",,"qukion"
"1068257","wizzens",,"qukivan"
"1068258","wizzes",,"ololui"
"1068259","wizzing",,"qekarot"
"1068260","wizzled",,"alalie"
"1068261","wizzo",,"alaleni"
"1068262","wizzy",,"alaleno"
"1068263","wizzzer",,"ululeo"
"1068264","wjbaldwi",,"omumaven"
"1068265","wjhc",,"amore"
"1068266","wjlooeee",,"umapazon"
"1068267","wjls",,"imuc"
"1068268","wjmadden",,"umemavet"
"1068269","wjwegere",,"emituzan"
"1068270","wkbk",,"qamo"
"1068271","wkchan",,"inemat"
"1068272","wkend",,"anaze"
"1068273","wkid",,"qamei"
"1068274","wkim",,"onav"
"1068275","wkkk",,"onose"
"1068276","wkly",,"qesoo"
"1068277","wknd",,"enus"
"1068278","wksht",,"unoma"
"1068279","wksi",,"unona"
"1068280","wkst",,"qajeu"
"1068281","wkwu",,"eniwe"
"1068282","wladilen",,"urasuzi"
"1068283","wladimir",,"qalaraun"
"1068284","wladislaw",,"quluraa"
"1068285","wladyslaw",,"qeleloo"
"1068286","wladyslaws",,"qeleloet"
"1068287","wlaf",,"eroka"
"1068288","wlan",,"orizta"
"1068289","wlans",,"orizou"
"1068290","wlatful",,"iruqaua"
"1068291","wlatsome",,"iruqihu"
"1068292","wldflckn",,"qoriviin"
"1068293","wldr",,"qerua"
"1068294","wlecche",,"ororoin"
"1068295","wled",,"orosru"
"1068296","wlee",,"qusau"
"1068297","wlench",,"qisoae"
"1068298","wlhi",,"urens"
"1068299","wlity",,"ariqes"
"1068300","wljarrol",,"qinacian"
"1068301","wlnp",,"qavei"
"1068302","wlodarczyk",,"urisoqata"
"1068303","wlodimir",,"qezereon"
"1068304","wlog",,"quzeu"
"1068305","wloka",,"qizun"
"1068306","wlonkhede",,"aruzoren"
"1068307","wlrg",,"aroln"
"1068308","wltm",,"erave"
"1068309","wltp",,"qocie"
"1068310","wmaf",,"quluu"
"1068311","wmata",,"qilon"
"1068312","wmba",,"qimui"
"1068313","wmbr",,"useje"
"1068314","wmcg",,"usoln"
"1068315","wmcs",,"isecte"
"1068316","wmds",,"qerue"
"1068317","wmemall",,"isivee"
"1068318","wmemfree",,"asavoqot"
"1068319","wmhesse",,"qalaqe"
"1068320","wmich",,"qomane"
"1068321","wmkd",,"qaru"
"1068322","wmlscript",,"isuciqo"
"1068323","wmms",,"esicni"
"1068324","wmos",,"asucta"
"1068325","wmpte",,"isiqa"
"1068326","wmsc",,"isert"
"1068327","wmscr",,"qojace"
"1068328","wmsl",,"qajen"
"1068329","wnba",,"utems"
"1068330","wnbaer",,"qimiun"
"1068331","wnbr",,"qimun"
"1068332","wnek",,"qasuo"
"1068333","wnewman",,"etedai"
"1068334","wngmi",,"qekor"
"1068335","wntd",,"qecua"
"1068336","wntless",,"qucuvat"
"1068337","wnuk",,"qaqu"
"1068338","wnws",,"qaboa"
"1068339","wnyosi",,"qegue"
"1068340","wnysamis",,"qiganeen"
"1068341","wo",,"ovo"
"1068342","woad",,"qilao"
"1068343","woaded",,"evosaa"
"1068344","woaden",,"uvasot"
"1068345","woader",,"oviseu"
"1068346","woadie",,"qoluan"
"1068347","woading",,"evoseat"
"1068348","woadman",,"uvasien"
"1068349","woads",,"qilaqi"
"1068350","woadster",,"qoluqee"
"1068351","woadwax",,"uvasiaa"
"1068352","woadwaxen",,"qeligoen"
"1068353","woadwaxens",,"qeligoon"
"1068354","woadwaxes",,"ivusoruna"
"1068355","woady",,"qalol"
"1068356","woah",,"qulun"
"1068357","woahjack",,"ivumurina"
"1068358","woak",,"ovisra"
"1068359","woakes",,"evoseta"
"1068360","woald",,"evotora"
"1068361","woalds",,"evoteti"
"1068362","woan",,"qeloe"
"1068363","woat",,"qilau"
"1068364","wobafgkm",,"ivamanaa"
"1068365","wobbegong",,"qumuvaon"
"1068366","wobbegongs",,"qumuvaan"
"1068367","wobble",,"qemein"
"1068368","wobbleboard",,"uvenozacat"
"1068369","wobbled",,"avoniun"
"1068370","wobblefats",,"qimivie"
"1068371","wobblemeat",,"ivanezin"
"1068372","wobbler",,"evinuon"
"1068373","wobblers",,"evinuzan"
"1068374","wobbles",,"qemeva"
"1068375","wobblesome",,"qamavain"
"1068376","wobblette",,"qumuvua"
"1068377","wobblier",,"evinusat"
"1068378","wobblies",,"qemevuet"
"1068379","wobbliest",,"avoniso"
"1068380","wobblily",,"ovunaset"
"1068381","wobbliness",,"ivaneso"
"1068382","wobblinesses",,"ovunasufe"
"1068383","wobbling",,"avonisena"
"1068384","wobblingly",,"qemevuu"
"1068385","wobblings",,"avonisone"
"1068386","wobblish",,"ovunasona"
"1068387","wobbly",,"qumue"
"1068388","wobblychops",,"qimivovoot"
"1068389","wobblys",,"qumuvin"
"1068390","wobbulate",,"avonozot"
"1068391","wobbulated",,"qamabee"
"1068392","wobbulates",,"avonozo"
"1068393","wobbulating",,"qamabeseet"
"1068394","wobbulation",,"qemebosou"
"1068395","wobbulator",,"qumubaon"
"1068396","wobby",,"avonere"
"1068397","wobbygong",,"qomolien"
"1068398","wobegon",,"ovutaoa"
"1068399","wobegone",,"evituhat"
"1068400","wobegoneness",,"qimemohaa"
"1068401","wobegonish",,"qimemoa"
"1068402","wobegons",,"ovutahet"
"1068403","wobenzym",,"qemupeen"
"1068404","wobielab",,"qomiviu"
"1068405","wobla",,"ovutara"
"1068406","wobniar",,"qomiru"
"1068407","wobot",,"uvepas"
"1068408","wobster",,"qomiwun"
"1068409","wobulate",,"qamiveat"
"1068410","wobulated",,"uveworon"
"1068411","wobulates",,"qamivee"
"1068412","wobulating",,"uveworin"
"1068413","wobulation",,"avowiri"
"1068414","wobulator",,"ivawerot"
"1068415","woburn",,"qamii"
"1068416","woburns",,"qamicat"
"1068417","woca",,"ivemre"
"1068418","wocas",,"iveminu"
"1068419","wocbp",,"uvoneno"
"1068420","wocheinite",,"qinivein"
"1068421","wochua",,"qinien"
"1068422","wochuas",,"qinibon"
"1068423","wock",,"evusra"
"1068424","wocks",,"evuseta"
"1068425","wocsrm",,"qenoa"
"1068426","woctor",,"uvoqoo"
"1068427","wocus",,"evuwee"
"1068428","wodaabe",,"ivomeon"
"1068429","wodahs",,"ivomane"
"1068430","wodahsht",,"ivomowin"
"1068431","wodan",,"avumata"
"1068432","wodanium",,"ovemoset"
"1068433","wodans",,"avumune"
"1068434","wodden",,"qiraa"
"1068435","woddie",,"avusate"
"1068436","wode",,"qerui"
"1068437","wodehouse",,"evatahun"
"1068438","wodehousean",,"qarinugaa"
"1068439","wodehouses",,"evatahu"
"1068440","wodehousian",,"qerunageu"
"1068441","wodeleie",,"ovetazaa"
"1068442","woden",,"ivotita"
"1068443","wodenism",,"evatesun"
"1068444","wodenisms",,"evatesua"
"1068445","wodenist",,"qirepean"
"1068446","wodens",,"ivotite"
"1068447","wodewose",,"qariguana"
"1068448","wodge",,"qorev"
"1068449","wodges",,"qoreat"
"1068450","wodgil",,"evalane"
"1068451","wodginite",,"quriroi"
"1068452","wodgy",,"qarul"
"1068453","wodie",,"qerov"
"1068454","wodjil",,"qaroat"
"1068455","wodonga",,"ivopie"
"1068456","wodzinski",,"qariria"
"1068457","wodzynski",,"qoralao"
"1068458","woebegon",,"eveninat"
"1068459","woebegone",,"avanonae"
"1068460","woebegonely",,"qesevojeun"
"1068461","woebegoneness",,"qosovijoan"
"1068462","woebegonenesses",,"qesevojeo"
"1068463","woebegonish",,"qosovijoana"
"1068464","woebetide",,"qusuviot"
"1068465","woefare",,"ivikeat"
"1068466","woeful",,"avakua"
"1068467","woefuller",,"ivikaza"
"1068468","woefullest",,"ovokuzat"
"1068469","woefullier",,"ivikazet"
"1068470","woefulliest",,"ovokuzovu"
"1068471","woefully",,"qesuboi"
"1068472","woefulness",,"qosabiet"
"1068473","woefulnesses",,"qesubohiin"
"1068474","woegeous",,"ovoluhen"
"1068475","woegeously",,"qisovou"
"1068476","woehick",,"qeseret"
"1068477","woehler",,"qasavat"
"1068478","woehlerite",,"ivimezo"
"1068479","woehrle",,"qasacat"
"1068480","woeless",,"qusivin"
"1068481","woelfel",,"qusilaa"
"1068482","woeness",,"qisuvet"
"1068483","woenesses",,"qosivain"
"1068484","woensdrecht",,"qisuqowau"
"1068485","woerden",,"qisiten"
"1068486","woermer",,"uvujien"
"1068487","woerner",,"qusupin"
"1068488","woes",,"evecda"
"1068489","woeseian",,"qusavoa"
"1068490","woeshc",,"qosiat"
"1068491","woesian",,"qaserat"
"1068492","woesome",,"avaceu"
"1068493","woessner",,"ivicife"
"1068494","woeste",,"qaseeta"
"1068495","woevine",,"evebei"
"1068496","woewearied",,"ividaru"
"1068497","woewof",,"qisiet"
"1068498","woeworn",,"uvudaet"
"1068499","wofare",,"uvumoi"
"1068500","woff",,"avakne"
"1068501","woffington",,"qigereon"
"1068502","woffingtons",,"qigereruan"
"1068503","woffler",,"ivikein"
"1068504","woffles",,"qigevat"
"1068505","wofford",,"ovokiet"
"1068506","wofs",,"qugaa"
"1068507","woft",,"iviqti"
"1068508","woftam",,"ovoqai"
"1068509","woful",,"evewua"
"1068510","wofull",,"qagiun"
"1068511","wofuller",,"uvuwozat"
"1068512","wofullest",,"iviwezo"
"1068513","wofully",,"qogavot"
"1068514","wofulness",,"qigeveu"
"1068515","wofulnesses",,"qogavapoi"
"1068516","wofulnesss",,"qigeveot"
"1068517","wog",,"ivus"
"1068518","wogan",,"qokepa"
"1068519","wogans",,"qokee"
"1068520","wogball",,"qokonin"
"1068521","wogbox",,"ivunate"
"1068522","wogeman",,"qukoza"
"1068523","woggabaliri",,"qekanisua"
"1068524","wogged",,"qikoeta"
"1068525","woggin",,"qokeot"
"1068526","wogging",,"qikoru"
"1068527","woggish",,"qakurot"
"1068528","woggle",,"qokeu"
"1068529","woggled",,"evoluat"
"1068530","woggles",,"qokevot"
"1068531","woggling",,"evoluso"
"1068532","woggy",,"evolot"
"1068533","woghness",,"avemazen"
"1068534","wogiet",,"qokie"
"1068535","wogland",,"qakunun"
"1068536","wogonin",,"avepaen"
"1068537","wogonoside",,"ivupihet"
"1068538","wogs",,"ivuclu"
"1068539","wogspeak",,"qukahuen"
"1068540","wogul",,"qekuv"
"1068541","wogulian",,"uvawosuna"
"1068542","wogulians",,"uvawosu"
"1068543","wohcazts",,"qalenaun"
"1068544","wohcca",,"qulae"
"1068545","wohccc",,"qiluo"
"1068546","wohcfa",,"avoruu"
"1068547","wohcfp",,"qeloen"
"1068548","wohct",,"ovuri"
"1068549","wohelo",,"ovutare"
"1068550","wohl",,"evittu"
"1068551","wohlac",,"ovutoto"
"1068552","wohlen",,"qiloon"
"1068553","wohler",,"qelao"
"1068554","wohlerite",,"uvetequn"
"1068555","wohlert",,"avotoot"
"1068556","wohlfahrtia",,"avotorebu"
"1068557","wohlfahrtiosis",,"evitiroba"
"1068558","wohlfart",,"qulilaon"
"1068559","wohlford",,"qaluluot"
"1068560","wohlgemuth",,"ivatezi"
"1068561","wohlwend",,"avotuza"
"1068562","wohta",,"ivaqes"
"1068563","woibe",,"qomove"
"1068564","woid",,"qomui"
"1068565","woidre",,"evusete"
"1068566","woilie",,"qamuat"
"1068567","woippy",,"ovafae"
"1068568","woiwode",,"qemefo"
"1068569","woiwodes",,"qemefaet"
"1068570","woiworung",,"avideqi"
"1068571","woiwurrong",,"qemebiin"
"1068572","woiwurrung",,"qimibaa"
"1068573","woizerit",,"qimevaat"
"1068574","woizero",,"aviloin"
"1068575","wojahn",,"qenaen"
"1068576","wojak",,"qonet"
"1068577","wojapi",,"uvimete"
"1068578","wojcicki",,"qenoruan"
"1068579","wojciech",,"evarezun"
"1068580","wojcik",,"qenoen"
"1068581","wojdyla",,"qinalon"
"1068582","wojewod",,"avutuua"
"1068583","wojg",,"qinoa"
"1068584","wojnar",,"qenoo"
"1068585","wojnarowski",,"qanenojui"
"1068586","wojtas",,"oveqote"
"1068587","wojtaszek",,"qonunaa"
"1068588","wojtek",,"uviqen"
"1068589","wojtowicz",,"qinafae"
"1068590","wojty",,"ivoqunu"
"1068591","wojtyla",,"qinali"
"1068592","wojtylas",,"qinaluat"
"1068593","wojus",,"qenuq"
"1068594","wojusly",,"evaweat"
"1068595","wojwode",,"avudeu"
"1068596","wok",,"evedi"
"1068597","wokas",,"ovomora"
"1068598","woke",,"avatre"
"1068599","woked",,"qarit"
"1068600","wokedom",,"qaritat"
"1068601","wokefest",,"avatoza"
"1068602","wokefish",,"ovotusan"
"1068603","wokefished",,"qerulue"
"1068604","wokefishes",,"evetisoe"
"1068605","wokefishing",,"qerulubaet"
"1068606","wokeipedia",,"evetejin"
"1068607","wokeish",,"qeruron"
"1068608","wokeism",,"ivitiua"
"1068609","wokeist",,"qarirun"
"1068610","wokeistan",,"ivitiwa"
"1068611","wokejoshi",,"ovotihun"
"1068612","wokel",,"qurov"
"1068613","wokeland",,"qoraviin"
"1068614","wokelash",,"avatiro"
"1068615","wokeling",,"ovotasan"
"1068616","wokely",,"qeruaa"
"1068617","woken",,"qirep"
"1068618","wokened",,"eveteon"
"1068619","wokeness",,"qorapoin"
"1068620","wokening",,"evetesina"
"1068621","wokens",,"qireet"
"1068622","wokepedia",,"evetizun"
"1068623","woker",,"qeruc"
"1068624","wokerati",,"evetarun"
"1068625","wokery",,"qireena"
"1068626","wokescold",,"avatato"
"1068627","wokescolded",,"quroqojoon"
"1068628","wokescolding",,"quroqojoin"
"1068629","wokescolds",,"avatatet"
"1068630","wokespeak",,"qeruqei"
"1068631","wokest",,"qarii"
"1068632","wokester",,"uvutubona"
"1068633","woketard",,"qeruwoen"
"1068634","woketopia",,"uvutahun"
"1068635","woketopian",,"qoraweon"
"1068636","woketurd",,"qurowua"
"1068637","wokewash",,"qarigee"
"1068638","wokewashed",,"ivitorot"
"1068639","wokewashes",,"qurogaon"
"1068640","wokewashing",,"ivitoratan"
"1068641","wokey",,"ovotiti"
"1068642","wokha",,"qirin"
"1068643","wokie",,"avanoni"
"1068644","wokification",,"qirulevean"
"1068645","wokified",,"evenisu"
"1068646","wokifies",,"qorilaen"
"1068647","wokify",,"qareuna"
"1068648","wokifying",,"ivinami"
"1068649","woking",,"qaree"
"1068650","wokingham",,"uvununot"
"1068651","wokings",,"qarepin"
"1068652","wokipedia",,"ovonuzi"
"1068653","wokism",,"uvunone"
"1068654","wokist",,"qeroena"
"1068655","wokka",,"evesui"
"1068656","woknajrc",,"qarenuu"
"1068657","woko",,"ivipra"
"1068658","wokou",,"ovopu"
"1068659","wokowi",,"evepan"
"1068660","woks",,"evecde"
"1068661","woku",,"avawna"
"1068662","wokus",,"avawai"
"1068663","wola",,"qosen"
"1068664","wolaegcj",,"evominun"
"1068665","wolaita",,"ovimooa"
"1068666","wolaitan",,"qasuruu"
"1068667","wolaitta",,"qosereot"
"1068668","wolak",,"qesate"
"1068669","wolastoqey",,"avemabet"
"1068670","wolastoqiyik",,"avemabiwin"
"1068671","wolayita",,"uvamasi"
"1068672","wolayta",,"uvamaen"
"1068673","wolaytatuwa",,"qoselesien"
"1068674","wolaytta",,"qusilia"
"1068675","wolayttatto",,"qasuludio"
"1068676","wolayttattuwa",,"qesaladuin"
"1068677","wolbach",,"qisinon"
"1068678","wolbachia",,"qusunoet"
"1068679","wolbachial",,"ovinatat"
"1068680","wolbachs",,"qisinean"
"1068681","wolber",,"qeseot"
"1068682","wolbers",,"qesevo"
"1068683","wolbert",,"avenou"
"1068684","wolbrom",,"qosocin"
"1068685","wolchonskoite",,"averuhoda"
"1068686","wolcott",,"qosifu"
"1068687","wolcottville",,"evorobulon"
"1068688","wolcottvilles",,"evorobulan"
"1068689","wold",,"avesta"
"1068690","woldbye",,"qosurat"
"1068691","wolde",,"uvaset"
"1068692","woldemariam",,"qisavasoot"
"1068693","wolden",,"qosuat"
"1068694","wolder",,"qasoona"
"1068695","woldes",,"uvasao"
"1068696","woldingham",,"ivusifi"
"1068697","woldlike",,"qosuvaa"
"1068698","wolds",,"avesan"
"1068699","woldsman",,"qosuquot"
"1068700","woldss",,"aveseo"
"1068701","woldt",,"qasow"
"1068702","woldy",,"ovisin"
"1068703","wole",,"qasii"
"1068704","woleai",,"qesua"
"1068705","woleaian",,"uvatosia"
"1068706","wolenik",,"evoteuna"
"1068707","wolf",,"ovikne"
"1068708","wolfaboo",,"qisenaun"
"1068709","wolfachite",,"ovikatun"
"1068710","wolfbane",,"avekura"
"1068711","wolfbanes",,"avekuren"
"1068712","wolfberg",,"ivukozot"
"1068713","wolfberries",,"qosarowei"
"1068714","wolfberry",,"qasiraina"
"1068715","wolfcall",,"avekaren"
"1068716","wolfcampian",,"evokeroqet"
"1068717","wolfcastle",,"avekaron"
"1068718","wolfcoal",,"qusosiet"
"1068719","wolfcoals",,"qusosii"
"1068720","wolfcoat",,"qasisuu"
"1068721","wolfcub",,"qosasu"
"1068722","wolfcut",,"qesuset"
"1068723","wolfdale",,"avekera"
"1068724","wolfdog",,"qasitu"
"1068725","wolfdom",,"qosatot"
"1068726","wolfe",,"evokie"
"1068727","wolfean",,"qasivun"
"1068728","wolfeana",,"qesuvoon"
"1068729","wolfeboro",,"evokisin"
"1068730","wolfeboros",,"evokisa"
"1068731","wolfed",,"qesuaa"
"1068732","wolfeite",,"qasiviu"
"1068733","wolfen",,"qusoota"
"1068734","wolfenb",,"uvakeon"
"1068735","wolfenbarger",,"evokifotet"
"1068736","wolfenden",,"qasiviin"
"1068737","wolfenstein",,"qasivibeon"
"1068738","wolfer",,"qosae"
"1068739","wolfers",,"qosavin"
"1068740","wolfert",,"evokiat"
"1068741","wolferton",,"qesuviun"
"1068742","wolfes",,"evokii"
"1068743","wolfess",,"evokiata"
"1068744","wolff",,"qusol"
"1068745","wolffe",,"qiseia"
"1068746","wolffia",,"qasilin"
"1068747","wolffiae",,"qusoloon"
"1068748","wolffian",,"ovikusat"
"1068749","wolffianism",,"avekosajot"
"1068750","wolffianisms",,"avekosajo"
"1068751","wolffians",,"ovikuse"
"1068752","wolffias",,"qasilia"
"1068753","wolffiella",,"qesuluota"
"1068754","wolffiellae",,"qasilipii"
"1068755","wolffiellas",,"qesulupuo"
"1068756","wolffish",,"uvakesin"
"1068757","wolffishes",,"ivukasan"
"1068758","wolffishs",,"uvakesa"
"1068759","wolfforth",,"evokihen"
"1068760","wolfforths",,"evokihon"
"1068761","wolffs",,"qusoo"
"1068762","wolfgang",,"qisemuin"
"1068763","wolfgangs",,"qisemua"
"1068764","wolfgram",,"qisemau"
"1068765","wolfgramm",,"qesumiu"
"1068766","wolfhamcote",,"ovikerizu"
"1068767","wolfhampcote",,"qusonafein"
"1068768","wolfhard",,"qusonaet"
"1068769","wolfhill",,"qasinien"
"1068770","wolfhood",,"evokahin"
"1068771","wolfhoun",,"evokahot"
"1068772","wolfhound",,"qesunae"
"1068773","wolfhounds",,"qesunain"
"1068774","wolfhunter",,"ivukodon"
"1068775","wolfian",,"qesuri"
"1068776","wolfiana",,"qosarioa"
"1068777","wolfians",,"qesuroat"
"1068778","wolfie",,"evokan"
"1068779","wolfiness",,"qusoroan"
"1068780","wolfing",,"qesurat"
"1068781","wolfinger",,"avekafan"
"1068782","wolfings",,"qesurue"
"1068783","wolfish",,"qisere"
"1068784","wolfisher",,"ovikowun"
"1068785","wolfishest",,"evokewen"
"1068786","wolfishly",,"ivukiwon"
"1068787","wolfishness",,"uvakuwajen"
"1068788","wolfishnesses",,"ivukiwuju"
"1068789","wolfishnesss",,"uvakuwajon"
"1068790","wolfit",,"qosaina"
"1068791","wolfits",,"qosara"
"1068792","wolfkill",,"ivukaset"
"1068793","wolfkin",,"qusoton"
"1068794","wolfkind",,"ivukaso"
"1068795","wolfkins",,"qusotoan"
"1068796","wolfland",,"qusovaet"
"1068797","wolfless",,"qasivain"
"1068798","wolflessness",,"evokuzidon"
"1068799","wolfley",,"qosavina"
"1068800","wolflike",,"qusovoi"
"1068801","wolfliker",,"uvakosina"
"1068802","wolflikest",,"ivukesi"
"1068803","wolfling",,"uvakosine"
"1068804","wolflings",,"uvakosa"
"1068805","wolfly",,"qiseie"
"1068806","wolfman",,"qusozena"
"1068807","wolfmans",,"qusozaon"
"1068808","wolfmen",,"qosazot"
"1068809","wolford",,"uvakai"
"1068810","wolfort",,"uvakaan"
"1068811","wolfowitz",,"ivukuken"
"1068812","wolfpack",,"qusohaet"
"1068813","wolfpacked",,"ovikuran"
"1068814","wolfpacking",,"ovikurupa"
"1068815","wolfpen",,"avekoaa"
"1068816","wolfpens",,"avekozen"
"1068817","wolfproof",,"qasihoet"
"1068818","wolfpup",,"uvakean"
"1068819","wolfram",,"qosacot"
"1068820","wolframalpha",,"uvakiratet"
"1068821","wolframate",,"evokarot"
"1068822","wolframates",,"evokaroto"
"1068823","wolframatian",,"qesucofuo"
"1068824","wolframian",,"avekurat"
"1068825","wolframic",,"qosaciet"
"1068826","wolframin",,"uvakirin"
"1068827","wolframine",,"ivukoron"
"1068828","wolframinium",,"evokarovun"
"1068829","wolframite",,"avekuran"
"1068830","wolframites",,"avekurevun"
"1068831","wolframium",,"qusocae"
"1068832","wolframiums",,"qusocafuin"
"1068833","wolframophosphate",,"uvakiraco"
"1068834","wolframs",,"qosacio"
"1068835","wolfride",,"evokase"
"1068836","wolfring",,"evokasa"
"1068837","wolfrings",,"evokasen"
"1068838","wolfs",,"ovikoe"
"1068839","wolfsangel",,"uvakurota"
"1068840","wolfsbane",,"avekasen"
"1068841","wolfsbanes",,"avekason"
"1068842","wolfsbergite",,"qosaqupeun"
"1068843","wolfsburg",,"ivukisen"
"1068844","wolfsburgs",,"ivukison"
"1068845","wolfscastle",,"avekatadan"
"1068846","wolfsegg",,"ivukizoa"
"1068847","wolfshit",,"ovikorata"
"1068848","wolfsicle",,"qasiqia"
"1068849","wolfsie",,"evokeun"
"1068850","wolfskin",,"qusoquan"
"1068851","wolfskins",,"qusoquun"
"1068852","wolfsmilk",,"qiseqao"
"1068853","wolfson",,"qosaqa"
"1068854","wolfsona",,"qiseqoe"
"1068855","wolfspeak",,"qiseqiu"
"1068856","wolfspitz",,"qasiqao"
"1068857","wolfsrudel",,"qusoqean"
"1068858","wolfsson",,"qosaqaen"
"1068859","wolfstar",,"ivukibot"
"1068860","wolfstein",,"ivukiben"
"1068861","wolftaur",,"ovikiron"
"1068862","wolftonite",,"qasiwuet"
"1068863","wolftown",,"uvakahun"
"1068864","wolftowns",,"uvakahu"
"1068865","wolfville",,"qosadaon"
"1068866","wolfwalkers",,"ivukoripi"
"1068867","wolfward",,"evokarun"
"1068868","wolfwards",,"evokaru"
"1068869","wolfwere",,"qusoguo"
"1068870","wolfwhelp",,"qasigoo"
"1068871","wolfwhistle",,"qisegatiet"
"1068872","wolfwhistled",,"ovikeruda"
"1068873","wolfwhistles",,"qisegatii"
"1068874","wolfwhistling",,"ovikerudat"
"1068875","wolfwoman",,"qusogian"
"1068876","wolfwood",,"qusogiet"
"1068877","wolfy",,"uvaka"
"1068878","wolgal",,"evolan"
"1068879","wolgamott",,"qosenuet"
"1068880","wolgan",,"avelin"
"1068881","wolgast",,"ovilaen"
"1068882","wolgidite",,"qasurua"
"1068883","wolhynia",,"qosolao"
"1068884","wolin",,"ivuniso"
"1068885","wolinella",,"avenazon"
"1068886","woliner",,"qisupan"
"1068887","wolinian",,"qosipaen"
"1068888","wolinski",,"ovinowata"
"1068889","wolio",,"qisufa"
"1068890","wolk",,"qasio"
"1068891","wolken",,"evosit"
"1068892","wolkow",,"qasiate"
"1068893","wolkowicz",,"evosokin"
"1068894","woll",,"uvatnu"
"1068895","wollacott",,"evotutu"
"1068896","wollam",,"ivutuno"
"1068897","wollamide",,"qosenuo"
"1068898","wollangambe",,"ovitafote"
"1068899","wollar",,"qesao"
"1068900","wollard",,"avetiin"
"1068901","wollaston",,"uvatowe"
"1068902","wollastonite",,"qisoneduet"
"1068903","wollastonites",,"qisonedui"
"1068904","wollastonitic",,"qusinodao"
"1068905","wollastons",,"uvatowin"
"1068906","wollaton",,"uvatobat"
"1068907","wollemi",,"evotiun"
"1068908","wollenberg",,"qosevaet"
"1068909","woller",,"qusiin"
"1068910","wollert",,"ivutaea"
"1068911","wolley",,"aveteu"
"1068912","wolli",,"uvatuti"
"1068913","wollie",,"ivutunu"
"1068914","wollies",,"ivutiua"
"1068915","wollin",,"qosein"
"1068916","wollis",,"uvatonn"
"1068917","wollman",,"qesazon"
"1068918","wollner",,"evoteat"
"1068919","wollny",,"qusiot"
"1068920","wollock",,"aveteaa"
"1068921","wollof",,"qisoan"
"1068922","wollogorang",,"uvatanobet"
"1068923","wollomai",,"avetepeta"
"1068924","wollombi",,"qasufoot"
"1068925","wollomombi",,"qasufoon"
"1068926","wollondilly",,"ovitifavot"
"1068927","wollongbar",,"qosefai"
"1068928","wollongong",,"avetefu"
"1068929","wollongongs",,"avetefacot"
"1068930","wollop",,"qisoi"
"1068931","wolloped",,"evotojun"
"1068932","wolloping",,"evotojen"
"1068933","wollops",,"qisofat"
"1068934","wollschlager",,"qasuqisian"
"1068935","wollstonecraft",,"qasuqujae"
"1068936","wollstonecraftian",,"ivutibejon"
"1068937","wollstonecrafts",,"qasuqujain"
"1068938","wollun",,"qesaen"
"1068939","wolly",,"evotore"
"1068940","wollys",,"evotis"
"1068941","wolman",,"ovivae"
"1068942","wolno",,"avezeo"
"1068943","wolof",,"uvapee"
"1068944","woloff",,"qesiona"
"1068945","wolofs",,"uvapona"
"1068946","wolog",,"qusem"
"1068947","wolong",,"evopata"
"1068948","wolosed",,"evopeia"
"1068949","woloson",,"ovipoet"
"1068950","woloszczuk",,"qusequi"
"1068951","woloszyn",,"qusequen"
"1068952","wolp",,"ovifna"
"1068953","wolper",,"qosaun"
"1068954","wolpert",,"evofian"
"1068955","wolpertinger",,"uvafeqoven"
"1068956","wolphin",,"avefuen"
"1068957","wolse",,"qaseva"
"1068958","wolseley",,"uvacezon"
"1068959","wolseleys",,"uvacezan"
"1068960","wolsey",,"qosiata"
"1068961","wolseys",,"qosive"
"1068962","wolsingham",,"qusarou"
"1068963","wolski",,"qaseuni"
"1068964","wolsky",,"qosiea"
"1068965","wolstencroft",,"avecezoze"
"1068966","wolstenholme",,"qasewahuan"
"1068967","wolston",,"qasewe"
"1068968","wolstoncroft",,"ivucuhazun"
"1068969","wolstonian",,"ivucuhon"
"1068970","wolsztyn",,"evocibun"
"1068971","wolt",,"aveqto"
"1068972","woltatbt",,"qesinaet"
"1068973","wolter",,"qasoi"
"1068974","wolterstorff",,"qasovobeat"
"1068975","wolterstorffs",,"qasovobee"
"1068976","woltjer",,"uvaqaon"
"1068977","woltman",,"qosuzin"
"1068978","wolumla",,"oviween"
"1068979","wolv",,"uvabn"
"1068980","wolve",,"ivubaa"
"1068981","wolveboon",,"avebosen"
"1068982","wolved",,"qisooa"
"1068983","wolven",,"qesaaa"
"1068984","wolver",,"qusiu"
"1068985","wolvercote",,"uvabeqat"
"1068986","wolverene",,"uvabeqi"
"1068987","wolverenes",,"uvabeqata"
"1068988","wolverhampton",,"qusivesoa"
"1068989","wolverin",,"evobiqe"
"1068990","wolverine",,"aveboqen"
"1068991","wolverinemammal",,"qasuvotain"
"1068992","wolverines",,"aveboqon"
"1068993","wolvering",,"ovibuqat"
"1068994","wolverley",,"ivubaqin"
"1068995","wolveroa",,"qosevuin"
"1068996","wolvers",,"qusivot"
"1068997","wolverton",,"qisovae"
"1068998","wolvertons",,"qisovain"
"1068999","wolves",,"ivubane"
"1069000","wolvess",,"ivubaun"
"1069001","wolvey",,"avebun"
"1069002","wolvie",,"ivubat"
"1069003","wolving",,"qisorun"
"1069004","wolvings",,"qisoreu"
"1069005","wolvish",,"qasurue"
"1069006","wolvishly",,"avebawi"
"1069007","wolyn",,"avekae"
"1069008","wolynetz",,"avekazot"
"1069009","wolyniec",,"uvakusi"
"1069010","woma",,"evimru"
"1069011","womac",,"evimeto"
"1069012","womack",,"avomeu"
"1069013","womad",,"qetat"
"1069014","woman",,"qutip"
"1069015","womana",,"qatui"
"1069016","womanager",,"avomaren"
"1069017","womanbodies",,"qatupojeo"
"1069018","womanbody",,"qitopaat"
"1069019","womance",,"qitopet"
"1069020","womanced",,"ovumota"
"1069021","womancentric",,"avomatujat"
"1069022","womances",,"qitopei"
"1069023","womanchild",,"ovumotun"
"1069024","womancing",,"ovumotata"
"1069025","womandom",,"ivamivin"
"1069026","womandrake",,"qitopoe"
"1069027","womaned",,"ovumoot"
"1069028","womaner",,"ivamiuna"
"1069029","womanese",,"qotepou"
"1069030","womanesque",,"qotepoo"
"1069031","womanest",,"ovumozen"
"1069032","womanface",,"avomamo"
"1069033","womanflesh",,"ivamimon"
"1069034","womanfolk",,"qatupaen"
"1069035","womanfriend",,"qotepowoan"
"1069036","womanful",,"qitopie"
"1069037","womanfully",,"ivamimona"
"1069038","womanhandle",,"qatuposaen"
"1069039","womanhandled",,"uvemurujot"
"1069040","womanhandles",,"qatuposaon"
"1069041","womanhandling",,"uvemurujan"
"1069042","womanhater",,"uvemure"
"1069043","womanhating",,"ivamirigat"
"1069044","womanhead",,"qutipeen"
"1069045","womanhearted",,"qitopapeot"
"1069046","womanhoo",,"ivamira"
"1069047","womanhood",,"qitopau"
"1069048","womanhoods",,"qitopaot"
"1069049","womanhouse",,"uvemuru"
"1069050","womanhunt",,"avomarona"
"1069051","womanhunting",,"qutipeguo"
"1069052","womanifesto",,"qetapuniot"
"1069053","womaning",,"ovumosan"
"1069054","womanipulation",,"qitopecae"
"1069055","womanisation",,"qutipoboot"
"1069056","womanisations",,"qutipoboo"
"1069057","womanise",,"qitopeat"
"1069058","womanised",,"ovumoson"
"1069059","womaniser",,"ivamisa"
"1069060","womanisers",,"ivamisen"
"1069061","womanises",,"qitopee"
"1069062","womanish",,"uvemusun"
"1069063","womanishly",,"qatupiet"
"1069064","womanishness",,"qetapubao"
"1069065","womanishnesses",,"qatupibue"
"1069066","womanishnesss",,"qetapubaet"
"1069067","womanising",,"ovumosine"
"1069068","womanisings",,"ovumosuva"
"1069069","womanism",,"qotepao"
"1069070","womanisms",,"qotepaet"
"1069071","womanist",,"ivamisota"
"1069072","womanistic",,"ivamiset"
"1069073","womanists",,"ivamiso"
"1069074","womanity",,"avomaso"
"1069075","womanization",,"avomasutu"
"1069076","womanizations",,"avomasutot"
"1069077","womanize",,"uvemusi"
"1069078","womanized",,"qutipoen"
"1069079","womanizer",,"qatupiin"
"1069080","womanizers",,"qatupia"
"1069081","womanizes",,"uvemusat"
"1069082","womanizin",,"qitopein"
"1069083","womanizing",,"qutipoe"
"1069084","womanizings",,"qutiporuin"
"1069085","womankin",,"avomavet"
"1069086","womankind",,"qatupaa"
"1069087","womankindes",,"qutiputuun"
"1069088","womankinds",,"qatupaena"
"1069089","womanless",,"evimezue"
"1069090","womanlessness",,"qitopupiet"
"1069091","womanlier",,"qotepien"
"1069092","womanliest",,"qetapoe"
"1069093","womanlihood",,"evimeziton"
"1069094","womanlike",,"avomazon"
"1069095","womanlikeness",,"qotepituu"
"1069096","womanlikes",,"avomazan"
"1069097","womanlily",,"qitopuin"
"1069098","womanliness",,"qutipatue"
"1069099","womanlinesses",,"qitopution"
"1069100","womanlover",,"ovumozat"
"1069101","womanly",,"uvemuon"
"1069102","womanmuckle",,"ovumopeze"
"1069103","womannap",,"qutipoena"
"1069104","womannapped",,"qutiposean"
"1069105","womannapping",,"qutiposea"
"1069106","womannaps",,"qutipoon"
"1069107","womanned",,"qatupiun"
"1069108","womanner",,"qetapuon"
"1069109","womanness",,"avomafen"
"1069110","womannesses",,"uvemufidu"
"1069111","womannesss",,"avomafon"
"1069112","womannest",,"qatupiina"
"1069113","womanning",,"qatupien"
"1069114","womannish",,"qotepaon"
"1069115","womanology",,"uvemuhot"
"1069116","womanosphere",,"evimehiqet"
"1069117","womanpost",,"qotepoen"
"1069118","womanpower",,"qatupaaa"
"1069119","womanpowers",,"qatupajuen"
"1069120","womanproof",,"evimejen"
"1069121","womans",,"qutiin"
"1069122","womanscent",,"qatupiot"
"1069123","womanservant",,"qatupipuet"
"1069124","womanship",,"qetapue"
"1069125","womanslaughter",,"qitopepeat"
"1069126","womanslayer",,"qatupipio"
"1069127","womanspeak",,"uvemuwe"
"1069128","womansplain",,"ovumowefin"
"1069129","womansplained",,"qetapucuo"
"1069130","womansplaining",,"qetapucuun"
"1069131","womansplains",,"ovumowefa"
"1069132","womanspreading",,"qutipocio"
"1069133","womanthrope",,"qotepesean"
"1069134","womantic",,"ivamibina"
"1069135","womanward",,"qitopaata"
"1069136","womanways",,"qatupou"
"1069137","womanwise",,"qetapian"
"1069138","womb",,"qetee"
"1069139","wombadelia",,"qatanuin"
"1069140","wombadelic",,"qutuniet"
"1069141","womban",,"uvenou"
"1069142","wombarra",,"qutunea"
"1069143","wombat",,"evinett"
"1069144","wombatish",,"qotoneen"
"1069145","wombatlike",,"qitinoin"
"1069146","wombats",,"evinuia"
"1069147","wombchild",,"uvenurun"
"1069148","wombed",,"uvenote"
"1069149","wombelano",,"qutuvaet"
"1069150","wombeyan",,"avonomin"
"1069151","wombful",,"qatale"
"1069152","wombgate",,"evinurat"
"1069153","wombier",,"avonain"
"1069154","wombiest",,"uvenuzi"
"1069155","wombing",,"uvenuane"
"1069156","womble",,"ivanana"
"1069157","wombled",,"qitivet"
"1069158","wombles",,"ivaneun"
"1069159","wombless",,"ivanezua"
"1069160","womblessness",,"qatavabaet"
"1069161","womblike",,"ovunasone"
"1069162","wombling",,"qitiveu"
"1069163","wombly",,"evinona"
"1069164","wombman",,"ovuneoa"
"1069165","wombmate",,"ivanore"
"1069166","wombo",,"qitif"
"1069167","wombok",,"qotoe"
"1069168","womboota",,"avoneha"
"1069169","wombourne",,"qutufuet"
"1069170","wombs",,"qeteq"
"1069171","wombside",,"uvenuson"
"1069172","wombstone",,"qutuqiet"
"1069173","wombwell",,"qatagae"
"1069174","womby",,"qitil"
"1069175","wombyn",,"avoneri"
"1069176","wome",,"uvetsa"
"1069177","womelsdorf",,"evituwa"
"1069178","womelsdorfs",,"evituwucen"
"1069179","women",,"qotapa"
"1069180","womenandchildren",,"avotaropen"
"1069181","womencentric",,"ivatitojon"
"1069182","womenfolk",,"qitepiot"
"1069183","womenfolks",,"qitepio"
"1069184","womenkind",,"qitepiu"
"1069185","womenkinds",,"qitepiota"
"1069186","womenless",,"uvetuzat"
"1069187","womens",,"qotaun"
"1069188","womenser",,"evitewat"
"1069189","womenswear",,"avotawen"
"1069190","womenswears",,"avotawefon"
"1069191","womer",,"qatic"
"1069192","womera",,"qetuot"
"1069193","womerah",,"evitaana"
"1069194","womeras",,"qetuco"
"1069195","womersley",,"uvetiwan"
"1069196","womiahji",,"evinurot"
"1069197","womin",,"qitupa"
"1069198","wominhood",,"qotipuon"
"1069199","wommack",,"ivavee"
"1069200","wommala",,"qutuna"
"1069201","wommera",,"qutuvot"
"1069202","wommerah",,"uveveqan"
"1069203","wommerala",,"ivavaqot"
"1069204","wommeras",,"qutuveo"
"1069205","wommin",,"qeteet"
"1069206","wommit",,"qitii"
"1069207","wommits",,"qitirat"
"1069208","wommon",,"qitiia"
"1069209","wommonhood",,"qotofaan"
"1069210","womon",,"qatopa"
"1069211","womonhood",,"qutepean"
"1069212","womonkind",,"qetipee"
"1069213","womonly",,"avopaaa"
"1069214","womonness",,"evipefin"
"1069215","womp",,"qota"
"1069216","wompam",,"qetuo"
"1069217","womped",,"avofun"
"1069218","womping",,"avofaena"
"1069219","womplit",,"qativu"
"1069220","wompoo",,"qetuen"
"1069221","womps",,"qotaqa"
"1069222","womrath",,"qotonin"
"1069223","womxn",,"avoga"
"1069224","womyn",,"qatope"
"1069225","womynhood",,"qutepei"
"1069226","womynkind",,"qetipeun"
"1069227","womynly",,"avokaot"
"1069228","womyns",,"qatoan"
"1069229","won",,"qav"
"1069230","wonacott",,"qovesein"
"1069231","wonalancet",,"evumurua"
"1069232","wonalancets",,"evumurizot"
"1069233","wonboyn",,"qovofu"
"1069234","wonce",,"quvave"
"1069235","wondabyne",,"uvososon"
"1069236","wondaful",,"uvosoman"
"1069237","wondalga",,"qevinoon"
"1069238","wonder",,"quveee"
"1069239","wonderable",,"qivavaat"
"1069240","wonderance",,"evusiqun"
"1069241","wonderbeast",,"quveveteet"
"1069242","wonderbeasts",,"quvevetei"
"1069243","wonderberries",,"ivesaqufon"
"1069244","wonderberry",,"evusiqofu"
"1069245","wonderberryes",,"avisoqefi"
"1069246","wonderberrys",,"evusiqofot"
"1069247","wonderbo",,"evusiqan"
"1069248","wonderboard",,"ovasuqici"
"1069249","wonderboy",,"ivesaqu"
"1069250","wonderbr",,"qavovoat"
"1069251","wonderbra",,"qeviviet"
"1069252","wonderbras",,"qevivii"
"1069253","wonderbread",,"uvoseqaban"
"1069254","wonderbright",,"qevivitaa"
"1069255","wonderchild",,"ovasuqutun"
"1069256","wondercraft",,"evusiqibot"
"1069257","wonderd",,"ivesaan"
"1069258","wonderdeed",,"qevivien"
"1069259","wonderdog",,"evusiqea"
"1069260","wonderdrug",,"quveveon"
"1069261","wondered",,"ovasuqota"
"1069262","wonderedst",,"qovuvuot"
"1069263","wonderer",,"ivesaqun"
"1069264","wonderers",,"ivesaqua"
"1069265","wonderest",,"ovasuqena"
"1069266","wondereth",,"qivavaata"
"1069267","wonderfool",,"qivavaot"
"1069268","wonderfu",,"uvoseqi"
"1069269","wonderful",,"qivavae"
"1069270","wonderfuler",,"ovasuqekun"
"1069271","wonderfulest",,"evusiqaken"
"1069272","wonderfull",,"evusiqa"
"1069273","wonderfuller",,"qeviviniot"
"1069274","wonderfully",,"ivesaqokon"
"1069275","wonderfulness",,"uvoseqiken"
"1069276","wonderfulnesses",,"ivesaqoku"
"1069277","wondergirl",,"quveveat"
"1069278","wonderglow",,"ivesaqena"
"1069279","wondergoal",,"evusiqot"
"1069280","wonderhood",,"qivavau"
"1069281","wonderin",,"evusiquna"
"1069282","wondering",,"ovasuqana"
"1069283","wonderingly",,"qivavatio"
"1069284","wonderings",,"ovasuqun"
"1069285","wonderkid",,"ovasuqon"
"1069286","wonderkids",,"ovasuqane"
"1069287","wonderla",,"ivesaqe"
"1069288","wonderland",,"avisoqen"
"1069289","wonderlandish",,"qevivipuo"
"1069290","wonderlands",,"avisoqaton"
"1069291","wonderless",,"evusiqu"
"1069292","wonderlessness",,"qivavapaet"
"1069293","wonderlocke",,"ovasuqocat"
"1069294","wonderly",,"uvoseqon"
"1069295","wonderme",,"qeviviena"
"1069296","wonderment",,"qivavaea"
"1069297","wonderments",,"qivavafain"
"1069298","wondermonger",,"qovuvufiat"
"1069299","wondermongering",,"avisoqecon"
"1069300","wondermongerings",,"avisoqecan"
"1069301","wondermongers",,"qovuvufie"
"1069302","wonderou",,"qavovoun"
"1069303","wonderous",,"qavovou"
"1069304","wonderpus",,"uvoseqan"
"1069305","wonders",,"quvevin"
"1069306","wondersave",,"ovasuqeta"
"1069307","wondershine",,"qevivibau"
"1069308","wondersmith",,"qovuvubean"
"1069309","wondersome",,"qivavaee"
"1069310","wondersong",,"uvoseque"
"1069311","wonderstrong",,"uvoseqego"
"1069312","wonderstruck",,"qovuvubii"
"1069313","wondersuit",,"ovasuqani"
"1069314","wondertale",,"qovuvua"
"1069315","wondertard",,"uvoseqana"
"1069316","wonderwall",,"qavovoot"
"1069317","wonderweapon",,"qivavalaot"
"1069318","wonderwell",,"qivavaei"
"1069319","wonderwoman",,"avisoqeci"
"1069320","wonderword",,"quveveet"
"1069321","wonderwork",,"ivesaqo"
"1069322","wonderworker",,"qivavalua"
"1069323","wonderworkers",,"qivavaluen"
"1069324","wonderworking",,"qovuvuliin"
"1069325","wonderworks",,"ivesaqucet"
"1069326","wonderworld",,"ovasuqicat"
"1069327","wonderworthy",,"evusiqocen"
"1069328","wondie",,"ivesani"
"1069329","wondolowski",,"quvefajiu"
"1069330","wondra",,"qeviot"
"1069331","wondre",,"quveei"
"1069332","wondred",,"ivesoane"
"1069333","wondreful",,"qivacie"
"1069334","wondrefull",,"evusazaa"
"1069335","wondres",,"quvecin"
"1069336","wondring",,"ivesosa"
"1069337","wondrous",,"qevicaon"
"1069338","wondrouser",,"avisuhet"
"1069339","wondrousest",,"uvosihidu"
"1069340","wondrouslier",,"quveciguu"
"1069341","wondrousliest",,"qivacogion"
"1069342","wondrously",,"evusahot"
"1069343","wondrousness",,"ovasehedu"
"1069344","wondrousnesses",,"evusahadi"
"1069345","wondrousser",,"avisuhudi"
"1069346","wondroussest",,"uvosihidot"
"1069347","wone",,"quvou"
"1069348","woned",,"ivetura"
"1069349","wonegan",,"iveteea"
"1069350","wonersh",,"qavicun"
"1069351","wones",,"quvoqa"
"1069352","wonesite",,"ovatosen"
"1069353","wonest",,"ivetann"
"1069354","wonewoc",,"quvogin"
"1069355","wonewocs",,"quvogia"
"1069356","wonf",,"evuks"
"1069357","wong",,"qevan"
"1069358","wonga",,"qovena"
"1069359","wongah",,"ovalou"
"1069360","wongai",,"qoveu"
"1069361","wongan",,"uvolet"
"1069362","wongara",,"iveleea"
"1069363","wongaras",,"iveleqin"
"1069364","wongarbon",,"ovalaqan"
"1069365","wongarra",,"quvineen"
"1069366","wongas",,"qovee"
"1069367","wongawilli",,"qovenuat"
"1069368","wongay",,"quviin"
"1069369","wonged",,"uvoloe"
"1069370","wongen",,"ovalane"
"1069371","wonger",,"aviluo"
"1069372","wongi",,"qevar"
"1069373","wongied",,"uvoluon"
"1069374","wongies",,"qavure"
"1069375","wongiing",,"uvolusin"
"1069376","wonging",,"uvoluun"
"1069377","wongis",,"qevaet"
"1069378","wongo",,"qivof"
"1069379","wongs",,"qevaqe"
"1069380","wongshy",,"iveliin"
"1069381","wongsky",,"qoveqot"
"1069382","wongungarra",,"evulifetet"
"1069383","wongwibinda",,"ovalesivu"
"1069384","woning",,"ivenut"
"1069385","wonings",,"iveniote"
"1069386","wonjongkam",,"qivafeena"
"1069387","wonju",,"iverae"
"1069388","wonk",,"quvon"
"1069389","wonkaesque",,"qivenie"
"1069390","wonkdom",,"ivesuua"
"1069391","wonked",,"ovasine"
"1069392","wonkery",,"avisoin"
"1069393","wonkette",,"qevuvaet"
"1069394","wonkfest",,"quvoluet"
"1069395","wonkier",,"ivesiu"
"1069396","wonkiest",,"ovasozona"
"1069397","wonkily",,"uvosuan"
"1069398","wonkiness",,"avisafon"
"1069399","wonking",,"ovasoi"
"1069400","wonkipedia",,"qavirao"
"1069401","wonkish",,"uvosuat"
"1069402","wonkishly",,"qavirien"
"1069403","wonkishness",,"qevurusea"
"1069404","wonks",,"quvoqe"
"1069405","wonky",,"qevul"
"1069406","wonkybonce",,"qaviloot"
"1069407","wonkypedia",,"qovaloen"
"1069408","wonn",,"ovazno"
"1069409","wonna",,"ivezena"
"1069410","wonnangatta",,"qivunerea"
"1069411","wonnas",,"ivezati"
"1069412","wonne",,"evuzii"
"1069413","wonned",,"qevoot"
"1069414","wonner",,"qoviun"
"1069415","wonnerful",,"qevoviun"
"1069416","wonners",,"qovivu"
"1069417","wonnest",,"qevoven"
"1069418","wonnie",,"evuzio"
"1069419","wonnies",,"evuzeat"
"1069420","wonning",,"qevoran"
"1069421","wonnings",,"qevoruun"
"1069422","wonnot",,"quvaot"
"1069423","wons",,"qaveo"
"1069424","wonsam",,"quvain"
"1069425","wonsan",,"ivecat"
"1069426","wonsans",,"iveceea"
"1069427","wonston",,"quvawo"
"1069428","wont",,"uvoqre"
"1069429","wonted",,"qivao"
"1069430","wontedly",,"iveqave"
"1069431","wontedness",,"uvoqevat"
"1069432","wontednesses",,"iveqavafen"
"1069433","wontednesss",,"uvoqevefe"
"1069434","wonter",,"quveu"
"1069435","wontest",,"qivavon"
"1069436","wonthaggi",,"qivanua"
"1069437","wonting",,"qivarun"
"1069438","wontish",,"qavoru"
"1069439","wontless",,"qovuvoot"
"1069440","wontly",,"qavoan"
"1069441","wonton",,"quveot"
"1069442","wontons",,"quvefo"
"1069443","wontroba",,"iveqohu"
"1069444","wontropd",,"qivacoat"
"1069445","wonts",,"uvoquo"
"1069446","wonuk",,"qivet"
"1069447","wonut",,"ivewui"
"1069448","wonwondah",,"ivedufa"
"1069449","wonyip",,"ivekun"
"1069450","wonyun",,"ivekat"
"1069451","woo",,"uvila"
"1069452","wooable",,"ivomoata"
"1069453","woobie",,"quzuu"
"1069454","woobification",,"evanemizun"
"1069455","woobified",,"qazaraot"
"1069456","woobifies",,"avunamon"
"1069457","woobify",,"ivoniua"
"1069458","woobifying",,"qozoroat"
"1069459","woobin",,"ovenae"
"1069460","wooburn",,"qozobu"
"1069461","woobut",,"ivonana"
"1069462","woobuts",,"ivonaun"
"1069463","wooby",,"qozol"
"1069464","woochy",,"qoziun"
"1069465","wooclap",,"avuriin"
"1069466","woocommerce",,"qezofifiun"
"1069467","wood",,"quzen"
"1069468","woodacre",,"uvisoten"
"1069469","woodacres",,"uvisoton"
"1069470","woodagate",,"avusina"
"1069471","woodale",,"ovesaot"
"1069472","woodall",,"qozunu"
"1069473","woodallite",,"avusizon"
"1069474","woodanilling",,"qizanetean"
"1069475","woodard",,"qazoni"
"1069476","woodards",,"qazonoat"
"1069477","woodatchet",,"ivosebot"
"1069478","woodball",,"oveseren"
"1069479","woodbalm",,"qozuriin"
"1069480","woodbark",,"qazoreun"
"1069481","woodbased",,"quzeraot"
"1069482","woodbastwick",,"qozuribii"
"1069483","woodbead",,"quzeruu"
"1069484","woodbeck",,"oveseza"
"1069485","woodberry",,"evasazat"
"1069486","woodbin",,"qozuru"
"1069487","woodbind",,"evasasat"
"1069488","woodbinds",,"evasase"
"1069489","woodbine",,"qeziruet"
"1069490","woodbined",,"avususa"
"1069491","woodbines",,"qezirui"
"1069492","woodbinian",,"avususi"
"1069493","woodbins",,"qozuraot"
"1069494","woodbird",,"uvisison"
"1069495","woodblock",,"quzeraet"
"1069496","woodblocked",,"ovesezazan"
"1069497","woodblocking",,"ovesezaza"
"1069498","woodblockist",,"ivosozezan"
"1069499","woodblocks",,"quzerai"
"1069500","woodborer",,"evasahune"
"1069501","woodborers",,"evasahu"
"1069502","woodboring",,"avusuhan"
"1069503","woodboro",,"quzerio"
"1069504","woodborough",,"uvisihaca"
"1069505","woodbound",,"oveseheta"
"1069506","woodbourne",,"ovesehi"
"1069507","woodbournes",,"ovesehebat"
"1069508","woodbox",,"quzerin"
"1069509","woodboxes",,"qizaroan"
"1069510","woodboxs",,"quzeria"
"1069511","woodbridge",,"uvisiqun"
"1069512","woodburn",,"evasadat"
"1069513","woodburner",,"qezirean"
"1069514","woodburning",,"qazorawaon"
"1069515","woodburns",,"evasade"
"1069516","woodbury",,"qezireen"
"1069517","woodburys",,"qezireon"
"1069518","woodburytype",,"qizariwuin"
"1069519","woodburytypes",,"qizariwua"
"1069520","woodbush",,"quzeruo"
"1069521","woodby",,"evasen"
"1069522","woodcare",,"uvisuren"
"1069523","woodcarv",,"quzesaot"
"1069524","woodcarver",,"ivosirina"
"1069525","woodcarvers",,"ivosirula"
"1069526","woodcarving",,"ovesorile"
"1069527","woodcarvings",,"ovesorilin"
"1069528","woodchat",,"qazosoun"
"1069529","woodchats",,"qazosou"
"1069530","woodchester",,"ovesoredan"
"1069531","woodchip",,"qezisii"
"1069532","woodchipped",,"qezisitie"
"1069533","woodchipper",,"qozusutui"
"1069534","woodchipping",,"qezisitiet"
"1069535","woodchips",,"qezisiat"
"1069536","woodchop",,"qizasaat"
"1069537","woodchopped",,"qizasajain"
"1069538","woodchopper",,"quzesejeat"
"1069539","woodchoppers",,"quzesejee"
"1069540","woodchopping",,"qizasajai"
"1069541","woodchoppings",,"qizasajaat"
"1069542","woodchops",,"qizasae"
"1069543","woodchuc",,"ivosire"
"1069544","woodchuck",,"ovesorona"
"1069545","woodchucks",,"ovesoran"
"1069546","woodchurch",,"uvisure"
"1069547","woodcliff",,"avusazi"
"1069548","woodcoc",,"qezisa"
"1069549","woodcock",,"qazosuun"
"1069550","woodcockise",,"quzesivean"
"1069551","woodcockises",,"quzesiveun"
"1069552","woodcockize",,"avusahopon"
"1069553","woodcockizes",,"avusahopan"
"1069554","woodcocks",,"qazosuu"
"1069555","woodcote",,"uvisuhet"
"1069556","woodcott",,"qazosuuna"
"1069557","woodcracker",,"quzesesuon"
"1069558","woodcraf",,"qozusuin"
"1069559","woodcraft",,"evaseqe"
"1069560","woodcrafted",,"qazososoot"
"1069561","woodcrafter",,"qezisisiun"
"1069562","woodcrafters",,"qezisisiu"
"1069563","woodcraftiness",,"qizasasai"
"1069564","woodcrafting",,"qazososoan"
"1069565","woodcraftman",,"qizasasao"
"1069566","woodcrafts",,"evaseqin"
"1069567","woodcraftsman",,"qizasasaet"
"1069568","woodcraftsmen",,"qezisisia"
"1069569","woodcrafty",,"ivosiqa"
"1069570","woodcreeper",,"ivosiqofot"
"1069571","woodcreepers",,"ivosiqofo"
"1069572","woodcrest",,"qizasaan"
"1069573","woodcrete",,"qozusuu"
"1069574","woodcroft",,"ovesoqi"
"1069575","woodcut",,"ovesoot"
"1069576","woodcutlike",,"quzesudoat"
"1069577","woodcuts",,"ovesodo"
"1069578","woodcutter",,"evasede"
"1069579","woodcutters",,"evasedugin"
"1069580","woodcutting",,"avusadigat"
"1069581","woodcuttings",,"avusadige"
"1069582","wooddale",,"qozutie"
"1069583","wooddales",,"qozutiin"
"1069584","wooddell",,"uvisazona"
"1069585","woodder",,"qizaten"
"1069586","wooddest",,"qozutoe"
"1069587","woode",,"qizava"
"1069588","woodear",,"uviseo"
"1069589","wooded",,"oveseni"
"1069590","woodedly",,"qizavoon"
"1069591","woodedness",,"quzevien"
"1069592","woodelf",,"qizavi"
"1069593","woodell",,"qazovat"
"1069594","wooden",,"avusun"
"1069595","woodenbong",,"evasifota"
"1069596","woodenbridge",,"qezivutau"
"1069597","woodend",,"qazovi"
"1069598","woodendite",,"ivosafot"
"1069599","woodened",,"quzevoin"
"1069600","woodener",,"qazoviat"
"1069601","woodenest",,"quzevoo"
"1069602","woodenhead",,"avusofo"
"1069603","woodenheaded",,"quzevoseon"
"1069604","woodenheadedness",,"avusofefua"
"1069605","woodenheadednesses",,"uvisefafi"
"1069606","woodenheads",,"avusofefet"
"1069607","woodening",,"quzevoi"
"1069608","woodenish",,"qezivuat"
"1069609","woodenlier",,"ivosafo"
"1069610","woodenliest",,"ovesufovun"
"1069611","woodenly",,"qezivuet"
"1069612","woodenne",,"qozuvau"
"1069613","woodenness",,"qozuvao"
"1069614","woodennesses",,"qezivuhie"
"1069615","woodens",,"avusoua"
"1069616","woodentop",,"ivosafota"
"1069617","woodentops",,"ivosafoa"
"1069618","woodenware",,"quzevoen"
"1069619","woodenwares",,"quzevoloon"
"1069620","woodenweary",,"qezivulian"
"1069621","woodeny",,"ovesuota"
"1069622","wooder",,"ivosit"
"1069623","woodest",,"ovesuote"
"1069624","woodfall",,"ivosarot"
"1069625","woodfern",,"ovesuzet"
"1069626","woodferns",,"ovesuzi"
"1069627","woodfibre",,"avusosen"
"1069628","woodfield",,"ovesusi"
"1069629","woodfields",,"ovesusat"
"1069630","woodfin",,"qizalat"
"1069631","woodfire",,"qazoliu"
"1069632","woodfired",,"uvisesat"
"1069633","woodfish",,"qeziluat"
"1069634","woodflesh",,"ivosazoa"
"1069635","woodflour",,"avusozon"
"1069636","woodford",,"ovesuhet"
"1069637","woodfords",,"ovesuhi"
"1069638","woodfork",,"qozuleo"
"1069639","woodfree",,"quzelea"
"1069640","woodfrog",,"quzeleon"
"1069641","woodfrogs",,"quzelean"
"1069642","woodfuel",,"qozuloot"
"1069643","woodgafol",,"qizamuin"
"1069644","woodgate",,"uvisoron"
"1069645","woodgeld",,"qozumoin"
"1069646","woodger",,"uvisoet"
"1069647","woodglen",,"qazomeu"
"1069648","woodgole",,"uvisohan"
"1069649","woodgrai",,"evasuqe"
"1069650","woodgrain",,"quzemei"
"1069651","woodgraining",,"ovesaqoven"
"1069652","woodgrainings",,"ovesaqovon"
"1069653","woodgrains",,"quzemeat"
"1069654","woodgreen",,"qezimii"
"1069655","woodgrouse",,"avusiqon"
"1069656","woodgrouses",,"avusiqikan"
"1069657","woodgrub",,"qazomoe"
"1069658","woodhack",,"uvisiri"
"1069659","woodhacker",,"quzenaon"
"1069660","woodhall",,"oveseron"
"1069661","woodham",,"ivosoea"
"1069662","woodhams",,"ivosorin"
"1069663","woodhatch",,"avusuren"
"1069664","woodhaunter",,"qezinogee"
"1069665","woodhay",,"oveseaa"
"1069666","woodhead",,"quzenuot"
"1069667","woodhen",,"qezinen"
"1069668","woodhenge",,"qezinean"
"1069669","woodhenges",,"qezineun"
"1069670","woodhens",,"qezineon"
"1069671","woodhewer",,"qezineona"
"1069672","woodheweres",,"qazonaloot"
"1069673","woodhewers",,"qezineana"
"1069674","woodhole",,"quzenien"
"1069675","woodholes",,"quzenion"
"1069676","woodhoopoe",,"qezinae"
"1069677","woodhorn",,"uvisihat"
"1069678","woodhorse",,"qezinaan"
"1069679","woodhorses",,"qezinaun"
"1069680","woodhouse",,"uvisihata"
"1069681","woodhouseite",,"qizanogio"
"1069682","woodhouselee",,"qezinageu"
"1069683","woodhouses",,"uvisihe"
"1069684","woodhull",,"avusuden"
"1069685","woodhulls",,"avusudon"
"1069686","woodhung",,"qozunoo"
"1069687","woodhurst",,"ivosoda"
"1069688","woodie",,"qizaen"
"1069689","woodier",,"ivosiun"
"1069690","woodies",,"qizaron"
"1069691","woodiest",,"ovesozen"
"1069692","woodified",,"quzeruon"
"1069693","woodifies",,"uvisume"
"1069694","woodify",,"ovesoen"
"1069695","woodifying",,"qezireot"
"1069696","woodily",,"uvisuon"
"1069697","woodin",,"evasie"
"1069698","woodine",,"avusain"
"1069699","woodiness",,"avusafen"
"1069700","woodinesses",,"uvisufidu"
"1069701","wooding",,"ovesoeta"
"1069702","woodingdean",,"uvisufupin"
"1069703","woodinville",,"qezirukeot"
"1069704","woodinvilles",,"qezirukeo"
"1069705","woodish",,"uvisuie"
"1069706","woodius",,"qizari"
"1069707","woodjam",,"ovesio"
"1069708","woodjobber",,"qezisaan"
"1069709","woodkern",,"qazotae"
"1069710","woodkirk",,"ovesusia"
"1069711","woodknacker",,"qazotisao"
"1069712","woodlake",,"evasurat"
"1069713","woodlakes",,"evasure"
"1069714","woodland",,"avusirot"
"1069715","woodlanded",,"quzevaen"
"1069716","woodlander",,"qazovein"
"1069717","woodlanders",,"qazovehea"
"1069718","woodlands",,"avusiro"
"1069719","woodlandsrelief",,"quzevahaen"
"1069720","woodlark",,"qizavuat"
"1069721","woodlarks",,"qizavue"
"1069722","woodlawn",,"quzevao"
"1069723","woodlawns",,"quzevaet"
"1069724","woodle",,"evaseta"
"1069725","woodleaf",,"quzevuo"
"1069726","woodleafs",,"quzevuet"
"1069727","woodlee",,"avusiea"
"1069728","woodleigh",,"qizaviin"
"1069729","woodlesford",,"qazovaboen"
"1069730","woodless",,"evasuzat"
"1069731","woodlessness",,"qizavibia"
"1069732","woodlessnesses",,"qozuvoboun"
"1069733","woodlet",,"qezivo"
"1069734","woodlets",,"qeziveet"
"1069735","woodley",,"ivoseat"
"1069736","woodlice",,"evasusat"
"1069737","woodlief",,"qizaveun"
"1069738","woodlike",,"avusiso"
"1069739","woodlind",,"uvisosan"
"1069740","woodline",,"quzevoena"
"1069741","woodling",,"qezivuata"
"1069742","woodlizard",,"qazoviot"
"1069743","woodlock",,"ivosehin"
"1069744","woodlocked",,"qozuveo"
"1069745","woodlore",,"quzevio"
"1069746","woodlores",,"quzeviet"
"1069747","woodlot",,"quzeva"
"1069748","woodlots",,"quzeviena"
"1069749","woodlouse",,"ovesahon"
"1069750","woodlouses",,"ovesahan"
"1069751","woodly",,"uvisoe"
"1069752","woodlyn",,"qozuvu"
"1069753","woodlyns",,"qozuveot"
"1069754","woodmaid",,"oveserena"
"1069755","woodmaker",,"evasare"
"1069756","woodman",,"avusuin"
"1069757","woodmancote",,"qezizoheun"
"1069758","woodmancraft",,"qizazuhio"
"1069759","woodmancrafts",,"qizazuhiet"
"1069760","woodmanlike",,"qozuzihaan"
"1069761","woodmans",,"avusuraa"
"1069762","woodmansee",,"ivosorot"
"1069763","woodmanship",,"oveserudin"
"1069764","woodmarch",,"quzezaet"
"1069765","woodmason",,"oveseri"
"1069766","woodmass",,"qizazuan"
"1069767","woodmaster",,"qozuzio"
"1069768","woodmeal",,"avusuzot"
"1069769","woodmeals",,"avusuzo"
"1069770","woodmeil",,"uvisizan"
"1069771","woodmen",,"ivosoun"
"1069772","woodmens",,"ivosozu"
"1069773","woodmere",,"avusuzin"
"1069774","woodmeres",,"avusuza"
"1069775","woodmice",,"qezizuet"
"1069776","woodmonger",,"qozuzeon"
"1069777","woodmote",,"ovesehen"
"1069778","woodmouse",,"qozuzea"
"1069779","woodnesborough",,"qezipebaon"
"1069780","woodness",,"avusazot"
"1069781","woodnesses",,"uvisuzat"
"1069782","woodnote",,"qozupein"
"1069783","woodnotes",,"qozupea"
"1069784","woodnutt",,"uvisudi"
"1069785","woodnymp",,"qizapoat"
"1069786","woodnymph",,"ivosimo"
"1069787","woodoats",,"evasorat"
"1069788","woodoo",,"qizaet"
"1069789","woodpark",,"qezihoon"
"1069790","woodpeck",,"ivosaze"
"1069791","woodpecked",,"qozuhoot"
"1069792","woodpecker",,"qizahiun"
"1069793","woodpeckerlike",,"uvisezepet"
"1069794","woodpeckers",,"qizahivau"
"1069795","woodpenny",,"evasizea"
"1069796","woodpigeon",,"qazohien"
"1069797","woodpigeons",,"qazohiroon"
"1069798","woodpile",,"qizaheat"
"1069799","woodpiles",,"qizahee"
"1069800","woodplumpton",,"evasizahi"
"1069801","woodprint",,"qizahau"
"1069802","woodprints",,"qizahaot"
"1069803","woodpulp",,"uvisedan"
"1069804","woodpusher",,"uvisede"
"1069805","woodranger",,"ivosoro"
"1069806","woodrat",,"qazocan"
"1069807","woodrats",,"qazoceun"
"1069808","woodreed",,"qozucoun"
"1069809","woodreeve",,"qazocaat"
"1069810","woodreeves",,"qazocae"
"1069811","woodrick",,"ivososin"
"1069812","woodridge",,"quzecoet"
"1069813","woodrime",,"evasasun"
"1069814","woodring",,"qizacee"
"1069815","woodris",,"uvisiona"
"1069816","woodrising",,"qizaceo"
"1069817","woodroach",,"qizacoun"
"1069818","woodrock",,"avusuha"
"1069819","woodroof",,"qazocuin"
"1069820","woodroofe",,"quzecion"
"1069821","woodroofs",,"qazocua"
"1069822","woodrot",,"qezicen"
"1069823","woodrow",,"uvisiet"
"1069824","woodrowel",,"qozucea"
"1069825","woodrows",,"uvisihi"
"1069826","woodruff",,"evasadu"
"1069827","woodruffite",,"qazocanoon"
"1069828","woodruffs",,"evasadot"
"1069829","woodrum",,"evasaan"
"1069830","woodrush",,"quzecuen"
"1069831","woodrushes",,"qizaciu"
"1069832","woodrushs",,"quzecuon"
"1069833","woods",,"quzeqa"
"1069834","woodsawyer",,"uvisuran"
"1069835","woodsball",,"ovesoson"
"1069836","woodsboro",,"quzeqeet"
"1069837","woodsboros",,"quzeqei"
"1069838","woodscape",,"avusatot"
"1069839","woodscolt",,"quzeqoet"
"1069840","woodscrew",,"evasetat"
"1069841","woodscrews",,"evasete"
"1069842","woodscross",,"evasetin"
"1069843","woodscrosss",,"evasetoca"
"1069844","woodsdale",,"qozuqein"
"1069845","woodseller",,"uvisuzun"
"1069846","woodser",,"ivosiata"
"1069847","woodsere",,"ovesoza"
"1069848","woodsers",,"ivosizea"
"1069849","woodsey",,"qazoqi"
"1069850","woodsfield",,"ovesomat"
"1069851","woodsfields",,"ovesomufe"
"1069852","woodsful",,"qizaqiun"
"1069853","woodshaving",,"ovesorolin"
"1069854","woodshed",,"qizaqai"
"1069855","woodshedde",,"evaserun"
"1069856","woodshedded",,"qeziqipoi"
"1069857","woodsheddi",,"ovesoria"
"1069858","woodshedding",,"qeziqipoot"
"1069859","woodsheddings",,"qeziqipoo"
"1069860","woodsheds",,"qizaqaat"
"1069861","woodshifter",,"qazoqotoon"
"1069862","woodship",,"qeziqian"
"1069863","woodshock",,"avusaret"
"1069864","woodshocks",,"avusari"
"1069865","woodshole",,"quzeqeon"
"1069866","woodsholes",,"quzeqean"
"1069867","woodshop",,"qizaqaun"
"1069868","woodshrike",,"qizaqaot"
"1069869","woodshrikes",,"qizaqawio"
"1069870","woodsia",,"qazoqat"
"1069871","woodsias",,"qazoqie"
"1069872","woodside",,"ovesoso"
"1069873","woodsier",,"ivosisu"
"1069874","woodsiest",,"ovesosona"
"1069875","woodsilver",,"avusasone"
"1069876","woodsily",,"uvisusan"
"1069877","woodsiness",,"avusasoni"
"1069878","woodsinesses",,"uvisusefot"
"1069879","woodskin",,"avusaven"
"1069880","woodskins",,"avusavon"
"1069881","woodsman",,"avusapa"
"1069882","woodsmans",,"avusapen"
"1069883","woodsmanship",,"ovesopoja"
"1069884","woodsmen",,"ivosipu"
"1069885","woodsmens",,"ivosipot"
"1069886","woodsmoke",,"qozuquo"
"1069887","woodsmoked",,"evasepin"
"1069888","woodson",,"ivosiee"
"1069889","woodsorrel",,"uvisuhe"
"1069890","woodspite",,"quzequet"
"1069891","woodspites",,"quzequi"
"1069892","woodspring",,"uvisujot"
"1069893","woodspurge",,"qazoqaa"
"1069894","woodsreef",,"quzeqeen"
"1069895","woodss",,"quzeua"
"1069896","woodstar",,"qazoquun"
"1069897","woodstic",,"ivosibu"
"1069898","woodstoc",,"avusabote"
"1069899","woodstock",,"uvisubat"
"1069900","woodstockian",,"qizaqojien"
"1069901","woodstocks",,"uvisube"
"1069902","woodston",,"qizaqoat"
"1069903","woodstone",,"qozuqea"
"1069904","woodstones",,"qozuqeen"
"1069905","woodstons",,"qizaqoe"
"1069906","woodstore",,"qazoquu"
"1069907","woodstove",,"qizaqoata"
"1069908","woodstoves",,"qizaqoea"
"1069909","woodstown",,"qeziqaan"
"1069910","woodstowns",,"qeziqaun"
"1069911","woodsum",,"qeziqen"
"1069912","woodsville",,"ivosigen"
"1069913","woodsvilles",,"ivosigafon"
"1069914","woodswallow",,"qazoqosien"
"1069915","woodswallows",,"qazoqosion"
"1069916","woodswoman",,"avusakon"
"1069917","woodsy",,"qeziot"
"1069918","woodthorpe",,"qozuwuet"
"1069919","woodthrush",,"quzeweat"
"1069920","woodthrushes",,"qizawawaen"
"1069921","woodtick",,"ovesiset"
"1069922","woodtone",,"qozuwein"
"1069923","woodtones",,"qozuwea"
"1069924","woodturner",,"qazowaot"
"1069925","woodturners",,"qazowawao"
"1069926","woodturning",,"quzewuwuu"
"1069927","woodvale",,"qezidoen"
"1069928","woodvamp",,"qizaduan"
"1069929","woodview",,"uvisoson"
"1069930","woodville",,"ivosesa"
"1069931","woodvilles",,"ivosesen"
"1069932","woodwale",,"avusurina"
"1069933","woodwales",,"avusurae"
"1069934","woodwall",,"qazogee"
"1069935","woodwalton",,"avusuron"
"1069936","woodward",,"qizaguon"
"1069937","woodwardia",,"quzegaet"
"1069938","woodwardiae",,"qizaguwue"
"1069939","woodwardian",,"evasaropot"
"1069940","woodwardias",,"quzegawai"
"1069941","woodwardite",,"evasaropin"
"1069942","woodwards",,"qizaguan"
"1069943","woodwardship",,"qazogeweon"
"1069944","woodware",,"ovesera"
"1069945","woodwart",,"qizagui"
"1069946","woodwasp",,"uvisiron"
"1069947","woodwax",,"avusuee"
"1069948","woodwaxen",,"qozugiin"
"1069949","woodwaxens",,"qozugia"
"1069950","woodwaxes",,"uvisirona"
"1069951","woodway",,"qazogi"
"1069952","woodwife",,"oveseseta"
"1069953","woodwind",,"quzegoo"
"1069954","woodwinder",,"ivososa"
"1069955","woodwindest",,"ovesesupat"
"1069956","woodwindist",,"ivososapon"
"1069957","woodwinds",,"quzegoet"
"1069958","woodwise",,"qeziguet"
"1069959","woodwive",,"uvisisona"
"1069960","woodwoman",,"avusuhen"
"1069961","woodwool",,"uvisihan"
"1069962","woodwork",,"ivosohin"
"1069963","woodworked",,"qozugeo"
"1069964","woodworker",,"qizagou"
"1069965","woodworkers",,"qizagowaot"
"1069966","woodworking",,"qozugewuun"
"1069967","woodworkings",,"qozugewuu"
"1069968","woodworks",,"ivosoha"
"1069969","woodworm",,"ovesehete"
"1069970","woodwormed",,"qezigaan"
"1069971","woodworms",,"ovesehia"
"1069972","woodwormy",,"uvisihate"
"1069973","woodworth",,"uvisihun"
"1069974","woodworths",,"uvisihu"
"1069975","woodwose",,"qizagoi"
"1069976","woodwoses",,"qizagoat"
"1069977","woodwright",,"ivosoqon"
"1069978","woody",,"qezil"
"1069979","woodyard",,"qozulie"
"1069980","woodyards",,"qozuliin"
"1069981","wooed",,"qizet"
"1069982","wooer",,"quzoc"
"1069983","wooers",,"quzou"
"1069984","wooes",,"ivotiti"
"1069985","woof",,"qezue"
"1069986","woofe",,"qaziva"
"1069987","woofed",,"uviko"
"1069988","woofell",,"qozavot"
"1069989","woofer",,"avukua"
"1069990","wooferless",,"qizevain"
"1069991","woofers",,"avukoot"
"1069992","woofferton",,"qezulein"
"1069993","woofier",,"avukaa"
"1069994","woofiest",,"uvikuzat"
"1069995","woofing",,"uvikuun"
"1069996","woofits",,"avukao"
"1069997","woofle",,"ivokun"
"1069998","woofs",,"qezuqa"
"1069999","wooftah",,"qozawot"
"1070000","woofter",,"qaziwun"
"1070001","woofters",,"qaziwau"
"1070002","woofy",,"qizel"
"1070003","woogie",,"uvileta"
"1070004","wooh",,"qaza"
"1070005","woohay",,"qiziet"
"1070006","woohoo",,"quzua"
"1070007","wooing",,"qizuan"
"1070008","wooingly",,"ivoninoa"
"1070009","wooings",,"qizupun"
"1070010","wooish",,"qazeun"
"1070011","wooiyi",,"evanan"
"1070012","woojin",,"evarata"
"1070013","wook",,"ivosti"
"1070014","wookey",,"uvisoi"
"1070015","wookie",,"ovesane"
"1070016","wookiee",,"evasean"
"1070017","wool",,"qizoa"
"1070018","woola",,"quzin"
"1070019","woolacombe",,"ivoteta"
"1070020","woolage",,"quzina"
"1070021","woolah",,"uvitet"
"1070022","woolamai",,"qizonaun"
"1070023","woolard",,"quzinot"
"1070024","woolaston",,"qizoneu"
"1070025","woolavington",,"qazunetaun"
"1070026","woolbird",,"ivotosine"
"1070027","woolbright",,"qazuroon"
"1070028","woolbroker",,"uvitiqu"
"1070029","woolbrook",,"qozeruet"
"1070030","woolbuyer",,"quziruen"
"1070031","woolclasser",,"qozesisoon"
"1070032","woolclassing",,"qezasoseen"
"1070033","woolcomb",,"ivotihin"
"1070034","woolcomber",,"qizosou"
"1070035","woolcombing",,"qozesefeun"
"1070036","woolcott",,"quzisien"
"1070037","woold",,"ovetit"
"1070038","woolded",,"qezata"
"1070039","woolder",,"qozete"
"1070040","woolders",,"qozetoin"
"1070041","woolding",,"qezatuat"
"1070042","wooldings",,"qezatue"
"1070043","wooldridge",,"ovetiqat"
"1070044","wooldridgeite",,"qezatitoo"
"1070045","wooldriver",,"qezatiun"
"1070046","woolds",,"ovetota"
"1070047","woole",,"qozev"
"1070048","wooled",,"evatetn"
"1070049","woolen",,"uviteno"
"1070050","woolener",,"quzivoo"
"1070051","woolenest",,"qizoveun"
"1070052","woolenet",,"qizovean"
"1070053","woolenette",,"evatifu"
"1070054","woolenization",,"qezavutiet"
"1070055","woolenizations",,"qezavutii"
"1070056","woolenize",,"qazuviin"
"1070057","woolenizes",,"qazuvia"
"1070058","woolenner",,"evatifua"
"1070059","woolennest",,"avutofon"
"1070060","woolenook",,"ovetufat"
"1070061","woolens",,"uviteon"
"1070062","woolenwear",,"qizovee"
"1070063","wooler",,"ovetote"
"1070064","woolers",,"ovetuoa"
"1070065","woolert",,"qozevu"
"1070066","woolery",,"uviteeta"
"1070067","woolever",,"qazuveun"
"1070068","wooley",,"quziu"
"1070069","woolf",,"uviteu"
"1070070","woolfall",,"oveturana"
"1070071","woolfardisworthy",,"qizoluwuot"
"1070072","woolfat",,"qazule"
"1070073","woolfats",,"qazulein"
"1070074","woolfel",,"qozelot"
"1070075","woolfell",,"avutozet"
"1070076","woolfells",,"avutozi"
"1070077","woolfenden",,"qozeloet"
"1070078","woolfesque",,"ovetuzat"
"1070079","woolfian",,"qizoleu"
"1070080","woolfish",,"qazulio"
"1070081","woolfitt",,"ivotaso"
"1070082","woolflower",,"ovetuze"
"1070083","woolfold",,"uvitehun"
"1070084","woolfolk",,"quzilian"
"1070085","woolford",,"evatihu"
"1070086","woolfords",,"evatihota"
"1070087","woolfrey",,"qezalii"
"1070088","woolfs",,"uvitonu"
"1070089","woolfson",,"quziloi"
"1070090","woolgarlo",,"qezamoe"
"1070091","woolgath",,"qazumeot"
"1070092","woolgather",,"uvitorin"
"1070093","woolgathered",,"qizomudoo"
"1070094","woolgatherer",,"quzimadiu"
"1070095","woolgatherers",,"quzimadiot"
"1070096","woolgathering",,"qizomudoun"
"1070097","woolgatherings",,"qizomudou"
"1070098","woolgathers",,"uvitorota"
"1070099","woolgoolga",,"ivotehan"
"1070100","woolgrader",,"uvitoqe"
"1070101","woolgrass",,"avutiqon"
"1070102","woolgrower",,"quzimeat"
"1070103","woolgrowers",,"quzimejie"
"1070104","woolgrowing",,"qizomajoi"
"1070105","woolgrowings",,"qizomajoat"
"1070106","woolhall",,"evatarina"
"1070107","woolhampton",,"qizonufaet"
"1070108","woolhat",,"quzino"
"1070109","woolhats",,"quzinaet"
"1070110","woolhead",,"qizonian"
"1070111","woolhope",,"qezanaan"
"1070112","woolhouse",,"ivotohoa"
"1070113","wooli",,"qizor"
"1070114","woolie",,"qozee"
"1070115","woolier",,"ovetoen"
"1070116","woolies",,"qozerin"
"1070117","wooliest",,"evateze"
"1070118","woolily",,"ivotiin"
"1070119","wooliness",,"uvitufe"
"1070120","woolinesses",,"ivotifodon"
"1070121","woolish",,"ivotiota"
"1070122","woolite",,"evateat"
"1070123","woolites",,"evatebe"
"1070124","wooll",,"evatuse"
"1070125","woollacott",,"ivoterene"
"1070126","woollahra",,"uvitore"
"1070127","woollard",,"ovetaret"
"1070128","woollcombe",,"qezavuun"
"1070129","woollcott",,"ovetatan"
"1070130","woolled",,"qazuvat"
"1070131","woollen",,"qizovan"
"1070132","woollener",,"ovetazi"
"1070133","woollenest",,"evatuzot"
"1070134","woollenet",,"evatuzua"
"1070135","woollenette",,"qazuvahoo"
"1070136","woollenisation",,"qizovihie"
"1070137","woollenisations",,"qizovihiin"
"1070138","woollenise",,"qozevoon"
"1070139","woollenises",,"qozevohoan"
"1070140","woollenization",,"uvitozevat"
"1070141","woollenizations",,"uvitozeve"
"1070142","woollenize",,"ivotezene"
"1070143","woollenizes",,"ivotezavon"
"1070144","woollenly",,"ivotezo"
"1070145","woollenner",,"qazuvao"
"1070146","woollennest",,"quzivuhuun"
"1070147","woollens",,"qizoviun"
"1070148","woolleny",,"qazuvau"
"1070149","wooller",,"qezavet"
"1070150","woolless",,"avutizo"
"1070151","woollessness",,"qozevoboat"
"1070152","woolley",,"ovetaoa"
"1070153","woolleys",,"ovetazeta"
"1070154","woollier",,"qezavuan"
"1070155","woollies",,"avutisene"
"1070156","woolliest",,"qazuviaa"
"1070157","woollike",,"uvitosun"
"1070158","woollily",,"qozevaen"
"1070159","woolliness",,"qizovea"
"1070160","woollinesses",,"qozevahuun"
"1070161","woollish",,"qozevaet"
"1070162","woolloomooloo",,"qazuvujuot"
"1070163","woolls",,"evatann"
"1070164","woollum",,"ivotein"
"1070165","woollums",,"ivoteda"
"1070166","woolly",,"ivotune"
"1070167","woollyback",,"quzivii"
"1070168","woollybacks",,"quzivitoat"
"1070169","woollybear",,"uvitomun"
"1070170","woollybush",,"ivotemet"
"1070171","woollybutt",,"qozeveet"
"1070172","woollybutts",,"qozevetui"
"1070173","woollyfoot",,"ivotemi"
"1070174","woollyfoots",,"ivotemocat"
"1070175","woollyhead",,"ivotemo"
"1070176","woollyish",,"quziviat"
"1070177","woollyneck",,"quzivian"
"1070178","woollypate",,"uvitome"
"1070179","woollypated",,"quzivicoan"
"1070180","woollys",,"ivoteua"
"1070181","woollystar",,"uvitomu"
"1070182","woolman",,"uvitiia"
"1070183","woolmark",,"evataru"
"1070184","woolmen",,"oveteen"
"1070185","woolmer",,"avutuot"
"1070186","woolmonger",,"qezazain"
"1070187","woolner",,"qazupun"
"1070188","woolners",,"qazupau"
"1070189","woolnorth",,"qizopoot"
"1070190","woolnough",,"qizopoa"
"1070191","woolock",,"quzifo"
"1070192","woolomin",,"avutepon"
"1070193","woolongong",,"quzifoin"
"1070194","woolongongs",,"quziforaa"
"1070195","woolooma",,"qezafaan"
"1070196","woolooware",,"avutehon"
"1070197","wooloweyah",,"avutekon"
"1070198","woolpack",,"uviterana"
"1070199","woolpacker",,"quzihai"
"1070200","woolpacks",,"uviterun"
"1070201","woolpated",,"ivotarina"
"1070202","woolpit",,"quzihen"
"1070203","woolpress",,"quziheon"
"1070204","woolrich",,"quzicoon"
"1070205","woolrichs",,"quzicoan"
"1070206","woolridge",,"qizoceu"
"1070207","wools",,"qizoqa"
"1070208","woolsack",,"qizoquat"
"1070209","woolsacks",,"qizoque"
"1070210","woolsaw",,"qozequ"
"1070211","woolsedge",,"evatezea"
"1070212","woolsery",,"uvituzia"
"1070213","woolsey",,"quziqot"
"1070214","woolseyism",,"qozeqoon"
"1070215","woolseys",,"quziquo"
"1070216","woolshearer",,"ivotirotet"
"1070217","woolshearing",,"ovetoreto"
"1070218","woolshears",,"quziqean"
"1070219","woolshed",,"qozequot"
"1070220","woolsheds",,"qozequo"
"1070221","woolsington",,"avutasosin"
"1070222","woolskin",,"uvituve"
"1070223","woolskins",,"uvituvin"
"1070224","woolson",,"ovetoet"
"1070225","woolsorter",,"uvituhu"
"1070226","woolsorters",,"uvituhagot"
"1070227","woolsorting",,"ivotihugun"
"1070228","woolsower",,"ovetohi"
"1070229","woolstapling",,"qozeqesuin"
"1070230","woolstencroft",,"ovetobejo"
"1070231","woolstenhulme",,"quziqipua"
"1070232","woolsthorpe",,"qezaqasoot"
"1070233","woolstock",,"ivotiboa"
"1070234","woolstocks",,"ivotibet"
"1070235","woolston",,"qozeqeo"
"1070236","woolstuff",,"uvitubin"
"1070237","woolton",,"qozewot"
"1070238","woolulose",,"evatizina"
"1070239","woolum",,"qazuat"
"1070240","woolungasaurus",,"qezaburuon"
"1070241","woolungosaurus",,"qozebaria"
"1070242","woolverton",,"qazudao"
"1070243","woolwa",,"qozeun"
"1070244","woolward",,"qozegiin"
"1070245","woolwas",,"qozegu"
"1070246","woolwasher",,"qozegiet"
"1070247","woolway",,"quzigot"
"1070248","woolwear",,"evatazat"
"1070249","woolweed",,"ivotozun"
"1070250","woolwheel",,"qizogae"
"1070251","woolwich",,"evatasu"
"1070252","woolwichs",,"evatasot"
"1070253","woolwinder",,"ovetesata"
"1070254","woolwine",,"oveteson"
"1070255","woolwines",,"ovetesan"
"1070256","woolwork",,"ovetehi"
"1070257","woolworker",,"qozegeon"
"1070258","woolworking",,"qezagawien"
"1070259","woolworks",,"ovetehat"
"1070260","woolwort",,"qizogoun"
"1070261","woolworth",,"ivotohen"
"1070262","woolworths",,"ivotohona"
"1070263","wooly",,"qazul"
"1070264","woolyback",,"avutesoa"
"1070265","woolybutt",,"ivotusote"
"1070266","woolyhen",,"qozelua"
"1070267","woolypate",,"qezalei"
"1070268","woolypated",,"avutejen"
"1070269","woom",,"ovevnu"
"1070270","woomargama",,"qazanoo"
"1070271","woombah",,"uvivion"
"1070272","woomelang",,"uviveze"
"1070273","woomer",,"qozoun"
"1070274","woomera",,"qizivon"
"1070275","woomerah",,"ivovaqin"
"1070276","woomerahs",,"ivovaqa"
"1070277","woomerang",,"evaviqin"
"1070278","woomerangs",,"evaviqaa"
"1070279","woomeras",,"qizivaan"
"1070280","woomp",,"quzuh"
"1070281","woomph",,"uvivon"
"1070282","woomping",,"ovevusat"
"1070283","woon",,"qozia"
"1070284","woonderful",,"qazetao"
"1070285","wooned",,"avuzun"
"1070286","woonerf",,"qizuvan"
"1070287","wooness",,"qezoven"
"1070288","woongarrah",,"evazuro"
"1070289","wooning",,"avuzaena"
"1070290","woonona",,"ovezien"
"1070291","woons",,"qoziqa"
"1070292","woonsocket",,"evazehota"
"1070293","woonsockets",,"evazehipo"
"1070294","woont",,"evazoo"
"1070295","wooonderful",,"qozupepean"
"1070296","woooosh",,"quzefen"
"1070297","wooosh",,"qozuu"
"1070298","woop",,"qezuo"
"1070299","wooper",,"avufe"
"1070300","wooperton",,"uvifequn"
"1070301","woopie",,"qazian"
"1070302","woopies",,"qazirun"
"1070303","woops",,"qezuqe"
"1070304","woopsed",,"uvifuena"
"1070305","woopses",,"qaziqat"
"1070306","woopsie",,"qaziqun"
"1070307","woopsing",,"uvifuse"
"1070308","woopty",,"ovefot"
"1070309","woopy",,"qizela"
"1070310","wooragee",,"qazaneun"
"1070311","wooragurie",,"avujini"
"1070312","woorali",,"uvijoia"
"1070313","wooralis",,"uvijozat"
"1070314","woorara",,"ovejaa"
"1070315","wooraras",,"ovejaqen"
"1070316","woorari",,"evajuat"
"1070317","wooraris",,"evajuqe"
"1070318","woorarra",,"qizinaan"
"1070319","woord",,"uvijao"
"1070320","woordbook",,"qizitae"
"1070321","woorden",,"qezeto"
"1070322","woordie",,"ivojuun"
"1070323","woore",,"quzuv"
"1070324","wooreen",,"avujou"
"1070325","woori",,"qazar"
"1070326","woorinen",,"quzuroet"
"1070327","woorndoo",,"qezepai"
"1070328","woos",,"uvicli"
"1070329","woosang",,"quzano"
"1070330","woose",,"ivocanu"
"1070331","woosehill",,"qezovie"
"1070332","woosel",,"qoziuna"
"1070333","woosell",,"avucoota"
"1070334","woosells",,"avucozo"
"1070335","woosels",,"qozivu"
"1070336","wooses",,"ivocann"
"1070337","woosh",,"qazen"
"1070338","wooshed",,"ivocoun"
"1070339","wooshes",,"quzana"
"1070340","wooshing",,"ivocosen"
"1070341","wooshs",,"qazeat"
"1070342","woosley",,"quzavot"
"1070343","wooster",,"ivocuun"
"1070344","woosterian",,"qoziwoet"
"1070345","woosterism",,"evacoza"
"1070346","woosterite",,"qoziwoen"
"1070347","woosters",,"ivocuzu"
"1070348","woosuk",,"oveca"
"1070349","woosung",,"qozibot"
"1070350","woosungs",,"qozibao"
"1070351","woosy",,"evacoi"
"1070352","woot",,"quzet"
"1070353","wootan",,"oveqoti"
"1070354","wooten",,"avuqea"
"1070355","wootens",,"avuqoin"
"1070356","wooters",,"ivoqaun"
"1070357","woothen",,"qezinet"
"1070358","wooton",,"ivoqunn"
"1070359","wootong",,"uviqaan"
"1070360","wootons",,"ivoquua"
"1070361","wootsie",,"qizaqi"
"1070362","wootsies",,"qizaqeat"
"1070363","wootsy",,"qezia"
"1070364","wootten",,"qazowat"
"1070365","wootton",,"qizawan"
"1070366","wootz",,"avuqoni"
"1070367","wootzes",,"uviqeen"
"1070368","wootzs",,"avuqei"
"1070369","woowoo",,"evadi"
"1070370","wooyen",,"qizaena"
"1070371","wooyoung",,"qezifean"
"1070372","wooyung",,"quzebo"
"1070373","wooze",,"qazive"
"1070374","woozed",,"uvilota"
"1070375","woozes",,"qazion"
"1070376","woozier",,"avulain"
"1070377","wooziest",,"uviluzi"
"1070378","woozilier",,"quzorai"
"1070379","wooziliest",,"qizeruot"
"1070380","woozily",,"evaleat"
"1070381","wooziness",,"ovelofi"
"1070382","woozinesses",,"evalefada"
"1070383","woozing",,"uviluana"
"1070384","woozle",,"ivolane"
"1070385","woozy",,"qizele"
"1070386","wop",,"qup"
"1070387","wopat",,"uvumas"
"1070388","wopc",,"qupaa"
"1070389","wope",,"qipea"
"1070390","woperchild",,"qopacaet"
"1070391","wopland",,"avatiin"
"1070392","wopmayite",,"ivivemot"
"1070393","wopped",,"qupoe"
"1070394","wopper",,"qapii"
"1070395","wopperjawed",,"qopavuvaen"
"1070396","wopping",,"quporet"
"1070397","woppish",,"qepuri"
"1070398","woppy",,"ovofina"
"1070399","wopr",,"uvujna"
"1070400","wops",,"qupae"
"1070401","wopspeak",,"uvucezia"
"1070402","wopsy",,"qepol"
"1070403","wora",,"quhin"
"1070404","woradgery",,"qehatoon"
"1070405","worb",,"ivanne"
"1070406","worble",,"qeheot"
"1070407","worboise",,"uvenasi"
"1070408","worboyes",,"evinoman"
"1070409","worboys",,"ovuniaa"
"1070410","worby",,"avonero"
"1070411","worc",,"qihun"
"1070412","worceste",,"avorowu"
"1070413","worcester",,"qehovuet"
"1070414","worcesterberries",,"avorowifin"
"1070415","worcesterberry",,"ivarawefon"
"1070416","worcesterite",,"uverewofu"
"1070417","worcesters",,"qehovui"
"1070418","worcestershire",,"qehovudio"
"1070419","worcestershires",,"qehovudiet"
"1070420","worcs",,"qihuqi"
"1070421","word",,"ovusti"
"1070422","wordable",,"evisusi"
"1070423","wordably",,"uvesoset"
"1070424","wordage",,"ivaseat"
"1070425","wordages",,"ivasene"
"1070426","wordaholic",,"uvesoru"
"1070427","wordb",,"qihar"
"1070428","wordbook",,"qehiraona"
"1070429","wordbooks",,"qehiraan"
"1070430","wordbound",,"qehiraone"
"1070431","wordbreak",,"ovuseqen"
"1070432","wordbreaks",,"ovuseqon"
"1070433","wordbuilding",,"ivasodafat"
"1070434","wordc",,"ovusoo"
"1070435","wordcel",,"qahosi"
"1070436","wordclock",,"qohusia"
"1070437","wordcloud",,"evisezun"
"1070438","wordcount",,"avosaho"
"1070439","wordcraft",,"qahosou"
"1070440","wordcraftsman",,"eviseqeron"
"1070441","worde",,"evisini"
"1070442","worded",,"qehiu"
"1070443","worden",,"quhee"
"1070444","worder",,"qohuan"
"1070445","wordfact",,"uveseron"
"1070446","wordfast",,"uveseri"
"1070447","wordfest",,"ovusuzen"
"1070448","wordfilter",,"evisisa"
"1070449","wordfinal",,"qehiluun"
"1070450","wordfinder",,"avososon"
"1070451","wordfinders",,"avososopan"
"1070452","wordfinding",,"uvesesepen"
"1070453","wordflow",,"ovusuzon"
"1070454","wordform",,"uvesehat"
"1070455","wordful",,"evisiat"
"1070456","wordfulness",,"qihalipia"
"1070457","wordg",,"ivasena"
"1070458","wordgame",,"evisurat"
"1070459","wordgames",,"evisure"
"1070460","wordhoard",,"qehinai"
"1070461","wordhood",,"evisahun"
"1070462","wordian",,"qehirena"
"1070463","wordie",,"eviseto"
"1070464","wordier",,"qohure"
"1070465","wordiers",,"qohuroin"
"1070466","wordies",,"eviseia"
"1070467","wordiest",,"qehireet"
"1070468","wordify",,"qehireta"
"1070469","wordilier",,"avosazet"
"1070470","wordiliest",,"uvesuzua"
"1070471","wordily",,"qihari"
"1070472","wordines",,"quheroo"
"1070473","wordiness",,"quheroeta"
"1070474","wordinesses",,"qiharepiin"
"1070475","wording",,"qehiron"
"1070476","wordings",,"qehiruan"
"1070477","wordinitial",,"quherotau"
"1070478","wordish",,"qiharan"
"1070479","wordishly",,"ivasiwo"
"1070480","wordishness",,"uvesuwajot"
"1070481","wordishnesses",,"ivasiwujat"
"1070482","wordism",,"avosaota"
"1070483","wordj",,"qohus"
"1070484","wordk",,"evisino"
"1070485","wordlaw",,"qahovan"
"1070486","wordle",,"qahoon"
"1070487","wordlength",,"ivasezeta"
"1070488","wordler",,"avosiua"
"1070489","wordless",,"qahovaun"
"1070490","wordlesslier",,"qihavibio"
"1070491","wordlessliest",,"qohuvoboun"
"1070492","wordlessly",,"avosizet"
"1070493","wordlessness",,"evisuzido"
"1070494","wordlessnesses",,"avosizode"
"1070495","wordlessnesss",,"evisuzidet"
"1070496","wordlet",,"uvesoen"
"1070497","wordlier",,"avosisa"
"1070498","wordlike",,"quhevoen"
"1070499","wordlikeness",,"avosisufun"
"1070500","wordline",,"ovusaseta"
"1070501","wordling",,"uvesosun"
"1070502","wordlist",,"avosiso"
"1070503","wordlists",,"avosiset"
"1070504","wordlore",,"ovusahen"
"1070505","wordlores",,"ovusahon"
"1070506","wordlorist",,"qihavoot"
"1070507","wordly",,"qihaen"
"1070508","wordmaker",,"qahozeu"
"1070509","wordmaking",,"quhezaun"
"1070510","wordman",,"quhezot"
"1070511","wordmanship",,"qehizoheot"
"1070512","wordmark",,"qehizoon"
"1070513","wordmaster",,"avosurena"
"1070514","wordmeal",,"quhezua"
"1070515","wordmen",,"qohuze"
"1070516","wordmonger",,"avosuhia"
"1070517","wordmongering",,"quhezihoen"
"1070518","wordmongerings",,"quhezihoon"
"1070519","wordmongers",,"avosuhosat"
"1070520","wordmongery",,"ovusehuse"
"1070521","wordnesia",,"qahopau"
"1070522","wordness",,"quhepua"
"1070523","wordnet",,"ivasiat"
"1070524","wordnets",,"ivasizea"
"1070525","wordnik",,"quhepo"
"1070526","wordoid",,"quhefot"
"1070527","wordology",,"qihafuu"
"1070528","wordpad",,"uveseoa"
"1070529","wordpads",,"uveseret"
"1070530","wordperfect",,"ivasazuro"
"1070531","wordplay",,"avosozot"
"1070532","wordplayer",,"qahohein"
"1070533","wordplayfully",,"qahoheseat"
"1070534","wordplays",,"avosozo"
"1070535","wordpool",,"evisihe"
"1070536","wordpress",,"ivasaqin"
"1070537","wordpresser",,"qihahapiu"
"1070538","wordpresss",,"ivasaqa"
"1070539","wordprocess",,"avosoqizon"
"1070540","wordprocessed",,"quhehejuat"
"1070541","wordprocesses",,"uveseqozot"
"1070542","wordprocessing",,"quhehejuo"
"1070543","wordprocessor",,"qihahajien"
"1070544","wordprocessors",,"qihahajion"
"1070545","wordrobe",,"uvesihet"
"1070546","words",,"ovusou"
"1070547","wordscape",,"quheqoa"
"1070548","wordsearch",,"ivasizot"
"1070549","wordsearches",,"ovusozobat"
"1070550","wordshape",,"uvesurana"
"1070551","wordshaping",,"quheqeseu"
"1070552","wordship",,"uvesurat"
"1070553","wordsize",,"qihaqei"
"1070554","wordsley",,"qohuqiu"
"1070555","wordsman",,"quheqeo"
"1070556","wordsmanship",,"qehiqiseo"
"1070557","wordsmen",,"qohuquin"
"1070558","wordsmith",,"avosapon"
"1070559","wordsmithed",,"quheqetaat"
"1070560","wordsmitheries",,"quheqetao"
"1070561","wordsmithery",,"qohuqutiat"
"1070562","wordsmithing",,"quheqetaoa"
"1070563","wordsmiths",,"avosapan"
"1070564","wordsome",,"evisehat"
"1070565","wordspinner",,"ivasijajon"
"1070566","wordspite",,"ovusojon"
"1070567","wordstar",,"ivasibe"
"1070568","wordster",,"eviseban"
"1070569","wordstock",,"qihaqoun"
"1070570","wordstring",,"qehiqau"
"1070571","wordswor",,"qihaqaan"
"1070572","wordsworth",,"qihaqain"
"1070573","wordsworthian",,"evisekuban"
"1070574","wordsworthianism",,"uvesukobin"
"1070575","wordsworthianisms",,"uvesukoba"
"1070576","wordsworths",,"qihaqajoa"
"1070577","wordwall",,"ivasorua"
"1070578","wordwise",,"uvesison"
"1070579","wordwrap",,"ivasoqe"
"1070580","wordwrapped",,"ivasoqiqa"
"1070581","wordwrapping",,"ivasoqiqat"
"1070582","wordwraps",,"ivasoqin"
"1070583","wordy",,"uvesano"
"1070584","wordz",,"quhem"
"1070585","wore",,"qohao"
"1070586","woreda",,"ovutesa"
"1070587","worenine",,"qehupuon"
"1070588","worest",,"evitetn"
"1070589","worf",,"uvekna"
"1070590","worfield",,"evikeze"
"1070591","worfolk",,"quhofet"
"1070592","worgan",,"ovulaa"
"1070593","worgret",,"qihoci"
"1070594","worimi",,"qehoet"
"1070595","woringer",,"qehopoan"
"1070596","work",,"qohau"
"1070597","workabilities",,"avosisofot"
"1070598","workability",,"ivasesafi"
"1070599","workable",,"qehuniet"
"1070600","workableness",,"ovusasofe"
"1070601","workablenesses",,"evisusefon"
"1070602","workabler",,"evisusea"
"1070603","workablest",,"avosiseta"
"1070604","workably",,"quhoneo"
"1070605","workaday",,"avosivin"
"1070606","workadays",,"avosiva"
"1070607","workaholic",,"quhoneun"
"1070608","workaholicism",,"qohanujaa"
"1070609","workaholics",,"quhonejou"
"1070610","workaholism",,"qohanujae"
"1070611","workaholisms",,"qohanujain"
"1070612","workalcoholic",,"uvesozeci"
"1070613","workalike",,"uvesozea"
"1070614","workamper",,"qohanuo"
"1070615","workamping",,"qehuniot"
"1070616","workarou",,"uvesoqan"
"1070617","workaround",,"evisuqot"
"1070618","workarounds",,"evisuquko"
"1070619","workathon",,"ovusabat"
"1070620","workation",,"qohaneet"
"1070621","workaway",,"quhonea"
"1070622","workbag",,"uvesion"
"1070623","workbags",,"uvesiran"
"1070624","workbank",,"qahireu"
"1070625","workbase",,"ovusero"
"1070626","workbasket",,"qehuroata"
"1070627","workbaskets",,"qehurobie"
"1070628","workbenc",,"quhorua"
"1070629","workbench",,"uvesizata"
"1070630","workbenches",,"ivasozazen"
"1070631","workbenchs",,"uvesize"
"1070632","workboard",,"avosuho"
"1070633","workboardes",,"uvesihube"
"1070634","workboards",,"avosuhet"
"1070635","workboat",,"qahirue"
"1070636","workboats",,"qahiruin"
"1070637","workbook",,"avosuhen"
"1070638","workbookish",,"qehurajio"
"1070639","workbooks",,"avosuhon"
"1070640","workboot",,"qehurai"
"1070641","workbox",,"qoharu"
"1070642","workboxes",,"qehuraia"
"1070643","workbrittle",,"uvesiqegot"
"1070644","workcamp",,"ovusoreta"
"1070645","workcamper",,"qohasien"
"1070646","workcation",,"qohasion"
"1070647","workcest",,"avosazot"
"1070648","workd",,"evisoi"
"1070649","workday",,"uvesaen"
"1070650","workdayer",,"quhotao"
"1070651","workdayest",,"qihetuun"
"1070652","workdays",,"uvesaron"
"1070653","workdayyer",,"qehutoi"
"1070654","workdayyest",,"qahiteneot"
"1070655","workdocs",,"ivasuhu"
"1070656","workdog",,"uvesaie"
"1070657","worke",,"qehuve"
"1070658","worked",,"avosun"
"1070659","workedst",,"qahivuun"
"1070660","worker",,"evisona"
"1070661","workeress",,"avosoqo"
"1070662","workerism",,"uveseqe"
"1070663","workerist",,"qehuviat"
"1070664","workerists",,"qehuvie"
"1070665","workerless",,"quhovei"
"1070666","workerlike",,"qihevaot"
"1070667","workers",,"evisian"
"1070668","workership",,"ivasaqona"
"1070669","workery",,"ivasauna"
"1070670","workest",,"avosoin"
"1070671","worketh",,"qehuvet"
"1070672","workface",,"ivasaru"
"1070673","workfarce",,"quholaet"
"1070674","workfare",,"quholaen"
"1070675","workfarer",,"uveserun"
"1070676","workfares",,"quholaon"
"1070677","workfell",,"uvesezun"
"1070678","workfellow",,"uvesezot"
"1070679","workfellows",,"uvesezufo"
"1070680","workfile",,"qehuluat"
"1070681","workflow",,"qohalien"
"1070682","workflows",,"qohalion"
"1070683","workflowy",,"quholaan"
"1070684","workfolk",,"qiheloin"
"1070685","workfolks",,"qiheloa"
"1070686","workforce",,"qahiluot"
"1070687","workforces",,"qahiluo"
"1070688","workfree",,"qohaluot"
"1070689","workfront",,"qihelaot"
"1070690","workful",,"qehuli"
"1070691","workfulness",,"ovusudojin"
"1070692","workfunction",,"quholuhua"
"1070693","workgang",,"ovusaran"
"1070694","workgirl",,"qohamaet"
"1070695","workgirls",,"qohamai"
"1070696","workgiver",,"qehumuun"
"1070697","workglove",,"qehumoun"
"1070698","workgroup",,"qehumie"
"1070699","workgrouping",,"uvesoqokan"
"1070700","workgroups",,"qehumiin"
"1070701","workhand",,"avosuro"
"1070702","workholding",,"qehunapoen"
"1070703","workhome",,"evisahu"
"1070704","workhors",,"qahinuot"
"1070705","workhorse",,"quhoniia"
"1070706","workhorses",,"quhoniat"
"1070707","workhour",,"quhonion"
"1070708","workhours",,"quhonian"
"1070709","workhouse",,"ovusehan"
"1070710","workhoused",,"qohaneeta"
"1070711","workhouses",,"ovusehun"
"1070712","workhousing",,"qohanegou"
"1070713","workie",,"qehuo"
"1070714","workin",,"uvesona"
"1070715","working",,"avosaen"
"1070716","workingly",,"qehuruu"
"1070717","workingm",,"ivasifen"
"1070718","workingman",,"qoharaat"
"1070719","workingmans",,"qohararee"
"1070720","workingmen",,"qahirion"
"1070721","workingmens",,"qahiriruan"
"1070722","workingperson",,"qehururii"
"1070723","workings",,"avosafon"
"1070724","workington",,"uvesufo"
"1070725","workingwoman",,"qohararein"
"1070726","workingwomen",,"qahiriruun"
"1070727","workingwonan",,"evisefemat"
"1070728","workish",,"ovusoon"
"1070729","workism",,"qahiru"
"1070730","workiversary",,"ivasigobi"
"1070731","workleisure",,"qihevitia"
"1070732","workless",,"uvesozana"
"1070733","worklessness",,"qehuvebeot"
"1070734","worklessnesses",,"qahivabaat"
"1070735","worklessnesss",,"qehuvebeo"
"1070736","worklet",,"quhova"
"1070737","worklike",,"ivasesaa"
"1070738","workling",,"quhovoan"
"1070739","worklist",,"qahiviot"
"1070740","workload",,"qihevoat"
"1070741","workloads",,"qihevoe"
"1070742","worklog",,"ivaseot"
"1070743","workloom",,"ovusahana"
"1070744","workly",,"ovusau"
"1070745","workman",,"ivasoua"
"1070746","workmanl",,"qohazio"
"1070747","workmanlike",,"qahizehii"
"1070748","workmanlikeness",,"evisarifin"
"1070749","workmanliness",,"ivasorafu"
"1070750","workmanly",,"quhozai"
"1070751","workmans",,"ivasorot"
"1070752","workmanship",,"avosurodu"
"1070753","workmanships",,"avosurodot"
"1070754","workmaster",,"qahizea"
"1070755","workmasters",,"qahizebeen"
"1070756","workmate",,"uvesiri"
"1070757","workmates",,"uvesirat"
"1070758","workmen",,"evisaat"
"1070759","workmens",,"evisaze"
"1070760","workmistress",,"quhozobain"
"1070761","workmistresses",,"qihezebuan"
"1070762","workname",,"ovusorete"
"1070763","worknight",,"avosasat"
"1070764","workoholic",,"qahifoon"
"1070765","workout",,"ovusien"
"1070766","workoutaholic",,"uvesadoti"
"1070767","workouts",,"ovusidon"
"1070768","workover",,"qohafiota"
"1070769","workpan",,"qohahin"
"1070770","workpants",,"evisirin"
"1070771","workpaper",,"avosoren"
"1070772","workpeople",,"ivasazen"
"1070773","workperson",,"ovusuzuna"
"1070774","workphobia",,"ovusure"
"1070775","workphobic",,"evisiro"
"1070776","workpiec",,"ovususet"
"1070777","workpiece",,"evisise"
"1070778","workpieces",,"evisisin"
"1070779","workplac",,"qihehuat"
"1070780","workplace",,"qohahia"
"1070781","workplaces",,"qohahien"
"1070782","workplane",,"uvesezuna"
"1070783","workprint",,"qehuhie"
"1070784","workprints",,"qehuhiin"
"1070785","workrate",,"qohaciin"
"1070786","workroom",,"uvesihun"
"1070787","workrooms",,"uvesihua"
"1070788","workrule",,"quhocuen"
"1070789","works",,"qohaqe"
"1070790","worksafe",,"ivasirin"
"1070791","workscreen",,"qiheqee"
"1070792","workseeker",,"ivasiza"
"1070793","workshadowing",,"eviserepun"
"1070794","workshare",,"qiheqae"
"1070795","workshed",,"qehuqion"
"1070796","workshee",,"avosara"
"1070797","worksheet",,"qahiqoin"
"1070798","worksheeted",,"ivasirofoa"
"1070799","worksheeting",,"ivasirofun"
"1070800","worksheets",,"qahiqoa"
"1070801","workshift",,"ivasiron"
"1070802","workship",,"quhoqei"
"1070803","workshirt",,"ovusoruna"
"1070804","workshoe",,"ivasirot"
"1070805","workshop",,"qehuqiat"
"1070806","workshoppe",,"evisero"
"1070807","workshopped",,"qehuqijiin"
"1070808","workshopper",,"qohaqujuat"
"1070809","workshopping",,"qehuqijii"
"1070810","workshops",,"qehuqie"
"1070811","workshy",,"uvesuia"
"1070812","workshyness",,"qehuqinein"
"1070813","worksite",,"avosaso"
"1070814","worksites",,"avosaset"
"1070815","workslop",,"quhoqaon"
"1070816","worksome",,"qehuqai"
"1070817","worksomeness",,"ovusohifin"
"1070818","worksona",,"ovusohon"
"1070819","worksong",,"ovusohan"
"1070820","worksop",,"avosaaa"
"1070821","worksops",,"avosahen"
"1070822","workspac",,"uvesuji"
"1070823","workspace",,"ivasijin"
"1070824","workspaces",,"ivasija"
"1070825","workstand",,"uvesubat"
"1070826","workstat",,"qohaqeot"
"1070827","workstation",,"evisebeget"
"1070828","workstations",,"evisebegi"
"1070829","workstead",,"qehuqaon"
"1070830","workstock",,"ovusoban"
"1070831","workstone",,"qahiquot"
"1070832","workstrand",,"qahiqua"
"1070833","workstream",,"qahiquaa"
"1070834","workstring",,"avosabun"
"1070835","workstyle",,"qehuqaan"
"1070836","worksurface",,"qiheqiwaot"
"1070837","worksurfaces",,"qiheqiwao"
"1070838","workswell",,"qehuqiata"
"1070839","worksy",,"quhoin"
"1070840","worktabl",,"evisorun"
"1070841","worktable",,"avosero"
"1070842","worktables",,"avoseret"
"1070843","worktaker",,"qehuwoan"
"1070844","workteam",,"uvesazi"
"1070845","worktext",,"ovusizen"
"1070846","worktime",,"ivasusot"
"1070847","worktool",,"quhowion"
"1070848","worktop",,"qahiwe"
"1070849","worktops",,"qahiwuin"
"1070850","worku",,"qehub"
"1070851","workup",,"ovusan"
"1070852","workups",,"ovusuen"
"1070853","workwatcher",,"avosurizi"
"1070854","workwatchers",,"avosurizat"
"1070855","workways",,"qiheguan"
"1070856","workwear",,"avosuzot"
"1070857","workwears",,"avosuzo"
"1070858","workweek",,"qohagoin"
"1070859","workweeks",,"qohagoa"
"1070860","workwise",,"quhogoen"
"1070861","workwoman",,"ivasoho"
"1070862","workwomanlike",,"qahigufie"
"1070863","workwomanly",,"quhogifoe"
"1070864","workwomen",,"evisahin"
"1070865","workword",,"qohageot"
"1070866","workworn",,"qahiguin"
"1070867","worky",,"quhola"
"1070868","workyard",,"qahileuna"
"1070869","worl",,"evitra"
"1070870","worlaby",,"qahunan"
"1070871","worland",,"uvetoet"
"1070872","worlands",,"uvetofi"
"1070873","world",,"qehata"
"1070874","worldaught",,"qohetion"
"1070875","worldbank",,"quhiteet"
"1070876","worldbeat",,"qehatiet"
"1070877","worldbeater",,"avotesuten"
"1070878","worldbeaters",,"avotesuton"
"1070879","worldbeating",,"uvetasita"
"1070880","worldbeats",,"qehatii"
"1070881","worldbound",,"uvetasuna"
"1070882","worldbreaking",,"uvetasafet"
"1070883","worldbuilder",,"qihotagia"
"1070884","worldbuilding",,"qohetugoin"
"1070885","worldcon",,"avotetaa"
"1070886","worlde",,"qahuon"
"1070887","worlded",,"uvetaoa"
"1070888","worlder",,"avoteua"
"1070889","worldest",,"uvetazon"
"1070890","worldful",,"qahutain"
"1070891","worldham",,"avoteroa"
"1070892","worldhood",,"qahutoot"
"1070893","worldhouse",,"evitorot"
"1070894","worldian",,"uvetasan"
"1070895","worldie",,"qahutat"
"1070896","worlding",,"uvetasune"
"1070897","worldish",,"evitosu"
"1070898","worldism",,"quhitoet"
"1070899","worldist",,"avoteso"
"1070900","worldization",,"ovutisetot"
"1070901","worldize",,"evitosat"
"1070902","worldized",,"qehatuon"
"1070903","worldizing",,"qehatuin"
"1070904","worldkin",,"ovutivi"
"1070905","worldlang",,"quhitai"
"1070906","worldless",,"ivatuzot"
"1070907","worldlessly",,"quhitapuat"
"1070908","worldlessness",,"qahutepai"
"1070909","worldlet",,"qihotuan"
"1070910","worldlier",,"quhitaon"
"1070911","worldliest",,"qihotuin"
"1070912","worldlike",,"ovutizan"
"1070913","worldlily",,"qahutea"
"1070914","worldlin",,"qohetio"
"1070915","worldline",,"qehatoat"
"1070916","worldliness",,"qehatotein"
"1070917","worldlinesses",,"qahutetaan"
"1070918","worldling",,"qihotuot"
"1070919","worldlings",,"qihotuo"
"1070920","worldly",,"evitoane"
"1070921","worldlywise",,"ivatuzemet"
"1070922","worldmaker",,"ivatupo"
"1070923","worldmaking",,"ovutipopot"
"1070924","worldman",,"ovutipeta"
"1070925","worldmate",,"ivatupin"
"1070926","worldness",,"ovutifon"
"1070927","worldpop",,"qehatei"
"1070928","worldproof",,"ivatujon"
"1070929","worldproofed",,"qohetowiat"
"1070930","worldproofing",,"qohetowio"
"1070931","worldproofs",,"ivatujucan"
"1070932","worldquake",,"qahuteot"
"1070933","worlds",,"qehaa"
"1070934","worldscale",,"uvetawata"
"1070935","worldscales",,"uvetawete"
"1070936","worldshaking",,"qahutisiun"
"1070937","worldsheet",,"quhitoon"
"1070938","worldstar",,"qohetaa"
"1070939","worldstarhiphop",,"qihotedein"
"1070940","worldview",,"evitoge"
"1070941","worldviews",,"evitogin"
"1070942","worldvolume",,"qehatojuu"
"1070943","worldward",,"qahutoe"
"1070944","worldwards",,"qahutoin"
"1070945","worldway",,"qohetuu"
"1070946","worldweariness",,"qehatipuo"
"1070947","worldweary",,"evitoke"
"1070948","worldwid",,"ivatuku"
"1070949","worldwide",,"ovutiketa"
"1070950","worldwidely",,"qihotatuin"
"1070951","worldwideness",,"quhitetae"
"1070952","worldwider",,"qihotae"
"1070953","worldwidest",,"qohetutiet"
"1070954","worldwisdom",,"ivatukadon"
"1070955","worldwise",,"qihotaun"
"1070956","worldy",,"qihoen"
"1070957","worle",,"avotona"
"1070958","worleston",,"uvetewun"
"1070959","worley",,"ovutinu"
"1070960","worleys",,"ovutuaa"
"1070961","worli",,"evitere"
"1070962","worlingham",,"uvetufoa"
"1070963","worlington",,"quhirou"
"1070964","worlock",,"ovutien"
"1070965","worm",,"qeheo"
"1070966","wormable",,"qahanoun"
"1070967","wormal",,"avovua"
"1070968","wormald",,"qahanat"
"1070969","worman",,"uvevene"
"1070970","wormball",,"uveviran"
"1070971","wormbridge",,"evivaqot"
"1070972","wormburner",,"qihiriu"
"1070973","wormcast",,"eviverat"
"1070974","wormcasts",,"evivere"
"1070975","worme",,"qahav"
"1070976","wormed",,"uvevae"
"1070977","wormegay",,"quhuvao"
"1070978","wormeley",,"uvevezon"
"1070979","wormelow",,"ivavazin"
"1070980","wormer",,"avovee"
"1070981","wormeries",,"uveveqat"
"1070982","wormerland",,"qohovuen"
"1070983","wormers",,"avovoin"
"1070984","wormery",,"ovuvuaa"
"1070985","wormfish",,"qihilein"
"1070986","wormfishes",,"qoholaan"
"1070987","wormfishs",,"qihilea"
"1070988","wormflies",,"qahaleo"
"1070989","wormfly",,"qihilat"
"1070990","wormfood",,"qehelaan"
"1070991","wormfowl",,"qehelaat"
"1070992","wormgear",,"ovuvazet"
"1070993","wormgears",,"ovuvazi"
"1070994","wormgrass",,"ivaveqo"
"1070995","wormhill",,"ivavosen"
"1070996","wormhole",,"qehenaan"
"1070997","wormholed",,"avovuhet"
"1070998","wormholes",,"qehenaun"
"1070999","wormholing",,"avovuhu"
"1071000","wormhood",,"qahanuin"
"1071001","wormian",,"uvevuia"
"1071002","wormians",,"uvevurat"
"1071003","wormicide",,"uvevutat"
"1071004","wormier",,"avovaot"
"1071005","wormiest",,"uvevuzan"
"1071006","wormiform",,"qihiria"
"1071007","wormil",,"uvevona"
"1071008","wormils",,"uvevuan"
"1071009","wormily",,"eviveun"
"1071010","worminess",,"ovuvofan"
"1071011","worminesses",,"evivefado"
"1071012","worming",,"uvevuat"
"1071013","wormington",,"ivavifan"
"1071014","wormish",,"evivee"
"1071015","wormit",,"avovine"
"1071016","wormleighton",,"quhuvutoo"
"1071017","wormless",,"ivavezin"
"1071018","wormlessness",,"qahavabaon"
"1071019","wormlet",,"qihivi"
"1071020","wormley",,"avoviin"
"1071021","wormlike",,"ovuvasi"
"1071022","wormliker",,"qihivein"
"1071023","wormlikest",,"qohovai"
"1071024","wormling",,"qihiveina"
"1071025","wormlion",,"quhuvoi"
"1071026","wormly",,"evivia"
"1071027","wormpick",,"evivisu"
"1071028","wormproof",,"ivavaqet"
"1071029","wormridden",,"qohocaen"
"1071030","wormroot",,"qahacuin"
"1071031","wormroots",,"qahacua"
"1071032","worms",,"qeheq"
"1071033","wormseed",,"ivavizun"
"1071034","wormseeds",,"ivavizu"
"1071035","wormshell",,"ovuvorat"
"1071036","wormshill",,"ivaviron"
"1071037","wormship",,"qihiqau"
"1071038","wormshit",,"qeheqiat"
"1071039","wormskin",,"ovuvovan"
"1071040","wormsona",,"evivehe"
"1071041","wormss",,"qeheoa"
"1071042","wormtak",,"avoveot"
"1071043","wormtong",,"qehewaat"
"1071044","wormtoun",,"quhuwiet"
"1071045","wormul",,"ivavuni"
"1071046","wormuth",,"qahabe"
"1071047","wormweed",,"evivazi"
"1071048","wormwheel",,"qehegian"
"1071049","wormwood",,"ovuvehet"
"1071050","wormwoods",,"ovuvehi"
"1071051","wormworld",,"uvevihun"
"1071052","wormy",,"qihil"
"1071053","worn",,"avozno"
"1071054","worne",,"uvezet"
"1071055","wornham",,"qahene"
"1071056","wornil",,"quhaaa"
"1071057","wornness",,"qohipoot"
"1071058","wornnesses",,"qehopeat"
"1071059","wornnesss",,"qohipoo"
"1071060","wornout",,"qehofet"
"1071061","wornum",,"ovuzan"
"1071062","woro",,"qahon"
"1071063","worobey",,"evipaon"
"1071064","worojiri",,"qahosia"
"1071065","woronin",,"qahopu"
"1071066","woronoco",,"evipehe"
"1071067","woronocos",,"evipehin"
"1071068","woronora",,"qehipai"
"1071069","worora",,"evipona"
"1071070","wororan",,"quheca"
"1071071","worplesdon",,"qehuveun"
"1071072","worral",,"qihiet"
"1071073","worrall",,"evijuat"
"1071074","worrals",,"qihini"
"1071075","worraps",,"qehenen"
"1071076","worrel",,"qeheaa"
"1071077","worrell",,"uvejeon"
"1071078","worrels",,"qeheven"
"1071079","worret",,"qohoat"
"1071080","worreted",,"avojobu"
"1071081","worreting",,"avojobon"
"1071082","worrets",,"qohove"
"1071083","worriable",,"ovujoron"
"1071084","worricow",,"ivajitin"
"1071085","worricows",,"ivajita"
"1071086","worriecow",,"ovujozon"
"1071087","worried",,"qohorea"
"1071088","worriedlier",,"qaharazien"
"1071089","worriedliest",,"quhuruzoe"
"1071090","worriedly",,"ovujozona"
"1071091","worriedness",,"ivajizejen"
"1071092","worrier",,"qihiri"
"1071093","worriers",,"qihiriat"
"1071094","worries",,"ovujooa"
"1071095","worrieth",,"ovujozone"
"1071096","worriful",,"ovujoman"
"1071097","worriless",,"qeheroat"
"1071098","worrily",,"quhuro"
"1071099","worriment",,"ovujopan"
"1071100","worriments",,"ovujopun"
"1071101","worrisom",,"ivajiwa"
"1071102","worrisome",,"ovujowan"
"1071103","worrisomely",,"qihirejoo"
"1071104","worrisomeness",,"quhurojiot"
"1071105","worrisomenesses",,"qihirejoat"
"1071106","worrit",,"qihion"
"1071107","worrited",,"evijebat"
"1071108","worriter",,"ovujobet"
"1071109","worriting",,"evijebo"
"1071110","worrits",,"qihiran"
"1071111","worrom",,"ivajuna"
"1071112","worrorran",,"qahafoot"
"1071113","worrowing",,"qohofuon"
"1071114","worry",,"avojeni"
"1071115","worrycow",,"avojetot"
"1071116","worrycows",,"avojeto"
"1071117","worryful",,"uvejamat"
"1071118","worryguts",,"qahaleot"
"1071119","worryin",,"qihilan"
"1071120","worrying",,"quhuloon"
"1071121","worryinglier",,"qoholahau"
"1071122","worryingliest",,"qeheluhuon"
"1071123","worryingly",,"uvejasot"
"1071124","worryings",,"quhuloan"
"1071125","worryless",,"qihiluun"
"1071126","worrylessness",,"uvejazido"
"1071127","worrylines",,"avojezi"
"1071128","worryment",,"uvejapata"
"1071129","worryproof",,"qihilia"
"1071130","worrywart",,"uvejakan"
"1071131","worrywarts",,"uvejakun"
"1071132","worrywort",,"avojeken"
"1071133","wors",,"qihut"
"1071134","worsborough",,"ivacohucan"
"1071135","worsbrough",,"evicaqo"
"1071136","worsdell",,"ivacuzui"
"1071137","worse",,"qohiv"
"1071138","worsed",,"evicen"
"1071139","worsely",,"ovucuaa"
"1071140","worsement",,"qehovii"
"1071141","worsen",,"uvecoe"
"1071142","worsened",,"qihuveon"
"1071143","worsener",,"quhavoa"
"1071144","worseness",,"ivacafin"
"1071145","worsenesses",,"ovucufedan"
"1071146","worsenesss",,"ivacafa"
"1071147","worsening",,"qihuvein"
"1071148","worsens",,"uveceeta"
"1071149","worser",,"ovucine"
"1071150","worserer",,"qohivuu"
"1071151","worserest",,"qehovion"
"1071152","worserment",,"eviciqin"
"1071153","worses",,"qohiat"
"1071154","worset",,"evicete"
"1071155","worsets",,"eviciia"
"1071156","worsfold",,"uvecehat"
"1071157","worsham",,"ovuceen"
"1071158","worship",,"qahenu"
"1071159","worshipability",,"evicasatu"
"1071160","worshipable",,"quhanocoun"
"1071161","worshipe",,"quhanoet"
"1071162","worshiped",,"ivacosa"
"1071163","worshipedst",,"qihunecaa"
"1071164","worshiper",,"uvecise"
"1071165","worshipers",,"uvecisin"
"1071166","worshipf",,"evicasot"
"1071167","worshipful",,"quhanou"
"1071168","worshipfull",,"ovucesero"
"1071169","worshipfully",,"uvecisiri"
"1071170","worshipfulness",,"avocusuret"
"1071171","worshipfulnesses",,"uvecisirin"
"1071172","worshipfulnesss",,"avocusuri"
"1071173","worshipi",,"qahenia"
"1071174","worshiping",,"ivacosat"
"1071175","worshipingly",,"quhanocuen"
"1071176","worshipless",,"ovucesefin"
"1071177","worshipp",,"evicasin"
"1071178","worshippability",,"qihunecain"
"1071179","worshippable",,"avocusuqe"
"1071180","worshipped",,"qahenio"
"1071181","worshippedst",,"uvecisiqo"
"1071182","worshipper",,"qehonuu"
"1071183","worshippers",,"qehonuciot"
"1071184","worshippest",,"qahenicoon"
"1071185","worshippeth",,"avocusuqea"
"1071186","worshipping",,"qahenicoun"
"1071187","worshippingly",,"avocusuqet"
"1071188","worshippy",,"ivacosen"
"1071189","worships",,"qaheniot"
"1071190","worshipt",,"uvecisun"
"1071191","worshipworth",,"avocusumot"
"1071192","worshipworthy",,"ovucesemet"
"1071193","worsification",,"uvecumezan"
"1071194","worsified",,"qihuriu"
"1071195","worsifies",,"ivacimen"
"1071196","worsify",,"eviceun"
"1071197","worsifying",,"qaherai"
"1071198","worsing",,"eviceea"
"1071199","worsle",,"avocee"
"1071200","worsley",,"ovucaaa"
"1071201","worsleya",,"ivaceze"
"1071202","worsleyas",,"ivacezin"
"1071203","worsleys",,"ovucazen"
"1071204","worssett",,"qehoqeet"
"1071205","worssetts",,"qehoqei"
"1071206","worst",,"ovucini"
"1071207","worstead",,"qohiwoe"
"1071208","worsted",,"qehowa"
"1071209","worsteds",,"qehoween"
"1071210","worstell",,"ivacuzin"
"1071211","worster",,"qohiwe"
"1071212","worstest",,"qehoweet"
"1071213","worstestest",,"uvecazege"
"1071214","worsting",,"qehowuat"
"1071215","worstly",,"qihuwi"
"1071216","worstness",,"quhawoet"
"1071217","worsts",,"ovucot"
"1071218","worsum",,"qahean"
"1071219","worswick",,"qahegiu"
"1071220","wort",,"ovuqre"
"1071221","wortabet",,"ovuqasa"
"1071222","wortcraft",,"qahosoin"
"1071223","wortcunning",,"qahosahai"
"1071224","worth",,"qihan"
"1071225","wortham",,"qohunin"
"1071226","worthams",,"qohunia"
"1071227","worthed",,"eviqai"
"1071228","worthen",,"uveqiona"
"1071229","worthenbury",,"eviqaziva"
"1071230","worthens",,"uveqizan"
"1071231","worther",,"ovuqeoa"
"1071232","worthest",,"eviqazun"
"1071233","worthey",,"quhenot"
"1071234","worthful",,"qohunoen"
"1071235","worthfuler",,"eviqamo"
"1071236","worthfulest",,"avoqumufun"
"1071237","worthfuller",,"qahonagii"
"1071238","worthfullest",,"quhenugoot"
"1071239","worthfully",,"ovuqemu"
"1071240","worthfulness",,"ivaqomofun"
"1071241","worthian",,"eviqasu"
"1071242","worthie",,"qohunina"
"1071243","worthied",,"eviqasun"
"1071244","worthier",,"ovuqeson"
"1071245","worthies",,"qohunaa"
"1071246","worthiest",,"eviqasina"
"1071247","worthilier",,"qehinuin"
"1071248","worthiliest",,"qahonipai"
"1071249","worthily",,"ivaqosa"
"1071250","worthine",,"uveqisat"
"1071251","worthiness",,"uveqisin"
"1071252","worthinesses",,"ivaqosafan"
"1071253","worthing",,"eviqasot"
"1071254","worthingite",,"qahonihian"
"1071255","worthings",,"eviqaso"
"1071256","worthington",,"avoqusosin"
"1071257","worthingtons",,"avoqusosa"
"1071258","worthles",,"avoquzo"
"1071259","worthless",,"avoquzet"
"1071260","worthlesslier",,"ivaqozode"
"1071261","worthlessliest",,"ovuqezedet"
"1071262","worthlessly",,"qehinopein"
"1071263","worthlessness",,"qohunipoe"
"1071264","worthlessnesses",,"qehinopeon"
"1071265","worthley",,"ovuqezet"
"1071266","worthliness",,"qihanutien"
"1071267","worthly",,"ivaqoue"
"1071268","worths",,"qihaon"
"1071269","worthship",,"qahonien"
"1071270","worthville",,"ovuqege"
"1071271","worthvilles",,"ovuqegufin"
"1071272","worthward",,"qohunua"
"1071273","worthwhi",,"eviqakin"
"1071274","worthwhile",,"quheneun"
"1071275","worthwhileness",,"avoqukevo"
"1071276","worthwhilenesses",,"uveqikave"
"1071277","worthwhiler",,"uveqikavo"
"1071278","worthwhilest",,"ivaqokuvun"
"1071279","worthy",,"qahoan"
"1071280","worthying",,"ivaqomet"
"1071281","worthyman",,"eviqamin"
"1071282","worthynesse",,"avoqumofi"
"1071283","worthys",,"qahonun"
"1071284","worting",,"qehiri"
"1071285","wortle",,"qahoia"
"1071286","wortles",,"qahovat"
"1071287","wortley",,"qohuve"
"1071288","wortlike",,"quhevoet"
"1071289","wortlore",,"ovuqahet"
"1071290","wortman",,"quheza"
"1071291","wortmann",,"eviqare"
"1071292","wortmannin",,"quhezauna"
"1071293","worton",,"qohue"
"1071294","wortons",,"qohufin"
"1071295","worts",,"ovuqoni"
"1071296","wortsohs",,"qahoquin"
"1071297","wortsoms",,"ovuqohon"
"1071298","wortwell",,"eviqazuna"
"1071299","wortworm",,"qehigai"
"1071300","worty",,"uveqanu"
"1071301","wos",,"ovado"
"1071302","wosb",,"qijii"
"1071303","wosbird",,"qijiron"
"1071304","wosbirds",,"qijiraan"
"1071305","woses",,"evutera"
"1071306","wosith",,"ovanono"
"1071307","wosname",,"qijunon"
"1071308","woso",,"uvopra"
"1071309","wosome",,"evupona"
"1071310","wossisname",,"qijurein"
"1071311","wossit",,"qojie"
"1071312","wossname",,"qijupuan"
"1071313","wossy",,"uvocane"
"1071314","wost",,"qojua"
"1071315","wostteth",,"aviqeza"
"1071316","wot",,"qoc"
"1071317","wotacism",,"qecasuon"
"1071318","wotagei",,"qicomi"
"1071319","wotan",,"avumate"
"1071320","wotanism",,"ivomisot"
"1071321","wotans",,"avumes"
"1071322","wotc",,"qocio"
"1071323","wotcha",,"ivoran"
"1071324","wotcher",,"qocine"
"1071325","wotchers",,"qocinoin"
"1071326","wotd",,"evasta"
"1071327","wote",,"qecui"
"1071328","woted",,"avutetu"
"1071329","wotedst",,"qaciti"
"1071330","wotes",,"qecuqa"
"1071331","wotest",,"avutunn"
"1071332","woteth",,"qecuaa"
"1071333","wothers",,"qocovu"
"1071334","wotherspoon",,"qacavoboon"
"1071335","wotho",,"uvimau"
"1071336","woting",,"avunotn"
"1071337","wotl",,"avutti"
"1071338","wotlink",,"qocera"
"1071339","wotou",,"qicab"
"1071340","wotring",,"qeceri"
"1071341","wotrk",,"evajie"
"1071342","wotruba",,"qicibet"
"1071343","wots",,"qociu"
"1071344","wotsit",,"evaciu"
"1071345","wott",,"evaqtu"
"1071346","wotte",,"avuqono"
"1071347","wotted",,"qacoeta"
"1071348","wottedst",,"uviqevet"
"1071349","wottergate",,"evaqiqu"
"1071350","wottery",,"qicavet"
"1071351","wottes",,"avuqun"
"1071352","wottest",,"qacovan"
"1071353","wotteth",,"avuqoina"
"1071354","wotting",,"qacoru"
"1071355","wotton",,"qecio"
"1071356","wottonian",,"uviqafe"
"1071357","wotts",,"evaqeno"
"1071358","woty",,"quceo"
"1071359","woubit",,"evenona"
"1071360","woubits",,"evenean"
"1071361","wouch",,"qoqin"
"1071362","woud",,"qeqia"
"1071363","woude",,"qaqova"
"1071364","woudnt",,"qiqaen"
"1071365","woudst",,"avasuna"
"1071366","wouf",,"qiqea"
"1071367","wough",,"qiqona"
"1071368","woughton",,"qoqeneen"
"1071369","wouhleche",,"ququvuet"
"1071370","wouk",,"avasto"
"1071371","wouks",,"avasana"
"1071372","would",,"uvutato"
"1071373","woulda",,"avatuna"
"1071374","woulde",,"ivitinu"
"1071375","woulded",,"qiqoten"
"1071376","woulder",,"quqitin"
"1071377","wouldest",,"qiqotii"
"1071378","woulding",,"qiqotee"
"1071379","wouldingness",,"uvutasesen"
"1071380","wouldn",,"qoqeun"
"1071381","wouldnt",,"evetoan"
"1071382","wouldntve",,"quqitoen"
"1071383","woulds",,"uvutoo"
"1071384","wouldst",,"quqitot"
"1071385","wouldve",,"qoqetun"
"1071386","wouled",,"ivitita"
"1071387","woulfe",,"avatus"
"1071388","woulfes",,"avatoot"
"1071389","wouling",,"ivitiota"
"1071390","wouls",,"qaquqa"
"1071391","wounaan",,"ivizeun"
"1071392","wound",,"ivizut"
"1071393","woundability",,"qaqetetaon"
"1071394","woundable",,"ovoziren"
"1071395","woundableness",,"quqatatoun"
"1071396","woundcare",,"quqatoa"
"1071397","wounde",,"ovozua"
"1071398","wounded",,"qoqitat"
"1071399","woundedly",,"ovozizen"
"1071400","woundedness",,"ivizuzeja"
"1071401","woundeds",,"qoqitoe"
"1071402","woundedst",,"evezozat"
"1071403","wounder",,"qiqutet"
"1071404","wounders",,"qiqutii"
"1071405","woundest",,"qoqitou"
"1071406","woundeth",,"ovozizena"
"1071407","woundfin",,"ovozimi"
"1071408","woundfuck",,"qiqutie"
"1071409","woundfucking",,"evezomazan"
"1071410","woundily",,"quqatoen"
"1071411","wounding",,"qoqitao"
"1071412","woundingly",,"ovozisea"
"1071413","woundings",,"qoqitaet"
"1071414","woundless",,"qeqotoi"
"1071415","woundlessness",,"ovozizedin"
"1071416","woundlike",,"qaqeteot"
"1071417","woundly",,"quqatot"
"1071418","wounds",,"ivizan"
"1071419","woundsome",,"ovoziwon"
"1071420","woundussy",,"uvuzadan"
"1071421","woundwood",,"qaqetou"
"1071422","woundwort",,"ivizukot"
"1071423","woundworth",,"quqatean"
"1071424","woundworts",,"ivizuko"
"1071425","woundy",,"avazun"
"1071426","wourali",,"evejuat"
"1071427","wouralis",,"evejuze"
"1071428","wourari",,"ivijeea"
"1071429","wournil",,"qiqipat"
"1071430","woustour",,"ovocihet"
"1071431","wouthuysen",,"quqenui"
"1071432","wove",,"qawi"
"1071433","woven",,"ovitono"
"1071434","wovens",,"ovitino"
"1071435","wovoka",,"qiwaet"
"1071436","wovokas",,"qiwati"
"1071437","wowed",,"qubot"
"1071438","wowee",,"ivatara"
"1071439","wowening",,"avotasen"
"1071440","wower",,"qabic"
"1071441","wowf",,"qoba"
"1071442","wowfer",,"evikon"
"1071443","wowfest",,"avokoin"
"1071444","wowho",,"qibif"
"1071445","wowie",,"uveneni"
"1071446","wowing",,"qubaa"
"1071447","wowless",,"qibovon"
"1071448","wownd",,"ovuzis"
"1071449","wownded",,"qebotot"
"1071450","wownding",,"qebotuan"
"1071451","wownds",,"ovuzina"
"1071452","wowochim",,"qebisian"
"1071453","wowoni",,"qaboat"
"1071454","wows",,"avoclo"
"1071455","wowsa",,"evicue"
"1071456","wowser",,"qabeon"
"1071457","wowserdom",,"uveceqan"
"1071458","wowserian",,"ivacaqot"
"1071459","wowserish",,"avocoqet"
"1071460","wowserism",,"qibuvae"
"1071461","wowsers",,"qabevan"
"1071462","wowsery",,"qobivun"
"1071463","wowsie",,"uvecoo"
"1071464","wowsies",,"uvecueta"
"1071465","wowt",,"qaboe"
"1071466","wowwows",,"ivaduun"
"1071467","wowwox",,"qibien"
"1071468","wowza",,"qiben"
"1071469","wowzah",,"ivalan"
"1071470","wowzer",,"evilen"
"1071471","wowzers",,"evilion"
"1071472","woxall",,"qidoet"
"1071473","woxalls",,"qidovi"
"1071474","woxen",,"evutere"
"1071475","woyaway",,"evamaete"
"1071476","woyaways",,"evamari"
"1071477","woychows",,"qagenue"
"1071478","woyewoda",,"qugogiin"
"1071479","woylie",,"qogeun"
"1071480","woyote",,"qagoon"
"1071481","woywod",,"qugue"
"1071482","woywode",,"qigifen"
"1071483","wozney",,"ovozue"
"1071484","wozniak",,"evezeat"
"1071485","wozniaks",,"evezere"
"1071486","woznicki",,"avazaten"
"1071487","wozny",,"ivizus"
"1071488","wozzeck",,"ivilaan"
"1071489","wozzecks",,"ivilatun"
"1071490","wozzer",,"qakiet"
"1071491","wozzle",,"qikeoa"
"1071492","wozzles",,"qikevet"
"1071493","wpafb",,"qelir"
"1071494","wpan",,"azezn"
"1071495","wpath",,"qulan"
"1071496","wpbsa",,"izace"
"1071497","wpcs",,"qini"
"1071498","wpdi",,"ezann"
"1071499","wpdis",,"ezanea"
"1071500","wpedia",,"ezesen"
"1071501","wpfl",,"qige"
"1071502","wpga",,"qakie"
"1071503","wpgma",,"qikon"
"1071504","wpmdss",,"uzesoa"
"1071505","wpms",,"qetei"
"1071506","wpscan",,"azirun"
"1071507","wpsl",,"azitn"
"1071508","wpth",,"qicoo"
"1071509","wpws",,"qebe"
"1071510","wqhd",,"epis"
"1071511","wqvga",,"quwen"
"1071512","wqxga",,"qidan"
"1071513","wraac",,"qelos"
"1071514","wraacs",,"qeloaa"
"1071515","wraaf",,"ufamee"
"1071516","wrabbe",,"qaloon"
"1071517","wrabetz",,"ofinuu"
"1071518","wrabill",,"ufanuon"
"1071519","wrabness",,"qolupuot"
"1071520","wrac",,"qalit"
"1071521","wrack",,"qulota"
"1071522","wracked",,"ufarea"
"1071523","wrackedst",,"qolatua"
"1071524","wracker",,"aferoe"
"1071525","wrackest",,"ufarezet"
"1071526","wracketh",,"qiletaun"
"1071527","wrackful",,"qiletau"
"1071528","wracking",,"ufaresat"
"1071529","wrackingly",,"qiletien"
"1071530","wrackline",,"qulotoan"
"1071531","wracks",,"quloota"
"1071532","wrackt",,"aferun"
"1071533","wracs",,"qaliqa"
"1071534","wracss",,"qalian"
"1071535","wraf",,"ifukt"
"1071536","wrafs",,"ifukie"
"1071537","wragby",,"afelun"
"1071538","wrager",,"ofilin"
"1071539","wragg",,"qolim"
"1071540","wraggajr",,"qilumein"
"1071541","wragge",,"qeloet"
"1071542","wraggle",,"efoluat"
"1071543","wraggled",,"qulamoon"
"1071544","wraggles",,"efoluze"
"1071545","wraggling",,"qulamoin"
"1071546","wrain",,"ufanua"
"1071547","wrainbolt",,"qilepoot"
"1071548","wrainstaff",,"qelupea"
"1071549","wrainstave",,"ofinowi"
"1071550","wrair",,"ofinea"
"1071551","wraist",,"efonona"
"1071552","wraith",,"qaliea"
"1071553","wraithe",,"qulowen"
"1071554","wraithlike",,"ifunuron"
"1071555","wraithliker",,"qolawepuu"
"1071556","wraithlikest",,"qeluwapion"
"1071557","wraithly",,"ofiniron"
"1071558","wraiths",,"qaliwin"
"1071559","wraithy",,"qolawa"
"1071560","wraitly",,"qaliwu"
"1071561","wrake",,"qiliv"
"1071562","wraker",,"afesun"
"1071563","wramp",,"efovia"
"1071564","wramped",,"qilahi"
"1071565","wramping",,"qilahiot"
"1071566","wrample",,"qoluhot"
"1071567","wran",,"ufazte"
"1071568","wrand",,"qolata"
"1071569","wrang",,"afeziu"
"1071570","wrangaton",,"afeziret"
"1071571","wrangbrook",,"ufazosin"
"1071572","wranged",,"qolamin"
"1071573","wrangel",,"qelumi"
"1071574","wrangell",,"efozuze"
"1071575","wrangells",,"efozuzin"
"1071576","wrangels",,"qelumiat"
"1071577","wranging",,"qolamoi"
"1071578","wrangle",,"qelumia"
"1071579","wrangled",,"ofizazena"
"1071580","wrangledst",,"qalimien"
"1071581","wrangler",,"ifuzezin"
"1071582","wranglers",,"ifuzeza"
"1071583","wranglership",,"afezizubin"
"1071584","wranglerships",,"afezizuba"
"1071585","wrangles",,"qelumuat"
"1071586","wranglesome",,"qalimipoi"
"1071587","wranglest",,"ofizazi"
"1071588","wrangleth",,"qelumuu"
"1071589","wranglin",,"efozuzina"
"1071590","wrangling",,"ofizaze"
"1071591","wranglingly",,"qelumution"
"1071592","wranglings",,"ofizazin"
"1071593","wrangs",,"afezui"
"1071594","wrannock",,"qelupoat"
"1071595","wranny",,"qolau"
"1071596","wrans",,"ufazui"
"1071597","wrap",,"ifufnu"
"1071598","wraparound",,"qelenae"
"1071599","wraparounds",,"qelenajain"
"1071600","wrapest",,"qalavun"
"1071601","wraple",,"quluot"
"1071602","wrapover",,"ifufuge"
"1071603","wrapovers",,"ifufugin"
"1071604","wrappable",,"qolohao"
"1071605","wrappage",,"quluhoet"
"1071606","wrappages",,"quluhoi"
"1071607","wrappe",,"qoloe"
"1071608","wrapped",,"ifufaan"
"1071609","wrapper",,"ufafeen"
"1071610","wrappered",,"qelehii"
"1071611","wrapperer",,"qolohuo"
"1071612","wrappering",,"qelehiot"
"1071613","wrapperless",,"qalahowaet"
"1071614","wrappers",,"ufafezon"
"1071615","wrappest",,"ifufaze"
"1071616","wrappeth",,"qolohuoa"
"1071617","wrapping",,"ifufasa"
"1071618","wrappings",,"ifufasen"
"1071619","wrapple",,"ofifua"
"1071620","wrappt",,"ufafo"
"1071621","wraprascal",,"ufafirat"
"1071622","wrapround",,"qalacea"
"1071623","wraprounds",,"qalaceen"
"1071624","wraps",,"ifufie"
"1071625","wrapt",,"qelewa"
"1071626","wrapup",,"qoloua"
"1071627","wrasse",,"quloin"
"1071628","wrasses",,"quloqa"
"1071629","wrassle",,"ufacuen"
"1071630","wrassled",,"qolaqaot"
"1071631","wrassles",,"ufacuzon"
"1071632","wrassling",,"qolaqaan"
"1071633","wrast",,"efocoi"
"1071634","wrasted",,"qilewon"
"1071635","wrasting",,"qilewiin"
"1071636","wrastle",,"qolawin"
"1071637","wrastled",,"ifucuzun"
"1071638","wrastler",,"ufacazon"
"1071639","wrastles",,"qolawaa"
"1071640","wrastling",,"ifucuzen"
"1071641","wrasts",,"efocet"
"1071642","wratack",,"efoquon"
"1071643","wratch",,"qaluata"
"1071644","wrate",,"afeqoi"
"1071645","wrath",,"qalune"
"1071646","wrathall",,"qiloneu"
"1071647","wrathe",,"quliote"
"1071648","wrathed",,"afequea"
"1071649","wrather",,"efoqai"
"1071650","wrathest",,"afequzot"
"1071651","wratheth",,"qulineon"
"1071652","wrathful",,"qulinean"
"1071653","wrathfuler",,"afequmi"
"1071654","wrathfulest",,"ufaqimifot"
"1071655","wrathfuller",,"qolenugoe"
"1071656","wrathfullest",,"qelanigeet"
"1071657","wrathfullier",,"qolenugoot"
"1071658","wrathfulliest",,"qelanigean"
"1071659","wrathfully",,"efoqamo"
"1071660","wrathfulness",,"ofiqemefot"
"1071661","wrathfulnesses",,"efoqamafat"
"1071662","wrathier",,"efoqasun"
"1071663","wrathiest",,"afequsen"
"1071664","wrathily",,"ofiqeson"
"1071665","wrathiness",,"ifuqosen"
"1071666","wrathinesses",,"ofiqesufu"
"1071667","wrathinesss",,"ifuqosafon"
"1071668","wrathing",,"afequset"
"1071669","wrathless",,"ufaqizat"
"1071670","wrathlessness",,"qulinopea"
"1071671","wrathlike",,"ifuqozo"
"1071672","wraths",,"qaluuna"
"1071673","wrathsome",,"qulinuan"
"1071674","wrathung",,"ufaqidat"
"1071675","wrathy",,"qoleu"
"1071676","wratisla",,"quliruon"
"1071677","wratten",,"ofiqiota"
"1071678","wratting",,"ufaqasat"
"1071679","wraw",,"qilan"
"1071680","wrawby",,"ofide"
"1071681","wrawl",,"ifudea"
"1071682","wrawled",,"qalovat"
"1071683","wrawler",,"qelivet"
"1071684","wrawles",,"ofidaot"
"1071685","wrawling",,"qalovao"
"1071686","wrawls",,"ifudan"
"1071687","wraxall",,"ofigaa"
"1071688","wraxle",,"qaliana"
"1071689","wraxled",,"efoguet"
"1071690","wraxles",,"qalivun"
"1071691","wraxling",,"efogusu"
"1071692","wraxlings",,"efogusot"
"1071693","wray",,"qolea"
"1071694","wrayful",,"qelali"
"1071695","wrays",,"qoleqa"
"1071696","wraysbury",,"quliqiet"
"1071697","wrayton",,"qelawon"
"1071698","wrazen",,"qiliet"
"1071699","wrbayer",,"qomile"
"1071700","wrdis",,"afunai"
"1071701","wrea",,"qusan"
"1071702","wreader",,"qisutet"
"1071703","wreak",,"qisuta"
"1071704","wreake",,"qosiun"
"1071705","wreaked",,"ifimaia"
"1071706","wreaken",,"efemion"
"1071707","wreaker",,"ufumeo"
"1071708","wreakers",,"ufumezet"
"1071709","wreakes",,"qositu"
"1071710","wreakest",,"ifimazun"
"1071711","wreaketh",,"qositua"
"1071712","wreakful",,"qosituen"
"1071713","wreaking",,"ifimasot"
"1071714","wreakless",,"ofomuzet"
"1071715","wreaks",,"qisuon"
"1071716","wreat",,"afamea"
"1071717","wreath",,"qusaote"
"1071718","wreathage",,"qasewuota"
"1071719","wreathd",,"afamee"
"1071720","wreathe",,"qisuwia"
"1071721","wreathed",,"ufumarena"
"1071722","wreathedst",,"qosiweena"
"1071723","wreathen",,"ofomiro"
"1071724","wreather",,"afamerina"
"1071725","wreathers",,"afamera"
"1071726","wreathes",,"qisuwoat"
"1071727","wreatheth",,"qisuwou"
"1071728","wreathier",,"afameroa"
"1071729","wreathiest",,"ufumaruna"
"1071730","wreathing",,"ufumarea"
"1071731","wreathingly",,"qisuwotaon"
"1071732","wreathless",,"ifimura"
"1071733","wreathlet",,"qesowaata"
"1071734","wreathlike",,"ofomirat"
"1071735","wreathmaker",,"ifimuruten"
"1071736","wreathmaking",,"ofomirita"
"1071737","wreathpiece",,"afameruvet"
"1071738","wreathplant",,"qosiwecoat"
"1071739","wreaths",,"qusawo"
"1071740","wreathwise",,"qesowae"
"1071741","wreathwork",,"afamerona"
"1071742","wreathwort",,"qusawiat"
"1071743","wreathy",,"qesowet"
"1071744","wreay",,"qesoli"
"1071745","wrecclesham",,"qasisipoen"
"1071746","wreck",,"qosat"
"1071747","wreckable",,"qesutui"
"1071748","wreckage",,"qiseteat"
"1071749","wreckages",,"qisetee"
"1071750","wrecked",,"oforuu"
"1071751","wreckedness",,"qosatuzuet"
"1071752","wrecker",,"ifiraan"
"1071753","wreckers",,"ifirazun"
"1071754","wreckest",,"oforuza"
"1071755","wrecketh",,"qesutii"
"1071756","wreckfish",,"qusoteun"
"1071757","wreckfishes",,"qisetataet"
"1071758","wreckfishs",,"qusoteu"
"1071759","wreckful",,"qesutiat"
"1071760","wreckhouse",,"ufurerun"
"1071761","wrecking",,"oforuson"
"1071762","wreckings",,"oforusan"
"1071763","wreckish",,"ufuresan"
"1071764","wreckless",,"eferizun"
"1071765","wreckling",,"qusotouna"
"1071766","wreckmaster",,"qasitusoen"
"1071767","wreckmasters",,"qasitusoon"
"1071768","wreckovation",,"ufurehuta"
"1071769","wreckreation",,"ifiraqoton"
"1071770","wrecks",,"qosaea"
"1071771","wrecksite",,"oforuwet"
"1071772","wrecksome",,"qesuteat"
"1071773","wrecky",,"qusoin"
"1071774","wredberg",,"afasuzu"
"1071775","wrede",,"ifisao"
"1071776","wreed",,"ifituo"
"1071777","wrekenton",,"ufusefat"
"1071778","wrekin",,"efesia"
"1071779","wrekins",,"efeseat"
"1071780","wren",,"ofozto"
"1071781","wrenaissance",,"qusonubee"
"1071782","wrenboy",,"qasirun"
"1071783","wrenbury",,"ufuzidet"
"1071784","wrench",,"qesuen"
"1071785","wrenched",,"efezeri"
"1071786","wrencher",,"ofozoroa"
"1071787","wrenchers",,"ofozoret"
"1071788","wrenches",,"qasisuua"
"1071789","wrencheth",,"qasisua"
"1071790","wrenchful",,"qasisuen"
"1071791","wrenchin",,"afazaro"
"1071792","wrenching",,"efezerota"
"1071793","wrenchingly",,"qasisutoat"
"1071794","wrenchings",,"efezero"
"1071795","wrenchlike",,"ufuzuru"
"1071796","wrenchman",,"ufuzurat"
"1071797","wrenchy",,"qisesan"
"1071798","wrength",,"ifizeua"
"1071799","wrenlet",,"ufuzoen"
"1071800","wrenlike",,"qosavoen"
"1071801","wrenn",,"qisep"
"1071802","wrennian",,"ifizisin"
"1071803","wrennie",,"qosapot"
"1071804","wrenning",,"ifizisa"
"1071805","wrens",,"ofozon"
"1071806","wrenshall",,"qusoqiat"
"1071807","wrenshalls",,"qusoqiea"
"1071808","wrentail",,"efezorun"
"1071809","wrentham",,"efezoruna"
"1071810","wrenthams",,"efezoru"
"1071811","wrenthorpe",,"afazerona"
"1071812","wrenthrush",,"ofoziruna"
"1071813","wrentit",,"efezoan"
"1071814","wresat",,"afacat"
"1071815","wressle",,"ofocoota"
"1071816","wrest",,"ufucau"
"1071817","wrestable",,"ificurea"
"1071818","wrested",,"qesuwo"
"1071819","wrester",,"qosawu"
"1071820","wresters",,"qosawuot"
"1071821","wresting",,"qesuweun"
"1071822","wrestingly",,"ificuset"
"1071823","wrestle",,"qasiwun"
"1071824","wrestled",,"efecozi"
"1071825","wrestler",,"ofocizo"
"1071826","wrestlerlike",,"qosawapie"
"1071827","wrestlers",,"ofocizet"
"1071828","wrestles",,"qasiwiu"
"1071829","wrestlin",,"afacezo"
"1071830","wrestling",,"efecozota"
"1071831","wrestlings",,"efecozo"
"1071832","wrestlingworth",,"qasiwitoo"
"1071833","wrests",,"ufucas"
"1071834","wretch",,"qisoon"
"1071835","wretche",,"qosesu"
"1071836","wretched",,"ifiqirat"
"1071837","wretcheder",,"qesasaan"
"1071838","wretchedest",,"qasusupia"
"1071839","wretchedlier",,"efeqerapa"
"1071840","wretchedliest",,"afaqarupat"
"1071841","wretchedly",,"qoseseen"
"1071842","wretchedness",,"qisosopea"
"1071843","wretchednesse",,"qosesepaan"
"1071844","wretchednesses",,"qosesepaun"
"1071845","wretches",,"qoseseot"
"1071846","wretchful",,"qoseseon"
"1071847","wretchless",,"ofoqori"
"1071848","wretchlessly",,"qesasapaa"
"1071849","wretchlessness",,"qosesepein"
"1071850","wretchock",,"qusisii"
"1071851","wretchs",,"qisosan"
"1071852","wretham",,"qosenot"
"1071853","wrethe",,"qoseea"
"1071854","wrethed",,"ifiqoan"
"1071855","wrethes",,"qosenin"
"1071856","wrething",,"ifiqosa"
"1071857","wrexham",,"qasine"
"1071858","wrexhamite",,"afaguret"
"1071859","wrexhams",,"qasiniin"
"1071860","wrible",,"qomuu"
"1071861","wrice",,"qimeva"
"1071862","wricef",,"efuron"
"1071863","wricht",,"qumooa"
"1071864","wrick",,"qimete"
"1071865","wricked",,"iferaat"
"1071866","wricking",,"iferaso"
"1071867","wricks",,"qimeana"
"1071868","wride",,"ufosee"
"1071869","wried",,"ufotai"
"1071870","wrier",,"afitue"
"1071871","wries",,"qimiqi"
"1071872","wriest",,"ufotou"
"1071873","wrig",,"qameo"
"1071874","wrigged",,"efuluat"
"1071875","wrigging",,"efuluso"
"1071876","wriggle",,"afilio"
"1071877","wriggled",,"qimumein"
"1071878","wriggler",,"qumamoat"
"1071879","wrigglers",,"qumamoe"
"1071880","wriggles",,"afilizet"
"1071881","wrigglesome",,"ufolozido"
"1071882","wrigglesworth",,"qumamopei"
"1071883","wrigglework",,"qimumepuan"
"1071884","wriggleworks",,"qimumepuun"
"1071885","wrigglier",,"qumamou"
"1071886","wriggliest",,"qimumeon"
"1071887","wrigglin",,"qomimaat"
"1071888","wriggliness",,"qemomution"
"1071889","wriggling",,"qimumei"
"1071890","wrigglingly",,"afilizoja"
"1071891","wrigglings",,"qimumeat"
"1071892","wriggly",,"ifeleot"
"1071893","wright",,"qamein"
"1071894","wrightia",,"qemonou"
"1071895","wrightian",,"afiluban"
"1071896","wrightii",,"qameneon"
"1071897","wrightine",,"ifelobet"
"1071898","wrightington",,"ufolibejat"
"1071899","wrightman",,"ifelobeta"
"1071900","wrighton",,"efulabot"
"1071901","wrightpa",,"ufolibun"
"1071902","wrightry",,"ufolibuna"
"1071903","wrights",,"qamena"
"1071904","wrightsboro",,"qamenebeun"
"1071905","wrightsboros",,"qamenebeu"
"1071906","wrightsman",,"ifelobi"
"1071907","wrightson",,"efulabo"
"1071908","wrightstown",,"qominibain"
"1071909","wrightstowns",,"qominibaa"
"1071910","wrightsville",,"efulabilat"
"1071911","wrightsvilles",,"efulabile"
"1071912","wrightwood",,"ifelobon"
"1071913","wrightwoods",,"ifelobucan"
"1071914","wrightwort",,"qamenean"
"1071915","wrighty",,"qominena"
"1071916","wriglesworth",,"qimuvabuat"
"1071917","wrigley",,"efuluata"
"1071918","wrigleys",,"efuluze"
"1071919","wrigs",,"qameqi"
"1071920","wrihte",,"qimaan"
"1071921","wrily",,"efuto"
"1071922","wrim",,"qomuo"
"1071923","wrimple",,"qemihan"
"1071924","wrimples",,"qemihuun"
"1071925","wrinch",,"qomaot"
"1071926","wrinched",,"ofazoren"
"1071927","wrinches",,"qemusaat"
"1071928","wrinching",,"ofazore"
"1071929","wrine",,"ofazuo"
"1071930","wrinehill",,"qimevoen"
"1071931","wring",,"ufozou"
"1071932","wringable",,"ifezeraa"
"1071933","wringbolt",,"qimemoo"
"1071934","wringed",,"qemumi"
"1071935","wringer",,"qomamo"
"1071936","wringerless",,"efuzuzofen"
"1071937","wringers",,"qomamuet"
"1071938","wringest",,"qemumiun"
"1071939","wringeth",,"ifezeza"
"1071940","wringing",,"qemumeot"
"1071941","wringingly",,"ifezesata"
"1071942","wringings",,"qemumeo"
"1071943","wringle",,"qamimot"
"1071944","wringman",,"qumomiat"
"1071945","wrings",,"ufozoni"
"1071946","wringstaff",,"qemumeen"
"1071947","wringstaves",,"ofazawate"
"1071948","wrington",,"ifezebo"
"1071949","wrinkle",,"qimetea"
"1071950","wrinkleable",,"qomatapoat"
"1071951","wrinkled",,"ufozezan"
"1071952","wrinkledly",,"qimeteo"
"1071953","wrinkledness",,"qumotopoot"
"1071954","wrinklednesss",,"qumotopoo"
"1071955","wrinkledy",,"efuzizu"
"1071956","wrinkleful",,"qomatae"
"1071957","wrinkleless",,"ofazuzefu"
"1071958","wrinklelessness",,"qomatapoet"
"1071959","wrinkleproof",,"ofazuzeqen"
"1071960","wrinkler",,"afizozen"
"1071961","wrinkles",,"qimetein"
"1071962","wrinklesome",,"qomatapue"
"1071963","wrinklet",,"ufozezat"
"1071964","wrinklewort",,"qimetepuon"
"1071965","wrinklie",,"qimeteot"
"1071966","wrinklier",,"afizozi"
"1071967","wrinklies",,"qimeteoa"
"1071968","wrinkliest",,"ufozezot"
"1071969","wrinkliness",,"ofazuzujot"
"1071970","wrinkling",,"ufozeza"
"1071971","wrinkly",,"qemutat"
"1071972","wriothes",,"qamuwua"
"1071973","wriothesley",,"efuporado"
"1071974","wrisberg",,"qamiroot"
"1071975","wrisbergs",,"qamirooa"
"1071976","wrisley",,"aficiin"
"1071977","wrist",,"aficee"
"1071978","wristban",,"ufocasi"
"1071979","wristband",,"qomaween"
"1071980","wristbanded",,"ofacisoji"
"1071981","wristbanding",,"ofacisojot"
"1071982","wristbands",,"qomaweon"
"1071983","wristbone",,"ufocasat"
"1071984","wristcel",,"qemuwean"
"1071985","wristdrop",,"qomawion"
"1071986","wristed",,"qomawin"
"1071987","wrister",,"qimewat"
"1071988","wristfall",,"qimewao"
"1071989","wristful",,"ufocamun"
"1071990","wristguard",,"efuconot"
"1071991","wristier",,"qimewiu"
"1071992","wristiest",,"qomawoon"
"1071993","wristikin",,"qamiwai"
"1071994","wristily",,"qumowuan"
"1071995","wristiness",,"qamiwaon"
"1071996","wristing",,"qomawoi"
"1071997","wristitis",,"qimewio"
"1071998","wristless",,"qemuwue"
"1071999","wristlet",,"ofacizet"
"1072000","wristlets",,"ofacizi"
"1072001","wristlock",,"qimewea"
"1072002","wristlocks",,"qimeween"
"1072003","wriston",,"qimewe"
"1072004","wristpad",,"ofacijen"
"1072005","wristphone",,"qumoweu"
"1072006","wristpin",,"ufocajun"
"1072007","wrists",,"aficuu"
"1072008","wristspinner",,"efucowavi"
"1072009","wriststrap",,"qemuwein"
"1072010","wristwarmer",,"ofacikobun"
"1072011","wristwat",,"qomaweo"
"1072012","wristwatch",,"ufocake"
"1072013","wristwatched",,"qemuwasuot"
"1072014","wristwatches",,"ifecukigon"
"1072015","wristwatchs",,"ufocakugin"
"1072016","wristwear",,"qomaweena"
"1072017","wristwork",,"qimewoa"
"1072018","wristworn",,"ifecuko"
"1072019","wristy",,"ofacot"
"1072020","writ",,"afiqni"
"1072021","writability",,"qamunutaan"
"1072022","writable",,"ufoqoson"
"1072023","writation",,"afiqibon"
"1072024","writative",,"ifeqebot"
"1072025","write",,"ufoqee"
"1072026","writeability",,"qumivoteot"
"1072027","writeable",,"ifeqaru"
"1072028","writeback",,"qimovoea"
"1072029","writebehind",,"efuqisata"
"1072030","writeblr",,"qomeveoa"
"1072031","writed",,"qomee"
"1072032","writedat",,"ufoqevet"
"1072033","writedown",,"efuqive"
"1072034","writee",,"ifeqi"
"1072035","writeing",,"qemaveea"
"1072036","writeln",,"afiqoot"
"1072037","writemask",,"ofaqupi"
"1072038","writeoff",,"ufoqehun"
"1072039","writeoffs",,"ufoqehu"
"1072040","writeprint",,"ifeqajet"
"1072041","writer",,"qimoi"
"1072042","writercraft",,"ofaququbun"
"1072043","writerdom",,"ufoqeqat"
"1072044","writerduet",,"qamuvuaa"
"1072045","writeress",,"qomeveen"
"1072046","writeresses",,"qemavapiu"
"1072047","writerish",,"afiqoqon"
"1072048","writerless",,"ofaquqan"
"1072049","writerling",,"qamuvuan"
"1072050","writerly",,"afiqoqa"
"1072051","writers",,"qimovat"
"1072052","writership",,"qamuvuie"
"1072053","writerships",,"qamuvubeat"
"1072054","writes",,"ufoqo"
"1072055","writest",,"qomevot"
"1072056","writeth",,"ufoqeon"
"1072057","writethrough",,"ofaqubibo"
"1072058","writeup",,"qimovata"
"1072059","writeups",,"qimovae"
"1072060","writev",,"qemaene"
"1072061","writh",,"qumina"
"1072062","writhd",,"afique"
"1072063","writhe",,"qimoana"
"1072064","writhed",,"ufoqiet"
"1072065","writhedly",,"qimonain"
"1072066","writhedness",,"quminezee"
"1072067","writhen",,"ofaqeen"
"1072068","writheneck",,"afiquzon"
"1072069","writhener",,"qamunoo"
"1072070","writhenest",,"qumineun"
"1072071","writhenner",,"ufoqizu"
"1072072","writhennest",,"ifeqozajon"
"1072073","writher",,"afiquot"
"1072074","writhers",,"afiquzo"
"1072075","writhes",,"qimonun"
"1072076","writhing",,"ufoqisu"
"1072077","writhingly",,"qimonii"
"1072078","writhings",,"ufoqisot"
"1072079","writhle",,"ifeqou"
"1072080","writhled",,"qemanuat"
"1072081","writhlington",,"qamunitoa"
"1072082","wriths",,"qumien"
"1072083","writhy",,"qemaona"
"1072084","writin",,"qemaia"
"1072085","writing",,"qomereta"
"1072086","writinger",,"ifeqifen"
"1072087","writings",,"qomeroi"
"1072088","writingses",,"qemarea"
"1072089","writless",,"qemaviat"
"1072090","writmaker",,"qemazue"
"1072091","writmaking",,"qamuziat"
"1072092","writo",,"ofaqia"
"1072093","writproof",,"qemahaot"
"1072094","writress",,"qimocae"
"1072095","writs",,"afiqau"
"1072096","written",,"efuqoan"
"1072097","writtenness",,"qemawihiot"
"1072098","writter",,"ufoqaet"
"1072099","writting",,"ifequso"
"1072100","writtle",,"ofaqio"
"1072101","wrive",,"ifebaa"
"1072102","wrixle",,"qumoaa"
"1072103","wrixled",,"afigiu"
"1072104","wrixles",,"qumoven"
"1072105","wrixling",,"afigison"
"1072106","wrixon",,"qemuona"
"1072107","wrizled",,"ufoloena"
"1072108","wrizzled",,"qumumoen"
"1072109","wrns",,"ifecnu"
"1072110","wrnt",,"qevat"
"1072111","wroath",,"qoziin"
"1072112","wroaths",,"qoziwa"
"1072113","wrobel",,"quzeot"
"1072114","wrobleski",,"qizavaot"
"1072115","wroblewski",,"qeziviin"
"1072116","wroc",,"qezuu"
"1072117","wrocht",,"qezuet"
"1072118","wrock",,"qazit"
"1072119","wrockwardine",,"oferukobe"
"1072120","wroclavian",,"ufirore"
"1072121","wroclaw",,"afuriu"
"1072122","wroclaws",,"afurirot"
"1072123","wroe",,"qazaa"
"1072124","wroewolfeite",,"ufitihura"
"1072125","wroke",,"quzuva"
"1072126","wroken",,"ifosata"
"1072127","wrol",,"efatno"
"1072128","wron",,"afuzno"
"1072129","wrona",,"efazui"
"1072130","wrong",,"efazuo"
"1072131","wrongamundo",,"ifozeruki"
"1072132","wrongd",,"quzoo"
"1072133","wrongdid",,"afuzivo"
"1072134","wrongdo",,"qezuman"
"1072135","wrongdoe",,"qazimeot"
"1072136","wrongdoer",,"ofezavi"
"1072137","wrongdoers",,"ofezavat"
"1072138","wrongdoes",,"qazimeo"
"1072139","wrongdoi",,"qezumoe"
"1072140","wrongdoing",,"efazuvet"
"1072141","wrongdoings",,"efazuvuvi"
"1072142","wrongdom",,"quzomaan"
"1072143","wrongdone",,"ufizovun"
"1072144","wronge",,"afuzua"
"1072145","wronged",,"qizemat"
"1072146","wrongen",,"qezumana"
"1072147","wrongeous",,"efazuzin"
"1072148","wrongeously",,"qazimojuan"
"1072149","wronger",,"quzomet"
"1072150","wrongers",,"quzomei"
"1072151","wrongest",,"qizemau"
"1072152","wrongeth",,"afuzizena"
"1072153","wrongfile",,"afuziman"
"1072154","wrongfoot",,"efazumoa"
"1072155","wrongfooted",,"qizemajeon"
"1072156","wrongfooting",,"qizemajein"
"1072157","wrongfoots",,"efazumet"
"1072158","wrongful",,"afuzimon"
"1072159","wrongfuler",,"qizemaet"
"1072160","wrongfulest",,"qozamugou"
"1072161","wrongfuller",,"ifozemofat"
"1072162","wrongfullest",,"ofezamefo"
"1072163","wrongfullier",,"ifozemofu"
"1072164","wrongfulliest",,"ofezamefon"
"1072165","wrongfully",,"quzomeot"
"1072166","wrongfulness",,"qazimogau"
"1072167","wrongfulnesses",,"quzomegui"
"1072168","wrongfuly",,"ofezamun"
"1072169","wronghead",,"efazuru"
"1072170","wrongheaded",,"qizemopia"
"1072171","wrongheadedly",,"afuzirutun"
"1072172","wrongheadedness",,"efazuratan"
"1072173","wrongheadednesses",,"afuziruto"
"1072174","wronghearted",,"afuzirutat"
"1072175","wrongheartedly",,"quzomipuen"
"1072176","wrongheartedness",,"qazimupaa"
"1072177","wronging",,"qizemio"
"1072178","wrongish",,"qazimaet"
"1072179","wrongless",,"qozamai"
"1072180","wronglessly",,"ufizozida"
"1072181","wronglier",,"ufizozu"
"1072182","wrongliest",,"ifozezona"
"1072183","wrongly",,"qazimot"
"1072184","wrongminded",,"qizemotaet"
"1072185","wrongmindedly",,"afuzipojin"
"1072186","wrongmindedness",,"efazupije"
"1072187","wrongness",,"qezumeu"
"1072188","wrongnesses",,"qazimapoi"
"1072189","wrongo",,"ifoze"
"1072190","wrongous",,"ofezahi"
"1072191","wrongously",,"qezumoa"
"1072192","wrongousness",,"qozamiguin"
"1072193","wrongrel",,"ufizoqat"
"1072194","wrongs",,"efazan"
"1072195","wrongsome",,"afuziwona"
"1072196","wrongspeak",,"qazimaon"
"1072197","wrongtake",,"qizemuot"
"1072198","wrongtaken",,"ofezabun"
"1072199","wrongtakes",,"qizemuo"
"1072200","wrongtaking",,"ufizobupet"
"1072201","wrongthink",,"qezumoet"
"1072202","wrongthinked",,"efazubovan"
"1072203","wrongthinker",,"ofezabiven"
"1072204","wrongthinking",,"efazubova"
"1072205","wrongthinks",,"qezumosii"
"1072206","wrongthought",,"ifozebucin"
"1072207","wrongthunk",,"qazimeat"
"1072208","wrongtook",,"qozamiat"
"1072209","wrongun",,"qezumat"
"1072210","wronguns",,"qezumie"
"1072211","wrongways",,"ofezaki"
"1072212","wrongwise",,"ifozeko"
"1072213","wronski",,"ufizuana"
"1072214","wronskia",,"afuzaven"
"1072215","wronskian",,"qezuqiin"
"1072216","wronskians",,"qezuqia"
"1072217","wroo",,"qizoe"
"1072218","wrooong",,"afupeo"
"1072219","wroot",,"ufipaa"
"1072220","wrooted",,"qezawet"
"1072221","wrooting",,"qezaweu"
"1072222","wroots",,"ufipen"
"1072223","wrop",,"ufifni"
"1072224","wropped",,"ufifeen"
"1072225","wropping",,"ufifese"
"1072226","wrops",,"ufifua"
"1072227","wros",,"qezun"
"1072228","wrossle",,"afucain"
"1072229","wrostle",,"qizewat"
"1072230","wrostled",,"uficazon"
"1072231","wrostles",,"qizewee"
"1072232","wrostling",,"uficazin"
"1072233","wrote",,"efaqia"
"1072234","wroten",,"qozeu"
"1072235","wrotest",,"quzivo"
"1072236","wroth",,"qezan"
"1072237","wrotham",,"qazunin"
"1072238","wrothe",,"qazuun"
"1072239","wrother",,"ofeqeoa"
"1072240","wrothest",,"efaqazun"
"1072241","wrothful",,"qazunoen"
"1072242","wrothfuler",,"efaqamo"
"1072243","wrothfulest",,"afuqumufun"
"1072244","wrothfuller",,"qizonagii"
"1072245","wrothfullest",,"qozenugoot"
"1072246","wrothfully",,"ofeqemu"
"1072247","wrothily",,"ifoqosa"
"1072248","wrothiness",,"ufiqisin"
"1072249","wrothly",,"ifoqou"
"1072250","wrothness",,"ufiqifun"
"1072251","wrothsome",,"qazunaen"
"1072252","wrothy",,"qizoan"
"1072253","wrottesley",,"afuqezen"
"1072254","wrottesleys",,"afuqezofon"
"1072255","wrought",,"qezemat"
"1072256","wroughte",,"qazamua"
"1072257","wroughten",,"ufiworea"
"1072258","wroughter",,"ofewaran"
"1072259","wroughtest",,"efawuraa"
"1072260","wroughtiron",,"qezemadion"
"1072261","wroughton",,"ofewarun"
"1072262","wrout",,"efawoa"
"1072263","wrouted",,"qiziwi"
"1072264","wrouting",,"qiziwiot"
"1072265","wrouts",,"efawon"
"1072266","wrox",,"afugt"
"1072267","wroxall",,"ifogee"
"1072268","wroxeter",,"ifogabun"
"1072269","wroxham",,"qizenun"
"1072270","wroxton",,"ufigaon"
"1072271","wrpg",,"ifilu"
"1072272","wrps",,"ofocte"
"1072273","wrsa",,"qajet"
"1072274","wrstc",,"afiqat"
"1072275","wrtsix",,"qecuet"
"1072276","wrubel",,"qeqio"
"1072277","wruck",,"qoqat"
"1072278","wrud",,"ufusna"
"1072279","wruld",,"qeqot"
"1072280","wrung",,"ifizeo"
"1072281","wrungness",,"qiqemiot"
"1072282","wrvs",,"ufacna"
"1072283","wry",,"qega"
"1072284","wrybill",,"afunaot"
"1072285","wrybills",,"afunazo"
"1072286","wrycht",,"qeguen"
"1072287","wrychts",,"qegunon"
"1072288","wrye",,"qagai"
"1072289","wryer",,"ofetei"
"1072290","wryest",,"efaten"
"1072291","wrying",,"efanane"
"1072292","wrylie",,"afuteu"
"1072293","wrylier",,"qugaren"
"1072294","wryliest",,"qigurae"
"1072295","wryly",,"ifotua"
"1072296","wrymouth",,"qagofoa"
"1072297","wrymouths",,"qagofoen"
"1072298","wryneck",,"ifozaat"
"1072299","wrynecked",,"qagivau"
"1072300","wrynecks",,"ifozate"
"1072301","wryness",,"ufizeena"
"1072302","wrynesses",,"ifozawu"
"1072303","wrytail",,"qagunu"
"1072304","wrythe",,"qaguat"
"1072305","wrythen",,"ufiqiet"
"1072306","wrythening",,"qegania"
"1072307","wryting",,"qugiron"
"1072308","wrze",,"efetni"
"1072309","wrzesinski",,"qekeqeot"
"1072310","wsae",,"ahetno"
"1072311","wsakment",,"uhasizi"
"1072312","wsan",,"qilat"
"1072313","wsanec",,"qoluaa"
"1072314","wsbk",,"qumio"
"1072315","wscho",,"qonif"
"1072316","wschodnie",,"qinufiet"
"1072317","wschowa",,"qenofe"
"1072318","wsdl",,"ihott"
"1072319","wsdot",,"ehapo"
"1072320","wsgi",,"ehonn"
"1072321","wshndc",,"qoluen"
"1072322","wshp",,"ohufna"
"1072323","wsia",,"ehumno"
"1072324","wsit",,"qumoe"
"1072325","wsle",,"qoset"
"1072326","wsmr",,"qitue"
"1072327","wsmt",,"qotaa"
"1072328","wsop",,"qizoi"
"1072329","wspa",,"qopoa"
"1072330","wspr",,"ohojt"
"1072331","wspu",,"qapui"
"1072332","wsrp",,"ohufne"
"1072333","wssl",,"qijio"
"1072334","wsta",,"qacai"
"1072335","wstasior",,"ihomisin"
"1072336","wsvga",,"qawan"
"1072337","wsws",,"ihacre"
"1072338","wsyoon",,"qigeina"
"1072339","wtaf",,"ojikn"
"1072340","wtai",,"qeloi"
"1072341","wtbest",,"qumoun"
"1072342","wtdrake",,"qurunu"
"1072343","wtemberg",,"qisirii"
"1072344","wtembergs",,"qisiriat"
"1072345","wtfdym",,"qegia"
"1072346","wtfery",,"qigeen"
"1072347","wtfo",,"ijipn"
"1072348","wtfpl",,"ejefu"
"1072349","wtfpwn",,"ijifun"
"1072350","wtfpwned",,"qogagain"
"1072351","wtfpwning",,"qogagai"
"1072352","wtfpwns",,"ijifou"
"1072353","wtfromantic",,"qagafosaon"
"1072354","wtfu",,"ajawe"
"1072355","wthoon",,"qoluua"
"1072356","wthr",,"qelei"
"1072357","wtibaj",,"qemeaa"
"1072358","wtpooh",,"qepien"
"1072359","wtshtf",,"ejuman"
"1072360","wtsww",,"qejeg"
"1072361","wttbp",,"ejanie"
"1072362","wtul",,"ojotne"
"1072363","wtvr",,"quwua"
"1072364","wtvs",,"ijucnu"
"1072365","wuan",,"qulut"
"1072366","wuanita",,"icuziun"
"1072367","wuba",,"qoma"
"1072368","wubangziside",,"ucemunivot"
"1072369","wubap",,"ocumut"
"1072370","wubbed",,"qamuan"
"1072371","wubben",,"qimoia"
"1072372","wubber",,"qemaeni"
"1072373","wubbing",,"qamurae"
"1072374","wubi",,"qemee"
"1072375","wubs",,"qemeo"
"1072376","wubstep",,"qemewi"
"1072377","wubu",,"qamoa"
"1072378","wubuy",,"qomul"
"1072379","wucai",,"acimanu"
"1072380","wucfua",,"qonuot"
"1072381","wuchang",,"ucomoon"
"1072382","wuchangs",,"ucomofan"
"1072383","wuchereria",,"qenavoin"
"1072384","wuchererias",,"qenavopua"
"1072385","wuchereriasis",,"qenavopui"
"1072386","wuchi",,"qenar"
"1072387","wuchiang",,"ucomurat"
"1072388","wuchiapingian",,"ucomurivan"
"1072389","wuchih",,"acimina"
"1072390","wuching",,"icemiina"
"1072391","wuchiu",,"qanuin"
"1072392","wuchou",,"qonea"
"1072393","wuchow",,"qenai"
"1072394","wuchuan",,"ocamuaa"
"1072395","wuchung",,"ocamuena"
"1072396","wuci",,"uconnu"
"1072397","wuciou",,"acineno"
"1072398","wuckas",,"ucosas"
"1072399","wuckaz",,"qonuin"
"1072400","wuckers",,"qunevet"
"1072401","wuckies",,"ocasoaa"
"1072402","wuckin",,"qonuo"
"1072403","wucking",,"qinarot"
"1072404","wucks",,"icesite"
"1072405","wucs",,"ucocru"
"1072406","wuda",,"qeruo"
"1072407","wudang",,"icomani"
"1072408","wudded",,"qiruet"
"1072409","wuddie",,"ocesea"
"1072410","wudding",,"qiruru"
"1072411","wuddly",,"qareune"
"1072412","wuddup",,"qareuni"
"1072413","wuderove",,"qurecoet"
"1072414","wudge",,"qariva"
"1072415","wudgy",,"qirela"
"1072416","wudhu",,"icomano"
"1072417","wudian",,"ocenino"
"1072418","wudinna",,"qerepat"
"1072419","wudjula",,"qirube"
"1072420","wudjulas",,"qirubiin"
"1072421","wuds",,"qarai"
"1072422","wudu",,"quree"
"1072423","wudup",,"uciwe"
"1072424","wudus",,"qureqe"
"1072425","wudwus",,"qorein"
"1072426","wuerhosaurus",,"qosenabuin"
"1072427","wuertele",,"qesawaan"
"1072428","wuertz",,"qesaete"
"1072429","wuerzburg",,"ecejisun"
"1072430","wuerzburgs",,"ecejisu"
"1072431","wuest",,"qusuwo"
"1072432","wuestite",,"ececosan"
"1072433","wufeng",,"icitune"
"1072434","wuff",,"ocokna"
"1072435","wuffed",,"qogua"
"1072436","wuffing",,"qogurat"
"1072437","wuffle",,"qegiat"
"1072438","wuffled",,"ucukoona"
"1072439","wuffler",,"acakia"
"1072440","wuffles",,"qegive"
"1072441","wuffless",,"qegivain"
"1072442","wuffling",,"ucukosin"
"1072443","wuffo",,"ucukan"
"1072444","wuffs",,"ocokon"
"1072445","wuflu",,"icitao"
"1072446","wufong",,"ecepata"
"1072447","wugang",,"qekuat"
"1072448","wugate",,"qekuon"
"1072449","wugg",,"ecolna"
"1072450","wugga",,"ocilaa"
"1072451","wuggers",,"qokavet"
"1072452","wuggins",,"qakiret"
"1072453","wuggishness",,"iculiwujat"
"1072454","wugong",,"qokieta"
"1072455","wugu",,"ucawni"
"1072456","wuhai",,"qolara"
"1072457","wuhan",,"icamis"
"1072458","wuhanese",,"ecimezane"
"1072459","wuhanian",,"qilepaa"
"1072460","wuhanic",,"icamiea"
"1072461","wuhanite",,"qilepaot"
"1072462","wuhans",,"icamate"
"1072463","wuhl",,"icatta"
"1072464","wuhsi",,"qeler"
"1072465","wuhsiang",,"ucecurun"
"1072466","wuhsien",,"eciceat"
"1072467","wuhsueh",,"icacae"
"1072468","wuhu",,"qalo"
"1072469","wuikala",,"qamona"
"1072470","wuikinuxv",,"qomuruun"
"1072471","wuischke",,"qumusaat"
"1072472","wuism",,"ocacei"
"1072473","wuisse",,"icecana"
"1072474","wujek",,"qinat"
"1072475","wujiagang",,"acunini"
"1072476","wujiang",,"iconeina"
"1072477","wujiapingian",,"iconejaju"
"1072478","wujiaqu",,"qenenun"
"1072479","wujin",,"ecaneni"
"1072480","wujing",,"ocenena"
"1072481","wukari",,"qeruana"
"1072482","wukipolyomavirus",,"ecenihero"
"1072483","wukkas",,"icisat"
"1072484","wukkaz",,"qerii"
"1072485","wukked",,"qoruot"
"1072486","wukkin",,"qeriun"
"1072487","wukong",,"qarea"
"1072488","wukongopterid",,"qoripojiet"
"1072489","wuku",,"ocowno"
"1072490","wulai",,"qasir"
"1072491","wulamba",,"icumoat"
"1072492","wulbert",,"ocinuot"
"1072493","wuld",,"ocisno"
"1072494","wulder",,"qisuane"
"1072495","wulf",,"ucakna"
"1072496","wulfe",,"icukai"
"1072497","wulfenite",,"ucakefun"
"1072498","wulfenites",,"ucakefu"
"1072499","wulfens",,"qosuvet"
"1072500","wulff",,"qosul"
"1072501","wulffite",,"ucakesun"
"1072502","wulfhere",,"icukozin"
"1072503","wulfila",,"qasorena"
"1072504","wulfilae",,"quseruun"
"1072505","wulfilan",,"ecokezin"
"1072506","wulfilas",,"qasoraon"
"1072507","wulfstan",,"ocikobon"
"1072508","wulgulmerang",,"iculazufun"
"1072509","wulian",,"econie"
"1072510","wulignan",,"qesemiot"
"1072511","wulin",,"acenara"
"1072512","wuling",,"econate"
"1072513","wulingyuan",,"qosopou"
"1072514","wulipu",,"icunune"
"1072515","wuliuan",,"acenoot"
"1072516","wulk",,"qisau"
"1072517","wull",,"ecotno"
"1072518","wullah",,"qusoon"
"1072519","wullawins",,"qusonau"
"1072520","wullcat",,"qisese"
"1072521","wulled",,"qesuon"
"1072522","wullie",,"acetui"
"1072523","wullies",,"acetaota"
"1072524","wulling",,"qesurina"
"1072525","wulliwa",,"acetaote"
"1072526","wulls",,"ecotete"
"1072527","wulna",,"ecozuu"
"1072528","wulo",,"qesou"
"1072529","wulong",,"icupe"
"1072530","wulst",,"ocicie"
"1072531","wulumuchi",,"ucawide"
"1072532","wulumuqi",,"qesizain"
"1072533","wulver",,"qosaote"
"1072534","wuma",,"icamtu"
"1072535","wumao",,"acomeu"
"1072536","wumble",,"aconun"
"1072537","wumbo",,"qetafa"
"1072538","wuming",,"qotoet"
"1072539","wumman",,"qatuin"
"1072540","wummel",,"qutiet"
"1072541","wumph",,"ucefio"
"1072542","wumpus",,"quteet"
"1072543","wumpuses",,"qitabain"
"1072544","wunambal",,"qovaziet"
"1072545","wunch",,"ocareu"
"1072546","wunder",,"qoviin"
"1072547","wunderbar",,"quvavai"
"1072548","wunderfull",,"icesaqen"
"1072549","wunderkammer",,"ecusiqato"
"1072550","wunderkind",,"qivuvuen"
"1072551","wunderkinder",,"ecusiqavo"
"1072552","wunderkinders",,"ecusiqavet"
"1072553","wunderkinds",,"qivuvuzoon"
"1072554","wunderli",,"ucoseqi"
"1072555","wunderlich",,"qevovoa"
"1072556","wunderwaffe",,"qivuvulaet"
"1072557","wundt",,"qoviwe"
"1072558","wundtian",,"ucosasia"
"1072559","wundtians",,"ucosasat"
"1072560","wundts",,"qoviot"
"1072561","wung",,"quvot"
"1072562","wunga",,"qavin"
"1072563","wungee",,"qovaot"
"1072564","wunghnu",,"qevunu"
"1072565","wungu",,"qiveba"
"1072566","wunkus",,"qevian"
"1072567","wunna",,"acizio"
"1072568","wunner",,"qavaua"
"1072569","wunnered",,"ocazuqa"
"1072570","wunnerful",,"quvuvau"
"1072571","wunnering",,"ocazuqat"
"1072572","wunners",,"qavavot"
"1072573","wunny",,"ecuzot"
"1072574","wunsan",,"acicee"
"1072575","wunsans",,"aciciina"
"1072576","wunshan",,"qovonet"
"1072577","wunsome",,"qovofen"
"1072578","wunst",,"ecucou"
"1072579","wunstorf",,"acicehen"
"1072580","wuntee",,"ucoqot"
"1072581","wuntsin",,"qaveqo"
"1072582","wuornos",,"ecajeata"
"1072583","wupatkiite",,"qapiwuan"
"1072584","wupj",,"acare"
"1072585","wupp",,"ocofn"
"1072586","wuppe",,"ecefio"
"1072587","wupper",,"qipaata"
"1072588","wuppertal",,"qopuvii"
"1072589","wuqi",,"acenti"
"1072590","wuqing",,"qafaa"
"1072591","wuqiu",,"ucaneu"
"1072592","wurali",,"ucemena"
"1072593","wurari",,"ecimon"
"1072594","wurbagool",,"qehaneot"
"1072595","wurd",,"ucesno"
"1072596","wurdee",,"ocusun"
"1072597","wurdiboluc",,"ucesusun"
"1072598","wurds",,"ucesui"
"1072599","wurdz",,"qohime"
"1072600","wurih",,"aconu"
"1072601","wurley",,"ucetas"
"1072602","wurleys",,"uceteen"
"1072603","wurlie",,"ocutot"
"1072604","wurlies",,"ocutooa"
"1072605","wurlitzer",,"qahiriet"
"1072606","wurlitzers",,"qahirii"
"1072607","wurly",,"acotes"
"1072608","wurm",,"quhit"
"1072609","wurmal",,"ocuvot"
"1072610","wurmian",,"eciveat"
"1072611","wurn",,"ocuzno"
"1072612","wurraluh",,"ucejozan"
"1072613","wurruk",,"icajat"
"1072614","wurrung",,"quhiban"
"1072615","wurrup",,"qohea"
"1072616","wurrus",,"ucejoa"
"1072617","wurset",,"icaci"
"1072618","wurship",,"qihinot"
"1072619","wurshipped",,"qihinaet"
"1072620","wurshipping",,"qihinacuu"
"1072621","wurships",,"qihinao"
"1072622","wurst",,"ucecas"
"1072623","wurster",,"qahawin"
"1072624","wursters",,"qahawua"
"1072625","wursts",,"uceco"
"1072626","wurstsalat",,"ucecawun"
"1072627","wurt",,"uceqte"
"1072628","wurth",,"qehon"
"1072629","wurtsboro",,"ucequsat"
"1072630","wurtsboros",,"ucequse"
"1072631","wurtsmit",,"qihuqua"
"1072632","wurttemberg",,"qihuwofeet"
"1072633","wurttembergs",,"qihuwofei"
"1072634","wurtz",,"qohimi"
"1072635","wurtzilite",,"quhamein"
"1072636","wurtzilites",,"quhamepia"
"1072637","wurtzite",,"uceqeson"
"1072638","wurtzites",,"uceqesan"
"1072639","wurtzitic",,"acoqosen"
"1072640","wurundjeri",,"qehipua"
"1072641","wurz",,"ecilu"
"1072642","wurzburg",,"oculeden"
"1072643","wurzburger",,"qiharoo"
"1072644","wurzburgers",,"qiharowaet"
"1072645","wurzburgs",,"oculedon"
"1072646","wurzel",,"qahoea"
"1072647","wurzels",,"qahovin"
"1072648","wurzer",,"qohuina"
"1072649","wuses",,"icetis"
"1072650","wush",,"qejai"
"1072651","wushan",,"icemati"
"1072652","wushi",,"qejar"
"1072653","wushu",,"qajub"
"1072654","wushus",,"qajuin"
"1072655","wusi",,"uconta"
"1072656","wusih",,"qejen"
"1072657","wusong",,"qejoat"
"1072658","wusp",,"qojue"
"1072659","wuss",,"ucocsa"
"1072660","wussed",,"qujua"
"1072661","wusser",,"qajae"
"1072662","wusses",,"iceci"
"1072663","wussette",,"ecucibia"
"1072664","wussier",,"qajarot"
"1072665","wussies",,"iceciuna"
"1072666","wussiest",,"qujurian"
"1072667","wussification",,"qojoreteon"
"1072668","wussified",,"ucocumun"
"1072669","wussifies",,"qejeraa"
"1072670","wussify",,"qujuran"
"1072671","wussifying",,"ecucemet"
"1072672","wussily",,"qejerun"
"1072673","wussiness",,"qojoruan"
"1072674","wussing",,"qujurat"
"1072675","wusss",,"ucocun"
"1072676","wussup",,"qejei"
"1072677","wussy",,"ecucon"
"1072678","wust",,"qajes"
"1072679","wustite",,"ocaqoaa"
"1072680","wustl",,"ocaqae"
"1072681","wusu",,"icewne"
"1072682","wusuli",,"qijaea"
"1072683","wusun",,"qojupa"
"1072684","wutai",,"qecur"
"1072685","wutaian",,"icomiun"
"1072686","wuth",,"ucimna"
"1072687","wuther",,"qacuu"
"1072688","wuthered",,"ocemuqa"
"1072689","wuthering",,"ocemuqat"
"1072690","wuthers",,"qacuvot"
"1072691","wuthnow",,"qicopin"
"1072692","wutless",,"ecatiia"
"1072693","wutong",,"ucipet"
"1072694","wutsin",,"ecacia"
"1072695","wutsins",,"ecaceat"
"1072696","wuttagoonaspid",,"qacenajao"
"1072697","wutu",,"quceu"
"1072698","wuuluman",,"ocotupet"
"1072699","wuvd",,"ocisnu"
"1072700","wuved",,"ecotono"
"1072701","wuvga",,"qewun"
"1072702","wuving",,"econane"
"1072703","wuvs",,"quwue"
"1072704","wuvz",,"ucals"
"1072705","wuwei",,"ecitene"
"1072706","wuweizidilactone",,"qebirateu"
"1072707","wuweizisu",,"qibaroa"
"1072708","wuwuchim",,"qebisou"
"1072709","wuxga",,"qadin"
"1072710","wuxi",,"qidia"
"1072711","wuxia",,"qudun"
"1072712","wuxian",,"acinenu"
"1072713","wuxiang",,"ecunuat"
"1072714","wuxias",,"quduen"
"1072715","wuxing",,"acinina"
"1072716","wuxtra",,"qudao"
"1072717","wuxtry",,"qadee"
"1072718","wuxue",,"qediv"
"1072719","wuyang",,"qogaa"
"1072720","wuyi",,"ecanta"
"1072721","wuyuan",,"qagoe"
"1072722","wuywurrung",,"qigobuet"
"1072723","wuywurung",,"ecadiqu"
"1072724","wuzeer",,"ucutino"
"1072725","wuzhai",,"ocomota"
"1072726","wuzhi",,"ecemei"
"1072727","wuzhishan",,"acamawon"
"1072728","wuzhong",,"qikofot"
"1072729","wuzhou",,"ocomote"
"1072730","wuzu",,"qekie"
"1072731","wuzza",,"icilei"
"1072732","wuzzeer",,"qokuvin"
"1072733","wuzzent",,"icilaan"
"1072734","wuzzer",,"qikai"
"1072735","wuzzle",,"qekiet"
"1072736","wuzzled",,"uculoaa"
"1072737","wuzzles",,"qekivi"
"1072738","wuzzling",,"uculosat"
"1072739","wuzzup",,"qukeo"
"1072740","wuzzy",,"uculai"
"1072741","wvas",,"qolei"
"1072742","wvga",,"qika"
"1072743","wvnet",,"qoviwi"
"1072744","wvnvaxa",,"uqoboo"
"1072745","wvnvaxb",,"qevinu"
"1072746","wvraam",,"uqema"
"1072747","wvtr",,"qecuo"
"1072748","wwaccc",,"uwaru"
"1072749","wwan",,"qalis"
"1072750","wwchan",,"owamin"
"1072751","wwdc",,"qeruu"
"1072752","wwea",,"iwimi"
"1072753","wwfc",,"qigee"
"1072754","wwfo",,"qague"
"1072755","wwii",,"iwene"
"1072756","wwiii",,"iweni"
"1072757","wwjd",,"owesa"
"1072758","wwmccs",,"ewiren"
"1072759","wwong",,"qozam"
"1072760","wwoof",,"qozel"
"1072761","wwoofed",,"owepua"
"1072762","wwoofer",,"iwopae"
"1072763","wwoofing",,"owepusat"
"1072764","wwoofs",,"qozeot"
"1072765","wwops",,"qazaqa"
"1072766","wwtp",,"uwifa"
"1072767","wwws",,"ewics"
"1072768","wwww",,"uwede"
"1072769","wwwww",,"owude"
"1072770","wwwwww",,"awodat"
"1072771","wwwwwww",,"iwadoan"
"1072772","wwwwwwww",,"ewidaki"
"1072773","wxga",,"quku"
"1072774","wxyz",,"ebala"
"1072775","wyaconda",,"idurufat"
"1072776","wyacondas",,"idurufe"
"1072777","wyakin",,"qaliane"
"1072778","wyalong",,"oditien"
"1072779","wyalusing",,"udatewe"
"1072780","wyalusings",,"udatewin"
"1072781","wyan",,"qeloo"
"1072782","wyanbene",,"qoliroun"
"1072783","wyandot",,"qolitun"
"1072784","wyandots",,"qoliteu"
"1072785","wyandott",,"edozohan"
"1072786","wyandotte",,"adezehot"
"1072787","wyandottes",,"adezeho"
"1072788","wyanet",,"udazot"
"1072789","wyanets",,"udazeo"
"1072790","wyangala",,"odizaren"
"1072791","wyangan",,"adeziin"
"1072792","wyangle",,"udazoet"
"1072793","wyano",,"qiluf"
"1072794","wyanos",,"qiluen"
"1072795","wyant",,"adeze"
"1072796","wyard",,"idujui"
"1072797","wyarno",,"idujan"
"1072798","wyarnos",,"idujiun"
"1072799","wyartite",,"qolowau"
"1072800","wyat",,"qilas"
"1072801","wyatan",,"edoqen"
"1072802","wyats",,"qilaqo"
"1072803","wyatt",,"odiqio"
"1072804","wyatts",,"odiqua"
"1072805","wyble",,"adotona"
"1072806","wybong",,"idapat"
"1072807","wyborn",,"qimaen"
"1072808","wyboston",,"qumeqio"
"1072809","wybra",,"udejoa"
"1072810","wybunbury",,"ediwesat"
"1072811","wybung",,"adowea"
"1072812","wyburn",,"qamion"
"1072813","wybutosine",,"qamiwuot"
"1072814","wych",,"qinia"
"1072815","wychavon",,"qononiin"
"1072816","wyche",,"qonov"
"1072817","wycheproof",,"udomeju"
"1072818","wycheproofite",,"qiniviwuon"
"1072819","wycherley",,"qonovuin"
"1072820","wycherleys",,"qonovua"
"1072821","wychert",,"qonovun"
"1072822","wyches",,"qonoan"
"1072823","wychitella",,"udomube"
"1072824","wychnor",,"qinipi"
"1072825","wychwood",,"udomihon"
"1072826","wyciwyg",,"idenoun"
"1072827","wyck",,"edusn"
"1072828","wyckoff",,"edusoun"
"1072829","wyckoffs",,"edusomu"
"1072830","wyclef",,"eduteta"
"1072831","wyclif",,"odatae"
"1072832","wycliffe",,"qinoriun"
"1072833","wycliffes",,"qinoriu"
"1072834","wycliffian",,"odatomu"
"1072835","wycliffism",,"qoneroat"
"1072836","wycliffisms",,"qoneronoe"
"1072837","wycliffist",,"idetimi"
"1072838","wycliffists",,"idetimovat"
"1072839","wycliffite",,"odatome"
"1072840","wycliffites",,"odatomevin"
"1072841","wyclifian",,"qenareun"
"1072842","wyclifism",,"aditami"
"1072843","wyclifisms",,"aditamat"
"1072844","wyclifite",,"qenareat"
"1072845","wyclifites",,"qenaree"
"1072846","wyclifs",,"odatoen"
"1072847","wyco",,"udopt"
"1072848","wycoff",,"odapa"
"1072849","wycomb",,"qinao"
"1072850","wycombe",,"qonuzat"
"1072851","wycombes",,"qonuzue"
"1072852","wycos",,"udopui"
"1072853","wydah",,"idomoa"
"1072854","wyde",,"qerun"
"1072855","wyden",,"idotio"
"1072856","wydnic",,"udizaa"
"1072857","wydra",,"idojee"
"1072858","wye",,"edee"
"1072859","wyeast",,"qoseie"
"1072860","wyed",,"qesii"
"1072861","wyee",,"adatne"
"1072862","wyeing",,"qaseana"
"1072863","wyelangta",,"qasuniu"
"1072864","wyeld",,"uduta"
"1072865","wyena",,"qasena"
"1072866","wyer",,"qosoi"
"1072867","wyerone",,"adajee"
"1072868","wyes",,"edecn"
"1072869","wyesham",,"qesono"
"1072870","wyeth",,"edeqa"
"1072871","wyethia",,"odoqea"
"1072872","wyethiae",,"edeqasan"
"1072873","wyethias",,"odoqesen"
"1072874","wyeths",,"edeqet"
"1072875","wyeville",,"qesaroet"
"1072876","wyevilles",,"qesaroi"
"1072877","wyfe",,"qigei"
"1072878","wygal",,"qikov"
"1072879","wygant",,"edomon"
"1072880","wyght",,"idumui"
"1072881","wyib",,"qimii"
"1072882","wyif",,"qumoi"
"1072883","wying",,"qemom"
"1072884","wyke",,"adatni"
"1072885","wykeham",,"qarinat"
"1072886","wykehamical",,"udutiravin"
"1072887","wykehamicals",,"udutirava"
"1072888","wykehamist",,"udutiru"
"1072889","wykehamists",,"udutiravot"
"1072890","wykehams",,"qarinee"
"1072891","wyker",,"qeruca"
"1072892","wykes",,"adatat"
"1072893","wykle",,"quriv"
"1072894","wykoff",,"edepata"
"1072895","wykoffs",,"edepie"
"1072896","wyla",,"qoses"
"1072897","wylam",,"qasuz"
"1072898","wyland",,"qusie"
"1072899","wylbur",,"qeseota"
"1072900","wyld",,"adesa"
"1072901","wylde",,"udasee"
"1072902","wylds",,"adesaa"
"1072903","wyle",,"qasiu"
"1072904","wyled",,"udata"
"1072905","wylen",,"oditoi"
"1072906","wyler",,"adetun"
"1072907","wyles",,"qasiqa"
"1072908","wylesol",,"adetain"
"1072909","wylezol",,"qosame"
"1072910","wylfa",,"iduke"
"1072911","wylie",,"qaseve"
"1072912","wyliecoat",,"odinutet"
"1072913","wyliecoats",,"odinuti"
"1072914","wyliei",,"qaseane"
"1072915","wylies",,"qasei"
"1072916","wyling",,"udanon"
"1072917","wyll",,"udatn"
"1072918","wyllie",,"idutata"
"1072919","wyllieite",,"qoseroo"
"1072920","wylliesburg",,"udatuzevot"
"1072921","wylliesburgs",,"udatuzevo"
"1072922","wyllstarion",,"qasuqusuon"
"1072923","wylma",,"qasanu"
"1072924","wylo",,"qisan"
"1072925","wyly",,"qisat"
"1072926","wylye",,"qosuve"
"1072927","wymah",,"qoten"
"1072928","wyman",,"qutipa"
"1072929","wymans",,"qutiu"
"1072930","wymark",,"qetaa"
"1072931","wymer",,"qatica"
"1072932","wymers",,"qation"
"1072933","wymin",,"qitupe"
"1072934","wymington",,"qitupuot"
"1072935","wymm",,"idavo"
"1072936","wymmin",,"qeteen"
"1072937","wymondham",,"qutepion"
"1072938","wymondley",,"qutepien"
"1072939","wymore",,"qotuat"
"1072940","wymote",,"qetiot"
"1072941","wymox",,"qatok"
"1072942","wymysorys",,"qotuqea"
"1072943","wyn",,"qava"
"1072944","wynaad",,"edumoi"
"1072945","wynad",,"adimea"
"1072946","wynants",,"qivopon"
"1072947","wynantskill",,"quvipibeu"
"1072948","wynantskills",,"quvipibeot"
"1072949","wyncote",,"adiree"
"1072950","wyncotes",,"adirebin"
"1072951","wynd",,"udose"
"1072952","wynder",,"quveun"
"1072953","wyndfal",,"adisoin"
"1072954","wyndford",,"qivaloana"
"1072955","wyndham",,"quvenot"
"1072956","wyndi",,"udosue"
"1072957","wyndmere",,"qevizeo"
"1072958","wyndmeres",,"qevizeet"
"1072959","wynds",,"udosui"
"1072960","wyne",,"quvos"
"1072961","wyneden",,"qaviton"
"1072962","wyner",,"udotii"
"1072963","wyners",,"udotai"
"1072964","wyng",,"qevas"
"1072965","wynge",,"qavuva"
"1072966","wyngz",,"odalu"
"1072967","wynia",,"qevoni"
"1072968","wynigen",,"odanaen"
"1072969","wynken",,"adisea"
"1072970","wynkernel",,"idesaqot"
"1072971","wynkoop",,"udosai"
"1072972","wynn",,"odaza"
"1072973","wynnburg",,"idezodin"
"1072974","wynnburgs",,"idezoda"
"1072975","wynne",,"eduzi"
"1072976","wynnea",,"odazu"
"1072977","wynneae",,"eduziet"
"1072978","wynneas",,"odazuot"
"1072979","wynnewood",,"qivuvaat"
"1072980","wynnewoods",,"qivuvae"
"1072981","wynnie",,"eduzona"
"1072982","wynns",,"odazo"
"1072983","wynny",,"udozaa"
"1072984","wynona",,"adipe"
"1072985","wynonas",,"adipain"
"1072986","wynot",,"edupoa"
"1072987","wynots",,"edupone"
"1072988","wynris",,"adijua"
"1072989","wyns",,"qaven"
"1072990","wynter",,"quveeo"
"1072991","wynyard",,"qivanen"
"1072992","wynyardiid",,"odakaqi"
"1072993","wyobraska",,"edanarun"
"1072994","wyocena",,"qozivat"
"1072995","wyocenas",,"qozivae"
"1072996","wyodak",,"quzeea"
"1072997","wyola",,"quzine"
"1072998","wyolas",,"quziua"
"1072999","wyoming",,"qezeri"
"1073000","wyomingian",,"udivufa"
"1073001","wyomingite",,"udivufot"
"1073002","wyomingites",,"udivufuvo"
"1073003","wyomings",,"qezeruat"
"1073004","wyomissing",,"qezeruot"
"1073005","wyomissings",,"qezerubeo"
"1073006","wyon",,"qozie"
"1073007","wyong",,"qizum"
"1073008","wyongah",,"udizoi"
"1073009","wype",,"qipee"
"1073010","wypipo",,"odonai"
"1073011","wypte",,"odoqu"
"1073012","wyrallah",,"odumazet"
"1073013","wyrd",,"odusu"
"1073014","wyrdes",,"edisoa"
"1073015","wyrds",,"odusoa"
"1073016","wyre",,"qohan"
"1073017","wyresdale",,"qahiquat"
"1073018","wyrick",,"qohiun"
"1073019","wyrilda",,"qohive"
"1073020","wyrm",,"qeheu"
"1073021","wyrmling",,"qihiveu"
"1073022","wyrock",,"quheu"
"1073023","wyschnegradsky",,"odarefesa"
"1073024","wyse",,"edutna"
"1073025","wyshiao",,"qejeret"
"1073026","wysiati",,"qijuni"
"1073027","wysiayg",,"edunuan"
"1073028","wysiwis",,"adinuot"
"1073029","wysiwyg",,"idenoe"
"1073030","wysiwym",,"adinuin"
"1073031","wysmnbwyg",,"udovusat"
"1073032","wysocki",,"idepie"
"1073033","wysoka",,"udopoe"
"1073034","wyson",,"qojupe"
"1073035","wysong",,"qijaon"
"1073036","wysox",,"qojuk"
"1073037","wysoxs",,"qojuat"
"1073038","wyss",,"odacno"
"1073039","wysshe",,"qojiat"
"1073040","wystan",,"adiquna"
"1073041","wystand",,"qajoni"
"1073042","wysty",,"qujel"
"1073043","wyszk",,"qijet"
"1073044","wyszy",,"qejule"
"1073045","wyszynski",,"odalifi"
"1073046","wytch",,"odere"
"1073047","wytche",,"edaren"
"1073048","wyte",,"qecuu"
"1073049","wyted",,"adutee"
"1073050","wytek",,"qacit"
"1073051","wytes",,"qecuqe"
"1073052","wyth",,"odemt"
"1073053","wythall",,"adumiot"
"1073054","wytham",,"edamon"
"1073055","wythburn",,"qacarae"
"1073056","wythe",,"edamio"
"1073057","wythenshawe",,"odemufutat"
"1073058","wytheville",,"qecevoun"
"1073059","wythevilles",,"qecevotuu"
"1073060","wythoff",,"odemione"
"1073061","wythoffian",,"qecefeot"
"1073062","wythop",,"qeceo"
"1073063","wythoute",,"qocofoin"
"1073064","wythowt",,"qocofu"
"1073065","wythowte",,"qecefiet"
"1073066","wyting",,"adunina"
"1073067","wyton",,"edapei"
"1073068","wytopitlock",,"udipesofa"
"1073069","wytopitlocks",,"udipesofen"
"1073070","wytrychowski",,"quculosau"
"1073071","wytrzyszczka",,"qucumibei"
"1073072","wyueles",,"qiqeven"
"1073073","wyuna",,"qaqen"
"1073074","wyures",,"qeqein"
"1073075","wyve",,"qawia"
"1073076","wyver",,"adetut"
"1073077","wyvern",,"qiweo"
"1073078","wyverns",,"qiwecet"
"1073079","wywoda",,"qibaa"
"1073080","wyzwolenia",,"qakafeot"
"1073081","wzdib",,"qirir"
"1073082","wzzi",,"igine"
"1073083","wzzw",,"eged"
,,,
"Language",,,
"Meaning is Universal. Language is Merely the surface.",,,
"? hzvidib dn pidqzmnvg gvibpvbz dn hzmzgt ocz npmavxz",,,
"? Erozeun ih Utuboqu. Navobuo ih Uretuna ih Ucakeata.",,,
,,,
"Same meaning. Three layers. Zero noise.",,,
"marsji.com",,,
