"Marsji Language — Canonical Lexical Lock",,,
"Version: 1.0",,,
"Locked: 16 May 2026 — 20:26 UTC",,,
"Total Entries: 1,087,070",,,
"Author: Gino Rouzee",,,
,,,
"ID","EN",,"MJ"
"1075562","y",,"et"
"1075563","ya",,"oko"
"1075564","yaaa",,"ukimsi"
"1075565","yaaas",,"ukimori"
"1075566","yaaay",,"ekamale"
"1075567","yaacov",,"bulii"
"1075568","yaakov",,"biluot"
"1075569","yaaku",,"ekaseni"
"1075570","yaan",,"bela"
"1075571","yaapeet",,"okefoat"
"1075572","yaar",,"bulo"
"1075573","yaara",,"balin"
"1075574","yaars",,"buloq"
"1075575","yaasa",,"ukicau"
"1075576","yaasss",,"ikocene"
"1075577","yaba",,"bume"
"1075578","yabas",,"bumeq"
"1075579","yabavirus",,"bomudie"
"1075580","yabba",,"ukunare"
"1075581","yabbadab",,"akanevon"
"1075582","yabbas",,"ukununs"
"1075583","yabbed",,"bomaaa"
"1075584","yabber",,"bimeea"
"1075585","yabbered",,"ekeneqota"
"1075586","yabbering",,"ekeneqan"
"1075587","yabbers",,"bimevin"
"1075588","yabbi",,"ikineti"
"1075589","yabbie",,"okonann"
"1075590","yabbied",,"bomaret"
"1075591","yabbies",,"okonaun"
"1075592","yabbing",,"bomarat"
"1075593","yabble",,"bemuat"
"1075594","yabbled",,"akaneona"
"1075595","yabbles",,"bemuve"
"1075596","yabbling",,"akanesin"
"1075597","yabbo",,"akanuri"
"1075598","yabbos",,"akanonn"
"1075599","yabbra",,"bamiot"
"1075600","yabbut",,"bomaene"
"1075601","yabby",,"akanuro"
"1075602","yabbying",,"bumolaina"
"1075603","yabbys",,"akaneto"
"1075604","yabem",,"bamez"
"1075605","yabghu",,"ikilona"
"1075606","yabim",,"bemaz"
"1075607","yablo",,"ikitoro"
"1075608","yablochkov",,"ikitotota"
"1075609","yablon",,"bemiua"
"1075610","yablonoi",,"bimafui"
"1075611","yablonovoi",,"ikitofa"
"1075612","yablonovois",,"ikitofulen"
"1075613","yablonovy",,"ikitofe"
"1075614","yablonski",,"bamofeu"
"1075615","yablos",,"ikitetu"
"1075616","yablunivka",,"eketefe"
"1075617","yabmob",,"ikiven"
"1075618","yabo",,"bama"
"1075619","yaboo",,"bomof"
"1075620","yabos",,"bamaq"
"1075621","yabs",,"bimo"
"1075622","yabu",,"bomi"
"1075623","yabucoa",,"bameso"
"1075624","yabucoas",,"bamesoet"
"1075625","yabusame",,"bamequet"
"1075626","yabut",,"ekewano"
"1075627","yabuuti",,"akawaat"
"1075628","yacal",,"bonuv"
"1075629","yacano",,"binain"
"1075630","yacapsin",,"okimowot"
"1075631","yacare",,"binae"
"1075632","yacata",,"buneon"
"1075633","yacatecuhtli",,"ukamizukun"
"1075634","yacc",,"okirno"
"1075635","yacca",,"ikurut"
"1075636","yaccarino",,"ikuruqun"
"1075637","yaccas",,"ikura"
"1075638","yaccmcb",,"benazun"
"1075639","yaccs",,"okirao"
"1075640","yachan",,"ekomari"
"1075641","yachats",,"ikumuon"
"1075642","yachatss",,"ikumuban"
"1075643","yachet",,"ekomotn"
"1075644","yachimata",,"okimapo"
"1075645","yachiyo",,"bonarat"
"1075646","yacht",,"okimera"
"1075647","yachtboard",,"benuween"
"1075648","yachtdom",,"bonawuun"
"1075649","yachted",,"benuwe"
"1075650","yachtee",,"akemuie"
"1075651","yachter",,"bonawi"
"1075652","yachters",,"bonawaat"
"1075653","yachtful",,"ekomaman"
"1075654","yachtie",,"ekomaena"
"1075655","yachties",,"ekomason"
"1075656","yachting",,"benuwoet"
"1075657","yachtings",,"benuwoi"
"1075658","yachtist",,"bonawie"
"1075659","yachtless",,"baniwuat"
"1075660","yachtlike",,"bunowio"
"1075661","yachtman",,"bunowuin"
"1075662","yachtmanship",,"benuwesuin"
"1075663","yachtmanships",,"benuwesua"
"1075664","yachtmaster",,"akemupido"
"1075665","yachtmen",,"bonawoun"
"1075666","yachtperson",,"binewepae"
"1075667","yachts",,"okimuni"
"1075668","yachtsfolk",,"ikumowoa"
"1075669","yachtsma",,"ekomawon"
"1075670","yachtsman",,"bunowaa"
"1075671","yachtsmanlike",,"akemuwutun"
"1075672","yachtsmans",,"bunowaen"
"1075673","yachtsmanship",,"benuwofoa"
"1075674","yachtsmanships",,"benuwofoen"
"1075675","yachtsme",,"ukamiwo"
"1075676","yachtsmen",,"bonawiu"
"1075677","yachtsmens",,"bonawiot"
"1075678","yachtsperson",,"binewuciin"
"1075679","yachtswoman",,"bunowalion"
"1075680","yachtswomans",,"bunowalian"
"1075681","yachtswomen",,"bonawileo"
"1075682","yachtswomens",,"bonawileet"
"1075683","yachtwear",,"benuwea"
"1075684","yachty",,"ukamune"
"1075685","yack",,"ekosra"
"1075686","yacka",,"okisine"
"1075687","yackandandah",,"bunanazaet"
"1075688","yackarabul",,"boninou"
"1075689","yackas",,"okisat"
"1075690","yacked",,"baneot"
"1075691","yackel",,"bunaan"
"1075692","yacker",,"benoun"
"1075693","yackers",,"benovu"
"1075694","yacket",,"banea"
"1075695","yacketayak",,"binuvaon"
"1075696","yacketayakking",,"akesabire"
"1075697","yackety",,"bonivon"
"1075698","yacking",,"baneran"
"1075699","yacks",,"ekosuto"
"1075700","yacky",,"ikusonu"
"1075701","yaco",,"ukaptu"
"1075702","yacolt",,"okipuna"
"1075703","yacolts",,"okipiua"
"1075704","yacomine",,"bunuzain"
"1075705","yacon",,"bonop"
"1075706","yacoub",,"bunui"
"1075707","yacoubian",,"okiposaa"
"1075708","yacoubyan",,"ukapusoa"
"1075709","yacov",,"binid"
"1075710","yacuiba",,"binurot"
"1075711","yaculta",,"akewean"
"1075712","yada",,"bira"
"1075713","yadach",,"ikamori"
"1075714","yadadamean",,"buretiu"
"1075715","yadadri",,"biratot"
"1075716","yadamean",,"ikamazona"
"1075717","yadao",,"barof"
"1075718","yadav",,"ekimote"
"1075719","yadava",,"okumiru"
"1075720","yadavas",,"okumiat"
"1075721","yadayim",,"birala"
"1075722","yadda",,"okusino"
"1075723","yadder",,"berean"
"1075724","yaddered",,"ukesuqe"
"1075725","yaddering",,"ukesuqet"
"1075726","yadders",,"berevun"
"1075727","yade",,"bero"
"1075728","yadgiri",,"ikaleat"
"1075729","yadi",,"bore"
"1075730","yadiel",,"ukenusa"
"1075731","yadim",,"baruz"
"1075732","yadirf",,"buriun"
"1075733","yadkin",,"ikasonn"
"1075734","yadkins",,"ikaseana"
"1075735","yadkinville",,"birurukein"
"1075736","yadkinvilles",,"birurukea"
"1075737","yadnil",,"biroa"
"1075738","yadnya",,"okuzani"
"1075739","yadojd",,"biriin"
"1075740","yadon",,"ekiput"
"1075741","yadong",,"okupea"
"1075742","yads",,"borea"
"1075743","yadu",,"beroa"
"1075744","yadyae",,"buruet"
"1075745","yaeger",,"bosueta"
"1075746","yaeko",,"okases"
"1075747","yael",,"baso"
"1075748","yaesu",,"akicau"
"1075749","yaeyama",,"ikekuen"
"1075750","yafa",,"bago"
"1075751","yafas",,"bagoq"
"1075752","yaff",,"akikni"
"1075753","yaffe",,"ukokui"
"1075754","yaffed",,"bugaata"
"1075755","yaffee",,"ikeketa"
"1075756","yaffil",,"bugain"
"1075757","yaffing",,"bugaro"
"1075758","yaffingale",,"okakafat"
"1075759","yaffingales",,"okakafate"
"1075760","yaffle",,"biguoa"
"1075761","yaffled",,"okakiin"
"1075762","yaffler",,"ikekuat"
"1075763","yaffles",,"biguvet"
"1075764","yaffling",,"okakisi"
"1075765","yaffs",,"akikit"
"1075766","yafi",,"bugia"
"1075767","yafiygi",,"bogelu"
"1075768","yafo",,"begee"
"1075769","yafoes",,"bagaen"
"1075770","yafos",,"begeqa"
"1075771","yafsoanite",,"bigofoun"
"1075772","yag",,"iko3"
"1075773","yaga",,"ukimso"
"1075774","yagar",,"bakoc"
"1075775","yagara",,"bekie"
"1075776","yagarr",,"akumanne"
"1075777","yage",,"oketse"
"1075778","yager",,"bikuc"
"1075779","yagers",,"bikuot"
"1075780","yagger",,"bukeuna"
"1075781","yaggera",,"bakovon"
"1075782","yaggers",,"bukevu"
"1075783","yaghan",,"okemuti"
"1075784","yaghnob",,"bukopin"
"1075785","yaghnobi",,"bukopeo"
"1075786","yaghoubian",,"bukofoon"
"1075787","yaghourt",,"bakifiun"
"1075788","yaghurt",,"bikebet"
"1075789","yaghutie",,"ekameban"
"1075790","yagi",,"ikonsi"
"1075791","yagiite",,"bokerun"
"1075792","yagis",,"ikonera"
"1075793","yagna",,"boken"
"1075794","yagni",,"bekar"
"1075795","yagnob",,"ikozona"
"1075796","yagnobi",,"ikozoat"
"1075797","yagnobs",,"ikozoan"
"1075798","yagnya",,"bukiat"
"1075799","yago",,"akuptu"
"1075800","yagoda",,"bekee"
"1075801","yagon",,"bikip"
"1075802","yagona",,"bukuun"
"1075803","yagoona",,"bekefa"
"1075804","yagouarondi",,"bakabuwua"
"1075805","yagouaroundi",,"bukubiwiat"
"1075806","yagouarundi",,"bokobewoen"
"1075807","yagoubian",,"ikopisu"
"1075808","yagoubyan",,"akupasin"
"1075809","yagourundi",,"bekebean"
"1075810","yags",,"ikoclu"
"1075811","yagua",,"ikowuno"
"1075812","yaguachi",,"bukanaot"
"1075813","yaguarondi",,"bikuniun"
"1075814","yaguarundi",,"bakenau"
"1075815","yaguas",,"ikowet"
"1075816","yaguaza",,"bekonu"
"1075817","yagubian",,"ekawisi"
"1075818","yagubyan",,"ikowaman"
"1075819","yaguchi",,"bikuset"
"1075820","yagura",,"bukaat"
"1075821","yaguranage",,"okewuret"
"1075822","yagy",,"akukno"
"1075823","yagya",,"ekakoe"
"1075824","yah",,"bil"
"1075825","yaha",,"bulet"
"1075826","yahad",,"ikimotu"
"1075827","yahalaws",,"ekemoron"
"1075828","yahan",,"ekemulu"
"1075829","yahata",,"ukumura"
"1075830","yahatahigashi",,"okomereva"
"1075831","yahatanishi",,"okomerovun"
"1075832","yahawashi",,"ikimaru"
"1075833","yahbulon",,"akanazina"
"1075834","yahceht",,"bolevana"
"1075835","yahgan",,"okolua"
"1075836","yahganan",,"belinoen"
"1075837","yahganans",,"belinoon"
"1075838","yahgans",,"okoliot"
"1075839","yahi",,"bilota"
"1075840","yahia",,"buline"
"1075841","yahies",,"boleie"
"1075842","yahir",,"ikinatu"
"1075843","yahis",,"biloqi"
"1075844","yahiya",,"belaua"
"1075845","yahk",,"bolit"
"1075846","yahn",,"akazte"
"1075847","yahnke",,"ikizoni"
"1075848","yahoel",,"okopena"
"1075849","yahoo",,"bolof"
"1075850","yahoodom",,"ekepavan"
"1075851","yahoodoms",,"ekepavun"
"1075852","yahooed",,"akapuata"
"1075853","yahooing",,"akapuso"
"1075854","yahooish",,"okopeset"
"1075855","yahooishs",,"okopesia"
"1075856","yahooism",,"balafee"
"1075857","yahooisms",,"balafein"
"1075858","yahoos",,"boloana"
"1075859","yahooskin",,"ikipowa"
"1075860","yahor",,"akapona"
"1075861","yahotyn",,"buluwua"
"1075862","yahourt",,"bulubu"
"1075863","yahrtzeit",,"bilewei"
"1075864","yahrzeit",,"ikijizat"
"1075865","yahrzeits",,"ikijizea"
"1075866","yahs",,"biloti"
"1075867","yahsat",,"ikiceta"
"1075868","yahtzee",,"bolomon"
"1075869","yahtzees",,"bolomaan"
"1075870","yahu",,"bolis"
"1075871","yahuah",,"ikiwon"
"1075872","yahud",,"ekewanu"
"1075873","yahudi",,"ekewoe"
"1075874","yahuna",,"akawan"
"1075875","yahunas",,"akawiun"
"1075876","yahuskin",,"ikiwevu"
"1075877","yahuskins",,"ikiwevot"
"1075878","yahuwah",,"ekewiet"
"1075879","yahve",,"akabas"
"1075880","yahveh",,"beliua"
"1075881","yahvehs",,"belivot"
"1075882","yahves",,"akabi"
"1075883","yahvism",,"ukuboen"
"1075884","yahvisms",,"ukubowon"
"1075885","yahvist",,"belira"
"1075886","yahvistic",,"beliroon"
"1075887","yahvistics",,"beliroan"
"1075888","yahvists",,"beliroen"
"1075889","yahwe",,"balivi"
"1075890","yahweh",,"akadana"
"1075891","yahwehism",,"ikidirin"
"1075892","yahwehist",,"balivae"
"1075893","yahwehs",,"akadaun"
"1075894","yahwes",,"balioa"
"1075895","yahwism",,"bulorin"
"1075896","yahwisms",,"buloraa"
"1075897","yahwist",,"akadie"
"1075898","yahwistic",,"akadiwa"
"1075899","yahwists",,"akadiwin"
"1075900","yahya",,"belena"
"1075901","yaiba",,"bumon"
"1075902","yaikhom",,"bominu"
"1075903","yailaq",,"bimaae"
"1075904","yailombo",,"ikutope"
"1075905","yaint",,"ukazini"
"1075906","yair",,"bimei"
"1075907","yaird",,"okijeni"
"1075908","yairds",,"okijun"
"1075909","yairipok",,"akejija"
"1075910","yajaw",,"benig"
"1075911","yaje",,"benou"
"1075912","yajein",,"ikatonn"
"1075913","yajeine",,"okutaue"
"1075914","yajenin",,"benopa"
"1075915","yajenine",,"banepean"
"1075916","yajman",,"ikavone"
"1075917","yajmani",,"ikavuat"
"1075918","yajna",,"akozeu"
"1075919","yajnas",,"akozann"
"1075920","yajnavalkya",,"akozegifen"
"1075921","yajnavalkyan",,"binonosuin"
"1075922","yajnavalkyas",,"akozegifon"
"1075923","yajnopavita",,"binofesuu"
"1075924","yajur",,"ekiwit"
"1075925","yajurveda",,"ukewego"
"1075926","yajurvedas",,"ukeweget"
"1075927","yajurvedi",,"ikawagun"
"1075928","yajurvedic",,"ikawage"
"1075929","yak",,"eku8"
"1075930","yaka",,"okamsu"
"1075931","yakaj",,"borus"
"1075932","yakal",,"beriv"
"1075933","yakala",,"boruon"
"1075934","yakalas",,"boruvan"
"1075935","yakalo",,"biraaa"
"1075936","yakama",,"ekumanu"
"1075937","yakamas",,"ekumiene"
"1075938","yakamik",,"ukomeene"
"1075939","yakan",,"barop"
"1075940","yakans",,"baroen"
"1075941","yakare",,"boruet"
"1075942","yakas",,"okamala"
"1075943","yakasil",,"beriqa"
"1075944","yakata",,"birain"
"1075945","yakattalo",,"birawai"
"1075946","yakau",,"ekumesi"
"1075947","yakayaka",,"akimuruna"
"1075948","yakayake",,"ikemorie"
"1075949","yakaze",,"biraua"
"1075950","yakback",,"borani"
"1075951","yakbovine",,"burofia"
"1075952","yakcam",,"akiria"
"1075953","yakcamjk",,"burinuot"
"1075954","yakchal",,"ekurieta"
"1075955","yakcm",,"ukoree"
"1075956","yakcmlc",,"birozo"
"1075957","yakdan",,"ukosus"
"1075958","yake",,"akitla"
"1075959","yakel",,"burav"
"1075960","yaker",,"beroc"
"1075961","yakeshi",,"beroqa"
"1075962","yakety",,"boriet"
"1075963","yakfest",,"ekukeet"
"1075964","yakgwa",,"ekuloe"
"1075965","yakh",,"boras"
"1075966","yakhai",,"bireoa"
"1075967","yakhchal",,"borasou"
"1075968","yakhdan",,"bariton"
"1075969","yakhdans",,"barituan"
"1075970","yakhni",,"ukomola"
"1075971","yakhonto",,"birefuan"
"1075972","yakhontovite",,"barifeduet"
"1075973","yakhoot",,"akimuua"
"1075974","yaki",,"ekunsa"
"1075975","yakim",,"ukonera"
"1075976","yakima",,"akinato"
"1075977","yakiman",,"birozet"
"1075978","yakimaniac",,"buriziet"
"1075979","yakimas",,"akinoea"
"1075980","yakimenko",,"borezaa"
"1075981","yakimeshi",,"burizoet"
"1075982","yakimite",,"birozui"
"1075983","yakimona",,"baruzoun"
"1075984","yakimonas",,"baruzou"
"1075985","yakimono",,"berazion"
"1075986","yakimonos",,"berazian"
"1075987","yakin",,"burip"
"1075988","yakiniku",,"borepiot"
"1075989","yakir",,"borec"
"1075990","yakisoba",,"baruqoan"
"1075991","yakisugi",,"ekunudun"
"1075992","yakitori",,"ikenohu"
"1075993","yakitoris",,"ikenohot"
"1075994","yakity",,"biroaa"
"1075995","yakiv",,"barud"
"1075996","yakivtsi",,"ukonabon"
"1075997","yakk",,"akisli"
"1075998","yakka",,"ekusone"
"1075999","yakkas",,"ekusoni"
"1076000","yakked",,"buraan"
"1076001","yakker",,"bareena"
"1076002","yakkers",,"barevon"
"1076003","yakkety",,"berovin"
"1076004","yakkha",,"borian"
"1076005","yakking",,"burara"
"1076006","yakky",,"okaseno"
"1076007","yakless",,"bureve"
"1076008","yaklike",,"biraret"
"1076009","yaklin",,"okatins"
"1076010","yakmak",,"ukovota"
"1076011","yakman",,"birea"
"1076012","yakobinetz",,"ekupisun"
"1076013","yakona",,"boroi"
"1076014","yakonan",,"ukopooa"
"1076015","yakonans",,"ukoporet"
"1076016","yakonas",,"boropat"
"1076017","yakoot",,"baraet"
"1076018","yakoubian",,"ekupesat"
"1076019","yakoubyan",,"ikepisun"
"1076020","yakov",,"borod"
"1076021","yakova",,"biriot"
"1076022","yakovenkove",,"borodahoo"
"1076023","yakow",,"ekupit"
"1076024","yakows",,"ekupos"
"1076025","yakroyt",,"akijuun"
"1076026","yaks",,"ekuc3"
"1076027","yaksha",,"biroae"
"1076028","yakshi",,"boreat"
"1076029","yakshini",,"ukocesan"
"1076030","yakskin",,"biroton"
"1076031","yakthung",,"burunoo"
"1076032","yaku",,"akiwnu"
"1076033","yakubian",,"ukowesen"
"1076034","yakubik",,"bareri"
"1076035","yakubov",,"ekuwiena"
"1076036","yakubyan",,"ekuwimet"
"1076037","yakumo",,"akiwate"
"1076038","yakushi",,"beroqo"
"1076039","yakushiji",,"akiwiret"
"1076040","yakushima",,"bareqau"
"1076041","yakut",,"barew"
"1076042","yakutat",,"akiwuat"
"1076043","yakutats",,"akiwure"
"1076044","yakutia",,"berowot"
"1076045","yakutian",,"ikewosun"
"1076046","yakuts",,"bareene"
"1076047","yakutsk",,"burawu"
"1076048","yakutsks",,"burawaot"
"1076049","yakuza",,"biruin"
"1076050","yala",,"bosus"
"1076051","yalaha",,"ikometo"
"1076052","yalahas",,"ikomaie"
"1076053","yalain",,"ukimott"
"1076054","yalamanchili",,"okemurozu"
"1076055","yalang",,"akumatn"
"1076056","yalanji",,"busepin"
"1076057","yalb",,"ekanne"
"1076058","yalbraith",,"bisecoan"
"1076059","yalca",,"bosene"
"1076060","yald",,"akustu"
"1076061","yalda",,"ekasoni"
"1076062","yaldabaoth",,"basanaun"
"1076063","yaldhurst",,"basaniun"
"1076064","yalding",,"busurin"
"1076065","yaldo",,"okesene"
"1076066","yaldrin",,"ikosaana"
"1076067","yaldring",,"ukiseson"
"1076068","yale",,"basenu"
"1076069","yaleman",,"ekatien"
"1076070","yalensian",,"besopoeta"
"1076071","yalensians",,"besopoi"
"1076072","yaleosaurus",,"ekatawuke"
"1076073","yales",,"baseqn"
"1076074","yalgogrin",,"bisafou"
"1076075","yali",,"besane"
"1076076","yalie",,"basuva"
"1076077","yalikavak",,"ukinuri"
"1076078","yalkaparidontid",,"bosinasuu"
"1076079","yall",,"ukitra"
"1076080","yalla",,"akutesa"
"1076081","yallaer",,"basonet"
"1076082","yallah",,"besiin"
"1076083","yallambie",,"bisanii"
"1076084","yallar",,"besiu"
"1076085","yallaroi",,"bisaniia"
"1076086","yalldntve",,"ikotofun"
"1076087","yalldve",,"ekataoa"
"1076088","yalled",,"bisain"
"1076089","yaller",,"buseat"
"1076090","yallery",,"besivin"
"1076091","yalling",,"bisari"
"1076092","yallll",,"ekateto"
"1076093","yallo",,"ekataso"
"1076094","yallock",,"akutuee"
"1076095","yallop",,"bisao"
"1076096","yallourn",,"ikotode"
"1076097","yallow",,"ukitotn"
"1076098","yallre",,"buseata"
"1076099","yallrent",,"besicuo"
"1076100","yalls",,"ukitoro"
"1076101","yallself",,"ikoteze"
"1076102","yallselves",,"ukitozi"
"1076103","yallternative",,"busewowoat"
"1076104","yalman",,"okevei"
"1076105","yalmy",,"besule"
"1076106","yalobusha",,"busuroa"
"1076107","yalonda",,"besepin"
"1076108","yalong",,"ekapete"
"1076109","yalova",,"okepuni"
"1076110","yalow",,"beseg"
"1076111","yalows",,"beseu"
"1076112","yalta",,"ekaqot"
"1076113","yaltabaoth",,"basanae"
"1076114","yaltae",,"akuqon"
"1076115","yaltas",,"ekaqas"
"1076116","yaltopya",,"bosofaun"
"1076117","yaltopyae",,"besefuo"
"1076118","yaltopyas",,"bosofau"
"1076119","yalu",,"baseta"
"1076120","yalus",,"baseqt"
"1076121","yam",,"aka6"
"1076122","yama",,"ekemla"
"1076123","yamabushi",,"ekemidat"
"1076124","yamacha",,"bitasa"
"1076125","yamacraw",,"betisein"
"1076126","yamacraws",,"betisea"
"1076127","yamada",,"botuena"
"1076128","yamadou",,"botuti"
"1076129","yamae",,"akamaro"
"1076130","yamagami",,"ekemorana"
"1076131","yamagane",,"batomui"
"1076132","yamagata",,"butemiu"
"1076133","yamagatas",,"butemiot"
"1076134","yamagawa",,"okomirina"
"1076135","yamagishi",,"bitamue"
"1076136","yamaguch",,"botumae"
"1076137","yamaguchi",,"botumaot"
"1076138","yamagumo",,"ekemodan"
"1076139","yamaha",,"bitaot"
"1076140","yamahai",,"bitanen"
"1076141","yamahas",,"bitano"
"1076142","yamahog",,"batonan"
"1076143","yamaimo",,"ekemuona"
"1076144","yamaka",,"ekemaso"
"1076145","yamakawa",,"akamaruna"
"1076146","yamakaze",,"botutean"
"1076147","yamakuchi",,"batotie"
"1076148","yamal",,"batov"
"1076149","yamalia",,"betivot"
"1076150","yamalka",,"batovon"
"1076151","yamalkas",,"batovian"
"1076152","yamalke",,"bitavo"
"1076153","yamalo",,"botui"
"1076154","yamaltu",,"ikimuia"
"1076155","yamaltus",,"ikimubat"
"1076156","yamam",,"ukumero"
"1076157","yamamadi",,"batozui"
"1076158","yamamadis",,"batozuat"
"1076159","yamamai",,"akamoun"
"1076160","yamamomo",,"ekemihan"
"1076161","yamamoto",,"bitazaon"
"1076162","yamamura",,"batozii"
"1076163","yaman",,"butep"
"1076164","yamanai",,"batopon"
"1076165","yamanaka",,"batopui"
"1076166","yamanashi",,"akamirae"
"1076167","yamanba",,"akamiana"
"1076168","yamane",,"bitain"
"1076169","yamani",,"buteuna"
"1076170","yamanis",,"butepu"
"1076171","yamanoue",,"butepeu"
"1076172","yamantaka",,"ukumobet"
"1076173","yamas",,"ekemuda"
"1076174","yamasaki",,"ekemuria"
"1076175","yamasee",,"ukumoui"
"1076176","yamasees",,"ukumozot"
"1076177","yamashiro",,"ukumorana"
"1076178","yamashit",,"ekemurana"
"1076179","yamashita",,"okomarena"
"1076180","yamasiro",,"buteqaot"
"1076181","yamaskite",,"buteqoa"
"1076182","yamaskitic",,"batoqiin"
"1076183","yamassee",,"ukumowot"
"1076184","yamassees",,"ukumowo"
"1076185","yamata",,"botuet"
"1076186","yamato",,"bitaota"
"1076187","yamatok",,"botuwat"
"1076188","yamatologist",,"butewepie"
"1076189","yamatos",,"bitawo"
"1076190","yamatotakada",,"butewedaet"
"1076191","yamatoworks",,"okomehecan"
"1076192","yamatsumi",,"bitawuan"
"1076193","yamauchi",,"betiboo"
"1076194","yamaura",,"botubi"
"1076195","yamazaki",,"bitamoet"
"1076196","yamb",,"betu"
"1076197","yamba",,"botan"
"1076198","yambacoona",,"ukunaton"
"1076199","yambao",,"butoan"
"1076200","yambean",,"ikinieto"
"1076201","yambem",,"bitein"
"1076202","yamberry",,"bitevio"
"1076203","yambio",,"bitea"
"1076204","yambol",,"ekenonu"
"1076205","yamboo",,"batien"
"1076206","yambu",,"batib"
"1076207","yambuk",,"butoat"
"1076208","yambulla",,"biteboet"
"1076209","yambuna",,"ikiniona"
"1076210","yamburg",,"ekeneeta"
"1076211","yame",,"ukutso"
"1076212","yamel",,"bituv"
"1076213","yamelka",,"bituvo"
"1076214","yamelke",,"betovin"
"1076215","yamels",,"bituot"
"1076216","yamen",,"botip"
"1076217","yamens",,"botion"
"1076218","yameo",,"eketasu"
"1076219","yameos",,"eketala"
"1076220","yamhad",,"ekemala"
"1076221","yamhadian",,"batinoun"
"1076222","yamhill",,"biteri"
"1076223","yami",,"akanru"
"1076224","yamika",,"akanati"
"1076225","yamileth",,"bitovei"
"1076226","yamilke",,"botevuna"
"1076227","yamin",,"bitop"
"1076228","yaminahua",,"ukunori"
"1076229","yamini",,"bitoen"
"1076230","yaminjeongeum",,"bitopapoet"
"1076231","yamis",,"akanito"
"1076232","yaml",,"bute"
"1076233","yamless",,"bitavoa"
"1076234","yamlike",,"boturun"
"1076235","yamm",,"ikivti"
"1076236","yamma",,"ukuvas"
"1076237","yammadji",,"ikivuvun"
"1076238","yammed",,"botaet"
"1076239","yammer",,"biteot"
"1076240","yammered",,"ekeveqen"
"1076241","yammerer",,"okovoqin"
"1076242","yammerers",,"okovoqa"
"1076243","yammering",,"ekeveqea"
"1076244","yammeringly",,"botavotaon"
"1076245","yammerings",,"ekeveqin"
"1076246","yammerly",,"ikiviqat"
"1076247","yammers",,"bitevo"
"1076248","yamming",,"botaru"
"1076249","yammy",,"akavun"
"1076250","yamnaya",,"boteni"
"1076251","yamo",,"okoptu"
"1076252","yamogenin",,"okopizon"
"1076253","yamoussoukro",,"butubabiun"
"1076254","yamoussoukros",,"butubabiu"
"1076255","yamp",,"boti"
"1076256","yampa",,"bitun"
"1076257","yampah",,"ikifon"
"1076258","yampas",,"bituota"
"1076259","yampe",,"betov"
"1076260","yampee",,"batea"
"1076261","yamph",,"okofuo"
"1076262","yampi",,"botir"
"1076263","yampie",,"betou"
"1076264","yampies",,"betorot"
"1076265","yampil",,"akafun"
"1076266","yampolivka",,"betofaat"
"1076267","yampy",,"butal"
"1076268","yams",,"akac3"
"1076269","yamshik",,"batunat"
"1076270","yamstchick",,"ukucitat"
"1076271","yamstchik",,"ukucitan"
"1076272","yamstick",,"butiwaot"
"1076273","yamuka",,"ukuwina"
"1076274","yamulka",,"bituven"
"1076275","yamulkas",,"bituveon"
"1076276","yamulke",,"betovot"
"1076277","yamun",,"botipa"
"1076278","yamuna",,"bituote"
"1076279","yamunanagar",,"butapihaon"
"1076280","yamuns",,"botii"
"1076281","yana",,"bevi"
"1076282","yanac",,"bevis"
"1076283","yanacona",,"ekomuhet"
"1076284","yanae",,"bavov"
"1076285","yanakie",,"buvete"
"1076286","yanakuna",,"okimodot"
"1076287","yanam",,"buvez"
"1076288","yanamamo",,"bavozuan"
"1076289","yanan",,"ikumesa"
"1076290","yanans",,"ikumetn"
"1076291","yanaon",,"akemann"
"1076292","yanar",,"ekomise"
"1076293","yanas",,"beviq"
"1076294","yanaton",,"bavowon"
"1076295","yanbian",,"buvore"
"1076296","yanbu",,"ukanuti"
"1076297","yance",,"buviv"
"1076298","yancey",,"bevaat"
"1076299","yanceyville",,"akeramivo"
"1076300","yanceyvilles",,"akeramivet"
"1076301","yancha",,"ekorae"
"1076302","yanchang",,"bavunuat"
"1076303","yanchao",,"ikurai"
"1076304","yanchas",,"ekorien"
"1076305","yancheng",,"bivoneon"
"1076306","yanchi",,"akerat"
"1076307","yanco",,"bovef"
"1076308","yancopin",,"bevafuen"
"1076309","yancy",,"bovel"
"1076310","yand",,"ukasra"
"1076311","yanda",,"akesete"
"1076312","yandang",,"buvunea"
"1076313","yandell",,"akesaat"
"1076314","yander",,"buvuia"
"1076315","yandere",,"bivivin"
"1076316","yanderra",,"akesaqat"
"1076317","yandex",,"beveat"
"1076318","yandexed",,"ukasulu"
"1076319","yandexes",,"bavaveen"
"1076320","yandexing",,"ukasulon"
"1076321","yandied",,"bivirot"
"1076322","yandies",,"ikuseon"
"1076323","yandle",,"bovoet"
"1076324","yando",,"ekosato"
"1076325","yandoit",,"bevefot"
"1076326","yandusaurus",,"bivibusiat"
"1076327","yandy",,"ekosatu"
"1076328","yandying",,"bavaleat"
"1076329","yanesha",,"aketiat"
"1076330","yanetust",,"boviwaat"
"1076331","yanetut",,"boviwi"
"1076332","yanez",,"aketare"
"1076333","yang",,"bevia"
"1076334","yanga",,"bovun"
"1076335","yangambi",,"akelepin"
"1076336","yangambin",,"bivaniat"
"1076337","yangban",,"bavoron"
"1076338","yangch",,"ekolene"
"1076339","yangcheng",,"buvesuen"
"1076340","yangchow",,"ekoluran"
"1076341","yangchu",,"akeliea"
"1076342","yangchuanosaurus",,"akelirota"
"1076343","yanged",,"ukalu"
"1076344","yangel",,"ikulona"
"1076345","yangery",,"okiloua"
"1076346","yanggang",,"ekolorun"
"1076347","yanggao",,"bavoman"
"1076348","yangge",,"beviin"
"1076349","yanggona",,"okilihen"
"1076350","yanggu",,"beviot"
"1076351","yangguan",,"ukaladon"
"1076352","yanghe",,"akelata"
"1076353","yanghsin",,"buvenaen"
"1076354","yangi",,"bevir"
"1076355","yangihissar",,"bivaritea"
"1076356","yangikent",,"bevirui"
"1076357","yanging",,"ukaloona"
"1076358","yangire",,"akeliee"
"1076359","yangite",,"ukaloo"
"1076360","yangjiang",,"bavoseot"
"1076361","yangjingbang",,"buvesahain"
"1076362","yangkf",,"ekolona"
"1076363","yangkfs",,"ekolean"
"1076364","yangki",,"bavoi"
"1076365","yangko",,"bovuat"
"1076366","yangku",,"buveea"
"1076367","yangkus",,"buvetin"
"1076368","yangling",,"bivavuun"
"1076369","yangluo",,"akeleua"
"1076370","yangmei",,"bivazet"
"1076371","yangmingism",,"akelosase"
"1076372","yangnyer",,"bavopoan"
"1076373","yangochiropteran",,"bavofesiin"
"1076374","yangoma",,"bovufun"
"1076375","yangon",,"akeluna"
"1076376","yangona",,"ekolaon"
"1076377","yangonin",,"bivafuat"
"1076378","yangons",,"akeluu"
"1076379","yangoura",,"ikulodun"
"1076380","yangpan",,"beviha"
"1076381","yangpu",,"ekoleni"
"1076382","yangqin",,"ukalaeta"
"1076383","yangqu",,"beviina"
"1076384","yangquan",,"ukaladet"
"1076385","yangs",,"beviqa"
"1076386","yangsan",,"ukalooa"
"1076387","yangshao",,"ukaloron"
"1076388","yangsheng",,"buvequet"
"1076389","yangshuo",,"okilaren"
"1076390","yangshupu",,"beviqei"
"1076391","yangtao",,"ikuloan"
"1076392","yangtse",,"ukalia"
"1076393","yangtsz",,"bovuwata"
"1076394","yangtszepoo",,"ekolawifin"
"1076395","yangtze",,"beviwin"
"1076396","yangtzean",,"ukalinet"
"1076397","yangtzes",,"beviwua"
"1076398","yangtzi",,"bovuwun"
"1076399","yanguan",,"ikuliana"
"1076400","yangwang",,"ikulare"
"1076401","yangxin",,"beviko"
"1076402","yangzhou",,"buvemua"
"1076403","yangzi",,"okiluna"
"1076404","yanhe",,"ukamuni"
"1076405","yanhu",,"ukamuno"
"1076406","yanik",,"buvita"
"1076407","yanina",,"ikunonn"
"1076408","yanis",,"bavuq"
"1076409","yanito",,"ekonenn"
"1076410","yanity",,"ekonona"
"1076411","yanji",,"ukaroa"
"1076412","yanjin",,"bovoata"
"1076413","yanjing",,"biviria"
"1076414","yanjun",,"bevein"
"1076415","yank",,"buvaa"
"1076416","yankalilla",,"ekosozina"
"1076417","yankapin",,"buvanoa"
"1076418","yanke",,"bivuv"
"1076419","yanked",,"okisata"
"1076420","yankee",,"boviet"
"1076421","yankeed",,"ekoseaa"
"1076422","yankeedom",,"ekosezi"
"1076423","yankeedoms",,"ekosezat"
"1076424","yankeefication",,"ikusizavat"
"1076425","yankeefied",,"bovivain"
"1076426","yankeefieds",,"bovivanaa"
"1076427","yankeefies",,"okisozet"
"1076428","yankeefy",,"akesaze"
"1076429","yankeefying",,"buvavonian"
"1076430","yankeefyings",,"buvavoniun"
"1076431","yankeefys",,"akesazin"
"1076432","yankeeing",,"akesaza"
"1076433","yankeeism",,"baveviun"
"1076434","yankeeisms",,"baveviu"
"1076435","yankeeist",,"ekosezan"
"1076436","yankeeists",,"ekosezun"
"1076437","yankeeization",,"ikusizison"
"1076438","yankeeize",,"okisozot"
"1076439","yankeeized",,"bovivae"
"1076440","yankeeizes",,"okisozo"
"1076441","yankeeizing",,"bovivatoet"
"1076442","yankeeland",,"ikusizea"
"1076443","yankeelands",,"ikusizetin"
"1076444","yankeeness",,"ikusizee"
"1076445","yankeenesss",,"ikusizifin"
"1076446","yankeer",,"okisoea"
"1076447","yankees",,"bovivi"
"1076448","yankeese",,"bevovuin"
"1076449","yankeest",,"ekosezet"
"1076450","yankeetown",,"buvavoo"
"1076451","yankeetowns",,"buvavodiet"
"1076452","yankeeweed",,"okisozin"
"1076453","yankelovich",,"okisozilat"
"1076454","yanker",,"ikuseta"
"1076455","yankers",,"ikusiia"
"1076456","yankey",,"baveoa"
"1076457","yankeydom",,"ukasumet"
"1076458","yankie",,"bivuaa"
"1076459","yankies",,"bivuren"
"1076460","yankification",,"akesimazin"
"1076461","yankify",,"okisaae"
"1076462","yanking",,"okisao"
"1076463","yankism",,"bovirea"
"1076464","yankland",,"akeseru"
"1076465","yanko",,"bevof"
"1076466","yankophile",,"akesujon"
"1076467","yankophilic",,"ekosajaven"
"1076468","yankovic",,"ukasiget"
"1076469","yankovich",,"bavefuu"
"1076470","yankowski",,"bivufiun"
"1076471","yanks",,"buvaq"
"1076472","yankspeak",,"ukasojon"
"1076473","yanktard",,"ukasiro"
"1076474","yankton",,"bivuwet"
"1076475","yanktonai",,"buvaween"
"1076476","yanktonais",,"buvaweon"
"1076477","yanktons",,"bivuwai"
"1076478","yankuntjatjarra",,"okisofizo"
"1076479","yankunytjatjara",,"buvabaniot"
"1076480","yanky",,"bevol"
"1076481","yanliang",,"bivaroana"
"1076482","yanling",,"bovuru"
"1076483","yann",,"okizni"
"1076484","yanna",,"ikuzuta"
"1076485","yannam",,"ekozos"
"1076486","yannathan",,"bovenuin"
"1076487","yannergee",,"bevaveo"
"1076488","yanney",,"ikuzene"
"1076489","yanni",,"okizao"
"1076490","yannick",,"ekozuon"
"1076491","yannigan",,"boverein"
"1076492","yannigans",,"boverea"
"1076493","yannina",,"bevara"
"1076494","yanninas",,"bevaroen"
"1076495","yannis",,"okizue"
"1076496","yanno",,"ukazino"
"1076497","yannow",,"okizei"
"1076498","yanny",,"ukazinu"
"1076499","yano",,"bovo"
"1076500","yanolite",,"buvuvaot"
"1076501","yanomam",,"buvuzu"
"1076502","yanomaman",,"okipuren"
"1076503","yanomami",,"buvuzia"
"1076504","yanomamis",,"buvuzien"
"1076505","yanomamite",,"okipuron"
"1076506","yanomamo",,"bevezaen"
"1076507","yanomamos",,"bevezaon"
"1076508","yanonin",,"bovope"
"1076509","yanornithiform",,"bovociteo"
"1076510","yanos",,"bovoq"
"1076511","yanosuke",,"buvuqoin"
"1076512","yanping",,"baverata"
"1076513","yanqing",,"ukahoet"
"1076514","yanquapin",,"bavobue"
"1076515","yanquapins",,"bavobuin"
"1076516","yanqui",,"bavoet"
"1076517","yanquis",,"bavobi"
"1076518","yanquismo",,"bavobeu"
"1076519","yans",,"bavu"
"1076520","yanshan",,"buvinu"
"1076521","yanshek",,"ikucaan"
"1076522","yanshi",,"akecun"
"1076523","yanshuei",,"ikucadun"
"1076524","yanshui",,"ukaceen"
"1076525","yansun",,"ekocos"
"1076526","yant",,"ukaqro"
"1076527","yanta",,"akeqes"
"1076528","yantabulla",,"bivinian"
"1076529","yantai",,"akeqana"
"1076530","yantarne",,"okiqiqin"
"1076531","yantic",,"ukaqina"
"1076532","yantics",,"ukaqoaa"
"1076533","yantis",,"ukaqot"
"1076534","yantiss",,"ukaqooa"
"1076535","yantok",,"akeqati"
"1076536","yanton",,"buvuun"
"1076537","yantra",,"bevee"
"1076538","yantras",,"bevecin"
"1076539","yantric",,"bavacon"
"1076540","yantz",,"bevem"
"1076541","yanukovich",,"buvateon"
"1076542","yanukovych",,"bevotii"
"1076543","yanuwa",,"bivuina"
"1076544","yanvarske",,"bivanion"
"1076545","yanwath",,"buvone"
"1076546","yanworth",,"akeduqin"
"1076547","yanyuedao",,"okikozin"
"1076548","yanyula",,"akekaate"
"1076549","yanyulan",,"biviboet"
"1076550","yanyuwa",,"bavaben"
"1076551","yanzi",,"ekolui"
"1076552","yaobang",,"ukenaaa"
"1076553","yaobangs",,"ukenafen"
"1076554","yaocho",,"bozei"
"1076555","yaodong",,"ukesio"
"1076556","yaodu",,"bizib"
"1076557","yaohai",,"bezuini"
"1076558","yaoi",,"ukensi"
"1076559","yaoicest",,"bizoseen"
"1076560","yaomin",,"bazion"
"1076561","yaonan",,"akozant"
"1076562","yaoort",,"ekipos"
"1076563","yaort",,"ukejit"
"1076564","yaos",,"ukec3"
"1076565","yaosang",,"buzinu"
"1076566","yaoshang",,"ukeceron"
"1076567","yaouk",,"okuwoi"
"1076568","yaound",,"akowii"
"1076569","yaounde",,"ukewoin"
"1076570","yaoundes",,"ukewova"
"1076571","yaouri",,"buzaun"
"1076572","yaourt",,"ikaweta"
"1076573","yaourti",,"ikawaan"
"1076574","yaourts",,"ikawaia"
"1076575","yaozhou",,"okuluin"
"1076576","yap",,"bup"
"1076577","yapa",,"bapo"
"1076578","yapacana",,"ukomorot"
"1076579","yapaholic",,"bepinion"
"1076580","yapan",,"okamale"
"1076581","yapanese",,"akimizata"
"1076582","yapeen",,"ukotero"
"1076583","yapese",,"bopien"
"1076584","yapfest",,"bupave"
"1076585","yaphank",,"bopanun"
"1076586","yaphanks",,"bopaniu"
"1076587","yaphet",,"bipeot"
"1076588","yaping",,"okanint"
"1076589","yaple",,"ekutetu"
"1076590","yaply",,"ukotiru"
"1076591","yapman",,"akivano"
"1076592","yapmans",,"akiveun"
"1076593","yapness",,"akizaat"
"1076594","yapock",,"bapaen"
"1076595","yapocks",,"bapason"
"1076596","yapok",,"bapat"
"1076597","yapoks",,"bapaet"
"1076598","yapon",,"ikepes"
"1076599","yapons",,"ikepon"
"1076600","yapp",,"akifni"
"1076601","yappatron",,"beponiet"
"1076602","yapped",,"bupai"
"1076603","yapper",,"bapeo"
"1076604","yappers",,"bapevet"
"1076605","yappie",,"ukofina"
"1076606","yappier",,"baperon"
"1076607","yappies",,"ukofoae"
"1076608","yappiest",,"buparoin"
"1076609","yappily",,"bepora"
"1076610","yappin",,"bipuo"
"1076611","yappiness",,"bopiriin"
"1076612","yapping",,"buparot"
"1076613","yappingly",,"ukofofat"
"1076614","yappish",,"beporo"
"1076615","yappism",,"ikefeat"
"1076616","yappologist",,"ikefozuson"
"1076617","yappophilist",,"okafejevot"
"1076618","yapps",,"akifia"
"1076619","yappuccino",,"bupabaen"
"1076620","yappy",,"okafes"
"1076621","yaps",,"bupi"
"1076622","yapsin",,"ekuceno"
"1076623","yapster",,"bipowa"
"1076624","yapsters",,"bipoween"
"1076625","yapton",,"bipiaa"
"1076626","yapunyah",,"bupapein"
"1076627","yapur",,"ikewan"
"1076628","yapurs",,"ikeweta"
"1076629","yaqai",,"ukimosa"
"1076630","yaqay",,"ekamali"
"1076631","yaqona",,"bufuat"
"1076632","yaqonas",,"bufupe"
"1076633","yaqub",,"bifur"
"1076634","yaqui",,"okewao"
"1076635","yaquina",,"beforot"
"1076636","yaquinas",,"beforoo"
"1076637","yaquis",,"okewee"
"1076638","yar",,"bih"
"1076639","yara",,"buhe"
"1076640","yaraba",,"akamete"
"1076641","yaracuy",,"bahoso"
"1076642","yarage",,"buheana"
"1076643","yarak",,"bihat"
"1076644","yaraks",,"bihaota"
"1076645","yaralde",,"behivea"
"1076646","yaram",,"bohuz"
"1076647","yaranga",,"ikimeie"
"1076648","yarara",,"akamonn"
"1076649","yaraslau",,"okomazin"
"1076650","yaravi",,"okomuno"
"1076651","yaray",,"behil"
"1076652","yarb",,"ikinna"
"1076653","yarber",,"biheua"
"1076654","yarberry",,"akanaqat"
"1076655","yarble",,"behuun"
"1076656","yarbles",,"behuvua"
"1076657","yarblockos",,"bahivoua"
"1076658","yarborough",,"ikinoqa"
"1076659","yarboroughs",,"ikinoquken"
"1076660","yarbough",,"behufuen"
"1076661","yarbro",,"behuee"
"1076662","yarbrough",,"ekenihun"
"1076663","yarck",,"bohet"
"1076664","yarco",,"bahuf"
"1076665","yarcombe",,"okorepua"
"1076666","yarcos",,"bahuoa"
"1076667","yard",,"okosti"
"1076668","yardage",,"ikisuet"
"1076669","yardages",,"ikisuni"
"1076670","yardang",,"bohonan"
"1076671","yardangs",,"bohoniuna"
"1076672","yardarita",,"ukusaqen"
"1076673","yardarm",,"bohoni"
"1076674","yardarmed",,"akasequn"
"1076675","yardarming",,"akaseqen"
"1076676","yardarms",,"bohonoata"
"1076677","yardbird",,"bihiruo"
"1076678","yardbirds",,"bihiruet"
"1076679","yarde",,"ekesene"
"1076680","yarded",,"behean"
"1076681","yarden",,"buhuie"
"1076682","yarder",,"bohoena"
"1076683","yarderes",,"beheveu"
"1076684","yarders",,"bohovon"
"1076685","yardfowl",,"okosoha"
"1076686","yardfowlism",,"akasahufi"
"1076687","yardful",,"ekeseet"
"1076688","yardgoat",,"behemia"
"1076689","yardgrass",,"bahamaat"
"1076690","yardgrasses",,"buhumusoen"
"1076691","yardhorse",,"ukusehet"
"1076692","yardie",,"ekesote"
"1076693","yardies",,"ekesuoa"
"1076694","yarding",,"behera"
"1076695","yardings",,"beheroen"
"1076696","yardkeep",,"behetuin"
"1076697","yardland",,"buhuviea"
"1076698","yardlands",,"buhuviin"
"1076699","yardless",,"bahavion"
"1076700","yardley",,"bohovona"
"1076701","yardlight",,"bohovia"
"1076702","yardlike",,"buhuvaina"
"1076703","yardline",,"okosisot"
"1076704","yardlines",,"okosiso"
"1076705","yardlong",,"ekesohana"
"1076706","yardman",,"buhuzun"
"1076707","yardmans",,"buhuziu"
"1076708","yardmaster",,"akasorina"
"1076709","yardmasters",,"akasoraga"
"1076710","yardmen",,"bohozi"
"1076711","yardmens",,"bohozaat"
"1076712","yardperson",,"bihihean"
"1076713","yardroom",,"bahacoan"
"1076714","yardrope",,"akasohun"
"1076715","yards",,"okosani"
"1076716","yardsale",,"beheqain"
"1076717","yardsman",,"buhuquu"
"1076718","yardsnap",,"okosafin"
"1076719","yardstic",,"bohoquat"
"1076720","yardstick",,"beheqien"
"1076721","yardsticks",,"beheqion"
"1076722","yardumian",,"bihibii"
"1076723","yardwand",,"ikisaron"
"1076724","yardwands",,"ikisaran"
"1076725","yardwork",,"bohoguun"
"1076726","yardworks",,"bohoguu"
"1076727","yardy",,"ukusite"
"1076728","yare",,"bohi"
"1076729","yareli",,"akatann"
"1076730","yarely",,"okotats"
"1076731","yarema",,"behouna"
"1076732","yaremche",,"ukutetaa"
"1076733","yaremchuk",,"ikitatea"
"1076734","yaremenko",,"okotuzo"
"1076735","yaren",,"ukutosa"
"1076736","yarer",,"okotuso"
"1076737","yarest",,"eketott"
"1076738","yareta",,"okotanna"
"1076739","yarfa",,"akakes"
"1076740","yarfas",,"akakan"
"1076741","yarg",,"buhea"
"1076742","yarger",,"ikileta"
"1076743","yarghul",,"bohune"
"1076744","yargia",,"bahoet"
"1076745","yarglj",,"bohuata"
"1076746","yargnits",,"behipoet"
"1076747","yari",,"biho"
"1076748","yariba",,"ukunuti"
"1076749","yarikh",,"okoninn"
"1076750","yarilo",,"ikiniu"
"1076751","yarimar",,"okonuine"
"1076752","yariyari",,"ekenari"
"1076753","yark",,"bohia"
"1076754","yarkand",,"bahenet"
"1076755","yarkandi",,"bahenean"
"1076756","yarkant",,"bahenon"
"1076757","yarke",,"behov"
"1076758","yarked",,"akasone"
"1076759","yarkee",,"baheaa"
"1076760","yarker",,"ekesata"
"1076761","yarkhill",,"ukusesana"
"1076762","yarking",,"akasiin"
"1076763","yarkon",,"ekeseni"
"1076764","yarkovsky",,"ikisogu"
"1076765","yarks",,"bohiq"
"1076766","yarl",,"ekette"
"1076767","yarlagadda",,"ukutanet"
"1076768","yarled",,"bahoaa"
"1076769","yarligh",,"bihari"
"1076770","yarling",,"bahorat"
"1076771","yarlington",,"buheraan"
"1076772","yarls",,"eketuru"
"1076773","yarlung",,"buhebin"
"1076774","yarly",,"ikitoru"
"1076775","yarlyg",,"ukutotn"
"1076776","yarlyk",,"okoteli"
"1076777","yarm",,"behu"
"1076778","yarmalka",,"akavezua"
"1076779","yarmalke",,"ikivuzat"
"1076780","yarmed",,"ukuveo"
"1076781","yarmelka",,"ikivizat"
"1076782","yarmelke",,"ekevezon"
"1076783","yarmelkes",,"ekevezan"
"1076784","yarming",,"ukuvoet"
"1076785","yarmolyntsi",,"akavuzeji"
"1076786","yarmouk",,"behufa"
"1076787","yarmouth",,"bohafau"
"1076788","yarmouthian",,"akavudeti"
"1076789","yarmuk",,"buhoun"
"1076790","yarmuks",,"buhobu"
"1076791","yarmulka",,"ikivizun"
"1076792","yarmulkah",,"buhobien"
"1076793","yarmulkahs",,"buhobion"
"1076794","yarmulkas",,"ikivizu"
"1076795","yarmulke",,"ekevezi"
"1076796","yarmulkes",,"ekevezat"
"1076797","yarn",,"akazti"
"1076798","yarnall",,"ikizuan"
"1076799","yarnbomb",,"ekezihon"
"1076800","yarnbombed",,"bahuroat"
"1076801","yarnbomber",,"behariet"
"1076802","yarnbombing",,"bahurofoo"
"1076803","yarnbombs",,"ekezihan"
"1076804","yarncraft",,"bihosii"
"1076805","yarndie",,"buhitun"
"1076806","yarne",,"ukuzus"
"1076807","yarned",,"buhii"
"1076808","yarnell",,"ekezeet"
"1076809","yarnells",,"ekezezi"
"1076810","yarnen",,"boheon"
"1076811","yarner",,"bahuoe"
"1076812","yarners",,"bahuvet"
"1076813","yarnfield",,"buhilao"
"1076814","yarning",,"buhirota"
"1076815","yarnless",,"bihoveet"
"1076816","yarnlike",,"boheviu"
"1076817","yarnmaker",,"bihozoi"
"1076818","yarnover",,"akazuge"
"1076819","yarnovered",,"buhifiot"
"1076820","yarnovering",,"buhifipean"
"1076821","yarnovers",,"akazugin"
"1076822","yarns",,"akazio"
"1076823","yarnspinner",,"ekezujejot"
"1076824","yarnspinning",,"akazijaju"
"1076825","yarnstorm",,"akaziba"
"1076826","yarnstormed",,"buhiqejeet"
"1076827","yarnstormer",,"bahuqojoot"
"1076828","yarnstorming",,"buhiqejeu"
"1076829","yarnstorms",,"akaziben"
"1076830","yarnton",,"ukuzioa"
"1076831","yarnut",,"buhiata"
"1076832","yarnwindle",,"bihoguat"
"1076833","yarny",,"okozeri"
"1076834","yaron",,"okopani"
"1076835","yaroo",,"bohof"
"1076836","yarooh",,"okopune"
"1076837","yarosh",,"akapat"
"1076838","yaroslav",,"bihiqoet"
"1076839","yaroslava",,"buhuqiot"
"1076840","yaroslavite",,"ekepuzulu"
"1076841","yaroslavl",,"ekepuzat"
"1076842","yaroslavls",,"ekepuze"
"1076843","yaroslavychi",,"akapizili"
"1076844","yarosz",,"ekepai"
"1076845","yarovise",,"okopisot"
"1076846","yarovit",,"bihiden"
"1076847","yarovization",,"bahadereen"
"1076848","yarovizations",,"bahadereon"
"1076849","yarovize",,"buhudau"
"1076850","yarovized",,"ikipusat"
"1076851","yarovizes",,"buhudaot"
"1076852","yarovizing",,"ikipuso"
"1076853","yarpha",,"behoua"
"1076854","yarphas",,"behonota"
"1076855","yarpie",,"ikifet"
"1076856","yarpole",,"buhafea"
"1076857","yarpturk",,"okofeda"
"1076858","yarr",,"ikijno"
"1076859","yarra",,"ukujatu"
"1076860","yarrabandai",,"buhonusoo"
"1076861","yarraberb",,"bahinaon"
"1076862","yarrabin",,"okojisot"
"1076863","yarragal",,"bahinuana"
"1076864","yarragon",,"bahinuat"
"1076865","yarragrin",,"ikijunin"
"1076866","yarragundry",,"buhonigoet"
"1076867","yarrahapinni",,"okojiraqu"
"1076868","yarralumla",,"ukujazan"
"1076869","yarram",,"okojun"
"1076870","yarramalong",,"okojipafat"
"1076871","yarraman",,"behunea"
"1076872","yarramans",,"behuneen"
"1076873","yarrambat",,"ikijupat"
"1076874","yarramen",,"buhonuua"
"1076875","yarramundi",,"ikijupin"
"1076876","yarran",,"bohaone"
"1076877","yarrangobilly",,"ukujafoco"
"1076878","yarrans",,"bohanana"
"1076879","yarras",,"ukujua"
"1076880","yarratt",,"ikijuon"
"1076881","yarravel",,"akajegun"
"1076882","yarraville",,"buhonien"
"1076883","yarrawa",,"ikijuet"
"1076884","yarrawalla",,"ekejokat"
"1076885","yarrawarrah",,"behunesii"
"1076886","yarrawonga",,"buhonuen"
"1076887","yarred",,"bohaen"
"1076888","yarrell",,"ukujuaa"
"1076889","yarri",,"ikijeni"
"1076890","yarriambiack",,"biherofain"
"1076891","yarriba",,"bahiret"
"1076892","yarrie",,"okojuna"
"1076893","yarring",,"bohare"
"1076894","yarringle",,"ukujofan"
"1076895","yarrington",,"behuroun"
"1076896","yarrish",,"buhorina"
"1076897","yarrow",,"ikijeta"
"1076898","yarroweyah",,"behufeet"
"1076899","yarrowford",,"bohafoa"
"1076900","yarrowitch",,"ikijokot"
"1076901","yarrowite",,"bohafou"
"1076902","yarrows",,"ikijoia"
"1076903","yarrowyck",,"ukujiket"
"1076904","yarrs",,"ikijeno"
"1076905","yarrum",,"akajana"
"1076906","yarrumas",,"ekejepon"
"1076907","yarrumhj",,"akajapot"
"1076908","yarrumt",,"bahibona"
"1076909","yarrumwj",,"bihebion"
"1076910","yarry",,"akajuni"
"1076911","yars",,"bihoa"
"1076912","yarsagumba",,"ikicunu"
"1076913","yart",,"okoqsa"
"1076914","yarta",,"ikiqus"
"1076915","yartas",,"ikiqena"
"1076916","yarth",,"bihinn"
"1076917","yarthen",,"ukuqeao"
"1076918","yarto",,"ukuqis"
"1076919","yartos",,"ukuqini"
"1076920","yartseit",,"behequa"
"1076921","yartz",,"buhum"
"1076922","yartzeit",,"okoqozino"
"1076923","yaru",,"bohii"
"1076924","yaruga",,"buhaate"
"1076925","yarum",,"bahez"
"1076926","yarura",,"ikiwen"
"1076927","yaruran",,"behocin"
"1076928","yarurans",,"behocaa"
"1076929","yaruras",,"ikiwaona"
"1076930","yaruro",,"ukuwine"
"1076931","yaruros",,"ukuweae"
"1076932","yaruru",,"ekewati"
"1076933","yarus",,"bohiqa"
"1076934","yarvin",,"buheun"
"1076935","yarvis",,"ekeboa"
"1076936","yarwell",,"bohavan"
"1076937","yarwhelp",,"akadozu"
"1076938","yarwhip",,"bihenet"
"1076939","yarwip",,"okode"
"1076940","yarwood",,"ukudiot"
"1076941","yary",,"baha"
"1076942","yarylo",,"akakana"
"1076943","yaryna",,"ikikene"
"1076944","yasa",,"ikumsi"
"1076945","yasai",,"ikumese"
"1076946","yasak",,"okimonu"
"1076947","yasamal",,"bejizin"
"1076948","yasd",,"bojo"
"1076949","yasdnil",,"bijipen"
"1076950","yaself",,"ekotori"
"1076951","yaser",,"bojic"
"1076952","yasgur",,"bijaaa"
"1076953","yash",,"bije"
"1076954","yasha",,"bujon"
"1076955","yasher",,"okimuno"
"1076956","yashere",,"ekomeoa"
"1076957","yashiki",,"bojaru"
"1076958","yashin",,"akemunn"
"1076959","yashiro",,"akemiue"
"1076960","yashmac",,"bojazan"
"1076961","yashmack",,"bejuzao"
"1076962","yashmacked",,"ukameron"
"1076963","yashmacs",,"bojazeun"
"1076964","yashmak",,"bejuza"
"1076965","yashmaked",,"ukameret"
"1076966","yashmaks",,"bejuzaen"
"1076967","yashoda",,"akemuat"
"1076968","yashodha",,"bejufio"
"1076969","yasht",,"okimere"
"1076970","yashts",,"okimeri"
"1076971","yashu",,"bojab"
"1076972","yashuv",,"akemant"
"1076973","yasm",,"akevtu"
"1076974","yasmak",,"akevan"
"1076975","yasmaks",,"akeveun"
"1076976","yasmares",,"bejuneot"
"1076977","yasmeen",,"bejuvu"
"1076978","yasmeena",,"bojavaan"
"1076979","yasmin",,"bijeo"
"1076980","yasmina",,"bujoru"
"1076981","yasmine",,"bojarat"
"1076982","yasna",,"bejan"
"1076983","yasnas",,"bejae"
"1076984","yasnian",,"ikuzean"
"1076985","yasnians",,"ikuzerun"
"1076986","yasoda",,"bajaa"
"1076987","yasodhara",,"bojotoe"
"1076988","yasothon",,"bujuwua"
"1076989","yass",,"okic1"
"1076990","yassa",,"ikucui"
"1076991","yassar",,"bujian"
"1076992","yassenoff",,"bujivaen"
"1076993","yasser",,"bojeeta"
"1076994","yassification",,"bujirotoin"
"1076995","yassified",,"okicamen"
"1076996","yassifies",,"bijoreat"
"1076997","yassify",,"bejara"
"1076998","yassifying",,"ukacomu"
"1076999","yassin",,"bajuet"
"1077000","yassir",,"bijoa"
"1077001","yasss",,"okicana"
"1077002","yassuh",,"bojeia"
"1077003","yassy",,"ukacine"
"1077004","yassys",,"ukacue"
"1077005","yastrebov",,"okiquzota"
"1077006","yasu",,"ekowta"
"1077007","yasuaki",,"ekowoet"
"1077008","yasuda",,"bojiena"
"1077009","yasuei",,"akewi"
"1077010","yasufumi",,"bajeliun"
"1077011","yasugi",,"okiwuu"
"1077012","yasuhikotakia",,"ikuwasacat"
"1077013","yasuhiro",,"ukaweson"
"1077014","yasui",,"ekowus"
"1077015","yasuj",,"bejos"
"1077016","yasuke",,"ukawua"
"1077017","yasuko",,"okiwea"
"1077018","yasumasa",,"ekowiret"
"1077019","yasuo",,"ikuwoo"
"1077020","yasuos",,"ikuwet"
"1077021","yasushi",,"bojiqun"
"1077022","yasutoshi",,"ikuwohin"
"1077023","yasutsune",,"ekowawi"
"1077024","yasuura",,"bojibia"
"1077025","yasynuvata",,"bejepuen"
"1077026","yata",,"bica"
"1077027","yataalii",,"okumiza"
"1077028","yatagan",,"okumiui"
"1077029","yatagans",,"okumirota"
"1077030","yatagara",,"ekimoreta"
"1077031","yataghan",,"bicamion"
"1077032","yataghans",,"bicamian"
"1077033","yatai",,"bicar"
"1077034","yatalan",,"bacovet"
"1077035","yatalase",,"ekimorene"
"1077036","yatalite",,"bacovei"
"1077037","yatapoxviral",,"okumoholat"
"1077038","yatapoxvirus",,"bocuhumiet"
"1077039","yataro",,"akomis"
"1077040","yataros",,"akomoat"
"1077041","yatay",,"bacol"
"1077042","yatch",,"okurui"
"1077043","yatchaw",,"ekirio"
"1077044","yate",,"beco"
"1077045","yateley",,"akoteia"
"1077046","yates",,"becoq"
"1077047","yatesboro",,"becoqeo"
"1077048","yatesboros",,"becoqeet"
"1077049","yatesbury",,"bicuqien"
"1077050","yatess",,"becoun"
"1077051","yatesville",,"akotiga"
"1077052","yatesvilles",,"akotigafen"
"1077053","yatga",,"bucen"
"1077054","yathella",,"ukemuzen"
"1077055","yathi",,"okumato"
"1077056","yathkyed",,"bocatuat"
"1077057","yathrib",,"ikamaana"
"1077058","yati",,"boce"
"1077059","yatigan",,"ekinoona"
"1077060","yatigans",,"ekinoran"
"1077061","yatin",,"ukenoto"
"1077062","yatir",,"okunus"
"1077063","yatiri",,"okununo"
"1077064","yatish",,"okununu"
"1077065","yatra",,"ikajunu"
"1077066","yatras",,"ikajeni"
"1077067","yatren",,"bucoan"
"1077068","yatri",,"okujau"
"1077069","yats",,"bocea"
"1077070","yatskiv",,"ukecuoa"
"1077071","yatsko",,"bicoa"
"1077072","yatsugat",,"okuconot"
"1077073","yatsura",,"okucoea"
"1077074","yatsushiro",,"bucibaon"
"1077075","yatt",,"ekiqto"
"1077076","yatta",,"okuqine"
"1077077","yattalunga",,"ukeqazan"
"1077078","yattendon",,"bocovie"
"1077079","yatter",,"beceun"
"1077080","yattered",,"ukequqin"
"1077081","yattering",,"ukequqia"
"1077082","yatteringly",,"bacavatia"
"1077083","yatterings",,"ukequqat"
"1077084","yatters",,"becevu"
"1077085","yattle",,"bucuan"
"1077086","yatton",,"beceua"
"1077087","yatung",,"ukewote"
"1077088","yatvingian",,"okubafan"
"1077089","yatvyag",,"ukebiot"
"1077090","yatvyagian",,"bicaloat"
"1077091","yatvyags",,"ukebiro"
"1077092","yatzachi",,"bacenei"
"1077093","yatzeck",,"ekileaa"
"1077094","yatzy",,"akolua"
"1077095","yauapery",,"akimazat"
"1077096","yauaperys",,"akimaze"
"1077097","yauboo",,"beque"
"1077098","yauch",,"boqene"
"1077099","yaucht",,"ekurai"
"1077100","yauco",,"ikerone"
"1077101","yaucos",,"ikerene"
"1077102","yaud",,"beqe"
"1077103","yauds",,"beqeq"
"1077104","yauger",,"boquona"
"1077105","yauhen",,"ikemetu"
"1077106","yauheni",,"ikemiane"
"1077107","yauhenii",,"ikemife"
"1077108","yauheniy",,"akimafu"
"1077109","yaul",,"baqo"
"1077110","yauld",,"ukotisa"
"1077111","yaumatei",,"buqoneu"
"1077112","yaumati",,"baqinon"
"1077113","yaumun",,"bequu"
"1077114","yaun",,"buqi"
"1077115","yauna",,"baqun"
"1077116","yaunde",,"okazann"
"1077117","yaundes",,"okazeun"
"1077118","yauns",,"buqiq"
"1077119","yaup",,"biqu"
"1077120","yaupan",,"ekufaa"
"1077121","yauped",,"ekufina"
"1077122","yauper",,"okafat"
"1077123","yaupers",,"okafoea"
"1077124","yauping",,"ekufui"
"1077125","yaupon",,"okafena"
"1077126","yaupons",,"okafein"
"1077127","yaups",,"biquq"
"1077128","yautia",,"boqoon"
"1077129","yautias",,"boqoran"
"1077130","yauwu",,"ikedii"
"1077131","yava",,"bowu"
"1077132","yavapai",,"ukimuote"
"1077133","yavapaies",,"ikomirat"
"1077134","yavapaiite",,"biwahoan"
"1077135","yavapais",,"ukimuro"
"1077136","yavar",,"okemuto"
"1077137","yavars",,"okematn"
"1077138","yavatmal",,"buwewuu"
"1077139","yaven",,"oketari"
"1077140","yavis",,"bewaq"
"1077141","yavne",,"okezos"
"1077142","yavneh",,"biwoot"
"1077143","yavoriv",,"bowocat"
"1077144","yavuz",,"ekawes"
"1077145","yaw",,"aka7"
"1077146","yawa",,"ekemle"
"1077147","yawanudj",,"bobupaat"
"1077148","yawata",,"bobuen"
"1077149","yawatas",,"bobuwon"
"1077150","yawdorbk",,"bobofoat"
"1077151","yawed",,"bubat"
"1077152","yawelmani",,"ukutapon"
"1077153","yaweno",,"bubaan"
"1077154","yawey",,"eketale"
"1077155","yawf",,"bobi"
"1077156","yawhen",,"okomunu"
"1077157","yawing",,"bubie"
"1077158","yawingly",,"ukunonon"
"1077159","yawk",,"ukussi"
"1077160","yawker",,"bubaana"
"1077161","yawkey",,"akasoni"
"1077162","yawkeys",,"akasaana"
"1077163","yawl",,"bube"
"1077164","yawled",,"okotanne"
"1077165","yawler",,"ikitena"
"1077166","yawling",,"okotaae"
"1077167","yawll",,"okotisi"
"1077168","yawls",,"bubeq"
"1077169","yawlsman",,"akatipu"
"1077170","yawm",,"ikivto"
"1077171","yawmeter",,"ekeveben"
"1077172","yawmeters",,"ekevebon"
"1077173","yawn",,"bibo"
"1077174","yawnable",,"bobenoan"
"1077175","yawnathon",,"ikizubu"
"1077176","yawned",,"ekezine"
"1077177","yawner",,"okozata"
"1077178","yawners",,"okozoeo"
"1077179","yawnest",,"ekezeoa"
"1077180","yawneth",,"bobevan"
"1077181","yawney",,"bubiia"
"1077182","yawnfest",,"biboleet"
"1077183","yawnful",,"bobelun"
"1077184","yawnfully",,"okozodet"
"1077185","yawnier",,"okozaua"
"1077186","yawniest",,"ekezuzona"
"1077187","yawnily",,"ikizeana"
"1077188","yawniness",,"ukuzofon"
"1077189","yawning",,"ekezuia"
"1077190","yawningly",,"boberia"
"1077191","yawnings",,"ekezufat"
"1077192","yawnless",,"akazeze"
"1077193","yawnproof",,"akazaqo"
"1077194","yawns",,"biboq"
"1077195","yawnsome",,"bobequun"
"1077196","yawnsville",,"okozagon"
"1077197","yawnups",,"ikiziia"
"1077198","yawny",,"babul"
"1077199","yawp",,"bobia"
"1077200","yawpan",,"akafie"
"1077201","yawped",,"akafete"
"1077202","yawper",,"ekefota"
"1077203","yawpers",,"ekefeo"
"1077204","yawping",,"akafiu"
"1077205","yawpings",,"akafifot"
"1077206","yawps",,"bobiq"
"1077207","yawriats",,"ekejuron"
"1077208","yawron",,"akajane"
"1077209","yawroot",,"ukujiae"
"1077210","yaws",,"akac4"
"1077211","yawshrub",,"bebanea"
"1077212","yawuru",,"bubaane"
"1077213","yawweed",,"bebuvat"
"1077214","yawweeds",,"bebuvue"
"1077215","yawy",,"okokta"
"1077216","yaxartes",,"badocoet"
"1077217","yaxartosaurus",,"okimubidat"
"1077218","yaxch",,"akeroi"
"1077219","yaxche",,"ukaree"
"1077220","yaxchil",,"budinu"
"1077221","yaxchilan",,"okirusen"
"1077222","yaxh",,"akemtu"
"1077223","yaxha",,"ekomose"
"1077224","yaxkin",,"ekosena"
"1077225","yaxley",,"ukatela"
"1077226","yaxun",,"ekowuni"
"1077227","yaxuun",,"akewie"
"1077228","yay",,"ukedo"
"1077229","yaya",,"akomli"
"1077230","yayan",,"bigap"
"1077231","yayantique",,"ekimubata"
"1077232","yayas",,"akomino"
"1077233","yayati",,"bagoo"
"1077234","yayes",,"ikatere"
"1077235","yaylak",,"bigaot"
"1077236","yayness",,"begavu"
"1077237","yayo",,"ekipsa"
"1077238","yayoi",,"ekipus"
"1077239","yayoisaponin",,"begerosein"
"1077240","yays",,"ukec4"
"1077241","yayue",,"okuwoo"
"1077242","yayuh",,"bugan"
"1077243","yazaman",,"ekumioe"
"1077244","yazan",,"okamali"
"1077245","yazata",,"akimetu"
"1077246","yazatas",,"akimuia"
"1077247","yazawa",,"bukeon"
"1077248","yazbak",,"ukonere"
"1077249","yazd",,"ikesto"
"1077250","yazdani",,"bokoni"
"1077251","yazdegerd",,"okasonua"
"1077252","yazdegerdian",,"bekevapii"
"1077253","yazdegerdians",,"bekevapiat"
"1077254","yazdi",,"ikesei"
"1077255","yazds",,"ikeseo"
"1077256","yazghulami",,"bokunaen"
"1077257","yazgulam",,"ekulezi"
"1077258","yazgulyam",,"ikelize"
"1077259","yazgulyami",,"ikelizota"
"1077260","yazh",,"ukomti"
"1077261","yazhi",,"ukomole"
"1077262","yazhou",,"akimann"
"1077263","yazidi",,"ikenetn"
"1077264","yazidiat",,"bukitau"
"1077265","yazidism",,"ekunasia"
"1077266","yazidiyat",,"bekatoo"
"1077267","yazoo",,"bikif"
"1077268","yazor",,"ekupis"
"1077269","yazov",,"ukopan"
"1077270","yazu",,"biku"
"1077271","yazva",,"ikebue"
"1077272","yazzie",,"ukolenu"
"1077273","ybabsalg",,"baloqiu"
"1077274","ybabulp",,"olenoea"
"1077275","ybanag",,"olezun"
"1077276","ybanak",,"aluzie"
"1077277","ybanez",,"bolaata"
"1077278","ybaptized",,"balawau"
"1077279","ybarbo",,"boluun"
"1077280","ybarra",,"beliaa"
"1077281","ybarred",,"olejuat"
"1077282","ybars",,"ilojee"
"1077283","ybaw",,"bolu"
"1077284","ybbob",,"bemar"
"1077285","ybco",,"banu"
"1077286","ybent",,"busow"
"1077287","ybet",,"aliqn"
"1077288","ybgibb",,"bakiat"
"1077289","ybit",,"eloqne"
"1077290","yblent",,"elatas"
"1077291","ybli",,"alunni"
"1077292","ybodyrow",,"bozeleot"
"1077293","ybore",,"ilajie"
"1077294","yborn",,"bizap"
"1077295","ybought",,"bazamin"
"1077296","ybound",,"bezeoa"
"1077297","ybounden",,"eliwuvet"
"1077298","ybpr",,"bapoa"
"1077299","ybra",,"ilims"
"1077300","ybrent",,"iliten"
"1077301","ybrikjk",,"behutat"
"1077302","ybroke",,"olopune"
"1077303","ybroken",,"behaton"
"1077304","ybrought",,"ulupunon"
"1077305","ybsnrohp",,"bajicea"
"1077306","ybtsowp",,"bucofo"
"1077307","ybuilt",,"baqiun"
"1077308","yburied",,"beqiren"
"1077309","ybylf",,"bagela"
"1077310","ybysaia",,"boganu"
"1077311","ycalled",,"balavot"
"1077312","ycarried",,"bulacian"
"1077313","ycartrj",,"omejeu"
"1077314","ycats",,"buloqa"
"1077315","ycaught",,"omewiin"
"1077316","yccp",,"banua"
"1077317","ychased",,"ememua"
"1077318","ychaunged",,"belebaot"
"1077319","ychery",,"imiten"
"1077320","ychosen",,"amapiun"
"1077321","ycie",,"ametn"
"1077322","yclad",,"amumua"
"1077323","ycladd",,"bosoote"
"1077324","ycladde",,"beseti"
"1077325","ycled",,"imoto"
"1077326","ycleepe",,"imotien"
"1077327","ycleeped",,"basuveot"
"1077328","ycleepes",,"imotijon"
"1077329","ycleeping",,"basuvean"
"1077330","ycleped",,"besahan"
"1077331","ycleping",,"besahaa"
"1077332","yclept",,"boseoa"
"1077333","yclosed",,"amupian"
"1077334","yclothed",,"amupure"
"1077335","ycnac",,"bovos"
"1077336","ycnaf",,"emomea"
"1077337","ycnalcmt",,"bivivoa"
"1077338","ycnan",,"omimao"
"1077339","ycol",,"buzu"
"1077340","ycomen",,"bazeot"
"1077341","ycond",,"amozu"
"1077342","ycovered",,"bozovaen"
"1077343","ycram",,"bihiz"
"1077344","ycrowned",,"bahiguo"
"1077345","ydald",,"biloto"
"1077346","ydalir",,"buliua"
"1077347","ydalirs",,"bulirota"
"1077348","ydamned",,"bulupe"
"1077349","yday",,"bolua"
"1077350","yddad",,"burit"
"1077351","yddap",,"berah"
"1077352","yddatas",,"baruwet"
"1077353","ydde",,"uneti"
"1077354","ydderf",,"enitota"
"1077355","ydeeps",,"aniteta"
"1077356","ydennek",,"besopa"
"1077357","ydkb",,"anin"
"1077358","ydnahcaj",,"anemote"
"1077359","ydnar",,"bivoc"
"1077360","ydnarb",,"anemon"
"1077361","ydnas",,"unamoi"
"1077362","ydnau",,"inumi"
"1077363","ydnew",,"anetoi"
"1077364","ydnic",,"inunea"
"1077365","ydnrc",,"bovosa"
"1077366","ydobon",,"bezeot"
"1077367","ydoh",,"inamne"
"1077368","ydoow",,"bezig"
"1077369","ydorb",,"bozor"
"1077370","ydorbj",,"inajet"
"1077371","ydozcm",,"onulat"
"1077372","ydpa",,"inemno"
"1077373","ydra",,"onomni"
"1077374","ydrad",,"bahuta"
"1077375","ydred",,"biheta"
"1077376","ydromancy",,"bahozee"
"1077377","ydronke",,"bohupe"
"1077378","ydss",,"buja"
"1077379","yduj",,"unoro"
"1077380","ydurt",,"biqiw"
"1077381","yduts",,"unoqoe"
"1077382","ydwoh",,"enepi"
"1077383","ydxcgjmjydkczitgomdxcgjmjzocviz",,"oniritezun"
"1077384","ye",,"ari"
"1077385","yea",,"erasi"
"1077386","yeaaah",,"bilei"
"1077387","yead",,"bale"
"1077388","yeaddiss",,"arususat"
"1077389","yeaddisss",,"arususe"
"1077390","yeading",,"urisoae"
"1077391","yeadon",,"arusone"
"1077392","yeadonian",,"bilufaot"
"1077393","yeads",,"baleq"
"1077394","yeaer",,"baloc"
"1077395","yeaest",,"buleot"
"1077396","yeag",,"orelu"
"1077397","yeager",,"belueta"
"1077398","yeagers",,"beluvi"
"1077399","yeagertown",,"bilevuo"
"1077400","yeagertowns",,"bilevudiet"
"1077401","yeaghe",,"beluona"
"1077402","yeagley",,"beluvie"
"1077403","yeah",,"belaa"
"1077404","yeaher",,"eramoto"
"1077405","yeahest",,"arumaan"
"1077406","yeahher",,"belanan"
"1077407","yeahhest",,"balunua"
"1077408","yeahrigh",,"bilocao"
"1077409","yeahs",,"belaq"
"1077410","yeak",,"arusra"
"1077411","yeakel",,"boluina"
"1077412","yeakley",,"buleven"
"1077413","yeal",,"buloa"
"1077414","yealand",,"bolanot"
"1077415","yealands",,"bolanuo"
"1077416","yealdon",,"biletun"
"1077417","yealdons",,"bileteu"
"1077418","yealing",,"iroteata"
"1077419","yealings",,"irotefe"
"1077420","yeallow",,"irotuia"
"1077421","yealm",,"bolaz"
"1077422","yealmed",,"eratiaa"
"1077423","yealmer",,"oretuea"
"1077424","yealming",,"eratisat"
"1077425","yealmpton",,"irotaju"
"1077426","yealms",,"bolaota"
"1077427","yeaman",,"bolein"
"1077428","yean",,"bili"
"1077429","yeaned",,"orezis"
"1077430","yeaning",,"orezaot"
"1077431","yeanling",,"balavoet"
"1077432","yeanlings",,"balavoi"
"1077433","yeans",,"biliq"
"1077434","yeany",,"balal"
"1077435","yeaoman",,"bulazet"
"1077436","yeap",,"bolue"
"1077437","yeaping",,"erafuon"
"1077438","year",,"belae"
"1077439","yeara",,"bolen"
"1077440","yearbird",,"orejusu"
"1077441","yearbook",,"arujohe"
"1077442","yearbooker",,"buliroun"
"1077443","yearbookish",,"balurijeun"
"1077444","yearbooklike",,"belarujoon"
"1077445","yearbooks",,"arujohin"
"1077446","yearbooky",,"orejuha"
"1077447","yearby",,"urijun"
"1077448","yeard",,"erajani"
"1077449","yearday",,"urijiea"
"1077450","yearded",,"bulitot"
"1077451","yearding",,"bulitean"
"1077452","yeardley",,"balutau"
"1077453","yeards",,"erajin"
"1077454","yeare",,"baluv"
"1077455","yeared",,"arujeni"
"1077456","yearend",,"bolevin"
"1077457","yearends",,"bolevua"
"1077458","yearer",,"erajina"
"1077459","yearful",,"balulot"
"1077460","yeargain",,"erajori"
"1077461","yeargan",,"erajoen"
"1077462","yeargans",,"erajoron"
"1077463","yeargin",,"arujeei"
"1077464","yeargroup",,"balumeet"
"1077465","yearhundred",,"orejudopen"
"1077466","yearim",,"bulien"
"1077467","yearlier",,"bulivei"
"1077468","yearlies",,"urijaso"
"1077469","yearliest",,"bilovaot"
"1077470","yearling",,"bilovaa"
"1077471","yearlings",,"bilovaen"
"1077472","yearlong",,"baluvien"
"1077473","yearlonger",,"arujeho"
"1077474","yearlongest",,"urijahusun"
"1077475","yearly",,"orejat"
"1077476","yearman",,"irojaone"
"1077477","yearn",,"urijou"
"1077478","yearne",,"irojon"
"1077479","yearned",,"bolepin"
"1077480","yearnedst",,"orejazin"
"1077481","yearner",,"bilopat"
"1077482","yearners",,"bilopoe"
"1077483","yearnest",,"bolepeo"
"1077484","yearneth",,"irojezan"
"1077485","yearnful",,"irojemun"
"1077486","yearnfully",,"bilopoet"
"1077487","yearnfulness",,"bulipigeo"
"1077488","yearning",,"bolepui"
"1077489","yearninglier",,"balupohoin"
"1077490","yearningliest",,"bulipehei"
"1077491","yearningly",,"irojesa"
"1077492","yearningness",,"urijosusin"
"1077493","yearnings",,"bolepuat"
"1077494","yearnling",,"erajuze"
"1077495","yearns",,"urijuu"
"1077496","yearnsome",,"irojewun"
"1077497","yearnt",,"biloana"
"1077498","yearny",,"erajota"
"1077499","yearock",,"bolefa"
"1077500","yearold",,"belafi"
"1077501","yearout",,"orejeea"
"1077502","years",,"belaqa"
"1077503","yearsett",,"buliqiet"
"1077504","yearsley",,"erajuzen"
"1077505","yearslong",,"baluqaon"
"1077506","yearsman",,"irojepan"
"1077507","yearsworth",,"orejaket"
"1077508","yeartext",,"orejeze"
"1077509","yearth",,"belaon"
"1077510","yearthousand",,"baluwejeat"
"1077511","yeartide",,"buliweet"
"1077512","yeartime",,"irojosan"
"1077513","yearward",,"balugau"
"1077514","yearwise",,"bilogae"
"1077515","yearwood",,"irojahi"
"1077516","yeary",,"bilol"
"1077517","yeas",,"eracli"
"1077518","yeasaid",,"belenon"
"1077519","yeasay",,"uricuna"
"1077520","yeasayer",,"bilineat"
"1077521","yeasayers",,"bilinee"
"1077522","yeasaying",,"bolonai"
"1077523","yeasays",,"uricau"
"1077524","yeast",,"balaw"
"1077525","yeasted",,"uriciea"
"1077526","yeastful",,"buluwian"
"1077527","yeasticidal",,"buluweviu"
"1077528","yeastie",,"buluwen"
"1077529","yeastier",,"arucusuna"
"1077530","yeastiest",,"uricisene"
"1077531","yeastily",,"eracason"
"1077532","yeastiness",,"orecesena"
"1077533","yeastinesses",,"eracasefu"
"1077534","yeastinesss",,"orecesofon"
"1077535","yeasting",,"uriciset"
"1077536","yeastless",,"irocozat"
"1077537","yeastlike",,"orecezo"
"1077538","yeastolate",,"balawien"
"1077539","yeasts",,"balaun"
"1077540","yeasty",,"bolou"
"1077541","yeat",,"balea"
"1077542","yeater",,"aruqetu"
"1077543","yeates",,"bulaot"
"1077544","yeather",,"balenu"
"1077545","yeatman",,"orequea"
"1077546","yeatmanite",,"balezaet"
"1077547","yeaton",,"aruqii"
"1077548","yeats",,"baleqa"
"1077549","yeatses",,"bulaqo"
"1077550","yeatsian",,"uriqoso"
"1077551","yeatsianer",,"biluqaa"
"1077552","yeatsianest",,"boliquseat"
"1077553","yeatsianner",,"eraqusuje"
"1077554","yeatsiannest",,"aruqisijet"
"1077555","yeatss",,"baleuna"
"1077556","yeaught",,"erawoet"
"1077557","yeave",,"bilev"
"1077558","yeban",,"urumoti"
"1077559","yebo",,"bomii"
"1077560","yeboah",,"urupu"
"1077561","yebotld",,"arapuan"
"1077562","yebra",,"orojine"
"1077563","yebyehta",,"bomivia"
"1077564","yecapixtla",,"uramuson"
"1077565","yecch",,"banane"
"1077566","yecchs",,"banaun"
"1077567","yecchy",,"bonou"
"1077568","yech",,"banui"
"1077569","yecheng",,"irumiia"
"1077570","yechezke",,"uramunot"
"1077571","yechidah",,"benaruun"
"1077572","yechier",,"aremiat"
"1077573","yechiest",,"uramozo"
"1077574","yechinik",,"orimafen"
"1077575","yechs",,"banuq"
"1077576","yechy",,"bonel"
"1077577","yecies",,"uranenu"
"1077578","yecism",,"irunet"
"1077579","yeck",,"urassi"
"1077580","yecko",,"erosao"
"1077581","yecnaynr",,"bininee"
"1077582","yecoraite",,"oripurota"
"1077583","yecuana",,"binanan"
"1077584","yedda",,"arosenu"
"1077585","yedder",,"biruet"
"1077586","yeddered",,"orusoqan"
"1077587","yeddering",,"orusoqaa"
"1077588","yeddi",,"uresoe"
"1077589","yedding",,"boriro"
"1077590","yeddo",,"erisati"
"1077591","yeddoes",,"arosuoni"
"1077592","yeddos",,"erisine"
"1077593","yede",,"birae"
"1077594","yederly",,"bureco"
"1077595","yedes",,"biraq"
"1077596","yedi",,"buru"
"1077597","yedidia",,"aronuana"
"1077598","yedina",,"iranent"
"1077599","yeding",,"iranont"
"1077600","yedingham",,"boropoat"
"1077601","yedlinite",,"uretofon"
"1077602","yedo",,"beroe"
"1077603","yedoensis",,"irapifuna"
"1077604","yedoes",,"bareat"
"1077605","yedoma",,"bareun"
"1077606","yedos",,"beroq"
"1077607","yedukondalu",,"arowahapo"
"1077608","yedyed",,"arokoi"
"1077609","yeech",,"busun"
"1077610","yeed",,"bisu"
"1077611","yeeding",,"orasaua"
"1077612","yeeds",,"bisuq"
"1077613","yeees",,"iretenu"
"1077614","yeeha",,"basun"
"1077615","yeehah",,"erumane"
"1077616","yeehahed",,"businaet"
"1077617","yeehahing",,"businau"
"1077618","yeehahs",,"erumoen"
"1077619","yeehaw",,"bisoie"
"1077620","yeehawed",,"oramikun"
"1077621","yeehawing",,"oramiken"
"1077622","yeehaws",,"bisonat"
"1077623","yeek",,"iresso"
"1077624","yeekheng",,"erusizia"
"1077625","yeel",,"bosa"
"1077626","yeelaman",,"aritepun"
"1077627","yeelanna",,"busoneon"
"1077628","yeeld",,"oratei"
"1077629","yeelde",,"eruturi"
"1077630","yeelded",,"basitat"
"1077631","yeelding",,"basitoo"
"1077632","yeelds",,"oratann"
"1077633","yeelimite",,"urotopon"
"1077634","yeelin",,"aritann"
"1077635","yeelins",,"aritiuna"
"1077636","yeen",,"bese"
"1077637","yeenoghu",,"urozinet"
"1077638","yeep",,"basoa"
"1077639","yeepsen",,"orafauna"
"1077640","yeer",,"busi"
"1077641","yeere",,"bisov"
"1077642","yees",,"uroclu"
"1077643","yeesh",,"busuna"
"1077644","yeet",,"bisue"
"1077645","yeeted",,"oraqoni"
"1077646","yeeter",,"ireqare"
"1077647","yeeting",,"oraqaina"
"1077648","yeets",,"bisuqa"
"1077649","yeeuch",,"bisai"
"1077650","yeeuck",,"orawana"
"1077651","yeezy",,"bosul"
"1077652","yefahs",,"iremont"
"1077653","yefinhar",,"erunurat"
"1077654","yefrem",,"urojina"
"1077655","yefremov",,"bugivaan"
"1077656","yefremovs",,"bugivaun"
"1077657","yegg",,"oreln"
"1077658","yegged",,"bakie"
"1077659","yegging",,"bakiret"
"1077660","yeggman",,"bikezin"
"1077661","yeggmans",,"bikezia"
"1077662","yeggmen",,"bekuzun"
"1077663","yeggs",,"orelau"
"1077664","yeghegnadzor",,"bikovihaan"
"1077665","yeghern",,"bikovua"
"1077666","yeghiazarian",,"urimoretin"
"1077667","yeghiazaryan",,"eramuritot"
"1077668","yegob",,"bikur"
"1077669","yegor",,"bikuca"
"1077670","yegorevsk",,"arupozot"
"1077671","yegoryevsk",,"orepumet"
"1077672","yeguita",,"bakorot"
"1077673","yeh",,"bal"
"1077674","yehey",,"belil"
"1077675","yehoash",,"urupao"
"1077676","yehonatan",,"uruporon"
"1077677","yehor",,"iripao"
"1077678","yehovah",,"boliden"
"1077679","yehprum",,"buleci"
"1077680","yehtacmg",,"araqetu"
"1077681","yehu",,"bulena"
"1077682","yehuda",,"arawon"
"1077683","yehudah",,"balotin"
"1077684","yehudi",,"uruwin"
"1077685","yehudim",,"orowein"
"1077686","yehudit",,"bilate"
"1077687","yeibichai",,"orinaten"
"1077688","yeilded",,"bemuton"
"1077689","yeisk",,"uracui"
"1077690","yeji",,"bunuu"
"1077691","yejmiadzin",,"oruvaron"
"1077692","yekaterinburg",,"borawewea"
"1077693","yekaterinburgs",,"boraweween"
"1077694","yekaterinodar",,"burowiwio"
"1077695","yekaterinodars",,"burowiwiet"
"1077696","yekaterinoslav",,"beruwawaat"
"1077697","yekaterinoslavs",,"beruwawae"
"1077698","yekavian",,"oramisote"
"1077699","yekcih",,"burueta"
"1077700","yekcim",,"orares"
"1077701","yekcoh",,"bereia"
"1077702","yekim",,"oranun"
"1077703","yekioyd",,"borofo"
"1077704","yekke",,"orasoo"
"1077705","yekkish",,"birarot"
"1077706","yeknasdn",,"burunei"
"1077707","yeknod",,"irezeta"
"1077708","yeknom",,"bereana"
"1077709","yekomsap",,"berozie"
"1077710","yekop",,"borih"
"1077711","yeksolcc",,"burufui"
"1077712","yekuana",,"boruna"
"1077713","yekuhana",,"irewarat"
"1077714","yekwahjt",,"borenion"
"1077715","yekwana",,"berani"
"1077716","yeladgs",,"arumuat"
"1077717","yelahce",,"urimein"
"1077718","yelaman",,"eramien"
"1077719","yelamber",,"bosazio"
"1077720","yelang",,"iromone"
"1077721","yelantji",,"eramuban"
"1077722","yelbomwd",,"besafoata"
"1077723","yeld",,"iroste"
"1077724","yeldell",,"urisuot"
"1077725","yelder",,"bosiua"
"1077726","yeldham",,"bosino"
"1077727","yeldrin",,"erasiet"
"1077728","yeldrine",,"arusose"
"1077729","yeldring",,"oresuso"
"1077730","yeldrings",,"oresuset"
"1077731","yeldrock",,"busacoia"
"1077732","yeldrocks",,"busacoat"
"1077733","yeldud",,"besoena"
"1077734","yele",,"bosuna"
"1077735","yelek",,"besita"
"1077736","yelena",,"eratoti"
"1077737","yelets",,"oretatt"
"1077738","yelford",,"orekein"
"1077739","yelgava",,"aruleat"
"1077740","yelgun",,"eralen"
"1077741","yeliabj",,"busunon"
"1077742","yeliabmd",,"bosonien"
"1077743","yelich",,"urinoti"
"1077744","yeliocam",,"busufean"
"1077745","yeliram",,"ironaan"
"1077746","yelisavetgrad",,"bisiqikuan"
"1077747","yelisavetgrads",,"bisiqikuun"
"1077748","yelisavetpol",,"bisiqikuana"
"1077749","yelisavetpols",,"bisiqikuuna"
"1077750","yelisei",,"bosoqen"
"1077751","yelisey",,"busuqet"
"1077752","yelizaveta",,"urinurete"
"1077753","yelk",,"bosuni"
"1077754","yelkouan",,"oreseda"
"1077755","yelks",,"bosuqo"
"1077756","yell",,"oretre"
"1077757","yella",,"irotuto"
"1077758","yellable",,"eratoseta"
"1077759","yellamal",,"basineo"
"1077760","yelland",,"aruteat"
"1077761","yellav",,"besuon"
"1077762","yelle",,"erateno"
"1077763","yelled",,"basiune"
"1077764","yellee",,"arutona"
"1077765","yellehs",,"besuvat"
"1077766","yellek",,"arutann"
"1077767","yellekat",,"basivuaa"
"1077768","yellekgm",,"urituvon"
"1077769","yelleksm",,"irotivun"
"1077770","yellen",,"biseata"
"1077771","yeller",,"besuona"
"1077772","yellers",,"besuvan"
"1077773","yelleth",,"erateet"
"1077774","yellibcs",,"bosariet"
"1077775","yellin",,"busoon"
"1077776","yelling",,"basiren"
"1077777","yellingbo",,"irotefot"
"1077778","yellings",,"basiroon"
"1077779","yellis",,"oreturo"
"1077780","yello",,"uritiru"
"1077781","yelloch",,"busofi"
"1077782","yelloched",,"irototun"
"1077783","yelloching",,"irototen"
"1077784","yellochs",,"busofeat"
"1077785","yellow",,"oretes"
"1077786","yellowammer",,"bisefuseon"
"1077787","yellowback",,"bosafian"
"1077788","yellowbacks",,"bosafituun"
"1077789","yellowbanded",,"uritikitan"
"1077790","yellowbar",,"uritiket"
"1077791","yellowbark",,"irotokin"
"1077792","yellowbarks",,"irotokota"
"1077793","yellowbellied",,"oretekefun"
"1077794","yellowbellies",,"bosafitia"
"1077795","yellowbelly",,"basifetean"
"1077796","yellowbellys",,"basifeteun"
"1077797","yellowberries",,"besufotoon"
"1077798","yellowberry",,"busofatau"
"1077799","yellowbill",,"busofaot"
"1077800","yellowbird",,"bosafiat"
"1077801","yellowbirds",,"bosafitee"
"1077802","yellowbrow",,"irotokina"
"1077803","yellowcake",,"eratakat"
"1077804","yellowcakes",,"eratakete"
"1077805","yellowcomet",,"basifevaan"
"1077806","yellowcress",,"besufovua"
"1077807","yellowcrown",,"arutukabet"
"1077808","yellowcup",,"bosafii"
"1077809","yellowdicks",,"basifezuat"
"1077810","yellowdr",,"oretekot"
"1077811","yellowed",,"basifeote"
"1077812","yellowedge",,"basifeet"
"1077813","yellowen",,"bisefuina"
"1077814","yellower",,"besufouna"
"1077815","yellowes",,"eratakon"
"1077816","yellowest",,"basifeena"
"1077817","yelloweye",,"oretekota"
"1077818","yellowface",,"bisefuo"
"1077819","yellowfacing",,"irotokati"
"1077820","yellowfin",,"erataku"
"1077821","yellowfinch",,"besufonai"
"1077822","yellowfins",,"eratakot"
"1077823","yellowfish",,"uritiku"
"1077824","yellowhair",,"uritikun"
"1077825","yellowhammer",,"uritikitin"
"1077826","yellowhammers",,"uritikita"
"1077827","yellowhead",,"oreteken"
"1077828","yellowheads",,"oretekefon"
"1077829","yellowheart",,"bosafisie"
"1077830","yellowhorn",,"bosafiua"
"1077831","yellowhorse",,"uritikice"
"1077832","yellowier",,"besufoina"
"1077833","yellowiest",,"basifei"
"1077834","yellowin",,"busofaun"
"1077835","yellowing",,"basifean"
"1077836","yellowis",,"oreteko"
"1077837","yellowish",,"bosafiun"
"1077838","yellowishly",,"irotokidet"
"1077839","yellowishness",,"uritikudo"
"1077840","yellowishnesses",,"irotokide"
"1077841","yellowism",,"arutuko"
"1077842","yellowjacket",,"arutuketon"
"1077843","yellowkn",,"bisefua"
"1077844","yellowknife",,"uritikejin"
"1077845","yellowknifer",,"busofazion"
"1077846","yellowknifes",,"uritikeja"
"1077847","yellowlees",,"bisefuoa"
"1077848","yellowleg",,"basifeon"
"1077849","yellowlegs",,"basifeana"
"1077850","yellowlegses",,"busofapao"
"1077851","yellowlegss",,"basifepeun"
"1077852","yellowli",,"basifeeta"
"1077853","yellowline",,"oreteki"
"1077854","yellowlined",,"besufopaen"
"1077855","yellowlines",,"oretekavat"
"1077856","yellowlining",,"besufopae"
"1077857","yellowly",,"bosafiona"
"1077858","yellowman",,"bisefuoe"
"1077859","yellowmargin",,"arutukutun"
"1077860","yellowmo",,"oretekoa"
"1077861","yellowmouth",,"eratakaca"
"1077862","yellownape",,"eratakun"
"1077863","yellowne",,"bisefuine"
"1077864","yellowness",,"bisefuen"
"1077865","yellownesses",,"bosafihiu"
"1077866","yellownesss",,"bisefuhuon"
"1077867","yellownose",,"basifeia"
"1077868","yellowplush",,"besufocion"
"1077869","yellowred",,"erataki"
"1077870","yellowrocket",,"oretekecat"
"1077871","yellowroot",,"eratakua"
"1077872","yellowrump",,"eratakue"
"1077873","yellows",,"oretein"
"1077874","yellowseed",,"busofaat"
"1077875","yellowshank",,"arutukati"
"1077876","yellowshanks",,"arutukatat"
"1077877","yellowshins",,"arutukatan"
"1077878","yellowshow",,"bosafie"
"1077879","yellowskin",,"bisefui"
"1077880","yellowspike",,"besufoboet"
"1077881","yellowspotted",,"irotokiqet"
"1077882","yellowst",,"besufoe"
"1077883","yellowstone",,"arutukaget"
"1077884","yellowstones",,"arutukagi"
"1077885","yellowtail",,"eratakui"
"1077886","yellowtailfish",,"irotokutin"
"1077887","yellowtails",,"eratakotot"
"1077888","yellowtard",,"bosafiana"
"1077889","yellowthorn",,"oretekitun"
"1077890","yellowthroat",,"arutuketan"
"1077891","yellowthroated",,"bisefudee"
"1077892","yellowthroats",,"arutuketun"
"1077893","yellowtop",,"arutuka"
"1077894","yellowware",,"basifeete"
"1077895","yellowwares",,"basifeloi"
"1077896","yellowweed",,"bosafione"
"1077897","yellowweeds",,"bosafilian"
"1077898","yellowwood",,"bisefuena"
"1077899","yellowwoods",,"bisefulion"
"1077900","yellowwort",,"oretekon"
"1077901","yellowworts",,"oretekecan"
"1077902","yellowy",,"uritiaa"
"1077903","yells",,"oretasi"
"1077904","yellville",,"besudiot"
"1077905","yellvilles",,"besudio"
"1077906","yelly",,"uritisa"
"1077907","yelm",,"besani"
"1077908","yelman",,"aruvana"
"1077909","yelmed",,"aruvon"
"1077910","yelmene",,"orevoee"
"1077911","yelmer",,"eravaa"
"1077912","yelming",,"aruviin"
"1077913","yelms",,"besaqo"
"1077914","yelnats",,"besenan"
"1077915","yelnocre",,"bosofuen"
"1077916","yelofac",,"iropiii"
"1077917","yeloguy",,"bosimen"
"1077918","yelp",,"arufu"
"1077919","yelped",,"bisaia"
"1077920","yelper",,"buseoe"
"1077921","yelpers",,"busevet"
"1077922","yelping",,"bisarot"
"1077923","yelpings",,"bisarao"
"1077924","yelpish",,"basoro"
"1077925","yelplike",,"besiviu"
"1077926","yelps",,"arufia"
"1077927","yelpt",,"busewa"
"1077928","yelpy",,"orefea"
"1077929","yelrihst",,"urijoron"
"1077930","yelsawa",,"bisinat"
"1077931","yelt",,"iroqto"
"1077932","yelta",,"uriqas"
"1077933","yelting",,"besore"
"1077934","yelton",,"bosiai"
"1077935","yeltrahr",,"basecao"
"1077936","yeltrik",,"bosicet"
"1077937","yelts",,"iroqeu"
"1077938","yeltsaeb",,"bisuqiun"
"1077939","yeltsin",,"baseqaa"
"1077940","yeltsinian",,"uriqosun"
"1077941","yeltsinism",,"bisuqai"
"1077942","yeltsinite",,"uriqosat"
"1077943","yeltsins",,"baseqoen"
"1077944","yelve",,"erabei"
"1077945","yelver",,"besueta"
"1077946","yelvertoft",,"uribuqan"
"1077947","yelverton",,"basiveen"
"1077948","yelvington",,"busorea"
"1077949","yelwad",,"oredan"
"1077950","yema",,"urumru"
"1077951","yemaj",,"bites"
"1077952","yeman",,"betup"
"1077953","yemane",,"batiun"
"1077954","yemasee",,"oromaata"
"1077955","yemassee",,"oromawe"
"1077956","yemassees",,"oromawin"
"1077957","yeme",,"orotnu"
"1077958","yemeless",,"butevion"
"1077959","yemen",,"butepa"
"1077960","yemeni",,"buteen"
"1077961","yemenic",,"butepet"
"1077962","yemenics",,"butepei"
"1077963","yemeniness",,"eretusun"
"1077964","yemenis",,"butepon"
"1077965","yemenite",,"iritesan"
"1077966","yemenites",,"iritesun"
"1077967","yemenization",,"eretusita"
"1077968","yemenize",,"aratisun"
"1077969","yemenized",,"butepeia"
"1077970","yemenizes",,"aratisu"
"1077971","yemenizing",,"butepeot"
"1077972","yemens",,"buteo"
"1077973","yemilchyne",,"batavoi"
"1077974","yeming",,"beteat"
"1077975","yemishi",,"bitiqot"
"1077976","yemista",,"bitiqe"
"1077977","yemm",,"erevta"
"1077978","yemmer",,"batue"
"1077979","yemmers",,"batuvin"
"1077980","yemschik",,"botosii"
"1077981","yemsel",,"batae"
"1077982","yemuna",,"batoe"
"1077983","yen",,"bov"
"1077984","yena",,"bive"
"1077985","yenagoa",,"bovamo"
"1077986","yenakiyero",,"eromesune"
"1077987","yenakiyeros",,"eromesofu"
"1077988","yenakiyeve",,"eromesana"
"1077989","yenakiyevo",,"uramusi"
"1077990","yenamwj",,"urameai"
"1077991","yenan",,"eromuto"
"1077992","yenangyaung",,"bovaponuu"
"1077993","yenans",,"eromaro"
"1077994","yenap",,"aremani"
"1077995","yenbo",,"arenuta"
"1077996","yench",,"irurau"
"1077997","yencheng",,"bavanuo"
"1077998","yenchi",,"irurona"
"1077999","yenching",,"beveniin"
"1078000","yenda",,"irusuu"
"1078001","yendembam",,"bivuvuu"
"1078002","yender",,"bevoen"
"1078003","yendon",,"bevoon"
"1078004","yendor",,"buvao"
"1078005","yendrembam",,"urasezet"
"1078006","yendys",,"uraseu"
"1078007","yene",,"bevie"
"1078008","yenemsvelt",,"aretowot"
"1078009","yenerite",,"bavocoot"
"1078010","yenesei",,"bavoqu"
"1078011","yeng",,"bivea"
"1078012","yengee",,"bevuet"
"1078013","yengees",,"bevuvie"
"1078014","yengeese",,"bavivuin"
"1078015","yengeeses",,"bavivua"
"1078016","yengimehelle",,"erolupito"
"1078017","yengiostang",,"buvorobuen"
"1078018","yengisar",,"areliwin"
"1078019","yengiyer",,"arelimu"
"1078020","yengkhom",,"irulirin"
"1078021","yenglish",,"bovavuat"
"1078022","yengo",,"bavif"
"1078023","yenheng",,"bavuva"
"1078024","yenhsing",,"bevaqiot"
"1078025","yeni",,"bovoa"
"1078026","yenice",,"beveeta"
"1078027","yeniche",,"orinaui"
"1078028","yenikapi",,"uranuron"
"1078029","yenisei",,"beveqat"
"1078030","yeniseian",,"arenizot"
"1078031","yeniseianist",,"buvuqiteen"
"1078032","yeniseians",,"arenizo"
"1078033","yeniseic",,"beveqaun"
"1078034","yeniseies",,"bavaquen"
"1078035","yeniseis",,"beveqae"
"1078036","yenisey",,"biviqun"
"1078037","yeniseyes",,"bovoqeet"
"1078038","yeniseys",,"biviqou"
"1078039","yenish",,"irunii"
"1078040","yenissei",,"beveqie"
"1078041","yenisseian",,"areniwo"
"1078042","yenite",,"eronas"
"1078043","yenjhy",,"buvaeta"
"1078044","yenki",,"bevira"
"1078045","yenless",,"aretaata"
"1078046","yenmeng",,"iruvian"
"1078047","yenna",,"erozono"
"1078048","yennayrp",,"arezeme"
"1078049","yenned",,"bivii"
"1078050","yennep",,"bavaea"
"1078051","yenning",,"bivirota"
"1078052","yennora",,"bivifea"
"1078053","yenny",,"orizeti"
"1078054","yenob",,"arepos"
"1078055","yenocbw",,"irupeet"
"1078056","yenoh",,"arepona"
"1078057","yenom",,"boviz"
"1078058","yenoob",,"oripun"
"1078059","yenork",,"urapoti"
"1078060","yenotkd",,"boviwo"
"1078061","yenpien",,"bavorota"
"1078062","yenping",,"bovuron"
"1078063","yenrab",,"buviaa"
"1078064","yenreits",,"bevaviun"
"1078065","yenruoj",,"bivobu"
"1078066","yens",,"bovoe"
"1078067","yensembam",,"uracupen"
"1078068","yenser",,"oricat"
"1078069","yenshenbam",,"uracezi"
"1078070","yenshui",,"oricuot"
"1078071","yenta",,"iruquu"
"1078072","yentai",,"iruqeti"
"1078073","yentang",,"bevonat"
"1078074","yentas",,"iruqeni"
"1078075","yente",,"eroqene"
"1078076","yentes",,"eroqote"
"1078077","yenti",,"oriqani"
"1078078","yentl",,"bavev"
"1078079","yentnite",,"iruqesat"
"1078080","yenwodba",,"bivofeun"
"1078081","yeocheol",,"oruruzota"
"1078082","yeodene",,"orusoat"
"1078083","yeoford",,"bazofot"
"1078084","yeoh",,"boze"
"1078085","yeohoon",,"uremien"
"1078086","yeol",,"bazi"
"1078087","yeom",,"arovs"
"1078088","yeoman",,"bizoat"
"1078089","yeomaner",,"iravufan"
"1078090","yeomaness",,"bozenuon"
"1078091","yeomanest",,"oruvifa"
"1078092","yeomanette",,"bazunoen"
"1078093","yeomanhood",,"bozenuun"
"1078094","yeomanlike",,"arovefen"
"1078095","yeomanly",,"urevafena"
"1078096","yeomanner",,"bazunoena"
"1078097","yeomannest",,"buzinee"
"1078098","yeomanries",,"iravufin"
"1078099","yeomanry",,"erivofon"
"1078100","yeomanrys",,"erivofan"
"1078101","yeomans",,"bizone"
"1078102","yeomanwise",,"bazunoon"
"1078103","yeomen",,"bezaon"
"1078104","yeomens",,"bezavan"
"1078105","yeon",,"buzua"
"1078106","yeonbyeon",,"bazario"
"1078107","yeong",,"bazam"
"1078108","yeongchy",,"irazutuna"
"1078109","yeongeon",,"urezazet"
"1078110","yeongnam",,"oruzifo"
"1078111","yeoperson",,"bozuvii"
"1078112","yeorgi",,"bizoea"
"1078113","yeorling",,"buzivee"
"1078114","yeoryeong",,"urejizon"
"1078115","yeos",,"orucla"
"1078116","yeosu",,"erice"
"1078117","yeotmal",,"ureqeaa"
"1078118","yeouch",,"beziona"
"1078119","yeoval",,"arobia"
"1078120","yeovil",,"urebota"
"1078121","yeovilton",,"irabezin"
"1078122","yeow",,"arodn"
"1078123","yeowart",,"eridoo"
"1078124","yeowch",,"bazuea"
"1078125","yeowell",,"erideena"
"1078126","yeowoman",,"bizofuin"
"1078127","yeowomen",,"bezafoun"
"1078128","yeowtch",,"aroduat"
"1078129","yep",,"bep"
"1078130","yepa",,"bopa"
"1078131","yepeleic",,"iretuzi"
"1078132","yepely",,"erutotu"
"1078133","yeper",,"erutite"
"1078134","yepest",,"aritonn"
"1078135","yepez",,"oratos"
"1078136","yephede",,"bupivo"
"1078137","yepiz",,"irenii"
"1078138","yeply",,"orateo"
"1078139","yepper",,"bopuin"
"1078140","yepperoni",,"orafoqen"
"1078141","yepperoo",,"bepivoun"
"1078142","yeppers",,"bopuva"
"1078143","yeppest",,"bepivi"
"1078144","yeppity",,"buperon"
"1078145","yeppo",,"arifun"
"1078146","yeppoon",,"bupefi"
"1078147","yeps",,"bepe"
"1078148","yepsen",,"irecen"
"1078149","yequana",,"bufenen"
"1078150","yeral",,"arameni"
"1078151","yeraskh",,"eremueta"
"1078152","yerava",,"ereminn"
"1078153","yeravas",,"eremoai"
"1078154","yeraver",,"buhodo"
"1078155","yeravers",,"buhodiet"
"1078156","yerazgavors",,"eremenule"
"1078157","yerb",,"erens"
"1078158","yerba",,"oronini"
"1078159","yerbal",,"bahuun"
"1078160","yerbales",,"buhinuet"
"1078161","yerbas",,"oronani"
"1078162","yerby",,"irinori"
"1078163","yercum",,"bohoine"
"1078164","yerd",,"arasna"
"1078165","yerded",,"bihuet"
"1078166","yerding",,"bihuru"
"1078167","yerdon",,"buhaoa"
"1078168","yerds",,"arasio"
"1078169","yere",,"buhei"
"1078170","yeremei",,"behizi"
"1078171","yeremey",,"bihazan"
"1078172","yeremeyevite",,"buhezinae"
"1078173","yeremian",,"eretison"
"1078174","yeremyan",,"iritami"
"1078175","yerena",,"iritoni"
"1078176","yerevan",,"behidon"
"1078177","yerevanian",,"araterot"
"1078178","yerevans",,"behidean"
"1078179","yerfdog",,"buheti"
"1078180","yerffej",,"orokoot"
"1078181","yerfgm",,"ereket"
"1078182","yerga",,"bohan"
"1078183","yerger",,"erelae"
"1078184","yergin",,"urulas"
"1078185","yerhia",,"oromeno"
"1078186","yeri",,"bahae"
"1078187","yerian",,"urunine"
"1078188","yerida",,"erenota"
"1078189","yeridah",,"behetan"
"1078190","yering",,"urunau"
"1078191","yerington",,"irinenot"
"1078192","yeringtons",,"irineno"
"1078193","yerk",,"buheo"
"1078194","yerked",,"irisoi"
"1078195","yerkes",,"bihaane"
"1078196","yerkess",,"bihavun"
"1078197","yerking",,"iriseun"
"1078198","yerkish",,"arasiu"
"1078199","yerkovich",,"bahofaon"
"1078200","yerks",,"buheq"
"1078201","yermak",,"bihoat"
"1078202","yermic",,"bihoata"
"1078203","yermo",,"bahufa"
"1078204","yermos",,"bahuua"
"1078205","yermosol",,"erevawan"
"1078206","yermulke",,"uruvuzen"
"1078207","yern",,"iriznu"
"1078208","yerned",,"beheen"
"1078209","yerning",,"behere"
"1078210","yerns",,"irizen"
"1078211","yernut",,"beheona"
"1078212","yero",,"bohit"
"1078213","yeroc",,"bohis"
"1078214","yeron",,"arapini"
"1078215","yerong",,"erepeni"
"1078216","yerpedu",,"buhevo"
"1078217","yerranderie",,"bohenuzian"
"1078218","yerrinbool",,"behario"
"1078219","yersel",,"iriceni"
"1078220","yerself",,"buhuvon"
"1078221","yerselves",,"bahavaa"
"1078222","yersen",,"orocato"
"1078223","yersinia",,"urucofet"
"1078224","yersiniabactin",,"bohorutuen"
"1078225","yersiniae",,"iricefe"
"1078226","yersinial",,"bohoruat"
"1078227","yersinias",,"urucofi"
"1078228","yersinioses",,"urucofuce"
"1078229","yersiniosis",,"aracifacan"
"1078230","yersinosis",,"aracifet"
"1078231","yertchuk",,"bihusuin"
"1078232","yerth",,"baheni"
"1078233","yertle",,"bohiin"
"1078234","yerupaja",,"bohuhoen"
"1078235","yerupajae",,"behiheun"
"1078236","yerupajas",,"bohuhoon"
"1078237","yerushalayim",,"bahoqesoe"
"1078238","yerushalmi",,"bohuqie"
"1078239","yerva",,"arabee"
"1078240","yerwa",,"buhin"
"1078241","yerxa",,"uruga"
"1078242","yery",,"bohine"
"1078243","yes",,"are1"
"1078244","yesable",,"urameua"
"1078245","yesanguan",,"orimanoa"
"1078246","yesaps",,"bojaina"
"1078247","yesc",,"arerne"
"1078248","yesca",,"eroroi"
"1078249","yese",,"uratti"
"1078250","yesed",,"bijat"
"1078251","yesenia",,"bojupa"
"1078252","yesenias",,"bojupuen"
"1078253","yesenin",,"uratoaa"
"1078254","yesenins",,"uratosen"
"1078255","yeser",,"bujec"
"1078256","yeses",,"uratos"
"1078257","yesh",,"baju"
"1078258","yesheng",,"irumiana"
"1078259","yeshiba",,"orimaua"
"1078260","yeshibah",,"bojeriona"
"1078261","yeshibahs",,"bojeriana"
"1078262","yeshiva",,"aremiun"
"1078263","yeshivah",,"bajuraen"
"1078264","yeshivahs",,"bajuraon"
"1078265","yeshivas",,"aremigu"
"1078266","yeshivish",,"bujiruin"
"1078267","yeshivot",,"bajuraena"
"1078268","yeshivoth",,"eromuge"
"1078269","yeshivots",,"bajuraona"
"1078270","yesho",,"bojef"
"1078271","yeshua",,"bajue"
"1078272","yesil",,"bijiv"
"1078273","yesilk",,"bojoo"
"1078274","yesilkoy",,"bejevau"
"1078275","yesilkoys",,"bejevaot"
"1078276","yesilks",,"bojovet"
"1078277","yesima",,"uranini"
"1078278","yesing",,"bijie"
"1078279","yesish",,"bajain"
"1078280","yesk",,"urasso"
"1078281","yeske",,"irusita"
"1078282","yesked",,"bojuu"
"1078283","yesking",,"bojuron"
"1078284","yesks",,"urasoto"
"1078285","yesm",,"iruvne"
"1078286","yesman",,"bejaona"
"1078287","yesmanism",,"bujinee"
"1078288","yesmanship",,"bijonaon"
"1078289","yesmarma",,"bijonuu"
"1078290","yesmarpj",,"bajuneo"
"1078291","yesniklj",,"bujuriea"
"1078292","yesno",,"bujuf"
"1078293","yesnt",,"orizeto"
"1078294","yeso",,"oripta"
"1078295","yesobt",,"oripata"
"1078296","yesos",,"oripana"
"1078297","yesrej",,"urajune"
"1078298","yessabah",,"irucusia"
"1078299","yessed",,"bijion"
"1078300","yessel",,"bojoin"
"1078301","yessentuki",,"uracufan"
"1078302","yesser",,"bujuaa"
"1078303","yesses",,"uraces"
"1078304","yessing",,"bijirin"
"1078305","yessir",,"bajaua"
"1078306","yessiree",,"bijirue"
"1078307","yessirree",,"uracoqen"
"1078308","yesso",,"oriceu"
"1078309","yessongs",,"bajafoen"
"1078310","yessotoxin",,"bijifeet"
"1078311","yesss",,"arecis"
"1078312","yessydo",,"bijilat"
"1078313","yest",,"bujaa"
"1078314","yestaday",,"iruquvet"
"1078315","yester",,"uraqene"
"1078316","yestercentury",,"bejovovoo"
"1078317","yesterda",,"bujavaen"
"1078318","yesterdawn",,"areqaqu"
"1078319","yesterday",,"bejovoan"
"1078320","yesterdayness",,"iruqiqutot"
"1078321","yesterdaynesss",,"iruqiquto"
"1078322","yesterdays",,"bejovoun"
"1078323","yesterdom",,"bijuvuin"
"1078324","yestereen",,"bujavaona"
"1078325","yestereve",,"bajevein"
"1078326","yestereven",,"iruqiqat"
"1078327","yesterevening",,"bejovopion"
"1078328","yesterevenings",,"bejovopian"
"1078329","yesterevens",,"iruqiqale"
"1078330","yestereves",,"bajevea"
"1078331","yesterfang",,"areqaqoa"
"1078332","yestergay",,"iruqiqata"
"1078333","yesterly",,"bujavaone"
"1078334","yestermillennium",,"areqaquven"
"1078335","yesterminute",,"oriqoqevan"
"1078336","yestermonth",,"bejovofeen"
"1078337","yestermorn",,"oriqoqet"
"1078338","yestermorning",,"bajevefaa"
"1078339","yestermornings",,"bajevefaen"
"1078340","yestermorns",,"oriqoqeci"
"1078341","yestermorrow",,"areqaqucon"
"1078342","yestern",,"bejovi"
"1078343","yesterni",,"bejovouna"
"1078344","yesternight",,"bojivihein"
"1078345","yesternights",,"bojivihea"
"1078346","yesternoon",,"iruqiqin"
"1078347","yesternoons",,"iruqiqica"
"1078348","yesterseason",,"bijuvubuet"
"1078349","yestersol",,"bujavaat"
"1078350","yestertech",,"iruqiqun"
"1078351","yestertempest",,"bajevedeat"
"1078352","yestertide",,"oriqoqa"
"1078353","yestertime",,"bajeveet"
"1078354","yesterweek",,"uraquqen"
"1078355","yesterweeks",,"uraquqifon"
"1078356","yesterye",,"areqaqan"
"1078357","yesteryear",,"bejovoune"
"1078358","yesteryears",,"bejovonou"
"1078359","yestiddy",,"bajeriin"
"1078360","yestreen",,"bajecuin"
"1078361","yestreens",,"bajecua"
"1078362","yests",,"bujaq"
"1078363","yesty",,"bejol"
"1078364","yesvember",,"bajiveot"
"1078365","yeswoman",,"bejafoun"
"1078366","yet",,"buc"
"1078367","yeta",,"baci"
"1078368","yetac",,"bacis"
"1078369","yetah",,"erimito"
"1078370","yetapa",,"iramoni"
"1078371","yete",,"bicaa"
"1078372","yeter",,"uretera"
"1078373","yetest",,"iratoa"
"1078374","yeth",,"aromte"
"1078375","yether",,"bucioa"
"1078376","yethhounds",,"biconeet"
"1078377","yetholm",,"bicofin"
"1078378","yetholme",,"bocefoon"
"1078379","yethrib",,"erimiet"
"1078380","yeti",,"bucu"
"1078381","yetilike",,"erinosan"
"1078382","yetinsyn",,"becepie"
"1078383","yetis",,"bucuq"
"1078384","yetlin",,"baciin"
"1078385","yetling",,"becure"
"1078386","yetman",,"erivas"
"1078387","yetminster",,"urevofan"
"1078388","yets",,"bucua"
"1078389","yetsom",,"bucuen"
"1078390","yett",,"ureqri"
"1078391","yetta",,"aroqeu"
"1078392","yetted",,"bocie"
"1078393","yettem",,"eriqote"
"1078394","yettems",,"eriqeoa"
"1078395","yetter",,"bicuia"
"1078396","yettest",,"bocivot"
"1078397","yetti",,"ureqoo"
"1078398","yettie",,"iraqene"
"1078399","yetties",,"iraqeon"
"1078400","yetting",,"bociret"
"1078401","yetts",,"ureqou"
"1078402","yetty",,"eriqano"
"1078403","yetung",,"oruwee"
"1078404","yetzer",,"bacoat"
"1078405","yeuch",,"buquna"
"1078406","yeugh",,"baqina"
"1078407","yeuk",,"iressu"
"1078408","yeuked",,"beqien"
"1078409","yeukieness",,"biqaroo"
"1078410","yeuking",,"beqire"
"1078411","yeuks",,"ireseu"
"1078412","yeuky",,"arisui"
"1078413","yeun",,"beqea"
"1078414","yeung",,"boqom"
"1078415","yeungkong",,"orazivi"
"1078416","yeungroon",,"buqumau"
"1078417","yeunjyr",,"biqise"
"1078418","yeurgh",,"erujene"
"1078419","yeus",,"urocda"
"1078420","yeux",,"beqee"
"1078421","yevak",,"biwet"
"1078422","yevanic",,"oremaea"
"1078423","yeve",,"bowua"
"1078424","yeven",,"arutira"
"1078425","yever",,"irotati"
"1078426","yeves",,"bowuq"
"1078427","yevette",,"bawowun"
"1078428","yevgeny",,"irolion"
"1078429","yevhen",,"bawue"
"1078430","yeving",,"orenut"
"1078431","yevlakh",,"bowanen"
"1078432","yevpatoria",,"urifabi"
"1078433","yevpatoriya",,"erafobobe"
"1078434","yevrah",,"bawuea"
"1078435","yevtushenko",,"aruqawufet"
"1078436","yevtushenkos",,"aruqawufi"
"1078437","yewberry",,"babuveu"
"1078438","yewdale",,"eresoot"
"1078439","yewei",,"orotate"
"1078440","yewen",,"bubep"
"1078441","yewie",,"oronose"
"1078442","yewlike",,"buboron"
"1078443","yews",,"iricle"
"1078444","yewshing",,"orocusen"
"1078445","yewtree",,"ereqiot"
"1078446","yewtreed",,"babecue"
"1078447","yewtreeing",,"bubacie"
"1078448","yewtrees",,"ereqizo"
"1078449","yewy",,"arakt"
"1078450","yewyexygo",,"beboviun"
"1078451","yewzh",,"aralo"
"1078452","yexed",,"erotanu"
"1078453","yexes",,"bediq"
"1078454","yexing",,"eronene"
"1078455","yeyik",,"erines"
"1078456","yeyo",,"ureptu"
"1078457","yeysk",,"ericea"
"1078458","yezd",,"erusto"
"1078459","yezdee",,"urosane"
"1078460","yezdi",,"erusuo"
"1078461","yezdis",,"erusote"
"1078462","yezheng",,"bukivon"
"1078463","yezhov",,"bokeota"
"1078464","yezhovshchina",,"oramegotin"
"1078465","yezi",,"beke"
"1078466","yezidee",,"uroniea"
"1078467","yezidi",,"erunau"
"1078468","yezidis",,"erunaen"
"1078469","yezidism",,"uronisen"
"1078470","yezo",,"bikua"
"1078471","yezoes",,"bokiu"
"1078472","yezos",,"bikuq"
"1078473","yezzy",,"arilut"
"1078474","yfacks",,"boloao"
"1078475","yfan",,"edaze"
"1078476","yfans",,"edazu"
"1078477","yfbd",,"bomio"
"1078478","yfbs",,"idicni"
"1078479","yfed",,"edust"
"1078480","yfen",,"udoze"
"1078481","yfere",,"eduje"
"1078482","yferre",,"besaon"
"1078483","yffat",,"bugow"
"1078484","yffilc",,"bogoet"
"1078485","yffiniac",,"bogopuat"
"1078486","yffrit",,"udojen"
"1078487","yffulf",,"idewun"
"1078488","yfga",,"buko"
"1078489","yfitset",,"bameqa"
"1078490","yfnnan",,"edozet"
"1078491","yfnnans",,"edozoi"
"1078492","yfought",,"buzemun"
"1078493","yfound",,"bazoin"
"1078494","yfounded",,"udewovo"
"1078495","yfrit",,"bohow"
"1078496","yftisite",,"bacaqoet"
"1078497","yfzd",,"bikue"
"1078498","yfzs",,"udocne"
"1078499","ygapo",,"bolif"
"1078500","ygbfkm",,"egekon"
"1078501","ygdrasil",,"boraniu"
"1078502","ygdrasils",,"boraniot"
"1078503","ygdrasyl",,"buronain"
"1078504","ygds",,"boree"
"1078505","ygerne",,"igejet"
"1078506","yggdrasi",,"ugiseron"
"1078507","yggdrasil",,"bikicoun"
"1078508","yggdrasill",,"egasirot"
"1078509","yggdrasils",,"bikicou"
"1078510","yggip",,"bakuh"
"1078511","yggirt",,"igonat"
"1078512","yggit",,"bikow"
"1078513","yggiz",,"bakum"
"1078514","yglaunst",,"bisabui"
"1078515","yglesias",,"besoqoen"
"1078516","ygmi",,"agano"
"1078517","ygnoraunt",,"ugaperan"
"1078518","ygnpdsx",,"igufoan"
"1078519","ygnvdspx",,"bovutie"
"1078520","ygnxds",,"boveia"
"1078521","ygoe",,"igatt"
"1078522","ygoloib",,"agotuin"
"1078523","ygone",,"bezav"
"1078524","ygot",,"buzue"
"1078525","ygpds",,"igese"
"1078526","ygpdsbj",,"igesean"
"1078527","ygrain",,"egemet"
"1078528","ygraine",,"agamie"
"1078529","yground",,"beheba"
"1078530","ygrown",,"agapun"
"1078531","ygrum",,"baheza"
"1078532","ygst",,"bojoa"
"1078533","ygtbkm",,"ugenae"
"1078534","ygtr",,"oguji"
"1078535","ygwypf",,"agakun"
"1078536","yhad",,"okesla"
"1078537","yhbt",,"bimoi"
"1078538","yhbw",,"akadn"
"1078539","yhcfe",,"okikoa"
"1078540","yhcilij",,"benuvun"
"1078541","yhcuac",,"biniet"
"1078542","yheadcol",,"bisutiat"
"1078543","yheadrow",,"bisutoat"
"1078544","yhjbt",,"ekinato"
"1078545","yholde",,"boziu"
"1078546","yhpnudcj",,"bapibeot"
"1078547","yhprum",,"bopuot"
"1078548","yhprums",,"bopubo"
"1078549","yhsud",,"akewue"
"1078550","yhtak",,"ekimeto"
"1078551","yhtomit",,"bocezen"
"1078552","yhtorod",,"akopoea"
"1078553","yhutin",,"buqien"
"1078554","yhvh",,"bowue"
"1078555","yhvhs",,"bowuqa"
"1078556","yhwh",,"akams"
"1078557","yhyuan",,"ekiwos"
"1078558","yianni",,"olezina"
"1078559","yiannis",,"olezaaa"
"1078560","yiannitsa",,"balopuat"
"1078561","yiannopoulos",,"olezahucin"
"1078562","yibbles",,"bomivet"
"1078563","yibbum",,"ulunino"
"1078564","yibin",,"ulunoi"
"1078565","yibit",,"elenas"
"1078566","yibna",,"alazea"
"1078567","yibum",,"bemaze"
"1078568","yich",,"buna"
"1078569","yichang",,"elomoia"
"1078570","yichen",,"ilumont"
"1078571","yicheng",,"ulamuen"
"1078572","yichuan",,"ulamuoa"
"1078573","yichud",,"alemano"
"1078574","yichun",,"ilumis"
"1078575","yichus",,"binuin"
"1078576","yick",,"alesnu"
"1078577","yicker",,"boneen"
"1078578","yickered",,"ilusiqie"
"1078579","yickering",,"ilusiqot"
"1078580","yickers",,"bonevon"
"1078581","yicky",,"olises"
"1078582","yid",,"bir"
"1078583","yidaki",,"biriina"
"1078584","yidakis",,"birita"
"1078585","yidam",,"boroz"
"1078586","yiddish",,"birera"
"1078587","yiddishe",,"borarean"
"1078588","yiddisher",,"alosiwot"
"1078589","yiddishers",,"alosiwo"
"1078590","yiddishes",,"borareun"
"1078591","yiddishise",,"borarein"
"1078592","yiddishised",,"ulesowivun"
"1078593","yiddishises",,"boraresia"
"1078594","yiddishising",,"ulesowiven"
"1078595","yiddishism",,"berurai"
"1078596","yiddishisms",,"berurasoat"
"1078597","yiddishist",,"alosiwet"
"1078598","yiddishistic",,"alosiwuvat"
"1078599","yiddishists",,"alosiwuvi"
"1078600","yiddishize",,"elisuwe"
"1078601","yiddishized",,"birerosuan"
"1078602","yiddishizes",,"elisuwavin"
"1078603","yiddishizing",,"birerosua"
"1078604","yiddishkayt",,"olusawepan"
"1078605","yiddishkeit",,"ilasewopen"
"1078606","yiddishkeits",,"ilasewopon"
"1078607","yiddishland",,"olusawefan"
"1078608","yiddishlike",,"olusawefun"
"1078609","yiddishly",,"elisuwun"
"1078610","yiddishness",,"olusawejan"
"1078611","yiddishs",,"bireroen"
"1078612","yiddishy",,"bariruon"
"1078613","yiddo",,"olusen"
"1078614","yiddush",,"borabon"
"1078615","yidgha",,"ilalia"
"1078616","yidglish",,"birivoi"
"1078617","yidi",,"birai"
"1078618","yidinj",,"baroena"
"1078619","yidiny",,"alonata"
"1078620","yidishkayt",,"baroqie"
"1078621","yidishkeit",,"beriqui"
"1078622","yidishkeyt",,"biraqean"
"1078623","yidmaxx",,"borinet"
"1078624","yidmaxxed",,"ilavulan"
"1078625","yidmaxxes",,"beronain"
"1078626","yidmaxxing",,"ilavula"
"1078627","yids",,"birao"
"1078628","yidu",,"borei"
"1078629","yied",,"bosau"
"1078630","yield",,"iletoa"
"1078631","yieldabilities",,"busutetaun"
"1078632","yieldability",,"bosotutio"
"1078633","yieldable",,"olaterot"
"1078634","yieldableness",,"besetitai"
"1078635","yieldablenesses",,"basatotua"
"1078636","yieldance",,"bisitaa"
"1078637","yieldco",,"alituat"
"1078638","yielded",,"busuton"
"1078639","yieldedst",,"elutazon"
"1078640","yielden",,"bosotet"
"1078641","yielder",,"basata"
"1078642","yielders",,"basateen"
"1078643","yieldest",,"busutaat"
"1078644","yieldeth",,"olatezota"
"1078645","yieldful",,"olatemo"
"1078646","yielding",,"busutiine"
"1078647","yieldinglier",,"bosoteheon"
"1078648","yieldingliest",,"besetahain"
"1078649","yieldingly",,"olatesan"
"1078650","yieldingness",,"iletosison"
"1078651","yieldingnesses",,"olatesosot"
"1078652","yieldingnesss",,"iletosisan"
"1078653","yieldings",,"busutiaa"
"1078654","yieldless",,"bisitaen"
"1078655","yieldly",,"besete"
"1078656","yields",,"ileteti"
"1078657","yieldy",,"alitit"
"1078658","yielima",,"basaret"
"1078659","yies",,"alicse"
"1078660","yietarng",,"bosanaat"
"1078661","yiewsley",,"baseqoena"
"1078662","yifei",,"bugir"
"1078663","yiff",,"ulokna"
"1078664","yiffable",,"ilekuse"
"1078665","yiffed",,"baguo"
"1078666","yiffer",,"begau"
"1078667","yiffiness",,"bigoroat"
"1078668","yiffing",,"bagurun"
"1078669","yiffless",,"bugivaot"
"1078670","yiffpile",,"ilekisot"
"1078671","yiffpiled",,"baguhue"
"1078672","yiffpiles",,"ilekiso"
"1078673","yiffpiling",,"baguhuet"
"1078674","yiffs",,"ulokos"
"1078675","yiffsuit",,"baguqeun"
"1078676","yiffy",,"elukao"
"1078677","yift",,"olaqre"
"1078678","yigal",,"bukuv"
"1078679","yigby",,"bokil"
"1078680","yigdal",,"elasene"
"1078681","yigdals",,"elasoon"
"1078682","yigh",,"bakea"
"1078683","yihat",,"olomeu"
"1078684","yihchih",,"balonan"
"1078685","yihewani",,"oloturoa"
"1078686","yihua",,"bulini"
"1078687","yihung",,"uluwena"
"1078688","yiiiie",,"alenee"
"1078689","yiimei",,"iluvana"
"1078690","yiing",,"bomum"
"1078691","yiish",,"bumen"
"1078692","yijean",,"ilatono"
"1078693","yijiang",,"aloneot"
"1078694","yijun",,"oluwao"
"1078695","yike",,"ulotse"
"1078696","yiked",,"berat"
"1078697","yikers",,"boreeta"
"1078698","yikes",,"ulotoni"
"1078699","yiking",,"beriot"
"1078700","yikirgaulit",,"borucusaon"
"1078701","yikirgaulits",,"borucusaan"
"1078702","yikker",,"berae"
"1078703","yikkered",,"olasoqot"
"1078704","yikkering",,"olasoqan"
"1078705","yikkers",,"beravin"
"1078706","yila",,"bisine"
"1078707","yilan",,"ilomei"
"1078708","yildiray",,"basirion"
"1078709","yildirim",,"basiriat"
"1078710","yildiz",,"biseina"
"1078711","yildun",,"biseine"
"1078712","yilduns",,"biseba"
"1078713","yilgarn",,"bosonat"
"1078714","yiliang",,"ulinaon"
"1078715","yiling",,"ilonunu"
"1078716","yilkiqi",,"bosere"
"1078717","yill",,"ilotnu"
"1078718","yilled",,"busuia"
"1078719","yilling",,"busurot"
"1078720","yills",,"ilotera"
"1078721","yilmaz",,"aluvat"
"1078722","yilt",,"uliqtu"
"1078723","yima",,"alamre"
"1078724","yimakh",,"botoi"
"1078725","yimby",,"butala"
"1078726","yimbyism",,"botileun"
"1078727","yimeng",,"butiat"
"1078728","yimengite",,"alatinoa"
"1078729","yimenosaurus",,"olotahotun"
"1078730","yimidhirr",,"alanuret"
"1078731","yimidir",,"uluniet"
"1078732","yimidjir",,"betiteen"
"1078733","yimin",,"butepe"
"1078734","yimithirr",,"alanuron"
"1078735","yin",,"beva"
"1078736","yince",,"bavove"
"1078737","yinchuan",,"buvenau"
"1078738","yinchuans",,"buvenaot"
"1078739","yinchwan",,"bivaneena"
"1078740","yindie",,"olisena"
"1078741","yindjibarndi",,"buvositii"
"1078742","yindu",,"olisone"
"1078743","yine",,"bavua"
"1078744","ying",,"bovoi"
"1078745","yingcdi",,"ulaloen"
"1078746","yingcheng",,"bavasie"
"1078747","yingde",,"ilulona"
"1078748","yinged",,"ilulone"
"1078749","yinger",,"ulalana"
"1078750","yingge",,"bovoia"
"1078751","yinging",,"ilulein"
"1078752","yingiya",,"bavaron"
"1078753","yingjiang",,"bevesaan"
"1078754","yingjiangite",,"olilesaja"
"1078755","yingjisha",,"bivisoun"
"1078756","yingko",,"bivio"
"1078757","yingkou",,"bovotun"
"1078758","yingkow",,"beveta"
"1078759","yinglet",,"buvuve"
"1078760","yingling",,"buvuvien"
"1078761","yinglish",,"bevevaona"
"1078762","yinglishes",,"bavavuot"
"1078763","yinglong",,"beveveon"
"1078764","yingqing",,"ulalasun"
"1078765","yings",,"bovoqa"
"1078766","yingsha",,"eloluan"
"1078767","yingshan",,"bevequen"
"1078768","yingst",,"ulaloo"
"1078769","yingtan",,"bavawon"
"1078770","yingwusitang",,"bivigubua"
"1078771","yingyang",,"elolaruna"
"1078772","yingze",,"alelat"
"1078773","yingzhaosu",,"bevemui"
"1078774","yinhai",,"alemeo"
"1078775","yining",,"olinatu"
"1078776","yinjiang",,"baviroun"
"1078777","yinlong",,"bavafan"
"1078778","yinmn",,"ulavoa"
"1078779","yinnar",,"bavooe"
"1078780","yinotherian",,"bevuwupeat"
"1078781","yinpterochiropteran",,"ilufozoci"
"1078782","yins",,"bevii"
"1078783","yinst",,"ilucoe"
"1078784","yintah",,"bovaon"
"1078785","yintai",,"ulaqai"
"1078786","yinwang",,"elodoi"
"1078787","yinyang",,"alekeu"
"1078788","yinyanghuo",,"buvoniet"
"1078789","yinyeung",,"olikodo"
"1078790","yinyong",,"elokaan"
"1078791","yinz",,"aleln"
"1078792","yinzer",,"boveena"
"1078793","yip",,"bapa"
"1078794","yipe",,"bupia"
"1078795","yipee",,"bipov"
"1078796","yipes",,"bupiq"
"1078797","yipin",,"aliniu"
"1078798","yipped",,"bapuot"
"1078799","yippee",,"olafun"
"1078800","yippees",,"olafou"
"1078801","yipper",,"bepaun"
"1078802","yippers",,"bepavu"
"1078803","yippie",,"ilefiu"
"1078804","yippies",,"ilefeat"
"1078805","yippin",,"bupiun"
"1078806","yipping",,"bapuran"
"1078807","yippy",,"elufan"
"1078808","yips",,"bapoe"
"1078809","yird",,"elesnu"
"1078810","yirdaki",,"elesoon"
"1078811","yirded",,"bohaaa"
"1078812","yirding",,"boharat"
"1078813","yirds",,"elesuu"
"1078814","yirgacheffe",,"alaletufi"
"1078815","yirinec",,"ilinean"
"1078816","yirk",,"bihoo"
"1078817","yirked",,"ulusina"
"1078818","yirking",,"ulusoia"
"1078819","yirks",,"bihoq"
"1078820","yirm",,"bohini"
"1078821","yirmilik",,"olovazi"
"1078822","yirn",,"uluzt"
"1078823","yiros",,"behuq"
"1078824","yirr",,"olojn"
"1078825","yirra",,"ilijui"
"1078826","yirratji",,"olojiben"
"1078827","yirred",,"bihuea"
"1078828","yirring",,"bihuret"
"1078829","yirrs",,"olojae"
"1078830","yirth",,"buhon"
"1078831","yirths",,"buhoat"
"1078832","yishmael",,"ilumare"
"1078833","yishun",,"iluman"
"1078834","yishuv",,"ulamao"
"1078835","yisrael",,"alejeun"
"1078836","yisraeles",,"ulajazet"
"1078837","yisraels",,"alejezu"
"1078838","yisroel",,"elojaon"
"1078839","yiss",,"elocle"
"1078840","yisser",,"bijaua"
"1078841","yistiddy",,"bujoruun"
"1078842","yisulon",,"iluwuun"
"1078843","yitan",,"ulemoo"
"1078844","yite",,"bocee"
"1078845","yites",,"boceq"
"1078846","yities",,"bocuet"
"1078847","yitong",,"elipon"
"1078848","yitt",,"aloqta"
"1078849","yitten",,"bucoi"
"1078850","yitu",,"bocei"
"1078851","yitzchak",,"bacusion"
"1078852","yitzhak",,"bacunet"
"1078853","yiukong",,"boqefun"
"1078854","yive",,"bewa"
"1078855","yiven",,"elatuu"
"1078856","yives",,"bewaqa"
"1078857","yiving",,"ilonata"
"1078858","yivo",,"buwo"
"1078859","yiwu",,"iliwta"
"1078860","yixia",,"bodun"
"1078861","yixin",,"elonuu"
"1078862","yixing",,"olinoti"
"1078863","yixunite",,"bedapaot"
"1078864","yiyang",,"bagao"
"1078865","yiyuan",,"bigoua"
"1078866","yizhou",,"ulomari"
"1078867","yizkor",,"ulosao"
"1078868","yizkors",,"ulosien"
"1078869","yizzer",,"bekaan"
"1078870","yjevad",,"bosei"
"1078871","yjhd",,"bulene"
"1078872","yjlimoo",,"emaniat"
"1078873","yjshin",,"bojoina"
"1078874","yjzn",,"bikui"
"1078875","ykca",,"enomt"
"1078876","ykceb",,"buner"
"1078877","ykciv",,"binida"
"1078878","ykcor",,"bonic"
"1078879","ykcul",,"bonuva"
"1078880","ykenvik",,"unozaen"
"1078881","ykim",,"inuvo"
"1078882","ykindled",,"unazizen"
"1078883","ykinmk",,"bumuan"
"1078884","ykinmkbykiok",,"onizuvera"
"1078885","yknits",,"oninina"
"1078886","yknow",,"bovig"
"1078887","yknowe",,"bevoia"
"1078888","yknown",,"anepun"
"1078889","yknub",,"oniwu"
"1078890","ykraps",,"inimon"
"1078891","yksc",,"aner"
"1078892","yksfehs",,"enokei"
"1078893","ykslamek",,"bajineen"
"1078894","yktc",,"bucue"
"1078895","yktnpoe",,"bucuhi"
"1078896","yktv",,"inab"
"1078897","ykung",,"boqoma"
"1078898","ykvk",,"bowui"
"1078899","ykwim",,"enenia"
"1078900","ykwis",,"ininea"
"1078901","ykybayev",,"inanumon"
"1078902","ykybhtlw",,"unenebet"
"1078903","yladae",,"arusetu"
"1078904","yladjm",,"bilia"
"1078905","ylaes",,"baleqe"
"1078906","ylaesmd",,"oretaei"
"1078907","ylahayll",,"eramoman"
"1078908","ylaid",,"arunui"
"1078909","yland",,"bilotu"
"1078910","ylang",,"uriza"
"1078911","ylati",,"aruqiu"
"1078912","ylddot",,"arosiu"
"1078913","ylearned",,"erumifena"
"1078914","yleerglg",,"busacia"
"1078915","yleft",,"basew"
"1078916","ylekots",,"urosio"
"1078917","ylelond",,"erutaeta"
"1078918","ylem",,"bosat"
"1078919","ylemic",,"bosaia"
"1078920","ylems",,"bosaq"
"1078921","ylene",,"arizai"
"1078922","ylfnogar",,"irezonin"
"1078923","ylfrettu",,"bugoveot"
"1078924","ylgguns",,"irolie"
"1078925","yliaster",,"bamoqoan"
"1078926","ylid",,"urassu"
"1078927","ylide",,"irusite"
"1078928","ylidene",,"bamavet"
"1078929","ylides",,"irusetn"
"1078930","ylidic",,"urasotu"
"1078931","ylike",,"bimuv"
"1078932","ylimaf",,"areveo"
"1078933","ylio",,"bomou"
"1078934","ylitornio",,"eroqaqin"
"1078935","ylke",,"biruo"
"1078936","ylkes",,"biruqe"
"1078937","ylla",,"urimto"
"1078938","yllcheng",,"erarizat"
"1078939","yllekrt",,"erateon"
"1078940","yllerion",,"oretusen"
"1078941","yllew",,"arutou"
"1078942","yllib",,"busir"
"1078943","yllibobj",,"besariet"
"1078944","yllohjk",,"uripeia"
"1078945","yllol",,"busuv"
"1078946","yllom",,"iropas"
"1078947","yllusdjp",,"bisuqaia"
"1078948","ylod",,"erissa"
"1078949","ylond",,"buzit"
"1078950","yloved",,"buzeana"
"1078951","ylppo",,"bapef"
"1078952","ylrebedk",,"orotuzu"
"1078953","ylrebmik",,"bohirou"
"1078954","ylsned",,"bejaea"
"1078955","yluj",,"irer"
"1078956","ylworcht",,"arapotin"
"1078957","ymade",,"baluva"
"1078958","ymalsaz",,"esatuen"
"1078959","ymarked",,"isojion"
"1078960","ymas",,"asucte"
"1078961","ymassej",,"baliqe"
"1078962","ymbj",,"usur"
"1078963","ymca",,"asemt"
"1078964","ymcas",,"asemie"
"1078965","ymcatha",,"esomaen"
"1078966","ymcathas",,"esomarona"
"1078967","ymchee",,"buneina"
"1078968","ymet",,"busia"
"1078969","ymha",,"bolina"
"1078970","ymho",,"bilora"
"1078971","ymierski",,"bumucuan"
"1078972","ymir",,"bemis"
"1078973","ymires",,"bamoun"
"1078974","ymirs",,"bemiqi"
"1078975","ymixt",,"esoga"
"1078976","ymmas",,"isimee"
"1078977","ymmat",,"butaw"
"1078978","ymmd",,"bito"
"1078979","ymmij",,"bitesa"
"1078980","ymmik",,"esene"
"1078981","ymmom",,"osopu"
"1078982","ymmv",,"botia"
"1078983","ymodem",,"buziot"
"1078984","ymolt",,"useti"
"1078985","ymolten",,"boziwa"
"1078986","ympe",,"bepea"
"1078987","ympes",,"bepeq"
"1078988","ymping",,"usonen"
"1078989","ympt",,"asiqe"
"1078990","ymtan",,"osumae"
"1078991","ymtf",,"asoke"
"1078992","ymts",,"bacia"
"1078993","ymyl",,"bego"
"1078994","ymzussma",,"bakaqain"
"1078995","ynabla",,"bolioe"
"1078996","ynambu",,"otevuna"
"1078997","ynambus",,"otevuu"
"1078998","ynamide",,"etavuen"
"1078999","ynamine",,"utivoo"
"1079000","ynan",,"otezo"
"1079001","ynans",,"otezae"
"1079002","ynde",,"otutt"
"1079003","ynediol",,"basirena"
"1079004","yneef",,"iteti"
"1079005","ynes",,"basoi"
"1079006","ynez",,"utol"
"1079007","ynezian",,"basuro"
"1079008","ynfg",,"etule"
"1079009","yngling",,"bukurot"
"1079010","ynglism",,"etatuat"
"1079011","yngsn",,"otecaa"
"1079012","yngvar",,"bokoet"
"1079013","ynicki",,"bamoen"
"1079014","yniguez",,"utaluo"
"1079015","ynit",,"ituqna"
"1079016","ynite",,"otiqo"
"1079017","yniwpu",,"otidu"
"1079018","ynnad",,"buvuta"
"1079019","ynneb",,"bivor"
"1079020","ynned",,"bovet"
"1079021","ynnej",,"boves"
"1079022","ynnek",,"utatu"
"1079023","ynnepgm",,"bivoho"
"1079024","ynnepjj",,"bivohoa"
"1079025","ynnig",,"otini"
"1079026","ynnub",,"bivori"
"1079027","ynnulj",,"ituwan"
"1079028","ynnus",,"atewi"
"1079029","ynoel",,"itatuo"
"1079030","ynofuranose",,"etikequjot"
"1079031","ynol",,"utetne"
"1079032","ynolate",,"bezene"
"1079033","ynon",,"itazs"
"1079034","ynone",,"otuzo"
"1079035","ynot",,"atoqno"
"1079036","ynvp",,"bewaa"
"1079037","ynwa",,"baba"
"1079038","ynwarcs",,"itimaone"
"1079039","ynxp",,"badu"
"1079040","ynys",,"biga"
"1079041","ynysawdre",,"beginuu"
"1079042","ynysddu",,"begitat"
"1079043","ynyslas",,"atoceun"
"1079044","ynyswen",,"atocoat"
"1079045","ynysybwl",,"bogulai"
"1079046","yoabu",,"bolob"
"1079047","yoak",,"ivosto"
"1079048","yoake",,"ovesone"
"1079049","yoakley",,"beluvo"
"1079050","yoakum",,"avusati"
"1079051","yoakums",,"avusaee"
"1079052","yoal",,"belao"
"1079053","yoan",,"balei"
"1079054","yoav",,"belan"
"1079055","yob",,"boma"
"1079056","yobai",,"bimor"
"1079057","yobberies",,"bemeviet"
"1079058","yobbery",,"bumuve"
"1079059","yobbie",,"ivinenn"
"1079060","yobbish",,"bimiri"
"1079061","yobbishly",,"avaniwa"
"1079062","yobbishness",,"evenuwajin"
"1079063","yobbism",,"ovonain"
"1079064","yobbisms",,"ovonawa"
"1079065","yobbo",,"evenas"
"1079066","yobboes",,"avanuana"
"1079067","yobbos",,"evenana"
"1079068","yobby",,"evenane"
"1079069","yobe",,"bemu"
"1079070","yobeulb",,"bumobu"
"1079071","yobi",,"bomiu"
"1079072","yobibyte",,"bimuroon"
"1079073","yobidashi",,"bimutue"
"1079074","yobilf",,"bomiua"
"1079075","yobimodoshi",,"bumazizau"
"1079076","yobisute",,"evenudon"
"1079077","yobo",,"bumei"
"1079078","yoboes",,"bimaoa"
"1079079","yobos",,"bumeqa"
"1079080","yobs",,"bomit"
"1079081","yoccm",,"evori"
"1079082","yocco",,"averue"
"1079083","yocham",,"benea"
"1079084","yochel",,"evomoo"
"1079085","yochim",,"banaat"
"1079086","yochow",,"bonoun"
"1079087","yochum",,"bunuin"
"1079088","yock",,"ovisre"
"1079089","yocked",,"bunoun"
"1079090","yockel",,"bineen"
"1079091","yockernut",,"benuvii"
"1079092","yockey",,"ivusen"
"1079093","yocking",,"bunoren"
"1079094","yocks",,"ovisani"
"1079095","yocom",,"ivupai"
"1079096","yocto",,"binaf"
"1079097","yoctoampere",,"bonufifuen"
"1079098","yoctogram",,"avequnaa"
"1079099","yoctogramme",,"oviqenetan"
"1079100","yoctokatal",,"bonufoen"
"1079101","yoctoliter",,"oviqezona"
"1079102","yoctolitre",,"oviqezone"
"1079103","yoctometer",,"bunefeet"
"1079104","yoctometre",,"bunefeeta"
"1079105","yoctomole",,"oviqepen"
"1079106","yoctonewton",,"ivuqofama"
"1079107","yoctosecond",,"benifupeat"
"1079108","yoctoseconds",,"benifupee"
"1079109","yoctowatt",,"benifion"
"1079110","yocum",,"avewoe"
"1079111","yod",,"beru"
"1079112","yoda",,"boreo"
"1079113","yodaesque",,"baruviat"
"1079114","yodaish",,"uvemooe"
"1079115","yodalike",,"avomesua"
"1079116","yodanis",,"evimuet"
"1079117","yodas",,"boreq"
"1079118","yodaspeak",,"uvemojen"
"1079119","yodaya",,"baruen"
"1079120","yode",,"bari"
"1079121","yodel",,"avoteti"
"1079122","yodelayheehoo",,"evitorota"
"1079123","yodeled",,"boravan"
"1079124","yodeler",,"bireven"
"1079125","yodelers",,"birevion"
"1079126","yodeling",,"boravaa"
"1079127","yodelist",,"birevean"
"1079128","yodelled",,"ovutizu"
"1079129","yodeller",,"ivatuzana"
"1079130","yodellers",,"ivatuzun"
"1079131","yodelling",,"ovutizon"
"1079132","yodels",,"avotis"
"1079133","yoder",,"ovutuu"
"1079134","yoderite",,"burocoot"
"1079135","yoders",,"ovutatn"
"1079136","yodh",,"ivamna"
"1079137","yodhs",,"ivamet"
"1079138","yodization",,"uvenurat"
"1079139","yodle",,"avotano"
"1079140","yodled",,"biroai"
"1079141","yodler",,"buriea"
"1079142","yodlers",,"burivin"
"1079143","yodles",,"avotina"
"1079144","yodless",,"avotaat"
"1079145","yodling",,"birorat"
"1079146","yodo",,"biran"
"1079147","yods",,"beroi"
"1079148","yodude",,"avoweta"
"1079149","yodzyak",,"evilao"
"1079150","yoed",,"basoo"
"1079151","yoel",,"busii"
"1079152","yoeme",,"uvovua"
"1079153","yoer",,"beseo"
"1079154","yoeseltse",,"ivecizat"
"1079155","yoficate",,"uvonoren"
"1079156","yofication",,"bigusua"
"1079157","yoficator",,"begosoat"
"1079158","yofortierite",,"bigacotaet"
"1079159","yofrm",,"ivejae"
"1079160","yoga",,"avumse"
"1079161","yogacara",,"bekasoen"
"1079162","yogachara",,"ivomere"
"1079163","yogacharya",,"avumira"
"1079164","yogad",,"bikot"
"1079165","yogaholic",,"evamihu"
"1079166","yogalates",,"ivomure"
"1079167","yogalike",,"bakuviin"
"1079168","yogas",,"avumis"
"1079169","yogasana",,"bikoquan"
"1079170","yogasm",,"ivomi"
"1079171","yogassage",,"evamuwat"
"1079172","yogasutras",,"avumido"
"1079173","yogathon",,"bikowae"
"1079174","yogawear",,"bokegou"
"1079175","yogee",,"ovetoti"
"1079176","yogeeism",,"avutasin"
"1079177","yogees",,"ovetune"
"1079178","yogesh",,"bokae"
"1079179","yogeshvari",,"bokaquon"
"1079180","yogger",,"bikoona"
"1079181","yoggie",,"uvilou"
"1079182","yogh",,"bikie"
"1079183","yoghee",,"bekea"
"1079184","yoghi",,"bikir"
"1079185","yoghourt",,"bukufuon"
"1079186","yoghourts",,"bukufuan"
"1079187","yoghs",,"bikiq"
"1079188","yoghurd",,"bokobin"
"1079189","yoghurt",,"bokobot"
"1079190","yoghurted",,"ovemoqen"
"1079191","yoghurtless",,"evameqofa"
"1079192","yoghurtlike",,"avumaqefat"
"1079193","yoghurts",,"bokobuo"
"1079194","yoghurty",,"bukubeet"
"1079195","yogi",,"uvinte"
"1079196","yogibear",,"avunozu"
"1079197","yogibogeybox",,"bokireruat"
"1079198","yogic",,"uvinoni"
"1079199","yogically",,"uvinorana"
"1079200","yogiccer",,"bokisain"
"1079201","yogiccest",,"bekosui"
"1079202","yogicer",,"bokisu"
"1079203","yogicest",,"bekoseon"
"1079204","yogied",,"bekoa"
"1079205","yogified",,"uvinusi"
"1079206","yogiism",,"ovenaen"
"1079207","yogilike",,"bukavoi"
"1079208","yogin",,"bakep"
"1079209","yogini",,"bakee"
"1079210","yoginis",,"bakepin"
"1079211","yogins",,"bakeun"
"1079212","yogis",,"uvinono"
"1079213","yogism",,"ovenota"
"1079214","yogisms",,"ovenao"
"1079215","yogist",,"bokiua"
"1079216","yogistic",,"bokiqeo"
"1079217","yogists",,"bokiqot"
"1079218","yogo",,"evapto"
"1079219","yogoite",,"bikarana"
"1079220","yogourt",,"avupaua"
"1079221","yogs",,"uviclo"
"1079222","yogurd",,"ivowon"
"1079223","yogurt",,"ivowi"
"1079224","yogurtery",,"bikecoun"
"1079225","yogurtlike",,"bikecoa"
"1079226","yogurts",,"ivowaat"
"1079227","yogurty",,"avuwoea"
"1079228","yogyakarta",,"ivokuvin"
"1079229","yogyakartan",,"bukenusiat"
"1079230","yohan",,"ovomata"
"1079231","yohe",,"beluno"
"1079232","yohimba",,"ivinaata"
"1079233","yohimbe",,"evenion"
"1079234","yohimbenine",,"avanosoji"
"1079235","yohimbes",,"evenisan"
"1079236","yohimbi",,"ovonuoa"
"1079237","yohimbin",,"biluzau"
"1079238","yohimbine",,"bolizuet"
"1079239","yohimbines",,"bolizui"
"1079240","yohimbinization",,"evenisejin"
"1079241","yohimbinize",,"avanosajan"
"1079242","yohimbinized",,"biluzatiet"
"1079243","yohlmo",,"ovotote"
"1079244","yohn",,"evezna"
"1079245","yoho",,"buleni"
"1079246","yohourt",,"bilaban"
"1079247","yohourth",,"avapaqa"
"1079248","yoichi",,"bomiue"
"1079249","yoick",,"oviroe"
"1079250","yoicked",,"bumatin"
"1079251","yoicking",,"bumatoi"
"1079252","yoicks",,"ovirua"
"1079253","yoicksed",,"bumatoa"
"1079254","yoickses",,"evorewi"
"1079255","yoicksing",,"bumatoat"
"1079256","yoik",,"ovisri"
"1079257","yoiked",,"bumoue"
"1079258","yoiker",,"bamiana"
"1079259","yoiking",,"bumoron"
"1079260","yoiks",,"ovisano"
"1079261","yoimongba",,"ivuvofot"
"1079262","yoimongpa",,"uvavifun"
"1079263","yoing",,"bamema"
"1079264","yoink",,"bimut"
"1079265","yoinked",,"ivuzian"
"1079266","yoinking",,"ivuzisa"
"1079267","yoinks",,"bimui"
"1079268","yoiremba",,"ovijopot"
"1079269","yoism",,"evocia"
"1079270","yoit",,"bemina"
"1079271","yojampa",,"uvemeoe"
"1079272","yojan",,"evimus"
"1079273","yojana",,"ovume"
"1079274","yojanas",,"ovumaina"
"1079275","yojans",,"evimenn"
"1079276","yojijukugo",,"ovunede"
"1079277","yojuane",,"uvewaaa"
"1079278","yojuanes",,"uvewafen"
"1079279","yok",,"ovadu"
"1079280","yoka",,"ivemri"
"1079281","yokable",,"evumien"
"1079282","yokage",,"ivemona"
"1079283","yokai",,"ivemenu"
"1079284","yokan",,"buripe"
"1079285","yoke",,"evutse"
"1079286","yokeable",,"avitesun"
"1079287","yokeableness",,"barinopoo"
"1079288","yokeag",,"ivetonn"
"1079289","yokeage",,"ovatiua"
"1079290","yoked",,"burot"
"1079291","yokefell",,"boraloa"
"1079292","yokefellow",,"boraloon"
"1079293","yokefellows",,"boralopaan"
"1079294","yokel",,"birev"
"1079295","yokeldom",,"uvotavet"
"1079296","yokeless",,"boravoin"
"1079297","yokelessness",,"avitezadon"
"1079298","yokelet",,"ivetuia"
"1079299","yokelish",,"avitesa"
"1079300","yokelishness",,"barivibuan"
"1079301","yokelism",,"beruvuan"
"1079302","yokelry",,"ovatiin"
"1079303","yokels",,"bireet"
"1079304","yokemate",,"boraziu"
"1079305","yokemated",,"ivetarata"
"1079306","yokemates",,"boraziot"
"1079307","yokemating",,"ivetaroa"
"1079308","yoker",,"baric"
"1079309","yokers",,"barii"
"1079310","yokes",,"evutus"
"1079311","yokest",,"burou"
"1079312","yoketh",,"evutenn"
"1079313","yokewise",,"ivetasate"
"1079314","yokewood",,"berugaet"
"1079315","yokibus",,"barerun"
"1079316","yoking",,"burao"
"1079317","yokings",,"burapet"
"1079318","yokio",,"uvonino"
"1079319","yokkaichi",,"berunue"
"1079320","yokkaichis",,"berunuin"
"1079321","yokked",,"bireena"
"1079322","yokking",,"birerea"
"1079323","yokley",,"barui"
"1079324","yoknapat",,"beroneon"
"1079325","yoknapatawpha",,"birunisuet"
"1079326","yoknapatawphas",,"birunisui"
"1079327","yoknsd",,"uvozot"
"1079328","yoko",,"uvopre"
"1079329","yokohama",,"biranuun"
"1079330","yokohamas",,"biranuu"
"1079331","yokomenuchi",,"ivepaziket"
"1079332","yokono",,"boruu"
"1079333","yokonolide",,"burepiat"
"1079334","yokoono",,"burefen"
"1079335","yokos",,"uvopona"
"1079336","yokosuka",,"ivepede"
"1079337","yokota",,"biraet"
"1079338","yokoyama",,"evupari"
"1079339","yokozuna",,"ivepidun"
"1079340","yokozunas",,"ivepidu"
"1079341","yoks",,"ovacli"
"1079342","yoku",,"evuwt"
"1079343","yokukansan",,"ovawori"
"1079344","yokul",,"bireva"
"1079345","yokum",,"uvowe"
"1079346","yokut",,"burow"
"1079347","yokuts",,"buroin"
"1079348","yokutsan",,"uvowiwet"
"1079349","yokutses",,"birewean"
"1079350","yokutss",,"burowa"
"1079351","yoky",,"uvokti"
"1079352","yola",,"besano"
"1079353","yolanda",,"busipin"
"1079354","yolandas",,"busipia"
"1079355","yolande",,"bosepun"
"1079356","yolane",,"uvimina"
"1079357","yolanthe",,"uvimobet"
"1079358","yolas",,"besaqu"
"1079359","yold",,"evaste"
"1079360","yolden",,"besiot"
"1079361","yoldia",,"oveseno"
"1079362","yoldias",,"ovesain"
"1079363","yoldiid",,"busera"
"1079364","yoldrin",,"uviseene"
"1079365","yoldring",,"avusosa"
"1079366","yoldrings",,"avusosena"
"1079367","yole",,"busoti"
"1079368","yoleven",,"busodin"
"1079369","yolfknip",,"evakefu"
"1079370","yolk",,"busoto"
"1079371","yolked",,"uvisine"
"1079372","yolkedder",,"ivosivat"
"1079373","yolkeddest",,"ovesovo"
"1079374","yolkeder",,"bosaveu"
"1079375","yolkedest",,"besuvaon"
"1079376","yolker",,"avusato"
"1079377","yolkier",,"avusiu"
"1079378","yolkiest",,"uvisozon"
"1079379","yolkiness",,"ovesafon"
"1079380","yolkless",,"ivosuze"
"1079381","yolklessness",,"bisevibien"
"1079382","yolks",,"busoqu"
"1079383","yolksac",,"basiqat"
"1079384","yolky",,"besuli"
"1079385","yoll",,"avutto"
"1079386","yolla",,"evatota"
"1079387","yolland",,"ivotuano"
"1079388","yolly",,"oveteni"
"1079389","yolmo",,"basafa"
"1079390","yolngu",,"uvizoe"
"1079391","yolo",,"bosuno"
"1079392","yoloaiqu",,"bisaneun"
"1079393","yoloed",,"ovepun"
"1079394","yoloing",,"ovepaena"
"1079395","yolom",,"basozi"
"1079396","yolos",,"bosuqu"
"1079397","yolyn",,"evakue"
"1079398","yolyns",,"evaken"
"1079399","yom",,"evedo"
"1079400","yoma",,"ovomse"
"1079401","yomari",,"betao"
"1079402","yomawood",,"botegein"
"1079403","yomer",,"butoc"
"1079404","yomi",,"eventi"
"1079405","yomiko",,"ovonote"
"1079406","yomim",,"uvunea"
"1079407","yomin",,"botipe"
"1079408","yomp",,"betua"
"1079409","yomped",,"evefae"
"1079410","yomper",,"ovofea"
"1079411","yomping",,"evefuat"
"1079412","yomps",,"betuq"
"1079413","yompur",,"ovofu"
"1079414","yompurs",,"ovofoot"
"1079415","yomud",,"bitet"
"1079416","yomuds",,"biteen"
"1079417","yomut",,"bitew"
"1079418","yomwc",,"uvudo"
"1079419","yona",,"bavue"
"1079420","yonaguni",,"uvamadi"
"1079421","yonah",,"ovimus"
"1079422","yonai",,"bavur"
"1079423","yonald",,"bivoen"
"1079424","yonan",,"uvamonu"
"1079425","yonatan",,"bivowon"
"1079426","yoncalla",,"bivunuan"
"1079427","yoncallas",,"bivunuun"
"1079428","yonce",,"bivuva"
"1079429","yonchun",,"bevonet"
"1079430","yoncopin",,"bavefain"
"1079431","yond",,"aveste"
"1079432","yonda",,"evosoa"
"1079433","yonder",,"bivaoa"
"1079434","yonderer",,"uvasuqa"
"1079435","yonderest",,"ivusiqat"
"1079436","yonderly",,"avesaqea"
"1079437","yondermost",,"uvasuqan"
"1079438","yonderness",,"evoseqat"
"1079439","yonderrer",,"bivavaan"
"1079440","yonderrest",,"bovuvua"
"1079441","yonders",,"bivavet"
"1079442","yondmost",,"bivazoat"
"1079443","yondward",,"uvasera"
"1079444","yonebayashi",,"biverunein"
"1079445","yoneda",,"avetonn"
"1079446","yoner",,"avetoro"
"1079447","yonest",,"uvatinu"
"1079448","yonezawa",,"evoteren"
"1079449","yong",,"bavui"
"1079450","yongan",,"avelun"
"1079451","yongchang",,"bavusoo"
"1079452","yongcheng",,"bivosain"
"1079453","yongchuan",,"bivosau"
"1079454","yongchun",,"bovesuo"
"1079455","yongdae",,"evolaen"
"1079456","yongding",,"bivoteu"
"1079457","yongdong",,"bavutuot"
"1079458","yonge",,"buviva"
"1079459","yongean",,"uvaluoa"
"1079460","yonghe",,"evolet"
"1079461","yongho",,"uvalen"
"1079462","yonghwan",,"bovenuo"
"1079463","yonghyun",,"buvinion"
"1079464","yongil",,"avelue"
"1079465","yongin",,"uvalena"
"1079466","yongji",,"evolie"
"1079467","yongjia",,"ovileo"
"1079468","yongjing",,"bivoseot"
"1079469","yonglong",,"buvivian"
"1079470","yongning",,"bevapue"
"1079471","yongqing",,"evolosu"
"1079472","yongs",,"bavuqa"
"1079473","yongsam",,"buviqo"
"1079474","yongsan",,"aveliu"
"1079475","yongshan",,"buviqeon"
"1079476","yongsheng",,"bivoqaot"
"1079477","yongshou",,"ivulerin"
"1079478","yongshun",,"bovequen"
"1079479","yongsn",,"uvaloe"
"1079480","yongtai",,"ovilea"
"1079481","yongthe",,"buviwo"
"1079482","yongthly",,"ovileret"
"1079483","yongxin",,"bavuku"
"1079484","yongxing",,"bevakuun"
"1079485","yongzhou",,"bivomae"
"1079486","yonhong",,"bavafin"
"1079487","yoni",,"buvae"
"1079488","yonic",,"buvas"
"1079489","yonically",,"buvasaon"
"1079490","yonina",,"uvanara"
"1079491","yonis",,"buvaqa"
"1079492","yonit",,"avenu"
"1079493","yonita",,"evonen"
"1079494","yonkalla",,"bovaniaa"
"1079495","yonkallas",,"bovanien"
"1079496","yonkapin",,"biveniea"
"1079497","yonke",,"bovav"
"1079498","yonker",,"uvasota"
"1079499","yonkers",,"uvasuo"
"1079500","yonkersite",,"bevuviuna"
"1079501","yonkersites",,"bevuvibeu"
"1079502","yonkerss",,"uvasuqet"
"1079503","yonkoma",,"buvofo"
"1079504","yonks",,"biveq"
"1079505","yonne",,"ovizoi"
"1079506","yonner",,"bevoaa"
"1079507","yonnest",,"bavevata"
"1079508","yonnie",,"ovizuo"
"1079509","yonnies",,"ovizaot"
"1079510","yono",,"bevio"
"1079511","yonogenin",,"bevimee"
"1079512","yonsei",,"bivueta"
"1079513","yonside",,"uvacoa"
"1079514","yont",,"aveqtu"
"1079515","yontef",,"buveina"
"1079516","yontif",,"bavoun"
"1079517","yontocket",,"bivafeun"
"1079518","yontz",,"bavom"
"1079519","yonyos",,"bivaet"
"1079520","yoof",,"bazie"
"1079521","yoofs",,"baziq"
"1079522","yoofspeak",,"ovukajet"
"1079523","yoogali",,"buzinen"
"1079524","yooge",,"avolae"
"1079525","yooghort",,"bozeneen"
"1079526","yoogle",,"bozee"
"1079527","yoohoo",,"bizii"
"1079528","yoohooed",,"ivamohun"
"1079529","yoohooing",,"ivamohen"
"1079530","yoohoos",,"bizifat"
"1079531","yooj",,"biza"
"1079532","yoojin",,"ovurota"
"1079533","yook",,"uvesta"
"1079534","yookay",,"ovusee"
"1079535","yoom",,"ivavni"
"1079536","yoon",,"bezo"
"1079537","yoong",,"bozim"
"1079538","yoonjung",,"bizusiu"
"1079539","yoonmo",,"bezoen"
"1079540","yoonsik",,"bazequ"
"1079541","yoop",,"bazii"
"1079542","yooper",,"evifoa"
"1079543","yoopers",,"evifeet"
"1079544","yoops",,"baziqa"
"1079545","yoot",,"bizaa"
"1079546","yoozh",,"ovulue"
"1079547","yoozhe",,"eviloi"
"1079548","yopaat",,"evumas"
"1079549","yopara",,"ovamune"
"1079550","yopd",,"uvosnu"
"1079551","yopo",,"bapoi"
"1079552","yopon",,"uvopone"
"1079553","yopp",,"evufna"
"1079554","yopper",,"bupou"
"1079555","yoppers",,"bupovot"
"1079556","yops",,"bipu"
"1079557","yopurga",,"evuwiona"
"1079558","yopurgha",,"bapicein"
"1079559","yoram",,"behaz"
"1079560","yoranian",,"buhipoen"
"1079561","yorba",,"avanes"
"1079562","yordan",,"bahoona"
"1079563","yordim",,"evesene"
"1079564","yordy",,"avasuu"
"1079565","yore",,"behua"
"1079566","yored",,"ovotesa"
"1079567","yorer",,"ivitatu"
"1079568","yores",,"behuqa"
"1079569","yorest",,"ovotuna"
"1079570","yoretime",,"uvutisen"
"1079571","yorga",,"buhina"
"1079572","yorgah",,"eveleta"
"1079573","yorgen",,"evelene"
"1079574","yorgin",,"ovolot"
"1079575","yorgo",,"bahufe"
"1079576","yorgos",,"bahuata"
"1079577","yorgunsu",,"avalafot"
"1079578","yorick",,"behoo"
"1079579","yorii",,"bohir"
"1079580","yorik",,"behot"
"1079581","yoriki",,"behoet"
"1079582","yorikiri",,"ivinisot"
"1079583","yoritaoshi",,"baheweet"
"1079584","york",,"behuo"
"1079585","yorke",,"bahiv"
"1079586","yorked",,"evesas"
"1079587","yorker",,"ovosena"
"1079588","yorkeress",,"eveseqan"
"1079589","yorkers",,"ovosoin"
"1079590","yorkese",,"buhovin"
"1079591","yorkhill",,"avasosen"
"1079592","yorkian",,"evesuia"
"1079593","yorkie",,"bahian"
"1079594","yorkiepoo",,"ovosazona"
"1079595","yorkies",,"bahirun"
"1079596","yorkiness",,"uvusofan"
"1079597","yorking",,"evesuat"
"1079598","yorkino",,"ovosaoa"
"1079599","yorkipoo",,"ivisejin"
"1079600","yorkish",,"iviseea"
"1079601","yorkishs",,"ivisewin"
"1079602","yorkism",,"buhorena"
"1079603","yorkist",,"ovosaaa"
"1079604","yorkists",,"ovosawen"
"1079605","yorklea",,"evesoet"
"1079606","yorklyn",,"buhovo"
"1079607","yorklyns",,"buhovieta"
"1079608","yorks",,"behuqe"
"1079609","yorkshir",,"bohaquen"
"1079610","yorkshire",,"behuqiun"
"1079611","yorkshireism",,"buhoqetia"
"1079612","yorkshireisms",,"buhoqetien"
"1079613","yorkshireman",,"uvusoruba"
"1079614","yorkshiremans",,"uvusoruben"
"1079615","yorkshiremen",,"ovosarobu"
"1079616","yorkshiremens",,"ovosarobot"
"1079617","yorkshireness",,"uvusorubo"
"1079618","yorkshireperson",,"iviseribin"
"1079619","yorkshires",,"behuqiu"
"1079620","yorkshireterrier",,"bahiqotua"
"1079621","yorkshirewoman",,"uvusorubon"
"1079622","yorkshirism",,"bahiqotuat"
"1079623","yorksppings",,"uvusojeva"
"1079624","yorksppingss",,"uvusojeven"
"1079625","yorkstone",,"buhoqion"
"1079626","yorkton",,"bahiwe"
"1079627","yorktons",,"bahiwuin"
"1079628","yorktown",,"bihewoun"
"1079629","yorktowns",,"bihewou"
"1079630","yorkvill",,"ivisusin"
"1079631","yorkville",,"ovosison"
"1079632","yorkvilles",,"ovosisan"
"1079633","yorky",,"bihel"
"1079634","yorlin",,"bihoia"
"1079635","yorling",,"buhireta"
"1079636","yorn",,"evezne"
"1079637","yoro",,"buheu"
"1079638","yoron",,"ivipes"
"1079639","yoront",,"behioe"
"1079640","yorouk",,"bohuee"
"1079641","yorp",,"avafna"
"1079642","yorped",,"bohaan"
"1079643","yorping",,"bohara"
"1079644","yorps",,"avafia"
"1079645","yorself",,"behovet"
"1079646","yorton",,"behioi"
"1079647","yortsayt",,"buheqaa"
"1079648","yortseit",,"bahoqae"
"1079649","yortzite",,"iviqisat"
"1079650","yoruba",,"uvuwu"
"1079651","yorubaland",,"buhoraet"
"1079652","yorubalands",,"buhorapoi"
"1079653","yoruban",,"bahiran"
"1079654","yorubans",,"bahireun"
"1079655","yorubas",,"uvuweota"
"1079656","yorubian",,"bahiriea"
"1079657","yorubic",,"iviwai"
"1079658","yoruboid",,"biheroan"
"1079659","yose",,"ovitri"
"1079660","yosef",,"bojali"
"1079661","yoself",,"ovitut"
"1079662","yoselin",,"ivutuata"
"1079663","yoselves",,"ivutugan"
"1079664","yoselyn",,"aveteuna"
"1079665","yosemite",,"bojazain"
"1079666","yosemites",,"bojazaa"
"1079667","yosenabe",,"avetirata"
"1079668","yoshi",,"bojor"
"1079669","yoshiaki",,"bojorien"
"1079670","yoshida",,"uvamooa"
"1079671","yoshie",,"bejeo"
"1079672","yoshihiko",,"avemiri"
"1079673","yoshihisa",,"avemiret"
"1079674","yoshihit",,"bojoruet"
"1079675","yoshihito",,"bujureun"
"1079676","yoshihitos",,"bujureu"
"1079677","yoshiie",,"bejeron"
"1079678","yoshika",,"bojorot"
"1079679","yoshikawa",,"bejereat"
"1079680","yoshiko",,"bijirun"
"1079681","yoshikuni",,"uvamovea"
"1079682","yoshimasa",,"bojoruen"
"1079683","yoshimatsu",,"evomupin"
"1079684","yoshimi",,"bajarin"
"1079685","yoshimitsu",,"avemipi"
"1079686","yoshimoto",,"avemipet"
"1079687","yoshimura",,"ovimapon"
"1079688","yoshimuraite",,"bujuregiin"
"1079689","yoshinaga",,"uvamofat"
"1079690","yoshinar",,"bejeruan"
"1079691","yoshinari",,"bejerue"
"1079692","yoshino",,"ivumeea"
"1079693","yoshinob",,"bojorao"
"1079694","yoshinobu",,"bejeruun"
"1079695","yoshinori",,"bojorai"
"1079696","yoshio",,"bujuae"
"1079697","yoshioka",,"bujurion"
"1079698","yoshiokaite",,"uvamohetin"
"1079699","yoshitaka",,"uvamoban"
"1079700","yoshitake",,"ovimabet"
"1079701","yoshitaro",,"bajarua"
"1079702","yoshiya",,"bajarun"
"1079703","yoshiyama",,"bujuriona"
"1079704","yoshiyasu",,"bujurione"
"1079705","yoshiyuki",,"bojoreon"
"1079706","yoshizaki",,"aveminen"
"1079707","yoshizawa",,"aveminot"
"1079708","yoshkar",,"uvamuen"
"1079709","yoshke",,"bajaan"
"1079710","yoshoku",,"bojofot"
"1079711","yosi",,"ivunre"
"1079712","yosond",,"ovipe"
"1079713","yosoyuxi",,"bojuloot"
"1079714","yossaria",,"bujaneo"
"1079715","yossarian",,"ivucuqu"
"1079716","yossarians",,"ivucuqot"
"1079717","yost",,"beji"
"1079718","yosts",,"bejiq"
"1079719","yosu",,"oviwu"
"1079720","yosuke",,"avewan"
"1079721","yotacism",,"bacusie"
"1079722","yotacize",,"uvemosa"
"1079723","yotam",,"bacuz"
"1079724","yote",,"bacie"
"1079725","yoted",,"evitanu"
"1079726","yother",,"beceaa"
"1079727","yoting",,"evinone"
"1079728","yotization",,"uvenuruna"
"1079729","yotl",,"evitre"
"1079730","yots",,"becoa"
"1079731","yotslot",,"becovet"
"1079732","yotsu",,"baceb"
"1079733","yotsugake",,"bacebein"
"1079734","yotsuya",,"bicubet"
"1079735","yotta",,"ivaquo"
"1079736","yottabit",,"ivaqusat"
"1079737","yottabyte",,"uveqasoa"
"1079738","yottabytes",,"uveqaset"
"1079739","yottaflop",,"baconaa"
"1079740","yottagram",,"bocunioa"
"1079741","yottagramme",,"bucenawoat"
"1079742","yottahertz",,"uveqari"
"1079743","yottajoule",,"eviqote"
"1079744","yottaliter",,"bucenai"
"1079745","yottalitre",,"bucenaia"
"1079746","yottameter",,"uveqapon"
"1079747","yottametre",,"uveqapona"
"1079748","yottaparsec",,"avoqejiba"
"1079749","yottasecond",,"eviqowizun"
"1079750","yottaton",,"ovuqiba"
"1079751","yotted",,"buceun"
"1079752","yotten",,"bocuat"
"1079753","yotting",,"buceren"
"1079754","yotvingian",,"ivabefen"
"1079755","yotzei",,"ivalet"
"1079756","you",,"ova1"
"1079757","youah",,"boqeno"
"1079758","youall",,"avimata"
"1079759","youanmite",,"ovamapen"
"1079760","youarang",,"ivemarun"
"1079761","youareok",,"boqecoin"
"1079762","youatt",,"ovamuni"
"1079763","youatts",,"ovameu"
"1079764","youcef",,"beqoot"
"1079765","youch",,"beqon"
"1079766","youd",,"baqoa"
"1079767","youdale",,"aviseana"
"1079768","youden",,"iveseno"
"1079769","youdendrift",,"uvosufabun"
"1079770","youdith",,"baqorun"
"1079771","youdntve",,"evusubet"
"1079772","youds",,"baqoq"
"1079773","youdve",,"uvoseo"
"1079774","youe",,"evutsi"
"1079775","youed",,"buqot"
"1079776","youee",,"avitas"
"1079777","youell",,"ivetont"
"1079778","youens",,"boqaat"
"1079779","youff",,"avikai"
"1079780","youffed",,"boqalu"
"1079781","youffing",,"boqalaon"
"1079782","youffs",,"avikee"
"1079783","youfie",,"bequo"
"1079784","youg",,"ivelno"
"1079785","yough",,"boqenu"
"1079786","youghal",,"ivelaun"
"1079787","youghiogheny",,"buqinojoo"
"1079788","yought",,"ivelan"
"1079789","yougoslav",,"ivelowin"
"1079790","yougoslavia",,"uvoliwotu"
"1079791","yougoslavian",,"baqufipian"
"1079792","yougov",,"boqee"
"1079793","youhanse",,"avimefu"
"1079794","youing",,"buqaa"
"1079795","youins",,"biquon"
"1079796","youk",,"evusre"
"1079797","youkai",,"ovasua"
"1079798","youkan",,"biqeet"
"1079799","youked",,"biqeo"
"1079800","youkhana",,"evusiran"
"1079801","youking",,"biqerun"
"1079802","youks",,"evusuna"
"1079803","youl",,"buqia"
"1079804","youlgreave",,"biqomae"
"1079805","youliang",,"avitira"
"1079806","youlin",,"ivetant"
"1079807","youlk",,"biqota"
"1079808","youll",,"uvotato"
"1079809","youlou",,"baquan"
"1079810","youlous",,"baqufun"
"1079811","youlton",,"biqowan"
"1079812","youman",,"boqoun"
"1079813","youn",,"biqua"
"1079814","younan",,"ivezon"
"1079815","younce",,"boqiane"
"1079816","younder",,"boqitun"
"1079817","youne",,"boqiv"
"1079818","youness",,"boqive"
"1079819","young",,"buqam"
"1079820","youngbai",,"ovaziso"
"1079821","youngberg",,"baqemoot"
"1079822","youngberries",,"avizesobi"
"1079823","youngberry",,"ivezusin"
"1079824","youngberrys",,"ivezusaba"
"1079825","youngblood",,"ivezusa"
"1079826","youngcel",,"ivezutun"
"1079827","youngdahl",,"avizevo"
"1079828","youngdon",,"biqumoun"
"1079829","younge",,"biquet"
"1079830","younged",,"uvozaaa"
"1079831","youngen",,"ovaziota"
"1079832","youngened",,"buqamuen"
"1079833","youngening",,"buqamue"
"1079834","youngens",,"ovazizo"
"1079835","younger",,"avizee"
"1079836","youngerly",,"buqamuon"
"1079837","youngerman",,"baqemao"
"1079838","youngers",,"avizezin"
"1079839","youngest",,"uvozazet"
"1079840","youngfolk",,"baqemaet"
"1079841","youngfolks",,"baqemai"
"1079842","younghead",,"buqameet"
"1079843","younghearted",,"biqumapea"
"1079844","younghede",,"boqimua"
"1079845","younghood",,"biqumain"
"1079846","younghusband",,"boqimugoat"
"1079847","youngian",,"uvozasi"
"1079848","youngie",,"biquman"
"1079849","youngify",,"uvozasan"
"1079850","youngill",,"beqomuun"
"1079851","youngin",,"ivezuea"
"1079852","younging",,"uvozasat"
"1079853","younginid",,"beqomue"
"1079854","youngish",,"evuzose"
"1079855","youngisher",,"buqamoun"
"1079856","youngishest",,"biqumeboen"
"1079857","youngker",,"uvozavon"
"1079858","youngkin",,"ovazivon"
"1079859","younglet",,"beqomoi"
"1079860","younglike",,"ovazizi"
"1079861","youngling",,"beqomoin"
"1079862","younglings",,"beqomoa"
"1079863","younglove",,"boqimien"
"1079864","youngly",,"evuzoia"
"1079865","youngman",,"ovazipen"
"1079866","youngmi",,"boqima"
"1079867","youngness",,"ovazifet"
"1079868","youngnesses",,"evuzofidin"
"1079869","youngon",,"avizein"
"1079870","youngosuchus",,"evuzoheken"
"1079871","youngqui",,"buqamaon"
"1079872","youngquist",,"avizecon"
"1079873","youngran",,"biqumaun"
"1079874","youngren",,"beqomii"
"1079875","youngs",,"buqaot"
"1079876","youngshit",,"buqamoat"
"1079877","youngsome",,"biqumeu"
"1079878","youngson",,"avizewa"
"1079879","youngste",,"uvozawet"
"1079880","youngster",,"biqumee"
"1079881","youngsters",,"biqumein"
"1079882","youngsto",,"ovaziwena"
"1079883","youngstock",,"evuzowin"
"1079884","youngstown",,"beqomuu"
"1079885","youngstowns",,"beqomudoot"
"1079886","youngstrom",,"buqamouna"
"1079887","youngsvi",,"uvozawi"
"1079888","youngsville",,"avizewivan"
"1079889","youngsvilles",,"avizewivun"
"1079890","youngth",,"buqamen"
"1079891","youngthly",,"evuzobu"
"1079892","youngths",,"buqamion"
"1079893","youngtown",,"beqomaun"
"1079894","youngtowns",,"beqomau"
"1079895","youngun",,"ovaziaa"
"1079896","youngwood",,"ovaziket"
"1079897","youngwoods",,"ovaziki"
"1079898","younis",,"biquona"
"1079899","younjung",,"baqesaot"
"1079900","younker",,"ivezian"
"1079901","younkers",,"ivezizun"
"1079902","younkin",,"evuzean"
"1079903","younower",,"uvoziken"
"1079904","youns",,"biquqa"
"1079905","yount",,"uvozio"
"1079906","younts",,"uvozota"
"1079907","yountville",,"boqiwion"
"1079908","yountvilles",,"boqiwitaan"
"1079909","yountz",,"buqau"
"1079910","younus",,"boqiun"
"1079911","youp",,"boqa"
"1079912","youping",,"ovafao"
"1079913","youpon",,"ivefia"
"1079914","youpons",,"ivefoat"
"1079915","youpube",,"ovafoe"
"1079916","your",,"beqei"
"1079917","yourcenarian",,"uvojozute"
"1079918","youre",,"baqav"
"1079919","youreok",,"beqeven"
"1079920","yourer",,"ovajun"
"1079921","yourest",,"evujeen"
"1079922","yourn",,"avijie"
"1079923","yourofsky",,"ovajemon"
"1079924","yourrer",,"beqeco"
"1079925","yourrest",,"baqacaun"
"1079926","yours",,"beqeqa"
"1079927","yoursel",,"avijiun"
"1079928","yourself",,"baqaqau"
"1079929","yourselfer",,"evujuze"
"1079930","yourselfism",,"biqiqipaen"
"1079931","yourselfness",,"ivejezeret"
"1079932","yourselfs",,"baqaqaot"
"1079933","yourselv",,"boqoqoin"
"1079934","yourselves",,"beqeqean"
"1079935","yoursen",,"uvojoaa"
"1079936","yourt",,"ovajee"
"1079937","yourts",,"ovajei"
"1079938","yous",,"ovaclo"
"1079939","yousaf",,"biqueta"
"1079940","yousafzai",,"ovacimen"
"1079941","youse",,"evuceu"
"1079942","yousef",,"beqoa"
"1079943","yousefi",,"beqovet"
"1079944","youself",,"evuceon"
"1079945","youses",,"evuca"
"1079946","youseself",,"avicawot"
"1079947","youseselves",,"evucewifun"
"1079948","youshaei",,"beqonoon"
"1079949","youshock",,"boqinea"
"1079950","yousif",,"boqiu"
"1079951","youskevitch",,"boqitokoi"
"1079952","youskevitchs",,"boqitokoat"
"1079953","youss",,"ovacaa"
"1079954","youssef",,"beqoqen"
"1079955","yousselves",,"ovacazen"
"1079956","yousser",,"baqeqan"
"1079957","youssouf",,"biquqoun"
"1079958","youster",,"evucaen"
"1079959","youstir",,"ovaceot"
"1079960","yousuf",,"beqoo"
"1079961","yousuns",,"boqibu"
"1079962","yout",,"baqoe"
"1079963","youth",,"ovaque"
"1079964","youthe",,"evuqos"
"1079965","youthemism",,"ovaquzan"
"1079966","youthen",,"boqunu"
"1079967","youthened",,"ovaquza"
"1079968","youthening",,"ovaquzat"
"1079969","youthenise",,"beqineun"
"1079970","youthenised",,"ovaquzovi"
"1079971","youthenises",,"beqineheu"
"1079972","youthenising",,"ovaquzovot"
"1079973","youthenize",,"uvoqezan"
"1079974","youthenized",,"boqunohoet"
"1079975","youthenizes",,"uvoqezuvun"
"1079976","youthenizing",,"boqunohou"
"1079977","youthens",,"boqunoot"
"1079978","youthes",,"evuqiet"
"1079979","youthfest",,"ovaqumet"
"1079980","youthful",,"evuqimun"
"1079981","youthfuler",,"buqenuat"
"1079982","youthfulest",,"biqanigeo"
"1079983","youthfulise",,"aviqomofan"
"1079984","youthfulised",,"biqanigeet"
"1079985","youthfulises",,"aviqomofun"
"1079986","youthfulising",,"biqanigeu"
"1079987","youthfulize",,"baqonagion"
"1079988","youthfulized",,"evuqimifo"
"1079989","youthfulizes",,"baqonagian"
"1079990","youthfulizing",,"evuqimifun"
"1079991","youthfuller",,"uvoqemefin"
"1079992","youthfullest",,"iveqamafi"
"1079993","youthfullier",,"uvoqemefo"
"1079994","youthfulliest",,"iveqamafun"
"1079995","youthfullity",,"evuqimifon"
"1079996","youthfully",,"baqonaet"
"1079997","youthfulness",,"beqineguo"
"1079998","youthfulnesses",,"baqonagie"
"1079999","youthhead",,"ovaquro"
"1080000","youthheads",,"ovaquret"
"1080001","youthheid",,"evuqirun"
"1080002","youthhood",,"evuqire"
"1080003","youthhoods",,"evuqirin"
"1080004","youthier",,"baqoniu"
"1080005","youthiest",,"buqenoon"
"1080006","youthified",,"ovaqusan"
"1080007","youthifies",,"beqinuin"
"1080008","youthify",,"buqenoona"
"1080009","youthifying",,"uvoqesero"
"1080010","youthily",,"beqinuan"
"1080011","youthiness",,"boqunaon"
"1080012","youthism",,"aviqosa"
"1080013","youthitude",,"uvoqesan"
"1080014","youthless",,"biqanue"
"1080015","youthlessness",,"evuqiziden"
"1080016","youthlike",,"boquniet"
"1080017","youthlikeness",,"aviqozape"
"1080018","youthly",,"beqinet"
"1080019","youthman",,"boqunua"
"1080020","youthness",,"boqunao"
"1080021","youthquake",,"evuqice"
"1080022","youthquakes",,"evuqicitin"
"1080023","youths",,"ovaqui"
"1080024","youthsome",,"evuqiwun"
"1080025","youthspeak",,"beqinuun"
"1080026","youthsplain",,"buqenocou"
"1080027","youthsplained",,"uvoqewefa"
"1080028","youthsplainer",,"aviqowofe"
"1080029","youthsplaining",,"uvoqewefat"
"1080030","youthsplains",,"buqenocoot"
"1080031","youthsploitation",,"boqunacaan"
"1080032","youthtide",,"aviqobot"
"1080033","youthtime",,"boquneen"
"1080034","youthward",,"evuqikan"
"1080035","youthwards",,"evuqikun"
"1080036","youthwear",,"buqeneen"
"1080037","youthwork",,"baqonoa"
"1080038","youthwort",,"ovaquket"
"1080039","youthy",,"uvoqot"
"1080040","youtiao",,"biqari"
"1080041","youtsey",,"beqiqa"
"1080042","youtube",,"aviqaan"
"1080043","youtubed",,"biqabaet"
"1080044","youtuber",,"buqebeot"
"1080045","youtubers",,"buqebeo"
"1080046","youtubes",,"aviqasun"
"1080047","youtubian",,"biqabaun"
"1080048","youtubing",,"biqabau"
"1080049","youtubular",,"aviqasa"
"1080050","youuns",,"boqaun"
"1080051","youve",,"biqov"
"1080052","youward",,"evudoo"
"1080053","youwards",,"evudoqet"
"1080054","youxia",,"buqaua"
"1080055","youyang",,"boqunue"
"1080056","youyu",,"ivekie"
"1080057","youz",,"boqaa"
"1080058","youze",,"bequv"
"1080059","youzh",,"uvole"
"1080060","youzhe",,"ivelet"
"1080061","yovanovich",,"evamuhu"
"1080062","yoven",,"ivoteni"
"1080063","yovonnda",,"uvipofen"
"1080064","yowah",,"bebana"
"1080065","yowch",,"baben"
"1080066","yowden",,"ovosati"
"1080067","yowdrin",,"bobucu"
"1080068","yowe",,"avatri"
"1080069","yowed",,"bibet"
"1080070","yowell",,"ovotesi"
"1080071","yoweri",,"bubou"
"1080072","yowes",,"avatini"
"1080073","yowie",,"avanano"
"1080074","yowies",,"avananu"
"1080075","yowing",,"bibui"
"1080076","yowl",,"biboa"
"1080077","yowled",,"ivitenn"
"1080078","yowler",,"uvutino"
"1080079","yowlers",,"uvutuaa"
"1080080","yowley",,"bubiea"
"1080081","yowleys",,"bubivin"
"1080082","yowlin",,"ovotinn"
"1080083","yowling",,"iviteea"
"1080084","yowlingly",,"boberaon"
"1080085","yowlings",,"ivitefin"
"1080086","yowlring",,"bobecaen"
"1080087","yowls",,"biboqa"
"1080088","yowly",,"babula"
"1080089","yown",,"bobie"
"1080090","yowndrift",,"bibutau"
"1080091","yowrie",,"bubuu"
"1080092","yows",,"evecdi"
"1080093","yowsa",,"ovocia"
"1080094","yowsah",,"beboa"
"1080095","yowt",,"bubea"
"1080096","yowytewa",,"bubewuin"
"1080097","yowyug",,"ivikon"
"1080098","yowza",,"boban"
"1080099","yowzah",,"uvulina"
"1080100","yowzer",,"ovolate"
"1080101","yowzers",,"ovoloea"
"1080102","yoxall",,"bodeun"
"1080103","yoxed",,"uvatita"
"1080104","yoxes",,"bideq"
"1080105","yoxford",,"uvakio"
"1080106","yoxing",,"uvanoi"
"1080107","yoxter",,"bidao"
"1080108","yoyetewa",,"bagiwai"
"1080109","yoyo",,"ovuptu"
"1080110","yoyoed",,"bugeun"
"1080111","yoyogi",,"ivapan"
"1080112","yoyoing",,"bugerena"
"1080113","yoyoma",,"evipou"
"1080114","yoyu",,"uvews"
"1080115","yozgat",,"evuloa"
"1080116","ypako",,"bulef"
"1080117","ypakoe",,"bilaat"
"1080118","yperite",,"basurin"
"1080119","yperites",,"basuria"
"1080120","yperitic",,"besarue"
"1080121","ypight",,"bimein"
"1080122","ypipo",,"ezofa"
"1080123","ypjyzijezepijnojhdzn",,"binumavuot"
"1080124","yplaced",,"basise"
"1080125","yplahtne",,"biseneot"
"1080126","yplast",,"besuia"
"1080127","yplight",,"ozenien"
"1080128","ypmed",,"uzutia"
"1080129","ypocras",,"ezirien"
"1080130","ypogegrammeni",,"buzovuwean"
"1080131","ypointing",,"azonibon"
"1080132","yponomeuta",,"bazafei"
"1080133","yponomeutas",,"bazafepeat"
"1080134","yponomeutid",,"uzezipeke"
"1080135","yponomeutidae",,"uzezipekin"
"1080136","yponomeutidaes",,"uzezipeka"
"1080137","yponomeutids",,"uzezipekina"
"1080138","yponomeutoid",,"ezizapiko"
"1080139","ypoons",,"uzepaa"
"1080140","ypoorg",,"izapan"
"1080141","yportne",,"ezijaet"
"1080142","ypotain",,"bozinet"
"1080143","ypothecar",,"azoqozin"
"1080144","ypothegar",,"eziqizun"
"1080145","ypotryll",,"bizucea"
"1080146","yppah",,"bapin"
"1080147","ypperam",,"bopuco"
"1080148","yppiks",,"izenan"
"1080149","yppit",,"bipiw"
"1080150","yppiz",,"bapam"
"1080151","yppup",,"bupeh"
"1080152","ypres",,"ozotaa"
"1080153","ypreses",,"ezetuo"
"1080154","ypresian",,"bahoqoo"
"1080155","ypress",,"ozotun"
"1080156","ypresses",,"ezetuwet"
"1080157","yprisoned",,"ezenuhat"
"1080158","yprois",,"azapun"
"1080159","ypsce",,"bejev"
"1080160","ypsi",,"bojoe"
"1080161","ypsigon",,"izunue"
"1080162","ypsilant",,"uzanaron"
"1080163","ypsilanti",,"uzanarat"
"1080164","ypsilantis",,"uzanare"
"1080165","ypsiliform",,"izunuson"
"1080166","ypsiloid",,"bojovaan"
"1080167","ypsilon",,"bajaven"
"1080168","ypsilons",,"bajavion"
"1080169","ypsolophid",,"bejovuet"
"1080170","ypts",,"ozucne"
"1080171","ypurinan",,"izejefe"
"1080172","ypurinans",,"izejefin"
"1080173","ypvs",,"ezacnu"
"1080174","yquem",,"ipeta"
"1080175","yquems",,"ipetet"
"1080176","yraft",,"balawa"
"1080177","yrag",,"baleo"
"1080178","yrahcazg",,"bilaseun"
"1080179","yram",,"bolui"
"1080180","yranac",,"efazot"
"1080181","yranecre",,"balivaun"
"1080182","yrap",,"ufifno"
"1080183","yrapt",,"balawe"
"1080184","yrard",,"buleta"
"1080185","yrare",,"ofejoa"
"1080186","yrast",,"ofecea"
"1080187","yravished",,"afubiwin"
"1080188","yrbamhm",,"bemozi"
"1080189","yrbk",,"efes"
"1080190","yrbs",,"ofocti"
"1080191","yrch",,"ofimna"
"1080192","yrdnalcj",,"buronoet"
"1080193","yreffej",,"ofakoot"
"1080194","yreffejc",,"ofakoza"
"1080195","yrehcy",,"ifemena"
"1080196","yreka",,"boson"
"1080197","yrekas",,"bosoea"
"1080198","yrent",,"busowa"
"1080199","yreppils",,"ofafoso"
"1080200","yres",,"bosas"
"1080201","yrevab",,"bosiata"
"1080202","yreyt",,"ofakea"
"1080203","yrivd",,"bemota"
"1080204","yrjo",,"ifapt"
"1080205","yrly",,"ofeku"
"1080206","yrneh",,"bavana"
"1080207","yrnehs",,"bavaun"
"1080208","yrogerg",,"afolaua"
"1080209","yrolg",,"ifatut"
"1080210","yrom",,"bizae"
"1080211","yron",,"efizte"
"1080212","yronne",,"buzoa"
"1080213","yrots",,"ifaqei"
"1080214","yrrabir",,"ufumeaa"
"1080215","yrrabvc",,"ofomuun"
"1080216","yrrah",,"baheno"
"1080217","yrral",,"bihuve"
"1080218","yrrebwar",,"efetiken"
"1080219","yrrefpj",,"bahalin"
"1080220","yrregaka",,"ifiturat"
"1080221","yrrehc",,"bihiona"
"1080222","yrrej",,"bohosa"
"1080223","yrsa",,"bujae"
"1080224","yrth",,"bicae"
"1080225","yrtnuoc",,"becubon"
"1080226","yrtsimeh",,"bacirua"
"1080227","yrunne",,"bequen"
"1080228","yrusk",,"bequt"
"1080229","yruu",,"beqeo"
"1080230","yrynenite",,"efizefan"
"1080231","ysabel",,"ahunon"
"1080232","ysabelle",,"balevoo"
"1080233","ysaias",,"ihonet"
"1080234","ysame",,"uhivue"
"1080235","ysayde",,"baliea"
"1080236","ysaye",,"ihoki"
"1080237","ysayes",,"ihoko"
"1080238","ysbaddad",,"ohomevat"
"1080239","yscir",,"bunec"
"1080240","ysearch",,"ohamue"
"1080241","ysec",,"ahirs"
"1080242","yseene",,"bisoati"
"1080243","yself",,"ahita"
"1080244","yseot",,"busowe"
"1080245","yser",,"bisui"
"1080246","yseult",,"ohawun"
"1080247","yseulta",,"ihewuon"
"1080248","yseulte",,"ehuwoo"
"1080249","ysgeifiog",,"bikoruun"
"1080250","ysgithyr",,"bokuwae"
"1080251","ysgrepan",,"bukavae"
"1080252","ysgubor",,"uhiweo"
"1080253","yshend",,"baluota"
"1080254","yshending",,"ehetuve"
"1080255","yshends",,"balupo"
"1080256","yshent",,"baluae"
"1080257","yshone",,"ahapata"
"1080258","ysko",,"ohape"
"1080259","yslain",,"ihomia"
"1080260","yslaked",,"ihomion"
"1080261","ysolde",,"ahotie"
"1080262","ysoldes",,"ahotuat"
"1080263","ysonge",,"bizain"
"1080264","ysought",,"ihawuun"
"1080265","ysowen",,"bazeota"
"1080266","yspadaden",,"ahimuruna"
"1080267","ysprong",,"bepofot"
"1080268","ysrcp",,"ihiri"
"1080269","yssel",,"bejava"
"1080270","yssels",,"bejaat"
"1080271","ysset",,"bojew"
"1080272","yssirhc",,"ohinuot"
"1080273","yssorbce",,"ihupasia"
"1080274","ystad",,"ehimaa"
"1080275","ystalyfera",,"uhemami"
"1080276","ystapalap",,"ahomarin"
"1080277","ysteb",,"ahotoa"
"1080278","ysterbos",,"bacucien"
"1080279","ystok",,"bucot"
"1080280","ystrad",,"bucaet"
"1080281","ystradgynlais",,"bucanurean"
"1080282","ystradowen",,"ihajuve"
"1080283","ystueta",,"uhewuin"
"1080284","ystwyth",,"biculot"
"1080285","yswore",,"bibee"
"1080286","ytaken",,"ojesun"
"1080287","ytelle",,"busiea"
"1080288","ytfel",,"bigev"
"1080289","ytgdrs",,"bakoi"
"1080290","ytgpdrs",,"ijofoan"
"1080291","ythan",,"bilopa"
"1080292","ythe",,"ajato"
"1080293","ythede",,"bolai"
"1080294","ytheed",,"bolaia"
"1080295","ythf",,"belunu"
"1080296","ythrowe",,"bulufot"
"1080297","ythundered",,"ajawivin"
"1080298","ytilauq",,"ajeteea"
"1080299","ytinifni",,"ojizami"
"1080300","ytinirt",,"ijuzeun"
"1080301","ytirahc",,"bemenena"
"1080302","ytkow",,"birag"
"1080303","ytlayor",,"bisolon"
"1080304","ytlpr",,"ejafi"
"1080305","ytluncm",,"bosapu"
"1080306","ytnewt",,"biveo"
"1080307","ytniatre",,"ijunubat"
"1080308","ytold",,"buzita"
"1080309","ytost",,"ojuce"
"1080310","ytper",,"bapic"
"1080311","ytpme",,"ujovu"
"1080312","ytpmv",,"bopod"
"1080313","ytpr",,"bepee"
"1080314","ytprs",,"bepeqa"
"1080315","ytra",,"ojomnu"
"1080316","ytrairom",,"behariia"
"1080317","ytram",,"ajamoe"
"1080318","ytrap",,"boheh"
"1080319","ytrebil",,"ujutea"
"1080320","ytrp",,"behuu"
"1080321","ytrs",,"ejecu"
"1080322","ytrsp",,"behoh"
"1080323","ytshak",,"ejomen"
"1080324","ytsud",,"ujawi"
"1080325","ytsur",,"ajewo"
"1080326","ytter",,"bicec"
"1080327","ytterbate",,"bicecaon"
"1080328","ytterbia",,"ejitiset"
"1080329","ytterbian",,"bocacuot"
"1080330","ytterbias",,"ejitisi"
"1080331","ytterbic",,"ajotosun"
"1080332","ytterbite",,"bocacuin"
"1080333","ytterbites",,"bocacua"
"1080334","ytterbiu",,"ujeteso"
"1080335","ytterbium",,"ojutusoa"
"1080336","ytterbiums",,"ojutuset"
"1080337","ytterbous",,"ejitisia"
"1080338","ytterby",,"ojutuun"
"1080339","ytterite",,"ijatasan"
"1080340","ytterium",,"bacicie"
"1080341","yttik",,"ujenua"
"1080342","yttocs",,"ojupun"
"1080343","yttotkb",,"ejipaet"
"1080344","yttria",,"bacai"
"1080345","yttrialite",,"bocorieta"
"1080346","yttrian",,"ujejoo"
"1080347","yttrias",,"bacarat"
"1080348","yttric",,"bucuu"
"1080349","yttriferous",,"becerepain"
"1080350","yttrious",,"bacaruu"
"1080351","yttrium",,"beceret"
"1080352","yttriums",,"becerei"
"1080353","yttro",,"becef"
"1080354","yttrobetafite",,"becefipoot"
"1080355","yttrocerite",,"bucufopii"
"1080356","yttrocolumbite",,"ujejitafo"
"1080357","yttrocrasite",,"becefuwuu"
"1080358","yttrofluorite",,"becefepiet"
"1080359","yttrogummite",,"ojujenuhu"
"1080360","yttropyrochlore",,"ujejijabon"
"1080361","yttrotantalite",,"ijajobejan"
"1080362","yttrotantalites",,"ijajobejun"
"1080363","yttrotitanite",,"bocofetie"
"1080364","yttrotungstite",,"becefageon"
"1080365","ytuarte",,"biqocen"
"1080366","ytuorprj",,"boqucoa"
"1080367","yturned",,"ejujuo"
"1080368","ytva",,"ajumna"
"1080369","ytzaex",,"bikoot"
"1080370","yuan",,"bilie"
"1080371","yuanan",,"ocezuni"
"1080372","yuanbao",,"ocezuea"
"1080373","yuanchao",,"ocezarot"
"1080374","yuanfuliite",,"ecazeduva"
"1080375","yuanga",,"balaua"
"1080376","yuanhui",,"icozaat"
"1080377","yuanjian",,"belesiu"
"1080378","yuanjiang",,"bolosuun"
"1080379","yuanjiangite",,"ecazasujen"
"1080380","yuanli",,"ocezua"
"1080381","yuanlin",,"buluvan"
"1080382","yuanping",,"bilihao"
"1080383","yuanqu",,"biliat"
"1080384","yuans",,"biliqa"
"1080385","yuanshan",,"boloqion"
"1080386","yuanshin",,"beleqoin"
"1080387","yuanyang",,"acuzuru"
"1080388","yuanzhou",,"belemoe"
"1080389","yuapin",,"acufat"
"1080390","yuapins",,"acufie"
"1080391","yuat",,"baleu"
"1080392","yuba",,"bemua"
"1080393","yubari",,"ocomuna"
"1080394","yubi",,"bamaa"
"1080395","yubitsume",,"ecenawan"
"1080396","yuca",,"ecomri"
"1080397","yucahu",,"baniea"
"1080398","yucaipa",,"binerun"
"1080399","yucaipas",,"binerou"
"1080400","yucas",,"ecomui"
"1080401","yucat",,"baniw"
"1080402","yucatan",,"ucamiin"
"1080403","yucatans",,"ucamira"
"1080404","yucatcn",,"icumoeta"
"1080405","yucatcns",,"icumoti"
"1080406","yucatec",,"bunowa"
"1080407","yucatecan",,"icumozi"
"1080408","yucatecans",,"icumozat"
"1080409","yucateci",,"bunowiet"
"1080410","yucateco",,"benuwai"
"1080411","yucatecoes",,"baniwua"
"1080412","yucatecos",,"benuwaat"
"1080413","yucatecs",,"bunowien"
"1080414","yucathan",,"bunowai"
"1080415","yucatnel",,"baniwoot"
"1080416","yucatnels",,"baniwoo"
"1080417","yucats",,"baniun"
"1080418","yucca",,"ecoro"
"1080419","yuccaloeside",,"ucarazafan"
"1080420","yuccas",,"ecorin"
"1080421","yucch",,"banani"
"1080422","yuccie",,"ucare"
"1080423","yuccifolium",,"ucaromafin"
"1080424","yuccoside",,"banafoa"
"1080425","yuch",,"banuo"
"1080426","yuchen",,"ocimun"
"1080427","yucheng",,"icumian"
"1080428","yuchi",,"banur"
"1080429","yuchiang",,"acemirot"
"1080430","yuchier",,"acemiun"
"1080431","yuchiest",,"ucamozen"
"1080432","yuchingkou",,"ucamofua"
"1080433","yuchis",,"banuin"
"1080434","yuchong",,"ecomaia"
"1080435","yuchtman",,"benawoe"
"1080436","yuchun",,"ocimea"
"1080437","yuchy",,"bonela"
"1080438","yuci",,"acentu"
"1080439","yuck",,"ucasno"
"1080440","yucked",,"bonuu"
"1080441","yuckel",,"benion"
"1080442","yucker",,"binaan"
"1080443","yuckers",,"binavun"
"1080444","yuckety",,"buneven"
"1080445","yuckier",,"binare"
"1080446","yuckiest",,"bonureet"
"1080447","yuckily",,"buneri"
"1080448","yuckiness",,"banoroet"
"1080449","yuckinesses",,"bunerepiin"
"1080450","yucking",,"bonuron"
"1080451","yuckle",,"beniona"
"1080452","yucko",,"ecosana"
"1080453","yucks",,"ucasos"
"1080454","yuckster",,"icuseban"
"1080455","yucky",,"ecosane"
"1080456","yucuaiqu",,"acewese"
"1080457","yucuna",,"bonuin"
"1080458","yucunicoco",,"banopoon"
"1080459","yudane",,"ocuman"
"1080460","yudati",,"acomin"
"1080461","yuddha",,"bareuna"
"1080462","yudhishthira",,"ocumawegin"
"1080463","yudin",,"ocunao"
"1080464","yudistira",,"baraqiet"
"1080465","yudkowsky",,"burefaun"
"1080466","yuduki",,"boruaa"
"1080467","yuecheng",,"ocaruzot"
"1080468","yuechi",,"busuena"
"1080469","yuechis",,"busunona"
"1080470","yuechu",,"bisiane"
"1080471","yueh",,"busiu"
"1080472","yuehchukene",,"bisosuguet"
"1080473","yuehming",,"ecumisuna"
"1080474","yuehshio",,"ocamaren"
"1080475","yuehu",,"bisob"
"1080476","yuehwern",,"busigii"
"1080477","yuelu",,"besub"
"1080478","yuen",,"beset"
"1080479","yuengling",,"busumuot"
"1080480","yuenyeung",,"acizuzin"
"1080481","yuepuhu",,"ucofuaa"
"1080482","yueqin",,"bosaaa"
"1080483","yueqing",,"biserin"
"1080484","yues",,"ucocse"
"1080485","yueshun",,"ecuciet"
"1080486","yuexiu",,"basaea"
"1080487","yueyang",,"basenin"
"1080488","yuezhi",,"eculoe"
"1080489","yufka",,"begin"
"1080490","yuft",,"ecuqte"
"1080491","yufts",,"ecuqut"
"1080492","yuga",,"ocemre"
"1080493","yugada",,"bokain"
"1080494","yugambeh",,"acumosu"
"1080495","yugan",,"bukop"
"1080496","yugang",,"bakiot"
"1080497","yugao",,"ucimin"
"1080498","yugara",,"bikeat"
"1080499","yugarabul",,"bekuceu"
"1080500","yugari",,"bokao"
"1080501","yugarie",,"bekucat"
"1080502","yugaries",,"bekucie"
"1080503","yugas",,"ocemane"
"1080504","yugawaralite",,"bukoguwea"
"1080505","yuge",,"acutta"
"1080506","yugen",,"bokup"
"1080507","yugg",,"oceln"
"1080508","yuggara",,"bukoni"
"1080509","yuggarabul",,"bokaniun"
"1080510","yuggarapul",,"bikenuon"
"1080511","yuggera",,"bokaven"
"1080512","yugh",,"bekae"
"1080513","yughard",,"bokenen"
"1080514","yughurt",,"bakubo"
"1080515","yugioh",,"bikiin"
"1080516","yugiri",,"bekeun"
"1080517","yugituber",,"bukuwiun"
"1080518","yugo",,"icopna"
"1080519","yugonostalgia",,"bikupebiot"
"1080520","yugonostalgic",,"bokipaboon"
"1080521","yugos",,"icopee"
"1080522","yugoslav",,"ecapuzan"
"1080523","yugoslavia",,"ocepazi"
"1080524","yugoslaviae",,"ecapuzulin"
"1080525","yugoslavian",,"bukaquseo"
"1080526","yugoslavianness",,"ecapuzulat"
"1080527","yugoslavians",,"bukaquseet"
"1080528","yugoslavias",,"ocepazalat"
"1080529","yugoslavic",,"ecapuzu"
"1080530","yugoslavism",,"ucipozolin"
"1080531","yugoslavistics",,"bakeqasoen"
"1080532","yugoslavness",,"bokiqosuot"
"1080533","yugoslavs",,"ecapuzuna"
"1080534","yugosphere",,"bikuqoet"
"1080535","yugs",,"ecacre"
"1080536","yugur",,"bakoca"
"1080537","yugure",,"bukeen"
"1080538","yuhas",,"beluqt"
"1080539","yuhasz",,"icimeta"
"1080540","yuhdauh",,"balenot"
"1080541","yuhina",,"ucunaa"
"1080542","yuhjiun",,"beloru"
"1080543","yuhn",,"icizs"
"1080544","yuhsi",,"balar"
"1080545","yuhtai",,"eceqena"
"1080546","yuhua",,"balona"
"1080547","yuhuan",,"iciwon"
"1080548","yuian",,"bimep"
"1080549","yuichiro",,"icurasu"
"1080550","yuie",,"ucatti"
"1080551","yuiko",,"ecosani"
"1080552","yuill",,"ocitine"
"1080553","yuille",,"ecotent"
"1080554","yuin",,"bomon"
"1080555","yuina",,"bimin"
"1080556","yuit",,"buman"
"1080557","yuits",,"bumaqa"
"1080558","yuji",,"bunun"
"1080559","yujiang",,"ucenaet"
"1080560","yujie",,"biniv"
"1080561","yujiko",,"banaa"
"1080562","yujin",,"ocunau"
"1080563","yuk",,"ucou"
"1080564","yuka",,"acimra"
"1080565","yukaghir",,"ocamiret"
"1080566","yukaghirs",,"ocamiri"
"1080567","yukagir",,"berume"
"1080568","yukagirs",,"berumiin"
"1080569","yukako",,"ecumenu"
"1080570","yukar",,"barica"
"1080571","yukari",,"bariin"
"1080572","yukata",,"barie"
"1080573","yukatas",,"bariwin"
"1080574","yukawa",,"ucomue"
"1080575","yukawas",,"ucomeot"
"1080576","yukaze",,"bariun"
"1080577","yuke",,"icetre"
"1080578","yuked",,"borut"
"1080579","yukes",,"iceteu"
"1080580","yukgaejang",,"ucolazun"
"1080581","yukhoe",,"baruin"
"1080582","yuki",,"uconte"
"1080583","yukian",,"boroo"
"1080584","yukians",,"boronet"
"1080585","yukie",,"icenis"
"1080586","yukier",,"biriun"
"1080587","yukiest",,"boroven"
"1080588","yukigassen",,"boromoe"
"1080589","yukikaze",,"burutuan"
"1080590","yukiko",,"acineto"
"1080591","yukimai",,"icenaun"
"1080592","yukimura",,"borozei"
"1080593","yukina",,"borooa"
"1080594","yuking",,"boroet"
"1080595","yukio",,"ecunau"
"1080596","yukis",,"uconoa"
"1080597","yukiuma",,"ocanoot"
"1080598","yukked",,"beriona"
"1080599","yukkei",,"ocasut"
"1080600","yukkel",,"baroin"
"1080601","yukkier",,"boruret"
"1080602","yukkiest",,"berirau"
"1080603","yukkiness",,"burereu"
"1080604","yukking",,"beririna"
"1080605","yukky",,"acisu"
"1080606","yuklung",,"acitain"
"1080607","yuknoom",,"birifot"
"1080608","yuko",,"ecupnu"
"1080609","yukola",,"barein"
"1080610","yukon",,"birup"
"1080611","yukoner",,"icepean"
"1080612","yukoners",,"icepezun"
"1080613","yukonite",,"ocapaso"
"1080614","yukons",,"biruea"
"1080615","yukos",,"ecupuo"
"1080616","yuks",,"ucocsi"
"1080617","yuksporite",,"berehuo"
"1080618","yukster",,"icecoia"
"1080619","yukubenic",,"aciwozin"
"1080620","yuky",,"ecukt"
"1080621","yulan",,"ocemani"
"1080622","yulans",,"ocemeni"
"1080623","yulbaridja",,"basuneoni"
"1080624","yule",,"bosunu"
"1080625","yuleblock",,"bosuroi"
"1080626","yulecart",,"bisasie"
"1080627","yulee",,"besivo"
"1080628","yulees",,"besiet"
"1080629","yulefest",,"bosuleet"
"1080630","yulemonth",,"acutoho"
"1080631","yules",,"bosuqn"
"1080632","yuletide",,"basowoot"
"1080633","yuletides",,"basowoo"
"1080634","yuletree",,"basowein"
"1080635","yulgyal",,"ecalaon"
"1080636","yuli",,"bisini"
"1080637","yulia",,"busune"
"1080638","yulin",,"ecanus"
"1080639","yullundry",,"basiboet"
"1080640","yulma",,"boseni"
"1080641","yulo",,"basete"
"1080642","yuloh",,"ecapie"
"1080643","yulon",,"icopei"
"1080644","yulong",,"ucipoe"
"1080645","yulparija",,"ocefiqet"
"1080646","yulparirra",,"bisanuet"
"1080647","yulparitja",,"besinoo"
"1080648","yum",,"icio"
"1080649","yuma",,"ucumru"
"1080650","yuman",,"betupa"
"1080651","yumana",,"botaota"
"1080652","yumanist",,"ecemusan"
"1080653","yumans",,"betui"
"1080654","yumas",,"ucumora"
"1080655","yumbel",,"ecenae"
"1080656","yumberry",,"batuveot"
"1080657","yume",,"ocotta"
"1080658","yumed",,"betit"
"1080659","yumeing",,"batoro"
"1080660","yumeko",,"iciton"
"1080661","yumen",,"butepi"
"1080662","yumes",,"ocotau"
"1080663","yumeship",,"ucutoron"
"1080664","yumeshipped",,"ucutoruqun"
"1080665","yumeshipper",,"acatiraqon"
"1080666","yumeshipping",,"ucutoruqen"
"1080667","yumeships",,"ucutoran"
"1080668","yumeta",,"botuin"
"1080669","yumi",,"icinte"
"1080670","yumika",,"icinie"
"1080671","yumiko",,"ucunoo"
"1080672","yumil",,"betev"
"1080673","yumitori",,"acanuha"
"1080674","yumjao",,"batein"
"1080675","yumjaotaba",,"botinaan"
"1080676","yumkhaibam",,"icisara"
"1080677","yumkham",,"betine"
"1080678","yumlembam",,"icitipe"
"1080679","yummers",,"batuvot"
"1080680","yummier",,"batura"
"1080681","yummies",,"acavie"
"1080682","yummiest",,"butiriat"
"1080683","yummily",,"betare"
"1080684","yumminess",,"boteruat"
"1080685","yumminesses",,"betaripaen"
"1080686","yummo",,"icivoi"
"1080687","yummy",,"icivou"
"1080688","yummylicious",,"boteloteo"
"1080689","yumnam",,"butuet"
"1080690","yumoji",,"butai"
"1080691","yump",,"butea"
"1080692","yumped",,"icifen"
"1080693","yumpie",,"bitaun"
"1080694","yumpies",,"bitaru"
"1080695","yumping",,"icifeea"
"1080696","yumpla",,"ucufot"
"1080697","yumplatok",,"butevuu"
"1080698","yumps",,"buteq"
"1080699","yumpsville",,"ucufogun"
"1080700","yumptious",,"acafuso"
"1080701","yumpu",,"bitab"
"1080702","yumrembam",,"acajapin"
"1080703","yumsharol",,"batanai"
"1080704","yumtastic",,"iciquwe"
"1080705","yumuk",,"ecewea"
"1080706","yumul",,"batova"
"1080707","yumurtal",,"beticue"
"1080708","yumurtalik",,"batociat"
"1080709","yumyums",,"ocokoin"
"1080710","yuna",,"bivee"
"1080711","yunaconitine",,"ucamohuvin"
"1080712","yunagi",,"buvoona"
"1080713","yunan",,"ecomuo"
"1080714","yunani",,"ecomena"
"1080715","yunc",,"bovoo"
"1080716","yunca",,"bivin"
"1080717","yuncan",,"ecora"
"1080718","yuncans",,"ecoroen"
"1080719","yuncas",,"bivian"
"1080720","yuncheng",,"bavanuen"
"1080721","yundool",,"buvafi"
"1080722","yunfei",,"icukie"
"1080723","yunfu",,"icukii"
"1080724","yung",,"bivei"
"1080725","yungan",,"ocilu"
"1080726","yungang",,"iculuun"
"1080727","yungas",,"buvoet"
"1080728","yungay",,"bevuia"
"1080729","yungchia",,"acelirot"
"1080730","yungchuan",,"bevusoot"
"1080731","yungchun",,"baviseet"
"1080732","yungfu",,"ucaloe"
"1080733","yungho",,"ecolon"
"1080734","yunghsing",,"bovanuin"
"1080735","yunghuoy",,"ociluden"
"1080736","yungkang",,"ociloret"
"1080737","yungkia",,"bivetot"
"1080738","yungkias",,"bivetao"
"1080739","yungmuh",,"ecolian"
"1080740","yungning",,"buvopein"
"1080741","yungnings",,"buvopea"
"1080742","yungping",,"bivehaet"
"1080743","yungshu",,"iculeun"
"1080744","yungyu",,"buvoeta"
"1080745","yunick",,"beveane"
"1080746","yunis",,"bovoqe"
"1080747","yunkee",,"buveo"
"1080748","yunker",,"ecoso"
"1080749","yunks",,"beviqe"
"1080750","yunlin",,"biveu"
"1080751","yunling",,"buvorun"
"1080752","yunluo",,"ocituu"
"1080753","yunmeng",,"icuviat"
"1080754","yunn",,"acezne"
"1080755","yunnan",,"biviune"
"1080756","yunnanensis",,"acezefojon"
"1080757","yunnanese",,"bevenie"
"1080758","yunnanfu",,"ucazafon"
"1080759","yunnanosaurid",,"bavanojuin"
"1080760","yunnanosaurus",,"acezefedat"
"1080761","yunnanozoan",,"bovonujiu"
"1080762","yunnans",,"bivinu"
"1080763","yunno",,"ocizeo"
"1080764","yunnori",,"bovofon"
"1080765","yunnow",,"acezata"
"1080766","yunntzu",,"acezuun"
"1080767","yunsun",,"ucacote"
"1080768","yunupingu",,"bavohoan"
"1080769","yunus",,"beviqi"
"1080770","yunx",,"aceg"
"1080771","yunxes",,"ucagu"
"1080772","yunxi",,"acegia"
"1080773","yunyan",,"icuketa"
"1080774","yunyang",,"ucakao"
"1080775","yunzhou",,"bavona"
"1080776","yuon",,"buzuo"
"1080777","yuonkuan",,"ecizedan"
"1080778","yuory",,"buzil"
"1080779","yupanqui",,"acimicin"
"1080780","yupei",,"bapor"
"1080781","yuper",,"ecutit"
"1080782","yupest",,"acitii"
"1080783","yupify",,"acinune"
"1080784","yupik",,"bapata"
"1080785","yupiks",,"bapaot"
"1080786","yupin",,"uconoe"
"1080787","yuping",,"acinetu"
"1080788","yupogha",,"ecupoi"
"1080789","yupon",,"ecupuu"
"1080790","yupons",,"ecupen"
"1080791","yupper",,"bopuota"
"1080792","yuppers",,"bopuvo"
"1080793","yuppest",,"bepivan"
"1080794","yuppette",,"acifabun"
"1080795","yuppie",,"ocafe"
"1080796","yuppiedom",,"bepirain"
"1080797","yuppiedoms",,"bepiraa"
"1080798","yuppiehood",,"ecufuzu"
"1080799","yuppieish",,"bopureun"
"1080800","yuppieism",,"acifizo"
"1080801","yuppieness",,"biparoen"
"1080802","yuppies",,"ocafain"
"1080803","yuppification",,"buperitiat"
"1080804","yuppifications",,"buperitie"
"1080805","yuppified",,"icefemin"
"1080806","yuppifies",,"biparoet"
"1080807","yuppify",,"bepire"
"1080808","yuppifying",,"acifiman"
"1080809","yuppiness",,"buperee"
"1080810","yuppism",,"ecufui"
"1080811","yuppity",,"buperi"
"1080812","yuppo",,"acifue"
"1080813","yuppy",,"acifui"
"1080814","yuppydom",,"bupeloan"
"1080815","yuppyish",,"bapoloet"
"1080816","yuppyism",,"icefose"
"1080817","yups",,"bepei"
"1080818","yupster",,"bapawin"
"1080819","yupurga",,"icewaan"
"1080820","yupyus",,"bopiota"
"1080821","yuqian",,"bufuet"
"1080822","yuqui",,"acuwii"
"1080823","yuquilla",,"icoweze"
"1080824","yuquillas",,"icowezin"
"1080825","yura",,"behut"
"1080826","yuracar",,"icimeet"
"1080827","yurak",,"bahit"
"1080828","yuraks",,"bahiu"
"1080829","yurats",,"ecemas"
"1080830","yuraygir",,"acamunin"
"1080831","yurchak",,"eceriet"
"1080832","yurchi",,"eceren"
"1080833","yure",,"buhet"
"1080834","yurei",,"buher"
"1080835","yurek",,"bihata"
"1080836","yuremamine",,"icitarin"
"1080837","yurembam",,"ocotusin"
"1080838","yurenjam",,"bahopio"
"1080839","yurev",,"icituu"
"1080840","yuri",,"bahao"
"1080841","yuria",,"behen"
"1080842","yuricest",,"ucunozo"
"1080843","yurick",,"buhuet"
"1080844","yurie",,"buhuv"
"1080845","yurii",,"bahar"
"1080846","yurik",,"buhut"
"1080847","yurika",,"bahaini"
"1080848","yuriko",,"beheate"
"1080849","yurimaguas",,"bahazaan"
"1080850","yurimaguass",,"bahazareun"
"1080851","yurina",,"ucunota"
"1080852","yuriorkis",,"oconeqi"
"1080853","yuris",,"bahaq"
"1080854","yuriy",,"bohol"
"1080855","yurk",,"buhes"
"1080856","yurko",,"behif"
"1080857","yurkovich",,"bahofai"
"1080858","yurla",,"acatea"
"1080859","yurmatian",,"bohenaan"
"1080860","yuro",,"bohino"
"1080861","yurok",,"behota"
"1080862","yuroke",,"baheue"
"1080863","yuroks",,"behoana"
"1080864","yurop",,"ucupua"
"1080865","yursa",,"beheni"
"1080866","yurt",,"acaqni"
"1080867","yurta",,"eceqo"
"1080868","yurtas",,"eceqai"
"1080869","yurting",,"bihurot"
"1080870","yurtlike",,"behoviu"
"1080871","yurts",,"acaqia"
"1080872","yurucare",,"acawirat"
"1080873","yurucarean",,"bihasiot"
"1080874","yurucareans",,"bihasiwuo"
"1080875","yurucares",,"acawire"
"1080876","yurucari",,"ecewuron"
"1080877","yurucaris",,"ecewuran"
"1080878","yurujare",,"buhesui"
"1080879","yurujure",,"bohuseet"
"1080880","yurujures",,"bohusei"
"1080881","yuruk",,"bihate"
"1080882","yuruks",,"bihaun"
"1080883","yuruna",,"iciwet"
"1080884","yurunas",,"iciwei"
"1080885","yurung",,"iciwi"
"1080886","yurupari",,"bohuhoona"
"1080887","yurupary",,"buhehui"
"1080888","yuruparys",,"buhehuat"
"1080889","yury",,"bohinu"
"1080890","yuryi",,"bohira"
"1080891","yusdrum",,"ocisuu"
"1080892","yusem",,"ocitut"
"1080893","yush",,"bajua"
"1080894","yushan",,"ucamote"
"1080895","yushchenko",,"bijosuon"
"1080896","yushe",,"bujiv"
"1080897","yusheng",,"icumiat"
"1080898","yushiang",,"acemira"
"1080899","yushkinite",,"bajutoun"
"1080900","yusho",,"bojefa"
"1080901","yushu",,"bujib"
"1080902","yushui",,"bujion"
"1080903","yusko",,"ecosano"
"1080904","yussuf",,"bajaina"
"1080905","yustaga",,"bojino"
"1080906","yustagas",,"bojinoet"
"1080907","yusuf",,"bajola"
"1080908","yusuk",,"icuwi"
"1080909","yusupov",,"ecoweet"
"1080910","yuta",,"bacii"
"1080911","yutaka",,"baciea"
"1080912","yutan",,"icamen"
"1080913","yutang",,"ucemotn"
"1080914","yutans",,"icamet"
"1080915","yutch",,"acorou"
"1080916","yute",,"bicai"
"1080917","yutian",,"icanona"
"1080918","yutien",,"ecinoo"
"1080919","yuting",,"icanano"
"1080920","yutnori",,"bucufan"
"1080921","yutori",,"ocupuo"
"1080922","yutu",,"bicao"
"1080923","yutz",,"eciln"
"1080924","yutzes",,"acolone"
"1080925","yutzy",,"icaloa"
"1080926","yuulngu",,"acitiu"
"1080927","yuulong",,"icetoun"
"1080928","yuva",,"buwoa"
"1080929","yuval",,"icomuu"
"1080930","yuvonne",,"buwapon"
"1080931","yuvraj",,"buwien"
"1080932","yuvyuv",,"icoken"
"1080933","yuwaalaraay",,"ucumazobon"
"1080934","yuwaaliyaay",,"bubonutue"
"1080935","yuwangtai",,"icimenu"
"1080936","yuwei",,"ocotan"
"1080937","yuxi",,"bodo"
"1080938","yuyang",,"beguia"
"1080939","yuyi",,"ocunte"
"1080940","yuyu",,"eciwnu"
"1080941","yuzanjian",,"icemetu"
"1080942","yuzawa",,"bekuen"
"1080943","yuzbashi",,"bikonain"
"1080944","yuzh",,"ocamna"
"1080945","yuzhe",,"ecumete"
"1080946","yuzhne",,"bikoata"
"1080947","yuzhno",,"bekaana"
"1080948","yuzhnoberezhny",,"ocamahefu"
"1080949","yuzhnoukrainsk",,"bokepagian"
"1080950","yuzhong",,"bokefon"
"1080951","yuzhou",,"icemona"
"1080952","yuzhoupliosaurus",,"bukificein"
"1080953","yuzik",,"bakat"
"1080954","yuzlik",,"ucotat"
"1080955","yuzluk",,"icetona"
"1080956","yuzovka",,"ocapiu"
"1080957","yuzovkas",,"ocapivot"
"1080958","yuzpe",,"ocafoa"
"1080959","yuzu",,"bako"
"1080960","yuzukosho",,"ucowuhan"
"1080961","yuzuquat",,"ecuwodet"
"1080962","yuzuru",,"aciwie"
"1080963","yuzus",,"bakoq"
"1080964","yvalth",,"uqitot"
"1080965","yvan",,"iqozu"
"1080966","yvelhd",,"oqatun"
"1080967","yvelines",,"buserain"
"1080968","yveliness",,"buseraa"
"1080969","yverdon",,"iqejoone"
"1080970","yves",,"busit"
"1080971","yvess",,"busiq"
"1080972","yvet",,"iqeqa"
"1080973","yvette",,"bosoene"
"1080974","yvettes",,"bosowona"
"1080975","yvon",,"uqezt"
"1080976","yvonite",,"bizorena"
"1080977","yvonne",,"bezau"
"1080978","yvonner",,"eqizuet"
"1080979","yvonnes",,"bezapot"
"1080980","yvor",,"oqujt"
"1080981","yvory",,"uqeji"
"1080982","ywain",,"bulop"
"1080983","ywalked",,"ewateo"
"1080984","ywam",,"iwovu"
"1080985","ywamer",,"bulein"
"1080986","ywang",,"balima"
"1080987","ywca",,"aweme"
"1080988","ywcas",,"awemi"
"1080989","ywdl",,"owut"
"1080990","yweel",,"bosova"
"1080991","ywehc",,"basos"
"1080992","ywent",,"awizua"
"1080993","ywette",,"ewuqin"
"1080994","ywha",,"boline"
"1080995","ywiec",,"iwutei"
"1080996","ywis",,"uwact"
"1080997","ywko",,"awipe"
"1080998","ywmv",,"botio"
"1080999","ywnbam",,"ewona"
"1081000","ywnbarm",,"bivanan"
"1081001","ywnbarw",,"bivani"
"1081002","ywnbaw",,"ewonot"
"1081003","ywriten",,"bohawot"
"1081004","ywroke",,"behaen"
"1081005","ywroken",,"owopoin"
"1081006","ywrought",,"bihobein"
"1081007","yxoryxof",,"ubejilet"
"1081008","yydyne",,"edikin"
"1081009","yykstpac",,"udocijo"
"1081010","yyyy",,"oduka"
"1081011","yyyyy",,"udeki"
"1081012","yyyyyy",,"edikina"
"1081013","yyyyyyy",,"idakoen"
"1081014","yyyyyyyy",,"adokuman"
"1081015","yzaguirre",,"bilebaa"
"1081016","yzarcsio",,"egajuwon"
"1081017","yzerplan",,"basuhaa"
"1081018","yzgdrs",,"bikuata"
"1081019","yzgjdrs",,"igoroan"
"1081020","yzheng",,"baloin"
"1081021","yziymjxcmjijgjbdno",,"bemozumaat"
"1081022","yzkzmnjivgduvodji",,"barozovue"
"1081023","yztdrsp",,"bicucun"
"1081024","yzzub",,"bikar"
,,,
"Language",,,
"Meaning is Universal. Language is Merely the surface.",,,
"? hzvidib dn pidqzmnvg gvibpvbz dn hzmzgt ocz npmavxz",,,
"? Erozeun ih Utuboqu. Navobuo ih Uretuna ih Ucakeata.",,,
,,,
"Same meaning. Three layers. Zero noise.",,,
"marsji.com",,,
