"Marsji Language — Canonical Lexical Lock",,,
"Version: 1.0",,,
"Locked: 16 May 2026 — 20:26 UTC",,,
"Total Entries: 1,087,070",,,
"Author: Gino Rouzee.",,,
,,,
"ID","EN",,"MJ"
"1081025","z",,"una"
"1081026","zaabo",,"dilef"
"1081027","zaafi",,"dolir"
"1081028","zaalouk",,"dulefet"
"1081029","zaanaim",,"dolenae"
"1081030","zaanan",,"okazant"
"1081031","zaananni",,"dulinai"
"1081032","zaandam",,"okazaat"
"1081033","zaandams",,"okazaree"
"1081034","zaanstad",,"diloqaat"
"1081035","zaar",,"delu"
"1081036","zaara",,"dolan"
"1081037","zaares",,"dalian"
"1081038","zaars",,"deluq"
"1081039","zaatar",,"okaqit"
"1081040","zaavan",,"ikebaa"
"1081041","zaba",,"demi"
"1081042","zabad",,"ekamutu"
"1081043","zabaean",,"ukimiuna"
"1081044","zabaeans",,"ukimiru"
"1081045","zabaglione",,"dumemie"
"1081046","zabagliones",,"dumemitiin"
"1081047","zabaione",,"akumohate"
"1081048","zabaiones",,"akumohe"
"1081049","zabaism",,"dumeren"
"1081050","zabaisms",,"dumeraon"
"1081051","zabajone",,"dumeseet"
"1081052","zabajones",,"dumesei"
"1081053","zabala",,"ekamura"
"1081054","zabaleen",,"damovie"
"1081055","zaballos",,"damovuot"
"1081056","zabana",,"akumennu"
"1081057","zabaniyah",,"domupiet"
"1081058","zabarjad",,"okemitun"
"1081059","zabarma",,"ekamoota"
"1081060","zabavsky",,"ekamewoa"
"1081061","zabawa",,"damoia"
"1081062","zabaykalsky",,"ikomevafu"
"1081063","zabbai",,"okenine"
"1081064","zabbaleen",,"ekanezo"
"1081065","zabbud",,"dumou"
"1081066","zabcikville",,"ukirevevat"
"1081067","zabdi",,"akusone"
"1081068","zabdicene",,"damareu"
"1081069","zabdiel",,"domorin"
"1081070","zabeeha",,"akutuete"
"1081071","zabek",,"dimuta"
"1081072","zabel",,"ikotitu"
"1081073","zabelle",,"damevun"
"1081074","zaber",,"akutesi"
"1081075","zaberma",,"ukitaee"
"1081076","zabermas",,"ukitapina"
"1081077","zabernism",,"dameceo"
"1081078","zabeta",,"akuto1"
"1081079","zabi",,"damu"
"1081080","zabian",,"ukineto"
"1081081","zabianism",,"okenofo"
"1081082","zabians",,"ukinuina"
"1081083","zabiba",,"okenini"
"1081084","zabicipril",,"ekanise"
"1081085","zabiciprilat",,"demasociet"
"1081086","zabih",,"ekanos"
"1081087","zabiha",,"okenati"
"1081088","zabihah",,"domeno"
"1081089","zabiism",,"dimore"
"1081090","zabillion",,"okenozeta"
"1081091","zabinski",,"okenuwa"
"1081092","zabism",,"dimoan"
"1081093","zabisms",,"dimoqun"
"1081094","zabka",,"damen"
"1081095","zablocki",,"akutite"
"1081096","zablotney",,"ukitobo"
"1081097","zabloudil",,"ikotedun"
"1081098","zabo",,"domo"
"1081099","zaboglione",,"damamui"
"1081100","zabok",,"demet"
"1081101","zabol",,"ekapeno"
"1081102","zabolottia",,"ikopihu"
"1081103","zaborowski",,"okepihet"
"1081104","zabra",,"okejoti"
"1081105","zabras",,"okejine"
"1081106","zabrina",,"dumoren"
"1081107","zabrine",,"domarot"
"1081108","zabriskie",,"ukijewet"
"1081109","zabrus",,"akujeta"
"1081110","zabrze",,"demuaa"
"1081111","zabt",,"akuqri"
"1081112","zabti",,"akuqos"
"1081113","zabtie",,"ukiqune"
"1081114","zabtieh",,"dumurena"
"1081115","zabtiehs",,"dumuroon"
"1081116","zabu",,"duma"
"1081117","zabud",,"ukiwoo"
"1081118","zabul",,"ikowie"
"1081119","zabulon",,"domivaa"
"1081120","zabulons",,"domivuen"
"1081121","zabumba",,"ukiwaea"
"1081122","zaburro",,"domicot"
"1081123","zabuton",,"dimuwat"
"1081124","zabuyelite",,"domilaet"
"1081125","zaby",,"domoe"
"1081126","zacarias",,"donucia"
"1081127","zacata",,"denia"
"1081128","zacatas",,"deniwen"
"1081129","zacate",,"duneu"
"1081130","zacatec",,"dunewin"
"1081131","zacateca",,"danowiat"
"1081132","zacatecas",,"danowie"
"1081133","zacateco",,"deniwuet"
"1081134","zacatecoluca",,"akamizucin"
"1081135","zacatecos",,"deniwui"
"1081136","zacatecs",,"dunewoa"
"1081137","zacatillo",,"dunewaat"
"1081138","zacaton",,"akamiia"
"1081139","zacatons",,"akamihat"
"1081140","zacatuche",,"ukumodot"
"1081141","zacatun",,"okomaat"
"1081142","zacatuns",,"okomade"
"1081143","zaccagnaite",,"ukuruniton"
"1081144","zaccai",,"ekerue"
"1081145","zaccaria",,"donenoot"
"1081146","zaccariniite",,"donenotae"
"1081147","zacch",,"danun"
"1081148","zacchaeu",,"duninio"
"1081149","zacchaeus",,"duniniet"
"1081150","zaccheaus",,"duninoet"
"1081151","zaccho",,"doneu"
"1081152","zacchur",,"akareia"
"1081153","zaccone",,"dinofi"
"1081154","zaccur",,"duniin"
"1081155","zacek",,"ikitosa"
"1081156","zach",,"dani"
"1081157","zachar",,"okomann"
"1081158","zacharek",,"akamaqat"
"1081159","zacharia",,"ikimiqi"
"1081160","zachariah",,"dineniot"
"1081161","zachariahs",,"dinenio"
"1081162","zacharias",,"ikimiqat"
"1081163","zachariass",,"ikimiqe"
"1081164","zacharie",,"ekemeqen"
"1081165","zachary",,"ukumuua"
"1081166","zacharys",,"ukumuqot"
"1081167","zacheis",,"dunoven"
"1081168","zacher",,"akameti"
"1081169","zacherie",,"ukumiqot"
"1081170","zachery",,"okomeat"
"1081171","zacherys",,"okomeqe"
"1081172","zachia",,"denuet"
"1081173","zachman",,"okomiea"
"1081174","zachow",,"daniun"
"1081175","zachows",,"danifu"
"1081176","zachry",,"ikimore"
"1081177","zachun",,"okomati"
"1081178","zack",,"ukusso"
"1081179","zackaria",,"denonean"
"1081180","zackariah",,"okosoqaa"
"1081181","zackary",,"doninin"
"1081182","zackarys",,"doninoa"
"1081183","zackery",,"danevun"
"1081184","zackin",,"denoon"
"1081185","zackley",,"dinuvan"
"1081186","zackly",,"dunaa"
"1081187","zacks",,"ukuseto"
"1081188","zacladus",,"ikitivet"
"1081189","zacnarbd",,"ukuzuqua"
"1081190","zacopride",,"donohoen"
"1081191","zacpet",,"akafene"
"1081192","zacpeten",,"denovion"
"1081193","zactima",,"dinirat"
"1081194","zactly",,"akaqete"
"1081195","zacua",,"akawau"
"1081196","zaculeu",,"danevuna"
"1081197","zacusca",,"akawoet"
"1081198","zacynthian",,"ikikabu"
"1081199","zacynthus",,"dinipain"
"1081200","zada",,"daro"
"1081201","zadack",,"durein"
"1081202","zadak",,"duret"
"1081203","zadakat",,"akemuon"
"1081204","zadar",,"ekomosi"
"1081205","zadars",,"ekomuse"
"1081206","zadarska",,"ekomowo"
"1081207","zadaxin",,"daroke"
"1081208","zaddick",,"ikusaene"
"1081209","zaddickim",,"ekositi"
"1081210","zaddies",,"ikusaoa"
"1081211","zaddik",,"ikusote"
"1081212","zaddikim",,"ekosivon"
"1081213","zaddiks",,"ikusaet"
"1081214","zaddy",,"ekosutu"
"1081215","zadeh",,"ukatasa"
"1081216","zadie",,"dirov"
"1081217","zadig",,"darum"
"1081218","zadik",,"dirot"
"1081219","zadkiel",,"ekosio"
"1081220","zadkiels",,"ekosizet"
"1081221","zadkine",,"akesoan"
"1081222","zadkines",,"akesofun"
"1081223","zadoc",,"deres"
"1081224","zadoi",,"derer"
"1081225","zadoian",,"akepoan"
"1081226","zadok",,"darat"
"1081227","zadokite",,"ukapisa"
"1081228","zadokites",,"ukapisen"
"1081229","zadoks",,"daraun"
"1081230","zadoq",,"doroj"
"1081231","zadovite",,"diriduun"
"1081232","zadoyan",,"okipaat"
"1081233","zadracarta",,"ikujiti"
"1081234","zadruga",,"ekojaaa"
"1081235","zaerthe",,"disewan"
"1081236","zafar",,"ikamuru"
"1081237","zafarobod",,"okumihot"
"1081238","zafer",,"ekitore"
"1081239","zaffar",,"dugaen"
"1081240","zaffaroni",,"ukekuqan"
"1081241","zaffars",,"duganon"
"1081242","zaffer",,"dogiot"
"1081243","zaffers",,"dogivo"
"1081244","zaffir",,"digue"
"1081245","zaffiro",,"dagero"
"1081246","zaffirs",,"digurin"
"1081247","zaffran",,"okukiin"
"1081248","zaffrani",,"okukiro"
"1081249","zaffre",,"dogiota"
"1081250","zaffree",,"degoci"
"1081251","zaffres",,"dogico"
"1081252","zafirlukast",,"ukenazape"
"1081253","zafra",,"ikajii"
"1081254","zafrani",,"daginot"
"1081255","zafree",,"akojete"
"1081256","zaftig",,"okuqut"
"1081257","zaftige",,"ekiqiet"
"1081258","zaftiger",,"degerae"
"1081259","zaftigest",,"dagaruet"
"1081260","zaftigger",,"dogoreat"
"1081261","zaftiggest",,"degerao"
"1081262","zafu",,"dage"
"1081263","zafuleptine",,"dagevicuan"
"1081264","zag",,"eku9"
"1081265","zaga",,"okamla"
"1081266","zagaie",,"ekumotn"
"1081267","zagal",,"dakov"
"1081268","zagamiite",,"dikazua"
"1081269","zagar",,"dokuc"
"1081270","zagato",,"dikaan"
"1081271","zagaye",,"ikemaso"
"1081272","zagazig",,"dukemon"
"1081273","zager",,"dakec"
"1081274","zagged",,"dakoun"
"1081275","zagger",,"dekion"
"1081276","zagging",,"dakoren"
"1081277","zaghawa",,"dekuni"
"1081278","zaghloulist",,"ukomuhafin"
"1081279","zaghlul",,"dokaveta"
"1081280","zaghlulism",,"dakiviun"
"1081281","zaghlulist",,"okamodan"
"1081282","zaghouan",,"ekumudie"
"1081283","zaglas",,"dakoe"
"1081284","zaglossi",,"dekifou"
"1081285","zaglossus",,"dakofeet"
"1081286","zaglossuses",,"dukefabuin"
"1081287","zaglossuss",,"dakofei"
"1081288","zaglossusses",,"dukefabua"
"1081289","zagmite",,"dokaro"
"1081290","zagon",,"dakap"
"1081291","zagora",,"dukuo"
"1081292","zagori",,"dikiun"
"1081293","zagorje",,"okapiua"
"1081294","zagorsk",,"dokocen"
"1081295","zagorska",,"dikicuin"
"1081296","zagorski",,"dokocii"
"1081297","zagotzerno",,"ikepenu"
"1081298","zagra",,"dokan"
"1081299","zagreb",,"ekujini"
"1081300","zagreba",,"okajeata"
"1081301","zagrebian",,"dukovuan"
"1081302","zagrebs",,"ekujaaa"
"1081303","zagreus",,"dukoven"
"1081304","zagros",,"dikeat"
"1081305","zagrosian",,"okajawen"
"1081306","zags",,"ekuc4"
"1081307","zaguan",,"dikuan"
"1081308","zagury",,"dokiin"
"1081309","zagut",,"dukaw"
"1081310","zaguts",,"dukaoa"
"1081311","zaha",,"deline"
"1081312","zaham",,"dulez"
"1081313","zahara",,"ikomono"
"1081314","zaharchuk",,"daloceen"
"1081315","zaharewi",,"ukimaza"
"1081316","zaharias",,"ikomusana"
"1081317","zahariass",,"ikomusuna"
"1081318","zaharoff",,"okemiho"
"1081319","zahavi",,"akumite"
"1081320","zahavian",,"diladuu"
"1081321","zahb",,"ekanni"
"1081322","zahc",,"daluta"
"1081323","zahcukyi",,"dalubia"
"1081324","zahedan",,"dolitin"
"1081325","zahedans",,"dolitea"
"1081326","zaherite",,"dilucue"
"1081327","zahid",,"akunis"
"1081328","zahidan",,"dilotun"
"1081329","zahidans",,"dilotoua"
"1081330","zahir",,"ekanona"
"1081331","zahiri",,"ekanenn"
"1081332","zahirism",,"ukinason"
"1081333","zahirist",,"daluceen"
"1081334","zahirite",,"dulicaan"
"1081335","zahl",,"ukitre"
"1081336","zahler",,"dilaane"
"1081337","zahliot",,"dalora"
"1081338","zahls",,"ukitela"
"1081339","zahm",,"dilena"
"1081340","zahn",,"ikozta"
"1081341","zahner",,"doleina"
"1081342","zahniser",,"doleriet"
"1081343","zahnley",,"doleva"
"1081344","zahra",,"okejoto"
"1081345","zahran",,"dulooi"
"1081346","zahrani",,"dulonon"
"1081347","zahringen",,"ekajifun"
"1081348","zahringi",,"dulorae"
"1081349","zaibatsu",,"akanabat"
"1081350","zaid",,"dumut"
"1081351","zaida",,"daman"
"1081352","zaide",,"dimiv"
"1081353","zaideh",,"ukusetu"
"1081354","zaiden",,"ekesina"
"1081355","zaidi",,"dumura"
"1081356","zaidite",,"ikisaet"
"1081357","zaidm",,"domoza"
"1081358","zaidp",,"ekesate"
"1081359","zaidy",,"demel"
"1081360","zaiets",,"dimuia"
"1081361","zaikai",,"akasana"
"1081362","zaikais",,"akasaun"
"1081363","zail",,"dimas"
"1081364","zailckas",,"dimaseu"
"1081365","zaildar",,"dumeten"
"1081366","zailer",,"ikitene"
"1081367","zaim",,"ikivtu"
"1081368","zaimet",,"demueta"
"1081369","zain",,"domeu"
"1081370","zainab",,"ukuze"
"1081371","zainichi",,"ikizate"
"1081372","zaino",,"dumif"
"1081373","zaionc",,"dumuoa"
"1081374","zaionts",,"ukupeaa"
"1081375","zaiontz",,"damapin"
"1081376","zair",,"damit"
"1081377","zaire",,"dumov"
"1081378","zairean",,"ikijoet"
"1081379","zaireaner",,"domaveen"
"1081380","zaireanest",,"demuvae"
"1081381","zaireanisation",,"ikijorovan"
"1081382","zaireanization",,"dumovihoon"
"1081383","zaireanner",,"akajurin"
"1081384","zaireannest",,"ukujiriji"
"1081385","zaireans",,"ikijoria"
"1081386","zaires",,"dumoa"
"1081387","zairese",,"dimevan"
"1081388","zaireser",,"ukujiwot"
"1081389","zaireses",,"dimevuun"
"1081390","zairesest",,"ikijowan"
"1081391","zairian",,"ukujeaa"
"1081392","zairianization",,"damiruhio"
"1081393","zairians",,"ukujeren"
"1081394","zairite",,"ukujeot"
"1081395","zairization",,"okojunugan"
"1081396","zaisan",,"dimoana"
"1081397","zaisang",,"duminon"
"1081398","zaisu",,"ukucina"
"1081399","zaitech",,"ukuqiine"
"1081400","zaitechs",,"ukuqita"
"1081401","zaitha",,"ekeqane"
"1081402","zaithas",,"ekeqoen"
"1081403","zaitsevs",,"okoquzu"
"1081404","zaitun",,"ekeqani"
"1081405","zaiwa",,"ukudua"
"1081406","zajac",,"danos"
"1081407","zajacite",,"ukamesot"
"1081408","zajal",,"ukamunu"
"1081409","zajalesque",,"okimoza"
"1081410","zajdel",,"deneen"
"1081411","zajicek",,"donesa"
"1081412","zajkowski",,"donifoat"
"1081413","zajonc",,"ukaputu"
"1081414","zajontz",,"akepoat"
"1081415","zaka",,"akomlo"
"1081416","zakaah",,"deriet"
"1081417","zakah",,"daron"
"1081418","zakahs",,"daroea"
"1081419","zakai",,"akomosa"
"1081420","zakaria",,"derici"
"1081421","zakarian",,"ukemaso"
"1081422","zakarias",,"dericoat"
"1081423","zakariya",,"diracue"
"1081424","zakarpatia",,"diracea"
"1081425","zakarpatska",,"dorucaseat"
"1081426","zakarpattia",,"ikamujagin"
"1081427","zakarpattya",,"akomejogot"
"1081428","zakarpatye",,"diracein"
"1081429","zakaryan",,"ekimomen"
"1081430","zakat",,"durew"
"1081431","zakatala",,"akomirat"
"1081432","zakatchi",,"akomite"
"1081433","zakats",,"durea"
"1081434","zaker",,"diruc"
"1081435","zakhar",,"ekimas"
"1081436","zakharov",,"deruneun"
"1081437","zakharova",,"doranoon"
"1081438","zakharovite",,"akomaqalen"
"1081439","zakhary",,"ikamion"
"1081440","zakho",,"deruf"
"1081441","zaki",,"ukenso"
"1081442","zakinthos",,"diropaen"
"1081443","zakkai",,"ukesine"
"1081444","zakkeu",,"ekisota"
"1081445","zakkum",,"akosant"
"1081446","zaklohpakap",,"uketorate"
"1081447","zaklohpakaps",,"uketoratin"
"1081448","zakmuk",,"akovan"
"1081449","zakopane",,"akopuruna"
"1081450","zakoshisyoh",,"ekipirada"
"1081451","zakouska",,"akopuwe"
"1081452","zakouski",,"ukepiwet"
"1081453","zakrocki",,"darifeo"
"1081454","zakrzewski",,"okujezen"
"1081455","zaks",,"ukec5"
"1081456","zaku",,"ikawte"
"1081457","zakuska",,"ikawaon"
"1081458","zakuskas",,"ikawavan"
"1081459","zakuski",,"okuwuin"
"1081460","zakynthiot",,"akokoben"
"1081461","zakynthos",,"darapoet"
"1081462","zakynthoss",,"darapoi"
"1081463","zala",,"dusenu"
"1081464","zalabia",,"ekumoaa"
"1081465","zalabiya",,"ikemusona"
"1081466","zalac",,"dusese"
"1081467","zalacca",,"dasosat"
"1081468","zalaegerszeg",,"dasovupoi"
"1081469","zalambdalestes",,"dusezuzaot"
"1081470","zalambdalestid",,"akimesaton"
"1081471","zalambdodont",,"ikemusicot"
"1081472","zalambdodonta",,"ukomasucun"
"1081473","zalambdodontas",,"ukomasucu"
"1081474","zalambdodonts",,"ikemusico"
"1081475","zalamboodont",,"dasozajuat"
"1081476","zalando",,"disapat"
"1081477","zalantun",,"ikemaban"
"1081478","zalaph",,"desione"
"1081479","zalat",,"ukomoli"
"1081480","zalazar",,"dosumin"
"1081481","zalcitabine",,"ekuribivun"
"1081482","zalcstei",,"okarubu"
"1081483","zaldana",,"dosonin"
"1081484","zaldaride",,"ikesiqi"
"1081485","zaldivar",,"ikesagi"
"1081486","zaldua",,"ikesau"
"1081487","zale",,"dosita"
"1081488","zalea",,"disune"
"1081489","zalenski",,"ukotewen"
"1081490","zaleplon",,"okatezot"
"1081491","zales",,"dosiqo"
"1081492","zaleski",,"desoqan"
"1081493","zaleskis",,"desoquun"
"1081494","zaleucus",,"dasebeu"
"1081495","zalew",,"daseg"
"1081496","zalewski",,"dusagai"
"1081497","zalgo",,"desif"
"1081498","zalha",,"akimase"
"1081499","zalika",,"disoat"
"1081500","zalishchyky",,"doseqovuu"
"1081501","zalit",,"ikeneri"
"1081502","zaliv",,"okanore"
"1081503","zalizne",,"desami"
"1081504","zaliznya",,"dasumeot"
"1081505","zalkin",,"akisatn"
"1081506","zallaq",,"ukotura"
"1081507","zaller",,"desiete"
"1081508","zalma",,"dosan"
"1081509","zalman",,"akiviu"
"1081510","zalmans",,"akivaata"
"1081511","zalmas",,"dosain"
"1081512","zalmodegikos",,"ukovovasin"
"1081513","zalmon",,"ekuvoo"
"1081514","zalmonah",,"dosafion"
"1081515","zalmoxian",,"dusofaun"
"1081516","zalmoxis",,"ekuvuli"
"1081517","zalmunna",,"desuboun"
"1081518","zalo",,"dasani"
"1081519","zalophi",,"dosohet"
"1081520","zalophus",,"desehee"
"1081521","zalophuses",,"dasahaon"
"1081522","zalophuss",,"desehein"
"1081523","zalophusses",,"dasahagian"
"1081524","zalospirone",,"ekupijabin"
"1081525","zalouk",,"disiate"
"1081526","zalpha",,"desoone"
"1081527","zaltbommel",,"ukoqahi"
"1081528","zaltidine",,"ukoqevet"
"1081529","zaltoprofen",,"okaqajacan"
"1081530","zaltzman",,"ekuqapet"
"1081531","zalucki",,"desosan"
"1081532","zalutumumab",,"dosiwafoat"
"1081533","zama",,"ukimsu"
"1081534","zamac",,"ukimela"
"1081535","zamacueca",,"ikomadet"
"1081536","zamae",,"ikomonu"
"1081537","zamak",,"ikomote"
"1081538","zamalek",,"datovu"
"1081539","zaman",,"detip"
"1081540","zamandoque",,"okemuva"
"1081541","zamang",,"dotuot"
"1081542","zamangs",,"dotupo"
"1081543","zamani",,"detion"
"1081544","zamano",,"ditaan"
"1081545","zamans",,"detiet"
"1081546","zamarra",,"ekamoae"
"1081547","zamarras",,"ekamoqen"
"1081548","zamarripa",,"dotucoon"
"1081549","zamarro",,"okemiea"
"1081550","zamarron",,"dutecui"
"1081551","zamarros",,"okemiqin"
"1081552","zamarrud",,"ditaciun"
"1081553","zamas",,"ukimele"
"1081554","zamata",,"duteot"
"1081555","zambac",,"dutoine"
"1081556","zambacs",,"dutona"
"1081557","zambal",,"ikonore"
"1081558","zambales",,"okenozee"
"1081559","zambals",,"ikonieta"
"1081560","zambese",,"detuvena"
"1081561","zambesi",,"dotavot"
"1081562","zambesia",,"ditevuun"
"1081563","zambesian",,"ekanawon"
"1081564","zambeze",,"ikonoaa"
"1081565","zambezi",,"ukiniua"
"1081566","zambezian",,"dotavaen"
"1081567","zambezies",,"ikononia"
"1081568","zambezis",,"ukininot"
"1081569","zambi",,"diter"
"1081570","zambia",,"dutoaa"
"1081571","zambiae",,"diteran"
"1081572","zambian",,"okenuea"
"1081573","zambianer",,"deturaun"
"1081574","zambianest",,"datiruen"
"1081575","zambianner",,"ukinerona"
"1081576","zambianness",,"diteroheen"
"1081577","zambiannest",,"ikonarojin"
"1081578","zambianoliangioticaloigisticologphobia",,"dutorihiin"
"1081579","zambians",,"okenurin"
"1081580","zambias",,"dutoren"
"1081581","zambito",,"akunoat"
"1081582","zambo",,"datif"
"1081583","zamboanga",,"ekanuri"
"1081584","zamboangan",,"ditefoo"
"1081585","zamboanguita",,"dutofihaa"
"1081586","zambomba",,"akunipat"
"1081587","zambombas",,"akunipe"
"1081588","zamboni",,"ikoneia"
"1081589","zamboninite",,"ukinofijun"
"1081590","zambonis",,"ikonefat"
"1081591","zamboorak",,"ikonehun"
"1081592","zambooraks",,"ikonehu"
"1081593","zambooruk",,"ekanuhan"
"1081594","zambos",,"datiun"
"1081595","zambra",,"akuneti"
"1081596","zambrana",,"ditecoun"
"1081597","zambrano",,"dutocion"
"1081598","zambrowski",,"ikonuhina"
"1081599","zambuck",,"detubon"
"1081600","zambucks",,"detuboan"
"1081601","zambuco",,"dutobo"
"1081602","zambuk",,"detuet"
"1081603","zambuks",,"detubi"
"1081604","zambuq",,"ditei"
"1081605","zambuquo",,"dutobion"
"1081606","zamburak",,"ikonoqi"
"1081607","zambusch",,"ikonowi"
"1081608","zamen",,"dutap"
"1081609","zamenhof",,"ditupiot"
"1081610","zamenhofian",,"oketurorat"
"1081611","zamenhofs",,"ditupio"
"1081612","zamenis",,"dutapet"
"1081613","zameniss",,"dutapai"
"1081614","zamfara",,"okekoea"
"1081615","zami",,"ikonso"
"1081616","zamia",,"ukinuto"
"1081617","zamiaceae",,"ikoniton"
"1081618","zamiaceaes",,"ikonitana"
"1081619","zamiaceous",,"ukinutet"
"1081620","zamias",,"ukinutu"
"1081621","zamiatin",,"ekanebi"
"1081622","zamicrus",,"dotesoen"
"1081623","zamicruss",,"dotesoon"
"1081624","zamie",,"okenera"
"1081625","zamietess",,"datuvoa"
"1081626","zamifenacin",,"dutilohaot"
"1081627","zamikeracel",,"akunuzita"
"1081628","zamination",,"datupuan"
"1081629","zamindar",,"detapiat"
"1081630","zamindari",,"detapiu"
"1081631","zamindaries",,"datuposoi"
"1081632","zamindaris",,"detapiot"
"1081633","zamindarni",,"ukinevan"
"1081634","zamindars",,"detapie"
"1081635","zamindarship",,"ditopasaat"
"1081636","zamindary",,"ditopain"
"1081637","zaminder",,"dutipeon"
"1081638","zaminkand",,"dotepai"
"1081639","zamioculcas",,"ditofuguen"
"1081640","zamir",,"ditoc"
"1081641","zamite",,"detaet"
"1081642","zammit",,"datiu"
"1081643","zamn",,"datu"
"1081644","zamo",,"akupra"
"1081645","zamocillin",,"dutusaot"
"1081646","zamojski",,"ditisua"
"1081647","zamolodchikova",,"ekapehezon"
"1081648","zamor",,"datac"
"1081649","zamora",,"deteet"
"1081650","zamoran",,"ukipaota"
"1081651","zamorano",,"ekaporon"
"1081652","zamoras",,"deteci"
"1081653","zamorin",,"ikopuan"
"1081654","zamorine",,"okepisot"
"1081655","zamostea",,"dutuqeet"
"1081656","zamostovitsa",,"dataqojeun"
"1081657","zamot",,"dutuw"
"1081658","zamots",,"dutuo"
"1081659","zamouse",,"ikopoet"
"1081660","zamouses",,"ikopowi"
"1081661","zamox",,"dotok"
"1081662","zamoyski",,"ekapuwi"
"1081663","zampanolide",,"okefofofon"
"1081664","zampardi",,"datenaot"
"1081665","zampella",,"detovaat"
"1081666","zampino",,"ukifeo"
"1081667","zampogna",,"ekafuni"
"1081668","zampognas",,"ekafunat"
"1081669","zampolit",,"dutafiat"
"1081670","zampone",,"ikofeon"
"1081671","zamponi",,"ukifoo"
"1081672","zampugna",,"ikofonat"
"1081673","zamrock",,"dutofet"
"1081674","zams",,"ikocda"
"1081675","zamucoan",,"dotisuo"
"1081676","zamudio",,"ditutun"
"1081677","zamurito",,"ukiwasen"
"1081678","zamyatin",,"ikokiban"
"1081679","zamyatinian",,"detenituo"
"1081680","zamyn",,"dotop"
"1081681","zamzam",,"ditui"
"1081682","zamzawed",,"okelokat"
"1081683","zamzow",,"dutaa"
"1081684","zamzummi",,"dutabuan"
"1081685","zamzummim",,"dotiboan"
"1081686","zanahorias",,"dovunuat"
"1081687","zanaki",,"dovuota"
"1081688","zanamivir",,"davozeet"
"1081689","zanana",,"okomant"
"1081690","zananah",,"dovupa"
"1081691","zananas",,"okomuun"
"1081692","zanariah",,"davocea"
"1081693","zanarott",,"akamehun"
"1081694","zanata",,"ukumunno"
"1081695","zanatepec",,"dovuwaa"
"1081696","zanax",,"ekeminu"
"1081697","zanazziite",,"akamunin"
"1081698","zanbara",,"davinun"
"1081699","zancewic",,"duvivuen"
"1081700","zancle",,"akarete"
"1081701","zanclean",,"divoveun"
"1081702","zanclid",,"davuvua"
"1081703","zanclidae",,"davuveot"
"1081704","zanclidaes",,"davuveo"
"1081705","zanclodon",,"okoroha"
"1081706","zanclodons",,"okorohen"
"1081707","zanclodontid",,"ekerehecin"
"1081708","zanclodontidae",,"ekereheca"
"1081709","zanclodontidaes",,"ekerehecen"
"1081710","zand",,"okosto"
"1081711","zanda",,"ikisit"
"1081712","zande",,"ekesati"
"1081713","zandeh",,"deveen"
"1081714","zander",,"deveoa"
"1081715","zanders",,"devevet"
"1081716","zandes",,"ekesuta"
"1081717","zandi",,"okosuna"
"1081718","zandich",,"dovora"
"1081719","zandmole",,"duvuzeon"
"1081720","zandoli",,"dovofo"
"1081721","zandolis",,"dovofeet"
"1081722","zandra",,"divion"
"1081723","zandstra",,"ikisabon"
"1081724","zandt",,"devew"
"1081725","zandueta",,"davabie"
"1081726","zandunga",,"davabeot"
"1081727","zandvoort",,"duvudean"
"1081728","zane",,"devo"
"1081729","zanella",,"duvaven"
"1081730","zanellas",,"duvavion"
"1081731","zanes",,"devoq"
"1081732","zanesfield",,"akatomot"
"1081733","zanesfields",,"akatomufo"
"1081734","zaneski",,"daveqin"
"1081735","zanesville",,"eketigat"
"1081736","zanesvilles",,"eketigafe"
"1081737","zaneta",,"okotiso"
"1081738","zanetti",,"davewu"
"1081739","zanfirico",,"devoreot"
"1081740","zang",,"diva"
"1081741","zangara",,"ekeleoa"
"1081742","zangari",,"akalauna"
"1081743","zangbo",,"ekelau"
"1081744","zangboite",,"duvereat"
"1081745","zangee",,"deviena"
"1081746","zanger",,"ikilen"
"1081747","zangger",,"ukulua"
"1081748","zangguy",,"davomot"
"1081749","zanghi",,"ukulai"
"1081750","zanghibar",,"ekelosat"
"1081751","zangi",,"divar"
"1081752","zangid",,"ikilete"
"1081753","zangnan",,"duvepon"
"1081754","zango",,"davof"
"1081755","zangomay",,"devifeun"
"1081756","zangskari",,"ukulevi"
"1081757","zangwal",,"ekeloen"
"1081758","zangwillian",,"okolisufun"
"1081759","zani",,"dove"
"1081760","zaniah",,"ukuninn"
"1081761","zaniahs",,"ukunuaa"
"1081762","zanidatamab",,"ikinerite"
"1081763","zanied",,"ekenins"
"1081764","zanier",,"okonatn"
"1081765","zanies",,"devaet"
"1081766","zaniest",,"ekenaou"
"1081767","zanily",,"ikineto"
"1081768","zaniness",,"ukunezo"
"1081769","zaninesses",,"ikinaze"
"1081770","zaniyah",,"ekenuen"
"1081771","zanj",,"okors"
"1081772","zanja",,"ikirii"
"1081773","zanjan",,"davae"
"1081774","zanjas",,"ikiren"
"1081775","zanje",,"ekeraa"
"1081776","zanjero",,"divivun"
"1081777","zanjeros",,"diviviu"
"1081778","zanjon",,"deveia"
"1081779","zanjona",,"dovofoa"
"1081780","zank",,"devoe"
"1081781","zanki",,"devor"
"1081782","zankiren",,"divuriin"
"1081783","zanla",,"okotole"
"1081784","zannah",,"devaone"
"1081785","zanne",,"ukuzinu"
"1081786","zannean",,"dovevot"
"1081787","zannesque",,"ikizowana"
"1081788","zanni",,"akazoe"
"1081789","zannian",,"divore"
"1081790","zannichellia",,"doverisoot"
"1081791","zannichelliaceae",,"devaroseun"
"1081792","zannichelliaceaes",,"devaroseu"
"1081793","zannichelliae",,"devarosei"
"1081794","zannichellias",,"doverisoo"
"1081795","zannini",,"doveret"
"1081796","zannone",,"divofun"
"1081797","zanoah",,"ekepas"
"1081798","zanolimumab",,"duvuvafuot"
"1081799","zanoni",,"okopene"
"1081800","zanonia",,"ikipaia"
"1081801","zanonias",,"ikipasat"
"1081802","zanonis",,"okopuin"
"1081803","zanoterone",,"okopazo"
"1081804","zanotti",,"diviwe"
"1081805","zans",,"dovea"
"1081806","zansae",,"doveea"
"1081807","zanskar",,"ikicoona"
"1081808","zant",,"okoqse"
"1081809","zantac",,"ikiqano"
"1081810","zantacs",,"ikiqiene"
"1081811","zantar",,"divii"
"1081812","zante",,"ekeqanu"
"1081813","zantedeschia",,"ekeqavodun"
"1081814","zantedeschiae",,"akaquvedo"
"1081815","zantedeschias",,"ekeqavodu"
"1081816","zantes",,"ekeqina"
"1081817","zantewood",,"dovovoen"
"1081818","zanthochroite",,"ekeqohaten"
"1081819","zanthophyll",,"davanocoe"
"1081820","zanthorrhiza",,"divinawaat"
"1081821","zanthorrhizas",,"divinawae"
"1081822","zanthoxyl",,"dovonui"
"1081823","zanthoxyla",,"divinao"
"1081824","zanthoxylaceae",,"dovonumeu"
"1081825","zanthoxylaceaes",,"dovonumeot"
"1081826","zanthoxyls",,"dovonuat"
"1081827","zanthoxylum",,"duvunemiot"
"1081828","zanthoxylums",,"duvunemio"
"1081829","zantiot",,"divire"
"1081830","zantiote",,"dovoruen"
"1081831","zantiotes",,"dovoruon"
"1081832","zantiots",,"diviraina"
"1081833","zantos",,"ukuqute"
"1081834","zanu",,"devoi"
"1081835","zanubrutinib",,"ukuwaqage"
"1081836","zanuck",,"daveuna"
"1081837","zanucks",,"davesu"
"1081838","zany",,"duvu"
"1081839","zanying",,"ikikaan"
"1081840","zanyish",,"akakoun"
"1081841","zanyism",,"dovoro"
"1081842","zanyisms",,"dovoriet"
"1081843","zanymerl",,"davaziot"
"1081844","zanys",,"duvuq"
"1081845","zanyship",,"deveqee"
"1081846","zanytwt",,"devewon"
"1081847","zanza",,"akalao"
"1081848","zanzack",,"ukuluu"
"1081849","zanzalian",,"okoloza"
"1081850","zanzalians",,"okolozen"
"1081851","zanzam",,"ikiloi"
"1081852","zanzas",,"akalete"
"1081853","zanze",,"ikiloo"
"1081854","zanzes",,"ikilan"
"1081855","zanzhi",,"duvaena"
"1081856","zanziacbeg",,"daveruo"
"1081857","zanzibar",,"ekelisen"
"1081858","zanzibares",,"akalosue"
"1081859","zanzibari",,"ekelisi"
"1081860","zanzibarian",,"duvaruseu"
"1081861","zanzibaris",,"ekelisat"
"1081862","zanzibars",,"ekelison"
"1081863","zanzy",,"ekeluo"
"1081864","zaociao",,"akeroan"
"1081865","zaouia",,"okiwat"
"1081866","zaouiya",,"ukawein"
"1081867","zaouli",,"duzaena"
"1081868","zaoyang",,"dizinun"
"1081869","zaozerne",,"duzavuen"
"1081870","zaozhuang",,"dozinai"
"1081871","zap",,"dep"
"1081872","zapad",,"okumatu"
"1081873","zapadnichestvo",,"ukemofizin"
"1081874","zapal",,"ekimetu"
"1081875","zapalac",,"okumoati"
"1081876","zapanta",,"dapope"
"1081877","zapara",,"ukemunn"
"1081878","zaparan",,"depicon"
"1081879","zaparans",,"depicaan"
"1081880","zaparas",,"ukemaue"
"1081881","zaparo",,"akomont"
"1081882","zaparoan",,"dipacae"
"1081883","zaparoans",,"dipacain"
"1081884","zaparos",,"akomeana"
"1081885","zapas",,"dopuq"
"1081886","zapata",,"ikamara"
"1081887","zapatalite",,"akomirina"
"1081888","zapatas",,"ikameena"
"1081889","zapateado",,"dipaweun"
"1081890","zapateados",,"dipaweu"
"1081891","zapateo",,"ikameene"
"1081892","zapateos",,"ikamezon"
"1081893","zapatera",,"dopuwaot"
"1081894","zapatero",,"dipaweuna"
"1081895","zapatism",,"akomise"
"1081896","zapatismo",,"okumaso"
"1081897","zapatist",,"depiwoat"
"1081898","zapatista",,"dopuwiet"
"1081899","zapekanka",,"ikatorat"
"1081900","zapf",,"ikakni"
"1081901","zaphara",,"duponen"
"1081902","zaphetic",,"dapivoot"
"1081903","zaphetics",,"dapivoo"
"1081904","zaphnath",,"dapipuo"
"1081905","zaphod",,"dipean"
"1081906","zaphon",,"depui"
"1081907","zaphrentid",,"ikamuzu"
"1081908","zaphrentidae",,"ikamuzogot"
"1081909","zaphrentidaes",,"ikamuzogo"
"1081910","zaphrentis",,"dipeceen"
"1081911","zaphrentiss",,"dipecehoon"
"1081912","zaphrentoid",,"akomezugen"
"1081913","zapi",,"depa"
"1081914","zapiekanka",,"ikanovu"
"1081915","zapiekanki",,"okunevon"
"1081916","zapien",,"ikanenn"
"1081917","zapier",,"ekinoto"
"1081918","zapizolam",,"dopemui"
"1081919","zapodid",,"dopotot"
"1081920","zapodidae",,"dopotio"
"1081921","zapodidaes",,"dopotiet"
"1081922","zapodinae",,"dapatea"
"1081923","zapodinaes",,"dapateen"
"1081924","zapopan",,"dipihun"
"1081925","zaporizhia",,"okupison"
"1081926","zaporizhian",,"dupucarea"
"1081927","zaporizhzhia",,"ukepasatin"
"1081928","zaporizhzhian",,"depecoriat"
"1081929","zaporizhzhya",,"ekiposotot"
"1081930","zaporogian",,"dapacoan"
"1081931","zaporogians",,"dapacoriun"
"1081932","zaporogue",,"akopehin"
"1081933","zaporogues",,"akopeha"
"1081934","zaporozhe",,"okupiha"
"1081935","zaporozhes",,"okupihena"
"1081936","zaporozhian",,"depecirien"
"1081937","zaporozhie",,"okupihet"
"1081938","zaporozhye",,"ukepahon"
"1081939","zaporozhyes",,"ukepahatan"
"1081940","zapot",,"ikapeo"
"1081941","zapota",,"ukepes"
"1081942","zapote",,"okupani"
"1081943","zapotec",,"okupaat"
"1081944","zapotecan",,"dapawiot"
"1081945","zapotecanist",,"akopizuten"
"1081946","zapoteco",,"ukepozot"
"1081947","zapotecos",,"ukepozo"
"1081948","zapotecs",,"okupazea"
"1081949","zapoterin",,"akopizin"
"1081950","zapotilla",,"ekipusata"
"1081951","zapotillas",,"ekipusea"
"1081952","zapotin",,"dapawot"
"1081953","zappa",,"ukefuu"
"1081954","zappable",,"okufose"
"1081955","zappaesque",,"okufozot"
"1081956","zappala",,"dipunat"
"1081957","zappas",,"ukefei"
"1081958","zappe",,"okufea"
"1081959","zapped",,"depooa"
"1081960","zappee",,"ekifue"
"1081961","zappen",,"dupaa"
"1081962","zapper",,"dopiu"
"1081963","zappers",,"dopivot"
"1081964","zappert",,"okufeuna"
"1081965","zappeys",,"ukefiu"
"1081966","zappia",,"ukefut"
"1081967","zappier",,"dopira"
"1081968","zappiest",,"deporuat"
"1081969","zappily",,"dipure"
"1081970","zappiness",,"duparaat"
"1081971","zapping",,"deporun"
"1081972","zappingly",,"okufufet"
"1081973","zapple",,"dapeun"
"1081974","zappo",,"akofii"
"1081975","zappone",,"depofi"
"1081976","zappozap",,"ukefona"
"1081977","zappy",,"akofio"
"1081978","zapre",,"ekijane"
"1081979","zaprinast",,"akojofina"
"1081980","zaprorid",,"ukejoqo"
"1081981","zapruder",,"akojuvan"
"1081982","zaprudered",,"dipebae"
"1081983","zapruderian",,"dipebapao"
"1081984","zaprudering",,"dipebapaet"
"1081985","zapruders",,"akojuvun"
"1081986","zaprudka",,"dapiboin"
"1081987","zaps",,"depaa"
"1081988","zapti",,"ekiqii"
"1081989","zaptiah",,"doporo"
"1081990","zaptiahs",,"doporeet"
"1081991","zaptieh",,"daparin"
"1081992","zaptiehs",,"daparia"
"1081993","zaptieth",,"akoqoze"
"1081994","zaptoeca",,"ikaqezeta"
"1081995","zaptoecas",,"ikaqezie"
"1081996","zapu",,"dape"
"1081997","zapupe",,"ekiwini"
"1081998","zapus",,"dapeq"
"1081999","zapuses",,"dupaqo"
"1082000","zapuss",,"dapeuna"
"1082001","zapusses",,"dupaqaet"
"1082002","zaqatala",,"okamaree"
"1082003","zaqaziq",,"dufemen"
"1082004","zaqaziqs",,"dufemaon"
"1082005","zaqistan",,"ukonebo"
"1082006","zaqistani",,"ukonebon"
"1082007","zaqqum",,"ukohu"
"1082008","zaque",,"ukowiu"
"1082009","zaques",,"ukowune"
"1082010","zaqv",,"dufe"
"1082011","zara",,"dehi"
"1082012","zaraath",,"dohunot"
"1082013","zarabanda",,"ekamoro"
"1082014","zarabi",,"okemanni"
"1082015","zaragosa",,"dahomoot"
"1082016","zaragoza",,"okemohua"
"1082017","zaragozae",,"ekamehet"
"1082018","zaragozan",,"duhemean"
"1082019","zaragozas",,"okemohot"
"1082020","zaragozic",,"ekamehi"
"1082021","zarah",,"okemise"
"1082022","zaramo",,"dehiet"
"1082023","zaramos",,"dehizi"
"1082024","zarankiewicz",,"dehiputeo"
"1082025","zarape",,"okemisi"
"1082026","zarapes",,"okemeata"
"1082027","zaras",,"dehiq"
"1082028","zarasai",,"dohuqot"
"1082029","zaratan",,"duhewo"
"1082030","zarate",,"akumenta"
"1082031","zarathus",,"dahowaot"
"1082032","zarathushtra",,"okemaridan"
"1082033","zarathustra",,"dehiweguot"
"1082034","zarathustrae",,"dahowagii"
"1082035","zarathustran",,"ukimoradun"
"1082036","zarathustras",,"dehiweguo"
"1082037","zarathustrian",,"ukimoradin"
"1082038","zarathustrianism",,"okemaridet"
"1082039","zarathustrianisms",,"okemaridi"
"1082040","zarathustrians",,"ukimorada"
"1082041","zarathustric",,"dahowagiat"
"1082042","zarathustricism",,"dihawigeot"
"1082043","zarathustrism",,"dihawigeun"
"1082044","zarathustrisms",,"dihawigeu"
"1082045","zaratite",,"duhewaet"
"1082046","zaratites",,"duhewai"
"1082047","zaraysky",,"duhelaet"
"1082048","zarazua",,"ikomooa"
"1082049","zarb",,"ekanno"
"1082050","zarbaft",,"ikoniete"
"1082051","zarbarma",,"dehunei"
"1082052","zarbi",,"ekaniti"
"1082053","zarbist",,"dahiru"
"1082054","zarco",,"dohef"
"1082055","zarcone",,"ukirou"
"1082056","zard",,"akusra"
"1082057","zarda",,"ekaseno"
"1082058","zardaryan",,"okesoqu"
"1082059","zardaverine",,"dahanupoen"
"1082060","zardeh",,"duhuota"
"1082061","zardoz",,"dihiona"
"1082062","zardozi",,"dihifat"
"1082063","zardushti",,"ukisiwet"
"1082064","zardushtis",,"ukisiwi"
"1082065","zare",,"duha"
"1082066","zareah",,"ekatinn"
"1082067","zareathi",,"dahenoot"
"1082068","zareba",,"ekatetu"
"1082069","zarebaed",,"duhariot"
"1082070","zarebaing",,"duharian"
"1082071","zarebas",,"ekatoine"
"1082072","zared",,"ukitoru"
"1082073","zareeba",,"akutueno"
"1082074","zareebas",,"akutusona"
"1082075","zarel",,"ikotira"
"1082076","zarema",,"dihuon"
"1082077","zaremas",,"dihuzan"
"1082078","zaremba",,"ukitaei"
"1082079","zaremski",,"dehozoun"
"1082080","zarephat",,"oketerua"
"1082081","zares",,"duhaq"
"1082082","zaretan",,"dohiwin"
"1082083","zarethsh",,"akutirea"
"1082084","zaretsky",,"akutiwat"
"1082085","zarezan",,"duhama"
"1082086","zarf",,"okekt"
"1082087","zarfian",,"daherot"
"1082088","zarfs",,"okekui"
"1082089","zarga",,"dohun"
"1082090","zargari",,"ikolii"
"1082091","zargas",,"dohuin"
"1082092","zarger",,"ekalota"
"1082093","zarghame",,"akulere"
"1082094","zarhites",,"duhorei"
"1082095","zari",,"dahu"
"1082096","zaria",,"dehan"
"1082097","zariah",,"okenunn"
"1082098","zariba",,"okenana"
"1082099","zaribas",,"okeniuna"
"1082100","zarichne",,"dohesoen"
"1082101","zarico",,"dohein"
"1082102","zariczny",,"dehasuan"
"1082103","zarif",,"okenere"
"1082104","zarilamid",,"dohevei"
"1082105","zarina",,"ukinura"
"1082106","zaring",,"ukinoto"
"1082107","zaris",,"dahuq"
"1082108","zariski",,"duhiqi"
"1082109","zariskian",,"ikonavu"
"1082110","zariyah",,"ukinoota"
"1082111","zarjeh",,"duhuoa"
"1082112","zark",,"duhai"
"1082113","zarka",,"dahen"
"1082114","zarkie",,"dihuan"
"1082115","zarking",,"ikosaat"
"1082116","zarla",,"akutala"
"1082117","zarling",,"dohuret"
"1082118","zarma",,"duhon"
"1082119","zarmaci",,"duhonen"
"1082120","zarmanian",,"dahineen"
"1082121","zarn",,"ikozte"
"1082122","zarna",,"ukizuni"
"1082123","zarnaah",,"dahunu"
"1082124","zarndrer",,"dohetoa"
"1082125","zarnec",,"okezino"
"1082126","zarnecs",,"okezeata"
"1082127","zarnestra",,"ikozowan"
"1082128","zarnich",,"dihore"
"1082129","zarnichs",,"dihoruin"
"1082130","zarniwoo",,"akuzoku"
"1082131","zarnow",,"ikozena"
"1082132","zaro",,"doho"
"1082133","zarontin",,"okepuba"
"1082134","zarontins",,"okepuben"
"1082135","zaroxolyn",,"akupohin"
"1082136","zarp",,"okefne"
"1082137","zarpandit",,"duhanaan"
"1082138","zarpanit",,"akufafe"
"1082139","zarpanits",,"akufafin"
"1082140","zarph",,"dohini"
"1082141","zarphatic",,"ikofurun"
"1082142","zarqa",,"dohuna"
"1082143","zarr",,"ekajte"
"1082144","zarrabet",,"ekajesa"
"1082145","zarrabft",,"dihenie"
"1082146","zarrabia",,"diheniun"
"1082147","zarraga",,"ukijuin"
"1082148","zarrella",,"ikojozia"
"1082149","zarrow",,"ekajote"
"1082150","zars",,"dahua"
"1082151","zartanah",,"akuqafun"
"1082152","zartarian",,"akuqaqu"
"1082153","zarte",,"ukiqii"
"1082154","zarthan",,"ukiqaot"
"1082155","zarthe",,"duhuae"
"1082156","zartman",,"dehezi"
"1082157","zartosht",,"okeqawot"
"1082158","zarts",,"akuqona"
"1082159","zaruba",,"ekawua"
"1082160","zarudnys",,"dihutuun"
"1082161","zarutska",,"ukiwowa"
"1082162","zarvanism",,"dahoneen"
"1082163","zarvanite",,"ekabefon"
"1082164","zary",,"dohoe"
"1082165","zarys",,"dohoq"
"1082166","zarytus",,"ekakuaa"
"1082167","zarzamora",,"duhanui"
"1082168","zarzeczn",,"akuluti"
"1082169","zarzi",,"okelui"
"1082170","zarzilg",,"dehorat"
"1082171","zarzuela",,"duhaboen"
"1082172","zarzuelas",,"duhaboon"
"1082173","zarzycki",,"ikoleti"
"1082174","zas",,"aka8"
"1082175","zaschka",,"dajunu"
"1082176","zashi",,"dajir"
"1082177","zashin",,"ikimonn"
"1082178","zasio",,"okonaro"
"1082179","zaslamy",,"dujenen"
"1082180","zaslow",,"dijaan"
"1082181","zaspopathy",,"ikifeju"
"1082182","zastava",,"akaqaon"
"1082183","zastavna",,"dojonea"
"1082184","zastrow",,"akaqean"
"1082185","zastruga",,"ekeqodet"
"1082186","zastrugas",,"ekeqodi"
"1082187","zastrugi",,"akaqedu"
"1082188","zasu",,"ukuwri"
"1082189","zasuwa",,"ikiwae"
"1082190","zatar",,"ekomola"
"1082191","zatarain",,"ducecion"
"1082192","zatarian",,"ducecaon"
"1082193","zatch",,"akeres"
"1082194","zate",,"dicu"
"1082195","zatebradine",,"decoresae"
"1082196","zatherian",,"ikumoqun"
"1082197","zati",,"duci"
"1082198","zatis",,"duciq"
"1082199","zatlyn",,"docuin"
"1082200","zato",,"dece"
"1082201","zatocoding",,"decesiot"
"1082202","zatoichi",,"okiputa"
"1082203","zator",,"okipit"
"1082204","zatosetron",,"akepozot"
"1082205","zatracheid",,"akejatu"
"1082206","zatrachydid",,"docanisei"
"1082207","zatsepin",,"docevaen"
"1082208","zatsu",,"dicob"
"1082209","zatsudan",,"decabii"
"1082210","zattare",,"ducuna"
"1082211","zatthu",,"dician"
"1082212","zatti",,"ukaqei"
"1082213","zattu",,"ikuqoo"
"1082214","zatz",,"ekolne"
"1082215","zauberberg",,"akonuqe"
"1082216","zaugg",,"ekilei"
"1082217","zaum",,"okuvno"
"1082218","zaun",,"deqa"
"1082219","zauner",,"ekizino"
"1082220","zaung",,"doqem"
"1082221","zaurak",,"duqoa"
"1082222","zauraks",,"duqonen"
"1082223","zauschneria",,"doqesohoat"
"1082224","zauschnerias",,"doqesohoe"
"1082225","zausner",,"ekiciaa"
"1082226","zauzou",,"deqoen"
"1082227","zavah",,"akimera"
"1082228","zaval",,"ikemiti"
"1082229","zavala",,"ukomunn"
"1082230","zavaleta",,"dowuvaot"
"1082231","zavalla",,"dowuvot"
"1082232","zavallas",,"dowuveo"
"1082233","zavalza",,"dawovun"
"1082234","zavan",,"okamuta"
"1082235","zavanelli",,"ikemazun"
"1082236","zavaritskite",,"okamisodan"
"1082237","zave",,"dowi"
"1082238","zavec",,"dowis"
"1082239","zavegepant",,"okatoza"
"1082240","zaventem",,"dewopii"
"1082241","zaveri",,"iketoru"
"1082242","zavier",,"ikenos"
"1082243","zavijava",,"diwosoe"
"1082244","zavijavas",,"diwosoin"
"1082245","zavodovski",,"duwutee"
"1082246","zavodske",,"ikepewon"
"1082247","zavon",,"ikepano"
"1082248","zavras",,"akijeti"
"1082249","zavrel",,"dewuen"
"1082250","zawa",,"ukimla"
"1082251","zawacki",,"ikomaeto"
"1082252","zawada",,"dubeu"
"1082253","zawadzki",,"ukimonot"
"1082254","zawahiri",,"akumesu"
"1082255","zawde",,"debev"
"1082256","zawg",,"ukilne"
"1082257","zawgyi",,"ekalau"
"1082258","zawiercie",,"debaveat"
"1082259","zawinskis",,"dubipae"
"1082260","zawislak",,"debaqaun"
"1082261","zawistowski",,"debaqijien"
"1082262","zawiya",,"ekaninn"
"1082263","zawiyah",,"debali"
"1082264","zawn",,"dabu"
"1082265","zawra",,"dubon"
"1082266","zaws",,"ikocde"
"1082267","zaxes",,"dedoq"
"1082268","zaxs",,"dode"
"1082269","zaxxon",,"dudia"
"1082270","zaxzea",,"ukulan"
"1082271","zaya",,"ikumso"
"1082272","zayante",,"ukameea"
"1082273","zayas",,"ikumaso"
"1082274","zayass",,"ikumasu"
"1082275","zayat",,"doguw"
"1082276","zayd",,"dege"
"1082277","zayda",,"dogon"
"1082278","zayde",,"dagav"
"1082279","zaydee",,"dugue"
"1082280","zaydeh",,"ekosura"
"1082281","zayden",,"ikusoti"
"1082282","zaydi",,"deger"
"1082283","zaydie",,"dagaan"
"1082284","zaydism",,"duguren"
"1082285","zaydist",,"ekosiaa"
"1082286","zaydite",,"akesoona"
"1082287","zayed",,"daget"
"1082288","zayets",,"dagean"
"1082289","zayin",,"dugip"
"1082290","zayins",,"dugio"
"1082291","zaylee",,"digaet"
"1082292","zayn",,"dugi"
"1082293","zaynab",,"ekozuo"
"1082294","zayne",,"digov"
"1082295","zaynulla",,"degabaat"
"1082296","zayonc",,"degeen"
"1082297","zayonts",,"ekopioa"
"1082298","zayontz",,"dogopot"
"1082299","zayse",,"ekocaa"
"1082300","zayton",,"ekoqote"
"1082301","zaytoun",,"akeqian"
"1082302","zaytun",,"ikuqou"
"1082303","zayu",,"ekowte"
"1082304","zayum",,"ukawai"
"1082305","zayyanid",,"okikofe"
"1082306","zayzun",,"akeleti"
"1082307","zaza",,"doku"
"1082308","zazaki",,"dekiet"
"1082309","zazao",,"dukef"
"1082310","zazen",,"ikatara"
"1082311","zazens",,"ikatare"
"1082312","zazi",,"deka"
"1082313","zazo",,"diki"
"1082314","zazueta",,"akowuet"
"1082315","zazz",,"ikalna"
"1082316","zazzle",,"dakean"
"1082317","zazzy",,"akolia"
"1082318","zbang",,"ulozuu"
"1082319","zbar",,"elujs"
"1082320","zbarazh",,"ulojuu"
"1082321","zbeauty",,"alomuet"
"1082322","zbigniew",,"alalosu"
"1082323","zbik",,"dumus"
"1082324","zbikowski",,"dimifoat"
"1082325","zbit",,"uluqt"
"1082326","zbmm",,"deti"
"1082327","zboieni",,"ilunoia"
"1082328","zboriv",,"deziea"
"1082329","zbroimy",,"olepuu"
"1082330","zbrush",,"dahaoe"
"1082331","zcapl",,"amifaa"
"1082332","zclv",,"emubo"
"1082333","zcoa",,"omimt"
"1082334","zdan",,"onazt"
"1082335","zdarsky",,"enujia"
"1082336","zdaxg",,"inegi"
"1082337","zddp",,"dora"
"1082338","zdenci",,"anozet"
"1082339","zdenek",,"inaza"
"1082340","zdenekite",,"dusavuat"
"1082341","zdeslav",,"disuvun"
"1082342","zdma",,"datua"
"1082343","zdmap",,"unimi"
"1082344","zdolbuniv",,"dozeroat"
"1082345","zdorovetskiy",,"enojugogin"
"1082346","zdravets",,"onemozun"
"1082347","zdrs",,"unics"
"1082348","zduha",,"unemua"
"1082349","zdxg",,"onole"
"1082350","zdzis",,"anonoa"
"1082351","zeacarotene",,"delenojeet"
"1082352","zeae",,"iretta"
"1082353","zeagonite",,"irelefun"
"1082354","zeal",,"delua"
"1082355","zealand",,"dulonun"
"1082356","zealander",,"aritafat"
"1082357","zealanderes",,"urotufufen"
"1082358","zealanders",,"aritafea"
"1082359","zealandes",,"dilenaet"
"1082360","zealandese",,"dolanue"
"1082361","zealandia",,"dalinoat"
"1082362","zealandian",,"urotufet"
"1082363","zealandic",,"duloneot"
"1082364","zealandish",,"erutefat"
"1082365","zealandism",,"dolanua"
"1082366","zealandize",,"erutefona"
"1082367","zealandress",,"aritafabin"
"1082368","zealands",,"duloneu"
"1082369","zealant",,"dulonea"
"1082370","zealants",,"dulonein"
"1082371","zealatrice",,"delunuet"
"1082372","zeale",,"daliv"
"1082373","zealed",,"erutere"
"1082374","zealexin",,"dalivoan"
"1082375","zealful",,"dalilan"
"1082376","zealfully",,"oratedo"
"1082377","zealless",,"aritazat"
"1082378","zeallessness",,"dalivubua"
"1082379","zealot",,"uroteni"
"1082380","zealoter",,"dolafaun"
"1082381","zealotic",,"urotoba"
"1082382","zealotical",,"dolafaa"
"1082383","zealotism",,"oratabo"
"1082384","zealotisms",,"oratabeta"
"1082385","zealotist",,"dolafaot"
"1082386","zealotries",,"dolafaaa"
"1082387","zealotry",,"dalifian"
"1082388","zealotrys",,"dalifiun"
"1082389","zealots",,"urotoin"
"1082390","zealous",,"dolafat"
"1082391","zealouser",,"iretedan"
"1082392","zealousest",,"oratada"
"1082393","zealousl",,"oratadin"
"1082394","zealouslier",,"dalifuboa"
"1082395","zealousliest",,"dulofibeat"
"1082396","zealously",,"urotoden"
"1082397","zealousn",,"erutudet"
"1082398","zealousness",,"aritiduja"
"1082399","zealousnesses",,"urotodijun"
"1082400","zealousser",,"iretedun"
"1082401","zealoussest",,"oratadeden"
"1082402","zealousy",,"dulofiin"
"1082403","zealproof",,"arituqot"
"1082404","zeals",,"deluqa"
"1082405","zeamatin",,"arivabun"
"1082406","zeamet",,"dulian"
"1082407","zeamine",,"dolerat"
"1082408","zean",,"dala"
"1082409","zearalenone",,"urojuzajon"
"1082410","zearing",,"irejaia"
"1082411","zearings",,"irejafat"
"1082412","zeas",,"urocde"
"1082413","zeasjp",,"aricon"
"1082414","zeatin",,"eruqot"
"1082415","zeatins",,"eruqioa"
"1082416","zeawant",,"aridaon"
"1082417","zeaxanthin",,"delenian"
"1082418","zeaxanthine",,"dalanodiot"
"1082419","zeaxanthol",,"duluneet"
"1082420","zeba",,"dime"
"1082421","zebada",,"arumara"
"1082422","zebadiah",,"dumoteu"
"1082423","zebah",,"arumeno"
"1082424","zebaim",,"demuua"
"1082425","zebak",,"domata"
"1082426","zeballos",,"domavoea"
"1082427","zebapda",,"damiho"
"1082428","zebavidin",,"arumase"
"1082429","zebblit",,"orenoun"
"1082430","zebco",,"dumuf"
"1082431","zebe",,"demie"
"1082432","zebec",,"demis"
"1082433","zebeck",,"damoaa"
"1082434","zebecks",,"damosen"
"1082435","zebecque",,"damosaen"
"1082436","zebecs",,"demiate"
"1082437","zebedee",,"arutiae"
"1082438","zebedees",,"arutizen"
"1082439","zebediah",,"domutuat"
"1082440","zebeline",,"demivia"
"1082441","zebi",,"domou"
"1082442","zebibyte",,"dimireo"
"1082443","zebina",,"orenann"
"1082444","zebley",,"irotote"
"1082445","zeboiim",,"domire"
"1082446","zeboim",,"domiana"
"1082447","zeboims",,"domiruna"
"1082448","zebra",,"arujau"
"1082449","zebraback",,"duminau"
"1082450","zebraed",,"domenet"
"1082451","zebrafinch",,"dimonoe"
"1082452","zebrafish",,"orejomo"
"1082453","zebrafishes",,"erajemade"
"1082454","zebrafishs",,"orejomet"
"1082455","zebraic",,"arujaona"
"1082456","zebralike",,"damunaun"
"1082457","zebrano",,"dimono"
"1082458","zebranos",,"dimonaet"
"1082459","zebras",,"arujeno"
"1082460","zebrass",,"arujaone"
"1082461","zebrasses",,"urijuwot"
"1082462","zebrawood",,"damunean"
"1082463","zebrawoods",,"damuneuna"
"1082464","zebress",,"irojooa"
"1082465","zebrin",,"damueta"
"1082466","zebrina",,"demarot"
"1082467","zebrinas",,"demario"
"1082468","zebrine",,"dumire"
"1082469","zebrines",,"dumirein"
"1082470","zebrinnies",,"irojafu"
"1082471","zebrinny",,"erajifet"
"1082472","zebro",,"erajuti"
"1082473","zebroid",,"dumife"
"1082474","zebroids",,"dumifein"
"1082475","zebrowski",,"irojekun"
"1082476","zebrula",,"demabin"
"1082477","zebrulas",,"demabea"
"1082478","zebrule",,"dumibun"
"1082479","zebrules",,"dumibuu"
"1082480","zebu",,"demii"
"1082481","zebub",,"irowui"
"1082482","zebubs",,"irowote"
"1082483","zebudah",,"domuti"
"1082484","zebuine",,"uriweu"
"1082485","zebul",,"erawei"
"1082486","zebularine",,"uriwureta"
"1082487","zebulen",,"demivin"
"1082488","zebulon",,"dumevua"
"1082489","zebuloni",,"dumevoa"
"1082490","zebulonite",,"uriwuhona"
"1082491","zebulun",,"demivot"
"1082492","zebuluni",,"demivaen"
"1082493","zebulunite",,"erawedan"
"1082494","zebulunites",,"erawedavun"
"1082495","zeburro",,"dumece"
"1082496","zebus",,"demiq"
"1082497","zecca",,"ururue"
"1082498","zecchin",,"ereroo"
"1082499","zecchine",,"araresata"
"1082500","zecchines",,"ararese"
"1082501","zecchini",,"ereroson"
"1082502","zecchino",,"irirusan"
"1082503","zecchinos",,"irirusun"
"1082504","zecchins",,"ereroset"
"1082505","zecco",,"araria"
"1082506","zech",,"done"
"1082507","zecharia",,"eremeqen"
"1082508","zechariah",,"danunee"
"1082509","zechariahs",,"danunein"
"1082510","zechi",,"doner"
"1082511","zechin",,"eremasa"
"1082512","zechins",,"eremien"
"1082513","zechman",,"aramean"
"1082514","zechstein",,"dinoqean"
"1082515","zechsteins",,"dinoqeun"
"1082516","zechut",,"oromann"
"1082517","zeckendorfs",,"orosefocet"
"1082518","zecolsav",,"iripiwon"
"1082519","zeculon",,"arawaan"
"1082520","zed",,"dere"
"1082521","zeda",,"doraa"
"1082522","zedad",,"irumeni"
"1082523","zedakah",,"uramiua"
"1082524","zedd",,"orista"
"1082525","zedded",,"duraet"
"1082526","zedder",,"dareot"
"1082527","zedding",,"duraru"
"1082528","zeddy",,"urasora"
"1082529","zedediah",,"deritiot"
"1082530","zedekiah",,"oritesua"
"1082531","zedekiahs",,"oritesota"
"1082532","zedekiel",,"irutosona"
"1082533","zedland",,"uratuea"
"1082534","zedlavsm",,"doranoun"
"1082535","zednemdt",,"erozapa"
"1082536","zedoaria",,"oripoqe"
"1082537","zedoaries",,"arepaqun"
"1082538","zedoary",,"irupioa"
"1082539","zedong",,"irupene"
"1082540","zedongs",,"irupaon"
"1082541","zedonk",,"eropote"
"1082542","zedonks",,"eropio"
"1082543","zedrick",,"orijuun"
"1082544","zedriv",,"daruena"
"1082545","zeds",,"derea"
"1082546","zedsexual",,"derevia"
"1082547","zee",,"orude"
"1082548","zeeb",,"desa"
"1082549","zeeba",,"dosen"
"1082550","zeebrugge",,"iranudan"
"1082551","zeed",,"dase"
"1082552","zeedonk",,"arosiia"
"1082553","zeehan",,"erimins"
"1082554","zeehorse",,"uremoqot"
"1082555","zeeing",,"dusue"
"1082556","zeek",,"erisse"
"1082557","zeeko",,"irase"
"1082558","zeekoe",,"orusie"
"1082559","zeekr",,"dasoc"
"1082560","zeeky",,"irasei"
"1082561","zeeland",,"dosania"
"1082562","zeelander",,"iratifon"
"1082563","zeelanders",,"iratifana"
"1082564","zeelandi",,"dosanuuna"
"1082565","zeelandia",,"disenaon"
"1082566","zeelandic",,"dosanue"
"1082567","zeeman",,"doseona"
"1082568","zeemans",,"dosenan"
"1082569","zeena",,"dusun"
"1082570","zeenat",,"arozena"
"1082571","zeer",,"desaa"
"1082572","zeera",,"dosena"
"1082573","zeerust",,"erijaota"
"1082574","zees",,"orucle"
"1082575","zeese",,"ericau"
"1082576","zeeshan",,"ericoaa"
"1082577","zeev",,"duso"
"1082578","zeewolde",,"uredozu"
"1082579","zeferino",,"dogucuin"
"1082580","zeffie",,"arokan"
"1082581","zeffirelli",,"degirou"
"1082582","zeffirellis",,"degiropiot"
"1082583","zefir",,"arones"
"1082584","zeftel",,"dageet"
"1082585","zegarra",,"oramiuno"
"1082586","zegedine",,"urotosot"
"1082587","zegler",,"oratato"
"1082588","zeguha",,"dikao"
"1082589","zeguhas",,"dikanet"
"1082590","zehbrauskas",,"dilocigoe"
"1082591","zehcnas",,"oreruun"
"1082592","zehe",,"delino"
"1082593","zehgma",,"dolaat"
"1082594","zehnbein",,"irozuzana"
"1082595","zehnder",,"aruzii"
"1082596","zehner",,"duluun"
"1082597","zehr",,"urijta"
"1082598","zehsis",,"doloat"
"1082599","zeibekiko",,"demavai"
"1082600","zeid",,"demot"
"1082601","zeidae",,"demouna"
"1082602","zeidaes",,"demonu"
"1082603","zeidan",,"eresino"
"1082604","zeideh",,"orosana"
"1082605","zeidi",,"demora"
"1082606","zeidler",,"dumave"
"1082607","zeidman",,"urusain"
"1082608","zeidy",,"dimula"
"1082609","zeiform",,"arakiea"
"1082610","zeigarnik",,"oroloqet"
"1082611","zeiger",,"domaan"
"1082612","zeigler",,"orolou"
"1082613","zeiglers",,"orolozot"
"1082614","zeilanite",,"domanuot"
"1082615","zeiler",,"eretote"
"1082616","zeilinge",,"urutefet"
"1082617","zeimet",,"dimoa"
"1082618","zein",,"dumune"
"1082619","zeina",,"damana"
"1082620","zeinab",,"orozani"
"1082621","zeineb",,"arazete"
"1082622","zeiner",,"arazona"
"1082623","zeinoxanthin",,"erezulijo"
"1082624","zeins",,"dumuq"
"1082625","zeiosis",,"arapoun"
"1082626","zeis",,"iricli"
"1082627","zeisel",,"dumuun"
"1082628","zeiset",,"damaen"
"1082629","zeisian",,"damaran"
"1082630","zeisler",,"ereceo"
"1082631","zeisloft",,"dimiveat"
"1082632","zeism",,"ereco"
"1082633","zeiss",,"iricau"
"1082634","zeissia",,"uruceota"
"1082635","zeisss",,"iriceno"
"1082636","zeist",,"demew"
"1082637","zeit",,"demos"
"1082638","zeitgeber",,"demomaen"
"1082639","zeitgebers",,"demomaon"
"1082640","zeitgeist",,"oroqozoa"
"1082641","zeitgeistification",,"domimeteun"
"1082642","zeitgeistily",,"demomataot"
"1082643","zeitgeists",,"oroqozeta"
"1082644","zeitgeisty",,"uruquzii"
"1082645","zeitler",,"dumavu"
"1082646","zeitlin",,"domivu"
"1082647","zeitma",,"dameet"
"1082648","zeitnot",,"damepan"
"1082649","zeitoon",,"uruqoaa"
"1082650","zeitoun",,"erequen"
"1082651","zeitplan",,"ereqazon"
"1082652","zeitpyramide",,"uruqimotat"
"1082653","zeitvertreib",,"araqazigo"
"1082654","zeitvertreibs",,"araqaziget"
"1082655","zeitz",,"uruqia"
"1082656","zeizoun",,"irileon"
"1082657","zejel",,"aretati"
"1082658","zejelesque",,"irutizat"
"1082659","zejing",,"eroneni"
"1082660","zeke",,"eritri"
"1082661","zekes",,"eritino"
"1082662","zeki",,"oruntu"
"1082663","zekiel",,"dirioa"
"1082664","zekne",,"dorov"
"1082665","zekoslav",,"orupuzin"
"1082666","zeks",,"orucli"
"1082667","zektzerite",,"eriqazi"
"1082668","zekzel",,"erilina"
"1082669","zela",,"desuna"
"1082670","zelada",,"iremotn"
"1082671","zelah",,"iremuno"
"1082672","zeland",,"diseot"
"1082673","zelandiae",,"disepeon"
"1082674","zelanian",,"dosapuu"
"1082675","zelanians",,"dosapuot"
"1082676","zelant",,"diseao"
"1082677","zelants",,"disepen"
"1082678","zelasko",,"dosaqun"
"1082679","zelator",,"disewen"
"1082680","zelators",,"diseweon"
"1082681","zelatrice",,"dasiweat"
"1082682","zelatrices",,"dasiwee"
"1082683","zelatrix",,"arimiquna"
"1082684","zelatrixes",,"uromoqet"
"1082685","zelaya",,"dusoan"
"1082686","zelayeta",,"uromozua"
"1082687","zelazny",,"dosaman"
"1082688","zelcova",,"irereen"
"1082689","zelda",,"orasos"
"1082690","zeldaesque",,"arisazun"
"1082691","zeldalike",,"dosinoin"
"1082692","zelde",,"arisut"
"1082693","zeldin",,"dosian"
"1082694","zeldovich",,"orasaga"
"1082695","zele",,"duseta"
"1082696","zeledon",,"disato"
"1082697","zeledons",,"disateet"
"1082698","zelek",,"disate"
"1082699","zelenak",,"iretaet"
"1082700","zelenchukskaya",,"disapasuen"
"1082701","zelendvor",,"dosupau"
"1082702","zelenka",,"iretaeta"
"1082703","zelenodolsk",,"urotehucat"
"1082704","zelenogorsk",,"desipureu"
"1082705","zelenograd",,"oratuho"
"1082706","zelens",,"iretoni"
"1082707","zelenska",,"iretawi"
"1082708","zelenski",,"oratuwot"
"1082709","zelenskiy",,"urotewet"
"1082710","zelensky",,"urotewa"
"1082711","zelenskyi",,"uroteweta"
"1082712","zelenskys",,"urotewen"
"1082713","zelenskyy",,"erutiwona"
"1082714","zeleny",,"aritets"
"1082715","zelesnik",,"oratufot"
"1082716","zelewski",,"desigien"
"1082717","zelia",,"desene"
"1082718","zelienople",,"uronifi"
"1082719","zelienoples",,"uronifuqat"
"1082720","zelig",,"desem"
"1082721","zeligesque",,"dusumiet"
"1082722","zeligs",,"deseaa"
"1082723","zelikow",,"dusutot"
"1082724","zelima",,"dusuea"
"1082725","zelina",,"ariniti"
"1082726","zelinda",,"disipen"
"1082727","zelinski",,"irenawea"
"1082728","zelinsky",,"arinowu"
"1082729","zelizer",,"desemot"
"1082730","zelko",,"desifa"
"1082731","zelkoua",,"desifaa"
"1082732","zelkova",,"orasaea"
"1082733","zelkovamycin",,"disafiseaa"
"1082734","zelkovas",,"orasagin"
"1082735","zell",,"aritti"
"1082736","zella",,"eruteri"
"1082737","zellamae",,"urotupot"
"1082738","zellamaes",,"urotupo"
"1082739","zellars",,"dasini"
"1082740","zellas",,"erutotn"
"1082741","zelle",,"urotino"
"1082742","zeller",,"diseau"
"1082743","zellerba",,"erutaqoa"
"1082744","zellerbach",,"dasivee"
"1082745","zellerbachs",,"dasivetoin"
"1082746","zelleri",,"disevet"
"1082747","zellerite",,"iretoqat"
"1082748","zellers",,"diseven"
"1082749","zellige",,"aritoun"
"1082750","zellij",,"diseet"
"1082751","zellis",,"aritant"
"1082752","zellmer",,"desuza"
"1082753","zellner",,"oratuea"
"1082754","zells",,"aritoli"
"1082755","zellweger",,"desugaet"
"1082756","zellwood",,"dasigiat"
"1082757","zellwoods",,"dasigie"
"1082758","zelly",,"oratatu"
"1082759","zelma",,"dusin"
"1082760","zelman",,"ireveni"
"1082761","zelmas",,"dusiuna"
"1082762","zelmira",,"eruviena"
"1082763","zelmiras",,"eruviqon"
"1082764","zelnik",,"irezone"
"1082765","zelo",,"dosite"
"1082766","zelopheh",,"aripuru"
"1082767","zelophehad",,"dusahaet"
"1082768","zelophilia",,"aripuret"
"1082769","zelophobia",,"uropiran"
"1082770","zelophobias",,"uropiruvun"
"1082771","zelophobic",,"ireporina"
"1082772","zelophobics",,"ireporiva"
"1082773","zelos",,"dosiqn"
"1082774","zeloso",,"dusaea"
"1082775","zeloss",,"dosiana"
"1082776","zelotes",,"orapaun"
"1082777","zelotic",,"irepeon"
"1082778","zelotism",,"erupusi"
"1082779","zelotypia",,"desowuon"
"1082780","zelotypias",,"desowuan"
"1082781","zelotypie",,"dusawooe"
"1082782","zelotypist",,"erupumun"
"1082783","zelotypophobia",,"uropomaco"
"1082784","zelous",,"desoine"
"1082785","zels",,"dasano"
"1082786","zeltbahn",,"dusaruot"
"1082787","zelten",,"desou"
"1082788","zeltinger",,"uroqefona"
"1082789","zeltingers",,"uroqefane"
"1082790","zelus",,"duseqo"
"1082791","zelver",,"diseota"
"1082792","zelwer",,"urodun"
"1082793","zelyonka",,"irekefan"
"1082794","zelzah",,"disaa"
"1082795","zemagr",,"dotaane"
"1082796","zemaitis",,"datiriun"
"1082797","zemaituka",,"dutoroo"
"1082798","zemanek",,"detupot"
"1082799","zemankova",,"arumovu"
"1082800","zemannite",,"dutopeo"
"1082801","zemaraim",,"daticaat"
"1082802","zemarite",,"eramosen"
"1082803","zembla",,"eranint"
"1082804","zemblanity",,"arunarota"
"1082805","zembsch",,"orenuun"
"1082806","zeme",,"arutra"
"1082807","zemeckis",,"uriteva"
"1082808","zemeism",,"irotaon"
"1082809","zemella",,"irotieta"
"1082810","zemfira",,"urikeaa"
"1082811","zemgale",,"dutonua"
"1082812","zemi",,"erantu"
"1082813","zemiaki",,"eraneet"
"1082814","zemidjan",,"dototaua"
"1082815","zemiism",,"urineoi"
"1082816","zemimdari",,"arunevin"
"1082817","zemindar",,"ditipeona"
"1082818","zemindarate",,"urinevebon"
"1082819","zemindari",,"ditipeat"
"1082820","zemindaries",,"dotopasaen"
"1082821","zemindaris",,"ditipee"
"1082822","zemindarni",,"orenuvet"
"1082823","zemindars",,"ditipean"
"1082824","zemindarship",,"datapision"
"1082825","zemindary",,"datapiun"
"1082826","zemira",,"detein"
"1082827","zemirah",,"ironuia"
"1082828","zemirot",,"ironuie"
"1082829","zemiroth",,"dotocaot"
"1082830","zemis",,"eranito"
"1082831","zemke",,"urisii"
"1082832","zemkorite",,"erasuqana"
"1082833","zemlia",,"dutoe"
"1082834","zemlinsky",,"irotafu"
"1082835","zemlinskys",,"irotafot"
"1082836","zemljoslav",,"uritohan"
"1082837","zemlya",,"detuue"
"1082838","zemlyanka",,"arutiru"
"1082839","zemmi",,"urivee"
"1082840","zemmiphobia",,"ditorosia"
"1082841","zemni",,"dotor"
"1082842","zemo",,"iropnu"
"1082843","zemorrian",,"detocoi"
"1082844","zempel",,"arufon"
"1082845","zemphira",,"ditanaana"
"1082846","zempl",,"erafei"
"1082847","zemstroist",,"detewoat"
"1082848","zemstrom",,"eracuqon"
"1082849","zemstroms",,"eracuqan"
"1082850","zemstva",,"aruciie"
"1082851","zemstvo",,"eracuo"
"1082852","zemstvos",,"eracuget"
"1082853","zemstwo",,"dutuwu"
"1082854","zena",,"davi"
"1082855","zenab",,"oromio"
"1082856","zenaga",,"dovaia"
"1082857","zenagas",,"dovamat"
"1082858","zenaida",,"oromuat"
"1082859","zenaidas",,"oromuve"
"1082860","zenaidinae",,"dovaraot"
"1082861","zenaidinaes",,"dovarateo"
"1082862","zenaidura",,"daviriat"
"1082863","zenaidurae",,"duvoroa"
"1082864","zenaiduras",,"davirie"
"1082865","zenan",,"urumeno"
"1082866","zenana",,"arameto"
"1082867","zenanah",,"duvopu"
"1082868","zenanas",,"aramoia"
"1082869","zenapax",,"davihet"
"1082870","zenarestat",,"eremozon"
"1082871","zenas",,"daviq"
"1082872","zenata",,"oromit"
"1082873","zenati",,"eremoti"
"1082874","zenazocine",,"davimie"
"1082875","zencastr",,"davanoi"
"1082876","zend",,"arasne"
"1082877","zenda",,"eresene"
"1082878","zendah",,"daveena"
"1082879","zendalet",,"irisizet"
"1082880","zendavesta",,"urusuga"
"1082881","zendaya",,"urusuuna"
"1082882","zende",,"urusiu"
"1082883","zender",,"divuin"
"1082884","zendesk",,"irisoen"
"1082885","zendic",,"araseta"
"1082886","zendician",,"doviruin"
"1082887","zendik",,"urusun"
"1082888","zendikite",,"devoraon"
"1082889","zendiks",,"uruseot"
"1082890","zendiq",,"eresota"
"1082891","zendo",,"orosas"
"1082892","zendos",,"orosane"
"1082893","zendrum",,"devocot"
"1082894","zends",,"arasos"
"1082895","zendura",,"duvabun"
"1082896","zenelophon",,"davovia"
"1082897","zenelophons",,"davovicien"
"1082898","zener",,"aratei"
"1082899","zenerdio",,"davocian"
"1082900","zeng",,"davia"
"1082901","zengdu",,"aralon"
"1082902","zenger",,"erelota"
"1082903","zengers",,"erelao"
"1082904","zenghong",,"devunuan"
"1082905","zengi",,"davir"
"1082906","zengzian",,"davimoun"
"1082907","zeni",,"duvua"
"1082908","zenia",,"davan"
"1082909","zenial",,"araniu"
"1082910","zenic",,"duvus"
"1082911","zenick",,"divioa"
"1082912","zenik",,"divit"
"1082913","zeniplatin",,"dovohoet"
"1082914","zenist",,"aranit"
"1082915","zenists",,"aranoate"
"1082916","zenith",,"duvuua"
"1082917","zenithal",,"aranirua"
"1082918","zenithally",,"duvuwai"
"1082919","zenithic",,"duvuwao"
"1082920","zeniths",,"duvuwot"
"1082921","zenithward",,"diviwuun"
"1082922","zenithwards",,"diviwulau"
"1082923","zenitude",,"devewaa"
"1082924","zenji",,"araroe"
"1082925","zenk",,"divaa"
"1082926","zenker",,"urusee"
"1082927","zenkers",,"urusiina"
"1082928","zenlike",,"orotuu"
"1082929","zennana",,"devenot"
"1082930","zennas",,"uruzena"
"1082931","zenned",,"davao"
"1082932","zenner",,"deveua"
"1082933","zennie",,"orozate"
"1082934","zenning",,"davarun"
"1082935","zennish",,"dovoru"
"1082936","zennist",,"devero"
"1082937","zennists",,"deverieta"
"1082938","zennit",,"deveot"
"1082939","zennor",,"duvue"
"1082940","zeno",,"devoo"
"1082941","zenoan",,"erepote"
"1082942","zenobia",,"urupaini"
"1082943","zenobius",,"oropisin"
"1082944","zenocentric",,"urupezigi"
"1082945","zenocutuzumab",,"arapodaken"
"1082946","zenoes",,"daveene"
"1082947","zenographic",,"oropoquqan"
"1082948","zenographical",,"davemesean"
"1082949","zenography",,"urupuqan"
"1082950","zenoism",,"duvarot"
"1082951","zenoist",,"oropuua"
"1082952","zenon",,"arapou"
"1082953","zenoness",,"urupeza"
"1082954","zenonian",,"dovipuin"
"1082955","zenonians",,"dovipua"
"1082956","zenonic",,"arapoat"
"1082957","zenonics",,"arapose"
"1082958","zenonism",,"iripasun"
"1082959","zenonist",,"divupaan"
"1082960","zenor",,"iripui"
"1082961","zenos",,"devoqa"
"1082962","zenosyne",,"erepimen"
"1082963","zenotropism",,"urupoquqe"
"1082964","zenpai",,"irifene"
"1082965","zens",,"duvuo"
"1082966","zensho",,"iricet"
"1082967","zent",,"araqsi"
"1082968","zentai",,"ereqote"
"1082969","zenteno",,"dovivat"
"1082970","zentner",,"oroquun"
"1082971","zentrum",,"devoca"
"1082972","zentz",,"davem"
"1082973","zenu",,"divai"
"1082974","zenvo",,"erebua"
"1082975","zenz",,"orols"
"1082976","zenzenite",,"orolefin"
"1082977","zenzi",,"orolua"
"1082978","zenzic",,"orolana"
"1082979","zenzizenzic",,"davorupuin"
"1082980","zenzizenzizenzic",,"erelinojet"
"1082981","zenzizenzizenzizenzic",,"duveripiun"
"1082982","zenzizenzizenzizenzike",,"dovurepeun"
"1082983","zenzuic",,"erelaaa"
"1082984","zeocin",,"dezeina"
"1082985","zeogrid",,"eroloen"
"1082986","zeoidei",,"dozotat"
"1082987","zeoideis",,"dozotee"
"1082988","zeoli",,"dozar"
"1082989","zeolite",,"orituea"
"1082990","zeolites",,"oritubin"
"1082991","zeolitic",,"irutabat"
"1082992","zeolitiform",,"aretoburan"
"1082993","zeolitisation",,"irutabodan"
"1082994","zeolitise",,"oritubo"
"1082995","zeolitised",,"daziriin"
"1082996","zeolitises",,"oritubet"
"1082997","zeolitising",,"daziritui"
"1082998","zeolitite",,"daziriu"
"1082999","zeolitization",,"dizeretuon"
"1083000","zeolitize",,"dozaraot"
"1083001","zeolitized",,"irutabea"
"1083002","zeolitizes",,"dozaraoa"
"1083003","zeolitizing",,"irutaboset"
"1083004","zeomorphi",,"dezafoat"
"1083005","zeomorphies",,"dazufecien"
"1083006","zeomorphis",,"dezafoe"
"1083007","zeomycin",,"dezalien"
"1083008","zeon",,"deze"
"1083009","zeona",,"dozon"
"1083010","zeonas",,"dozoi"
"1083011","zeophyllite",,"dizanepaot"
"1083012","zeorin",,"irujeti"
"1083013","zeorine",,"orijuea"
"1083014","zeos",,"arecde"
"1083015","zeoscope",,"dezesua"
"1083016","zeotrope",,"dezocuo"
"1083017","zeotropic",,"dozicaot"
"1083018","zeotype",,"oriqaat"
"1083019","zeotypic",,"iruqeji"
"1083020","zepastine",,"dapiqiun"
"1083021","zepbound",,"iranedon"
"1083022","zepeda",,"uretant"
"1083023","zepel",,"orutou"
"1083024","zeph",,"aromti"
"1083025","zephan",,"dopean"
"1083026","zephania",,"diponai"
"1083027","zephaniah",,"aromafot"
"1083028","zephaniahs",,"aromafo"
"1083029","zepharovichite",,"erimeqelet"
"1083030","zephath",,"erimeen"
"1083031","zephatha",,"orumobina"
"1083032","zephead",,"dipova"
"1083033","zephi",,"aromoni"
"1083034","zephier",,"diporet"
"1083035","zephir",,"dupiu"
"1083036","zephiran",,"uremeqen"
"1083037","zepho",,"orumanu"
"1083038","zephon",,"dipoen"
"1083039","zephonit",,"uremofet"
"1083040","zephr",,"dupic"
"1083041","zephrean",,"iramuzi"
"1083042","zephyr",,"depain"
"1083043","zephyranth",,"erimuqun"
"1083044","zephyranthes",,"aromiqojet"
"1083045","zephyranthess",,"aromiqoji"
"1083046","zephyrean",,"aromiqe"
"1083047","zephyred",,"erimuqo"
"1083048","zephyres",,"dapulean"
"1083049","zephyret",,"erimuqen"
"1083050","zephyrette",,"dipoluan"
"1083051","zephyrhills",,"aromiqivi"
"1083052","zephyrhillss",,"aromiqivat"
"1083053","zephyrian",,"erimuqan"
"1083054","zephyrine",,"uremoqet"
"1083055","zephyring",,"erimuquna"
"1083056","zephyrinus",,"uremoqan"
"1083057","zephyrinuss",,"uremoqijun"
"1083058","zephyrless",,"aromiqot"
"1083059","zephyrlike",,"uremoqana"
"1083060","zephyros",,"dipolui"
"1083061","zephyrosaurus",,"uremoqudu"
"1083062","zephyrous",,"dopeliot"
"1083063","zephyrs",,"depala"
"1083064","zephyrus",,"dapuleat"
"1083065","zephyruss",,"dapulee"
"1083066","zephyry",,"dipolen"
"1083067","zepine",,"erinotu"
"1083068","zeplin",,"dupou"
"1083069","zepolm",,"irapeti"
"1083070","zepp",,"erifs"
"1083071","zeppelin",,"erifazon"
"1083072","zeppelins",,"erifazan"
"1083073","zeppo",,"irafei"
"1083074","zeppola",,"depifa"
"1083075","zeppole",,"dupefu"
"1083076","zeppoles",,"dupefuot"
"1083077","zeppoli",,"dapofat"
"1083078","zeppos",,"irafen"
"1083079","zeps",,"dipi"
"1083080","zepto",,"eriquo"
"1083081","zeptobarn",,"dupafaa"
"1083082","zeptogram",,"dapefau"
"1083083","zeptogramme",,"dopifowuet"
"1083084","zeptojoule",,"ureqotia"
"1083085","zeptoliter",,"dopifoo"
"1083086","zeptolitre",,"dopifooa"
"1083087","zeptometer",,"oruqapa"
"1083088","zeptometre",,"oruqapaa"
"1083089","zeptomolar",,"eriqupuna"
"1083090","zeptomole",,"dopifiot"
"1083091","zeptosecond",,"ureqowazon"
"1083092","zeptoseconds",,"ureqowazan"
"1083093","zeptowatt",,"ureqoko"
"1083094","zepu",,"dopu"
"1083095","zepzexzho",,"dapovoat"
"1083096","zequals",,"definot"
"1083097","zequeen",,"dofuvi"
"1083098","zequin",,"dufee"
"1083099","zerah",,"arumenu"
"1083100","zerahiah",,"dahinoun"
"1083101","zeralda",,"dohavia"
"1083102","zeranol",,"dehupaa"
"1083103","zeravatm",,"dahidai"
"1083104","zeravshan",,"oremowot"
"1083105","zerbaft",,"eraneai"
"1083106","zerbanitu",,"eranefona"
"1083107","zerbe",,"ironos"
"1083108","zerbert",,"ironooe"
"1083109","zerbinet",,"arunofat"
"1083110","zerby",,"eranus"
"1083111","zercher",,"dohonan"
"1083112","zerconid",,"dehefio"
"1083113","zerda",,"urisuu"
"1083114","zerdas",,"urisata"
"1083115","zerdava",,"dohinon"
"1083116","zerde",,"oreses"
"1083117","zere",,"dehia"
"1083118","zereba",,"uritann"
"1083119","zerebaed",,"dehiree"
"1083120","zerebaing",,"dehireet"
"1083121","zerebas",,"uritaune"
"1083122","zered",,"oretaso"
"1083123","zereda",,"irotinn"
"1083124","zeredath",,"iroteret"
"1083125","zereeba",,"irotooto"
"1083126","zerelda",,"dahoven"
"1083127","zeren",,"arutos"
"1083128","zereparp",,"oreterea"
"1083129","zerepas",,"arutuone"
"1083130","zerepli",,"dehiha"
"1083131","zereprp",,"erataaa"
"1083132","zererath",,"uritarot"
"1083133","zeresh",,"irototi"
"1083134","zereshk",,"oretuee"
"1083135","zereth",,"dehiua"
"1083136","zerg",,"dihe"
"1083137","zerged",,"irolae"
"1083138","zerging",,"irolaat"
"1083139","zergs",,"diheq"
"1083140","zergulla",,"dahibaun"
"1083141","zeri",,"dohou"
"1083142","zeriba",,"arunetu"
"1083143","zeribaed",,"dohoroan"
"1083144","zeribaing",,"dohoroa"
"1083145","zeribas",,"aruneia"
"1083146","zeringue",,"arunonea"
"1083147","zeritis",,"ironeia"
"1083148","zerk",,"dehii"
"1083149","zerka",,"dohune"
"1083150","zerked",,"erasua"
"1083151","zerkle",,"arusoni"
"1083152","zerks",,"dehiqa"
"1083153","zerla",,"irotite"
"1083154","zerlazerlina",,"eratenobu"
"1083155","zerlazerlinas",,"eratenobot"
"1083156","zerlina",,"duhorine"
"1083157","zerline",,"doharun"
"1083158","zerma",,"dehana"
"1083159","zermahbub",,"iroviran"
"1083160","zermani",,"aruvaat"
"1083161","zermas",,"dehau"
"1083162","zermatism",,"aruvabin"
"1083163","zermatt",,"dahunon"
"1083164","zermelian",,"dehaveon"
"1083165","zermelo",,"eravao"
"1083166","zermelos",,"eravazet"
"1083167","zermeno",,"aruvuan"
"1083168","zern",,"eraznu"
"1083169","zerner",,"duhuata"
"1083170","zernike",,"urizeota"
"1083171","zernikes",,"urizevo"
"1083172","zero",,"duhao"
"1083173","zeroa",,"dahena"
"1083174","zeroable",,"dihunuen"
"1083175","zeroadic",,"erapevo"
"1083176","zeroah",,"orepata"
"1083177","zeroary",,"uripuui"
"1083178","zeroaxial",,"dohinuin"
"1083179","zeroconf",,"dahesiun"
"1083180","zeroed",,"uripate"
"1083181","zeroeds",,"uripiea"
"1083182","zeroer",,"arupeta"
"1083183","zeroes",,"dihuot"
"1083184","zeroest",,"uripiua"
"1083185","zeroeth",,"dihuven"
"1083186","zerofold",,"orepehot"
"1083187","zerogamous",,"dahemaot"
"1083188","zerogon",,"erapeet"
"1083189","zerogonal",,"duhamoet"
"1083190","zerograph",,"arupaqot"
"1083191","zerohedron",,"dihunoun"
"1083192","zeroid",,"aruponu"
"1083193","zeroies",,"dihuren"
"1083194","zeroin",,"iropeta"
"1083195","zeroing",,"uripeoa"
"1083196","zeroings",,"uripefet"
"1083197","zeroisation",,"duharesuat"
"1083198","zeroise",,"dihurena"
"1083199","zeroised",,"uripewot"
"1083200","zeroises",,"dihuraon"
"1083201","zeroising",,"uripewan"
"1083202","zeroism",,"dohire"
"1083203","zeroist",,"arupoat"
"1083204","zeroization",,"orepunugi"
"1083205","zeroize",,"erapiaa"
"1083206","zeroized",,"duhariu"
"1083207","zeroizes",,"erapinen"
"1083208","zeroizing",,"duharion"
"1083209","zerok",,"dihut"
"1083210","zerol",,"uripuo"
"1083211","zeroless",,"iropizi"
"1083212","zerolike",,"oreposot"
"1083213","zeromodal",,"dihuzean"
"1083214","zeromode",,"uripahot"
"1083215","zeron",,"iropani"
"1083216","zeroness",,"orepuzu"
"1083217","zerophase",,"dehohoet"
"1083218","zeror",,"erapoi"
"1083219","zeros",,"duhaqa"
"1083220","zerosville",,"arupoga"
"1083221","zeroth",,"duhaee"
"1083222","zerothly",,"erapuron"
"1083223","zerotracer",,"erapuqon"
"1083224","zerounian",,"duhabeen"
"1083225","zerovalent",,"dihudiat"
"1083226","zerox",,"iropano"
"1083227","zerpanitum",,"arufafa"
"1083228","zerr",,"urijte"
"1083229","zersetzung",,"eracaban"
"1083230","zerst",,"iroces"
"1083231","zertuche",,"daheboi"
"1083232","zeruah",,"uriwe"
"1083233","zerubbab",,"aruweson"
"1083234","zerubbabel",,"dehiroo"
"1083235","zerubbabels",,"dehirosuet"
"1083236","zeruiah",,"uriweot"
"1083237","zerumbet",,"dihazuen"
"1083238","zerumbeth",,"aruwese"
"1083239","zerumbets",,"dihazuon"
"1083240","zerumbone",,"dihazui"
"1083241","zervamicin",,"dohanio"
"1083242","zervan",,"duhoata"
"1083243","zervanism",,"dohanuot"
"1083244","zervanisms",,"dohanuo"
"1083245","zervanite",,"uribufo"
"1083246","zervanites",,"uribufeta"
"1083247","zervans",,"duhone"
"1083248","zervas",,"irobae"
"1083249","zerzan",,"dohuona"
"1083250","zerzanian",,"orelofot"
"1083251","zerzanite",,"orelofin"
"1083252","zesabony",,"eremoho"
"1083253","zeshan",,"oromati"
"1083254","zest",,"dejo"
"1083255","zestar",,"uruquna"
"1083256","zestball",,"ereqoren"
"1083257","zested",,"ereqei"
"1083258","zester",,"oroqio"
"1083259","zesters",,"oroqeat"
"1083260","zestful",,"dajelan"
"1083261","zestfuler",,"ereqadi"
"1083262","zestfulest",,"araqudot"
"1083263","zestfuller",,"dijuloe"
"1083264","zestfullest",,"dojilepuet"
"1083265","zestfullier",,"dijulopaot"
"1083266","zestfulliest",,"dojilepuan"
"1083267","zestfully",,"oroqedo"
"1083268","zestfulness",,"iriqodajot"
"1083269","zestfulnesses",,"oroqedujat"
"1083270","zestier",,"oroquuna"
"1083271","zestiest",,"ereqizen"
"1083272","zestilier",,"dujaruen"
"1083273","zestiliest",,"dijurie"
"1083274","zestily",,"iriqaon"
"1083275","zestiness",,"uruqefena"
"1083276","zesting",,"ereqietu"
"1083277","zestless",,"araqazate"
"1083278","zestlessly",,"dujavien"
"1083279","zestlessness",,"dajevubua"
"1083280","zestos",,"dijuaa"
"1083281","zestril",,"dajecan"
"1083282","zestriles",,"dujaceo"
"1083283","zestrils",,"dajecoun"
"1083284","zests",,"dejoq"
"1083285","zesty",,"dijul"
"1083286","zeta",,"doca"
"1083287","zetabetical",,"orimizova"
"1083288","zetacism",,"dacisoan"
"1083289","zetacist",,"irumasona"
"1083290","zetacrit",,"docasiun"
"1083291","zetafuge",,"uramida"
"1083292","zetametric",,"ducozio"
"1083293","zetametry",,"decuzao"
"1083294","zetana",,"orimia"
"1083295","zetapotential",,"orimehofat"
"1083296","zetaprotein",,"docahijoen"
"1083297","zetaproteobacterial",,"irumoqigua"
"1083298","zetaproteobacterium",,"ducohajuon"
"1083299","zetas",,"docaq"
"1083300","zetea",,"decin"
"1083301","zetes",,"dacoq"
"1083302","zetetic",,"erotuotu"
"1083303","zetetical",,"duceweot"
"1083304","zetetically",,"erotusatat"
"1083305","zeteticism",,"uratoson"
"1083306","zetetick",,"aretisat"
"1083307","zetetics",,"erotusoe"
"1083308","zetham",,"orimati"
"1083309","zethan",,"dacuet"
"1083310","zethar",,"dicoa"
"1083311","zethars",,"diconen"
"1083312","zethrene",,"uramazot"
"1083313","zethus",,"orimato"
"1083314","zethuss",,"orimeea"
"1083315","zetidoline",,"uranohi"
"1083316","zetina",,"eronotu"
"1083317","zetino",,"orinuns"
"1083318","zetland",,"uratuue"
"1083319","zetlander",,"docanue"
"1083320","zetlandes",,"irutifi"
"1083321","zetlandic",,"uratufo"
"1083322","zetlands",,"uratufot"
"1083323","zetran",,"dacuen"
"1083324","zetros",,"arejons"
"1083325","zets",,"decea"
"1083326","zetta",,"iruqit"
"1083327","zettaampere",,"oriqoraqa"
"1083328","zettabit",,"iruqison"
"1083329","zettabyte",,"uraqusina"
"1083330","zettabytes",,"uraqusa"
"1083331","zettaflop",,"dacenuu"
"1083332","zettagram",,"docinoin"
"1083333","zettahertz",,"uraquren"
"1083334","zettai",,"iruqos"
"1083335","zettajoule",,"eroqetan"
"1083336","zettaliter",,"ducanuen"
"1083337","zettameter",,"uraqupo"
"1083338","zettametre",,"uraqupoa"
"1083339","zettampere",,"eroqepon"
"1083340","zettaparsec",,"areqajobu"
"1083341","zettasecond",,"eroqewozi"
"1083342","zettaton",,"oriqobu"
"1083343","zettebhe",,"eroqasa"
"1083344","zettel",,"dicuot"
"1083345","zettelkasten",,"ducavuzei"
"1083346","zetter",,"daceoa"
"1083347","zettler",,"areqaia"
"1083348","zettoside",,"decofien"
"1083349","zetz",,"uraln"
"1083350","zeuctocoelomata",,"diqiwevien"
"1083351","zeuctocoelomatas",,"diqiwevion"
"1083352","zeuctocoelomatic",,"doqowavou"
"1083353","zeuctocoelomic",,"irarehocet"
"1083354","zeug",,"iralno"
"1083355","zeugita",,"doqarun"
"1083356","zeugitae",,"dequruo"
"1083357","zeugitai",,"doqarain"
"1083358","zeugite",,"daqiria"
"1083359","zeuglodon",,"dequvui"
"1083360","zeuglodons",,"dequvuat"
"1083361","zeuglodont",,"orulohet"
"1083362","zeuglodonta",,"iralihicot"
"1083363","zeuglodontas",,"iralihico"
"1083364","zeuglodontia",,"iralihicen"
"1083365","zeuglodontias",,"iralihicon"
"1083366","zeuglodontidae",,"daqivizai"
"1083367","zeuglodontidaes",,"daqivizaat"
"1083368","zeuglodontoid",,"doqavazoun"
"1083369","zeuglodonts",,"orulohoci"
"1083370","zeugma",,"orulata"
"1083371","zeugmas",,"oruliea"
"1083372","zeugmatic",,"daqizae"
"1083373","zeugmatical",,"eriloreve"
"1083374","zeugmatically",,"daqizaduon"
"1083375","zeugmatogram",,"urelarucu"
"1083376","zeugmatographic",,"iralurice"
"1083377","zeugmatography",,"arolerace"
"1083378","zeugmenon",,"orulizo"
"1083379","zeugobranchia",,"erilusuta"
"1083380","zeugobranchias",,"erilusuten"
"1083381","zeugobranchiata",,"daqifewoat"
"1083382","zeugobranchiatas",,"daqifewoe"
"1083383","zeugophora",,"duqofii"
"1083384","zeugopod",,"iralejana"
"1083385","zeugopodal",,"dequfaan"
"1083386","zeugopodial",,"dequfajee"
"1083387","zeugopodium",,"arolijapet"
"1083388","zeuhl",,"erimete"
"1083389","zeuner",,"urezune"
"1083390","zeunerite",,"deqevoen"
"1083391","zeus",,"oruclo"
"1083392","zeusaphone",,"doqonea"
"1083393","zeuses",,"ericuu"
"1083394","zeusian",,"duquru"
"1083395","zeusophobia",,"diqifosiin"
"1083396","zeuss",,"orucua"
"1083397","zeusx",,"diqik"
"1083398","zeuthen",,"doqinat"
"1083399","zeuxian",,"iragaet"
"1083400","zeuxians",,"iragari"
"1083401","zeuxippe",,"daqaruan"
"1083402","zeuxis",,"diqia"
"1083403","zeuxite",,"iragaen"
"1083404","zeuxites",,"iragabon"
"1083405","zeuxo",,"daqaf"
"1083406","zeuzera",,"ureliun"
"1083407","zeuzeras",,"ureliqu"
"1083408","zeuzerian",,"daqoveat"
"1083409","zeuzeridae",,"deqivoo"
"1083410","zeuzeridaes",,"deqivoteet"
"1083411","zeuzerine",,"diqavuon"
"1083412","zevahcjt",,"oramitua"
"1083413","zevatron",,"oramaqu"
"1083414","zeved",,"aritite"
"1083415","zeven",,"iretate"
"1083416","zevenaar",,"duwepue"
"1083417","zevs",,"dawa"
"1083418","zexes",,"didaq"
"1083419","zexiang",,"aranaat"
"1083420","zexter",,"diduin"
"1083421","zeya",,"eromro"
"1083422","zeybek",,"dogeet"
"1083423","zeyde",,"dogiv"
"1083424","zeydie",,"dogiet"
"1083425","zeylan",,"oritanna"
"1083426","zeylanica",,"irutifan"
"1083427","zeylanicum",,"uratufona"
"1083428","zeylanite",,"dugonea"
"1083429","zeylasteral",,"irutiwife"
"1083430","zeyloon",,"aretiat"
"1083431","zeynab",,"urazate"
"1083432","zeynep",,"iruzao"
"1083433","zeytoun",,"iruqeet"
"1083434","zeze",,"dokue"
"1083435","zezes",,"dokuq"
"1083436","zezhou",,"erimot"
"1083437","zezidee",,"orunaia"
"1083438","zezidees",,"orunazat"
"1083439","zgharta",,"doluco"
"1083440","zghartan",,"agumebu"
"1083441","zgib",,"damina"
"1083442","zgierz",,"egeta"
"1083443","zgnal",,"ogomo"
"1083444","zgnbxdrs",,"davikoot"
"1083445","zgndrs",,"dovoota"
"1083446","zgndrsx",,"agaseat"
"1083447","zgnjxdrs",,"duvukean"
"1083448","zgnvdrs",,"egebuen"
"1083449","zgnxdrs",,"agagiat"
"1083450","zgola",,"dezin"
"1083451","zgorzelec",,"dazimia"
"1083452","zgsmdry",,"agaviat"
"1083453","zhaba",,"okanoro"
"1083454","zhabche",,"delise"
"1083455","zhabei",,"akinonn"
"1083456","zhabinka",,"duleruin"
"1083457","zhabotinsky",,"ekunubajin"
"1083458","zhagyab",,"akiliane"
"1083459","zhai",,"delue"
"1083460","zhajiangmian",,"ekuriraset"
"1083461","zhaleika",,"iketosat"
"1083462","zhamatun",,"delinoaa"
"1083463","zhan",,"ikezta"
"1083464","zhana",,"ukozuu"
"1083465","zhanaozen",,"ukozuhena"
"1083466","zhang",,"ukozut"
"1083467","zhangcha",,"delumeo"
"1083468","zhanghen",,"ekuzerana"
"1083469","zhanghengite",,"delumapiin"
"1083470","zhangheotheriid",,"dalimupie"
"1083471","zhanghua",,"dalimuat"
"1083472","zhangjiachuan",,"dilemutien"
"1083473","zhangjiagang",,"akizatute"
"1083474","zhangjiaji",,"ukozutu"
"1083475","zhangjiajie",,"ikezitotet"
"1083476","zhangjiakou",,"dalimetaen"
"1083477","zhangjiang",,"ikeziten"
"1083478","zhangpu",,"dalimi"
"1083479","zhangqiao",,"ikezicin"
"1083480","zhangqiu",,"ukozucon"
"1083481","zhangwan",,"delumao"
"1083482","zhangwu",,"ekuzeet"
"1083483","zhangye",,"akizaata"
"1083484","zhangzhou",,"okazonet"
"1083485","zhangzhounese",,"dilemasea"
"1083486","zhangzhung",,"dulomei"
"1083487","zhangzi",,"deluma"
"1083488","zhanhe",,"dileot"
"1083489","zhanjiang",,"okazason"
"1083490","zhanmadao",,"dalizian"
"1083491","zhanna",,"dolaon"
"1083492","zhao",,"dilo"
"1083493","zhaoan",,"ekupano"
"1083494","zhaoermiatoxin",,"dilovofaet"
"1083495","zhaohong",,"dulinao"
"1083496","zhaoji",,"okapuo"
"1083497","zhaoqi",,"duliuni"
"1083498","zhaoqian",,"okaposa"
"1083499","zhaoqing",,"okaposen"
"1083500","zhaotong",,"dilowui"
"1083501","zhaoxu",,"ukopuo"
"1083502","zhaoyuan",,"okapadin"
"1083503","zhaozhua",,"dalumui"
"1083504","zhapu",,"ekufae"
"1083505","zharchikhite",,"dalosutuet"
"1083506","zharki",,"akijate"
"1083507","zhashan",,"dalinon"
"1083508","zhashkiv",,"duloneaa"
"1083509","zhashui",,"akiceea"
"1083510","zhat",,"akiqnu"
"1083511","zhaxigang",,"duloroen"
"1083512","zhay",,"diloa"
"1083513","zhdanivka",,"ekomisan"
"1083514","zhdanov",,"ikumaon"
"1083515","zhdanovian",,"doripiot"
"1083516","zhdanovism",,"ekomihe"
"1083517","zhdanovist",,"dirupuat"
"1083518","zhdanovshchina",,"dirupukaet"
"1083519","zhecheng",,"dosanuune"
"1083520","zhee",,"disi"
"1083521","zhegalkin",,"desonui"
"1083522","zhei",,"dusoe"
"1083523","zhejiang",,"disoreia"
"1083524","zhejiangese",,"desaruhean"
"1083525","zhejiangs",,"disoreata"
"1083526","zhelestid",,"akotuwu"
"1083527","zheleznogorsk",,"dasevohion"
"1083528","zhelyazkov",,"ekiturat"
"1083529","zhemchuzhnikovite",,"dusesigii"
"1083530","zhemgang",,"okuvoro"
"1083531","zhen",,"ekizta"
"1083532","zhenan",,"dasioe"
"1083533","zhenba",,"diseua"
"1083534","zhenbao",,"dasiren"
"1083535","zhenbeipu",,"ekizozi"
"1083536","zhenfeng",,"akozuzin"
"1083537","zheng",,"okuzoe"
"1083538","zhengkun",,"disemai"
"1083539","zhengxian",,"ikazilu"
"1083540","zhengyang",,"dusomao"
"1083541","zhengzhou",,"akozanaa"
"1083542","zhengzhous",,"akozanen"
"1083543","zhenjiang",,"akoziso"
"1083544","zhenlai",,"desuvota"
"1083545","zhenniao",,"dosapoe"
"1083546","zhenning",,"okuzusen"
"1083547","zhenping",,"ekizasat"
"1083548","zhenxing",,"okuzuso"
"1083549","zhenya",,"ukezea"
"1083550","zhenyan",,"dosali"
"1083551","zherbes",,"duseran"
"1083552","zhetysu",,"ukeqoina"
"1083553","zhezkazgan",,"ekilarat"
"1083554","zhiben",,"domuon"
"1083555","zhicheng",,"dimenai"
"1083556","zhidan",,"dimoot"
"1083557","zhidoi",,"ekeseno"
"1083558","zhifu",,"akakua"
"1083559","zhigang",,"akalain"
"1083560","zhigatse",,"akalabua"
"1083561","zhiguli",,"ikiloea"
"1083562","zhihu",,"ukumise"
"1083563","zhijiang",,"dumiroen"
"1083564","zhijin",,"domeun"
"1083565","zhilan",,"domiane"
"1083566","zhili",,"ikitaru"
"1083567","zhimmi",,"demiaa"
"1083568","zhiney",,"ikizeta"
"1083569","zhing",,"ikiziu"
"1083570","zhingyalov",,"akazamet"
"1083571","zhiqing",,"ukuheon"
"1083572","zhishun",,"domane"
"1083573","zhitai",,"akaqata"
"1083574","zhitkur",,"dimotet"
"1083575","zhitlowsky",,"dumivaon"
"1083576","zhitomir",,"damufuea"
"1083577","zhitomirs",,"damufuin"
"1083578","zhivago",,"okoboot"
"1083579","zhivagos",,"okobono"
"1083580","zhivar",,"dameen"
"1083581","zhivkov",,"dimutet"
"1083582","zhivkovs",,"dimutui"
"1083583","zhivuchi",,"dimubii"
"1083584","zhiwei",,"domui"
"1083585","zhixin",,"damion"
"1083586","zhiyong",,"okokaaa"
"1083587","zhlub",,"disira"
"1083588","zhlubby",,"akiwean"
"1083589","zhmerynka",,"dotociu"
"1083590","zhmiivka",,"ekanigat"
"1083591","zhmud",,"ekawui"
"1083592","zhmuds",,"ekawae"
"1083593","zhng",,"ikiln"
"1083594","zhob",,"okinru"
"1083595","zhobryn",,"okiniua"
"1083596","zhoixo",,"ekonent"
"1083597","zhokhov",,"dozonea"
"1083598","zhomo",,"dozuf"
"1083599","zhomos",,"dozuana"
"1083600","zhong",,"akezai"
"1083601","zhongde",,"duzome"
"1083602","zhongdu",,"duzomu"
"1083603","zhongfu",,"dezumen"
"1083604","zhongguo",,"okizonet"
"1083605","zhonghe",,"daziman"
"1083606","zhonghu",,"dazimat"
"1083607","zhonghuacerite",,"duzomiguu"
"1083608","zhongjian",,"ikuzitaa"
"1083609","zhongjin",,"okizoton"
"1083610","zhongli",,"duzoma"
"1083611","zhonglou",,"dazimie"
"1083612","zhonglu",,"dizemon"
"1083613","zhongmin",,"dezumai"
"1083614","zhongmu",,"okizoa"
"1083615","zhongnanhai",,"dizemisaa"
"1083616","zhongning",,"ekozefot"
"1083617","zhongolo",,"dizemuat"
"1083618","zhongqiu",,"akezaca"
"1083619","zhongqua",,"ekozecan"
"1083620","zhongruan",,"ikuziqin"
"1083621","zhongsha",,"dozamoin"
"1083622","zhongshan",,"ukazuwat"
"1083623","zhongwei",,"okizoko"
"1083624","zhongxia",,"duzomua"
"1083625","zhongxiang",,"okizolat"
"1083626","zhongyang",,"dozamia"
"1083627","zhongyuan",,"dazimee"
"1083628","zhongzhan",,"dezumii"
"1083629","zhongzheng",,"dazimoa"
"1083630","zhoosh",,"ukapan"
"1083631","zhooshed",,"dizoqoet"
"1083632","zhooshes",,"ikuparun"
"1083633","zhooshing",,"dizoqou"
"1083634","zhooshy",,"ekopion"
"1083635","zhoozh",,"dezain"
"1083636","zhoozhed",,"ukapiro"
"1083637","zhoozhes",,"dazumuana"
"1083638","zhoozhing",,"ukapirun"
"1083639","zhora",,"ikujii"
"1083640","zhos",,"doza"
"1083641","zhoshi",,"okicine"
"1083642","zhou",,"dezea"
"1083643","zhoug",,"dozom"
"1083644","zhoukou",,"dezeta"
"1083645","zhoukoudian",,"duzutagoi"
"1083646","zhoushan",,"dazaquat"
"1083647","zhouzhi",,"dizimet"
"1083648","zhovkva",,"duzate"
"1083649","zhovti",,"dazeeta"
"1083650","zhrets",,"duhuana"
"1083651","zhritsa",,"dehuwot"
"1083652","zhua",,"daqe"
"1083653","zhuai",,"daqer"
"1083654","zhuan",,"okumus"
"1083655","zhuang",,"ikamons"
"1083656","zhuangbility",,"duqapoteun"
"1083657","zhuanghe",,"diqupeon"
"1083658","zhuanglang",,"ekiminin"
"1083659","zhuangs",,"ikamaane"
"1083660","zhuangwei",,"akomonot"
"1083661","zhuangyuan",,"diqupeat"
"1083662","zhuangzi",,"daqepiat"
"1083663","zhuangzian",,"ikamanot"
"1083664","zhuanqukou",,"okumucon"
"1083665","zhubei",,"ikanent"
"1083666","zhubin",,"doqui"
"1083667","zhucheng",,"doqanue"
"1083668","zhuezhi",,"daqamon"
"1083669","zhug",,"daqea"
"1083670","zhuhai",,"akomats"
"1083671","zhui",,"duqo"
"1083672","zhuihu",,"ikaninu"
"1083673","zhuiqin",,"okunoai"
"1083674","zhuji",,"ikarao"
"1083675","zhujiang",,"diqorean"
"1083676","zhuk",,"diqi"
"1083677","zhukov",,"ikasont"
"1083678","zhukovs",,"ikaseane"
"1083679","zhukovsky",,"ukesogi"
"1083680","zhumadian",,"deqinoen"
"1083681","zhumulangma",,"diqabesain"
"1083682","zhun",,"ekizte"
"1083683","zhungaria",,"daqimie"
"1083684","zhungharia",,"akozareta"
"1083685","zhuo",,"deqae"
"1083686","zhuodaoquan",,"doqetajoa"
"1083687","zhuolin",,"doqeve"
"1083688","zhuolu",,"ikaponi"
"1083689","zhuoxi",,"ikapono"
"1083690","zhuozhou",,"duqimiot"
"1083691","zhush",,"ukecao"
"1083692","zhushan",,"diqenen"
"1083693","zhushed",,"diqena"
"1083694","zhushes",,"ikacuia"
"1083695","zhushing",,"diqeniat"
"1083696","zhuxi",,"ekigi"
"1083697","zhuyi",,"deqar"
"1083698","zhuyin",,"ikakone"
"1083699","zhuz",,"akolno"
"1083700","zhuzh",,"deqeno"
"1083701","zhuzhed",,"ukelaina"
"1083702","zhuzhes",,"daqanet"
"1083703","zhuzhing",,"ukelasi"
"1083704","zhuzhou",,"doqonat"
"1083705","zhvanets",,"akimozun"
"1083706","zhydachiv",,"ekoseti"
"1083707","zhytomyr",,"dugifiin"
"1083708","zhytyn",,"degaea"
"1083709","ziad",,"deluo"
"1083710","ziagos",,"ilelon"
"1083711","zialo",,"dolof"
"1083712","ziam",,"ilevne"
"1083713","ziamet",,"diluet"
"1083714","ziar",,"doli"
"1083715","ziara",,"dilun"
"1083716","ziarat",,"elujot"
"1083717","ziaur",,"delac"
"1083718","ziawudun",,"iledovi"
"1083719","ziba",,"domot"
"1083720","zibar",,"elamono"
"1083721","zibeline",,"damuvuu"
"1083722","zibelines",,"damuvuot"
"1083723","zibellina",,"ulituzon"
"1083724","zibelline",,"oletozo"
"1083725","zibellines",,"oletozet"
"1083726","zibeon",,"ilotent"
"1083727","zibet",,"ilotere"
"1083728","zibeth",,"damuana"
"1083729","zibetha",,"demawen"
"1083730","zibethica",,"demawuan"
"1083731","zibethinus",,"alutiro"
"1083732","zibethone",,"oletara"
"1083733","zibeths",,"damuwun"
"1083734","zibetone",,"dimowian"
"1083735","zibets",,"ilotono"
"1083736","zibetum",,"alutian"
"1083737","zibi",,"demio"
"1083738","zibia",,"domun"
"1083739","zibiah",,"elanoe"
"1083740","zibib",,"aluneo"
"1083741","zibit",,"ulinonu"
"1083742","zibo",,"dimea"
"1083743","zibos",,"dimeq"
"1083744","zibotentan",,"domawiet"
"1083745","zicarelli",,"dinicuu"
"1083746","zichang",,"ulumuoa"
"1083747","zicheng",,"olomein"
"1083748","zichichi",,"alamotot"
"1083749","zichri",,"alamato"
"1083750","zichy",,"dinul"
"1083751","zick",,"ilista"
"1083752","zickefoose",,"dinovuot"
"1083753","zickel",,"donee"
"1083754","ziconitide",,"dinepoot"
"1083755","ziconotide",,"danipao"
"1083756","zicral",,"ulujua"
"1083757","ziczac",,"dinoo"
"1083758","zidane",,"elomina"
"1083759","zidanesque",,"alemozu"
"1083760","zidapamide",,"darahoot"
"1083761","ziddim",,"elosae"
"1083762","zidebactam",,"durireen"
"1083763","zidek",,"dirota"
"1083764","zidkijah",,"daruraa"
"1083765","zidkijahs",,"daruraen"
"1083766","zidocapt",,"duroseo"
"1083767","zidometacin",,"dorazidei"
"1083768","zidon",,"ilupan"
"1083769","zidonian",,"direpoe"
"1083770","zidovudine",,"ulapudon"
"1083771","zidovudines",,"ulapuduvan"
"1083772","zids",,"daroi"
"1083773","ziduri",,"iluwet"
"1083774","zidzik",,"ulalina"
"1083775","zieba",,"deson"
"1083776","ziebach",,"alonaia"
"1083777","ziebarth",,"alonaqun"
"1083778","ziebell",,"desoven"
"1083779","ziedot",,"ulesei"
"1083780","zieff",,"elikaa"
"1083781","ziega",,"alolaa"
"1083782","ziege",,"ilaloe"
"1083783","ziegelbr",,"dusuveen"
"1083784","ziegenfuss",,"elilafe"
"1083785","zieger",,"dasaane"
"1083786","ziegesar",,"desevaon"
"1083787","ziegfeld",,"dusulaet"
"1083788","ziegfelds",,"dusulai"
"1083789","ziegler",,"olulou"
"1083790","zieglers",,"olulozot"
"1083791","zieglerville",,"disivuwoon"
"1083792","zieglervilles",,"disivuwoan"
"1083793","ziehen",,"alomiu"
"1083794","ziehl",,"olumono"
"1083795","ziel",,"disie"
"1083796","zielinsk",,"ilatafe"
"1083797","zielinski",,"ilatafot"
"1083798","zielke",,"deseoa"
"1083799","zielona",,"olutaua"
"1083800","zielsdorf",,"alotovot"
"1083801","zieman",,"desooa"
"1083802","ziemann",,"oluvou"
"1083803","ziemba",,"dusaua"
"1083804","ziemer",,"dosiun"
"1083805","ziemke",,"ulevu"
"1083806","zien",,"dosu"
"1083807","zientek",,"ilazeon"
"1083808","zier",,"dasea"
"1083809","zieran",,"olujate"
"1083810","zieria",,"desooe"
"1083811","zierin",,"elijoe"
"1083812","zierpshs",,"dosiheo"
"1083813","ziers",,"daseq"
"1083814","zierss",,"dasean"
"1083815","ziervogel",,"dusadui"
"1083816","ziesite",,"disaria"
"1083817","ziesmer",,"dosuzu"
"1083818","zietlow",,"eliqeena"
"1083819","zietrisikite",,"dosacebiu"
"1083820","zietz",,"uleqia"
"1083821","zieux",,"desak"
"1083822","zieve",,"dosov"
"1083823","zieves",,"dosoat"
"1083824","ziff",,"oluko"
"1083825","ziffius",,"elikian"
"1083826","ziffiuses",,"alokodo"
"1083827","ziffs",,"olukua"
"1083828","ziffy",,"ulekoe"
"1083829","zifrosilone",,"alojiwufan"
"1083830","ziftomenib",,"oluqapi"
"1083831","zig",,"alide"
"1083832","zigaboo",,"dokorot"
"1083833","zigadene",,"elumuzen"
"1083834","zigadenes",,"elumuzon"
"1083835","zigadeni",,"olamazota"
"1083836","zigadenus",,"elumuzi"
"1083837","zigadenuses",,"alimizuka"
"1083838","zigadenusses",,"alimizuken"
"1083839","zigamorp",,"ilemuhea"
"1083840","zigamorph",,"dakazaet"
"1083841","zigamorphs",,"dakazai"
"1083842","zigan",,"dakapa"
"1083843","ziganka",,"dakapu"
"1083844","zigankas",,"dakapeot"
"1083845","zigans",,"dakaun"
"1083846","zigbee",,"dakei"
"1083847","zigeuner",,"alitufe"
"1083848","zigeuners",,"alitufina"
"1083849","ziggaboo",,"dikineu"
"1083850","ziggarat",,"ileliqun"
"1083851","zigged",,"dekeen"
"1083852","zigger",,"dokoin"
"1083853","ziggerboo",,"aliluqa"
"1083854","ziggety",,"dikivat"
"1083855","zigging",,"dekere"
"1083856","ziggler",,"uloluen"
"1083857","ziggurat",,"elulaqan"
"1083858","zigguratic",,"elulaqu"
"1083859","zigguratical",,"dokobasuu"
"1083860","ziggurats",,"elulaqun"
"1083861","ziggy",,"ilelene"
"1083862","ziggys",,"ilelia"
"1083863","ziglar",,"alitate"
"1083864","zigler",,"iletone"
"1083865","zigmund",,"ulovio"
"1083866","zignan",,"eluzene"
"1083867","zigong",,"dokaa"
"1083868","zigongosaurus",,"olapunodot"
"1083869","zigrang",,"alijau"
"1083870","zigrasite",,"alijawot"
"1083871","zigrino",,"alijoin"
"1083872","zigs",,"alicsi"
"1083873","zigsaw",,"ulocin"
"1083874","zigua",,"aliwaa"
"1083875","ziguan",,"dukia"
"1083876","ziguard",,"aliwaat"
"1083877","zigui",,"uloweo"
"1083878","ziguinchor",,"dekaraa"
"1083879","ziguinchors",,"dekaraveen"
"1083880","zigula",,"dakuun"
"1083881","zigurat",,"aliweun"
"1083882","zigzag",,"dakuuna"
"1083883","zigzagest",,"olalono"
"1083884","zigzagged",,"ileline"
"1083885","zigzaggedly",,"dakunorion"
"1083886","zigzaggedness",,"dekaniruen"
"1083887","zigzaggednesses",,"dakunoriu"
"1083888","zigzaggednesss",,"dekaniruon"
"1083889","zigzagger",,"uloluni"
"1083890","zigzaggeries",,"ilelinafet"
"1083891","zigzaggers",,"ulolunat"
"1083892","zigzaggery",,"elulene"
"1083893","zigzaggest",,"ilelinot"
"1083894","zigzaggi",,"dekanie"
"1083895","zigzagginess",,"eluleniven"
"1083896","zigzagging",,"ilelinet"
"1083897","zigzaggingly",,"dakunorein"
"1083898","zigzaggy",,"dikonau"
"1083899","zigzaginess",,"alilanujon"
"1083900","zigzags",,"dakunu"
"1083901","zigzagways",,"dekaniea"
"1083902","zigzagwise",,"dokenui"
"1083903","zigzig",,"dukien"
"1083904","ziha",,"dolote"
"1083905","zihar",,"elamonu"
"1083906","zihguan",,"iloloata"
"1083907","ziip",,"domet"
"1083908","zijinshan",,"alenowen"
"1083909","zika",,"ulemle"
"1083910","zikat",,"daraw"
"1083911","zikawei",,"elimoen"
"1083912","zike",,"olutro"
"1083913","zikkurat",,"oluseqa"
"1083914","zikkurats",,"oluseqen"
"1083915","ziklag",,"darae"
"1083916","zikr",,"dareo"
"1083917","zikri",,"darer"
"1083918","zikrs",,"dareqe"
"1083919","zikurat",,"ilawui"
"1083920","zikurats",,"ilawurat"
"1083921","zila",,"dasanu"
"1083922","zilant",,"dosoue"
"1083923","zilantel",,"ilemabat"
"1083924","zilas",,"dasaqu"
"1083925","zilascorb",,"disiqoe"
"1083926","zilavartea",,"ilemirun"
"1083927","zilber",,"dusaina"
"1083928","zilbermints",,"dusavofau"
"1083929","zilberschlag",,"dasevibean"
"1083930","zilberst",,"olaneqina"
"1083931","zilberstein",,"daseviboet"
"1083932","zilch",,"ileruo"
"1083933","zilched",,"disani"
"1083934","zilches",,"olariua"
"1083935","zilching",,"disanoot"
"1083936","zilchviticetum",,"disanataun"
"1083937","zild",,"olasta"
"1083938","zilde",,"elusao"
"1083939","zildjian",,"alisisin"
"1083940","zile",,"disoni"
"1083941","zileuton",,"desabean"
"1083942","zileutons",,"desabeun"
"1083943","zilhidjeh",,"disuria"
"1083944","zilhijj",,"olamuena"
"1083945","zilhijjeh",,"disurien"
"1083946","zilipendwa",,"ulonizi"
"1083947","zilizopendwa",,"dusemucou"
"1083948","zilka",,"dusina"
"1083949","zilkad",,"olasune"
"1083950","zilkadeh",,"disoniun"
"1083951","zill",,"elutno"
"1083952","zilla",,"olatosa"
"1083953","zilladar",,"iletivan"
"1083954","zillah",,"dusuo"
"1083955","zillahs",,"dusunet"
"1083956","zillas",,"olatesa"
"1083957","zillennial",,"desevaot"
"1083958","ziller",,"dosoui"
"1083959","zilli",,"elutitu"
"1083960","zilliard",,"olaturaa"
"1083961","zillij",,"dosoae"
"1083962","zillion",,"dosoren"
"1083963","zillionaire",,"elutihata"
"1083964","zillionaires",,"elutihaten"
"1083965","zillioner",,"alitoho"
"1083966","zillionest",,"ulotehun"
"1083967","zillionfold",,"olatuheru"
"1083968","zillionner",,"dusuruu"
"1083969","zillionnest",,"disirihuon"
"1083970","zillions",,"dosoroon"
"1083971","zillionth",,"dosoroat"
"1083972","zillionths",,"dosoroe"
"1083973","zillmann",,"aliterota"
"1083974","zillmer",,"dasazu"
"1083975","zillmerisation",,"dasazewea"
"1083976","zillmerising",,"olatizavot"
"1083977","zillow",,"elutenu"
"1083978","zills",,"elutira"
"1083979","zillun",,"dusuoa"
"1083980","zillund",,"olateine"
"1083981","zilnyk",,"eluzeni"
"1083982","zilog",,"dosama"
"1083983","zilpah",,"dosein"
"1083984","zilpaterol",,"desaneu"
"1083985","zilpha",,"doseina"
"1083986","zilthai",,"dasinina"
"1083987","ziltivekimab",,"ileqagupet"
"1083988","zilucoplan",,"olawuhon"
"1083989","zilvia",,"olabe"
"1083990","zima",,"ilomsa"
"1083991","zimakani",,"dototuen"
"1083992","ziman",,"dotopa"
"1083993","zimarra",,"alumeat"
"1083994","zimarras",,"alumeqe"
"1083995","zimb",,"duta"
"1083996","zimba",,"daten"
"1083997","zimbabwe",,"elaneso"
"1083998","zimbabwean",,"detonuana"
"1083999","zimbabweanness",,"elanesufot"
"1084000","zimbabweans",,"detonuluun"
"1084001","zimbabweite",,"detonuluuna"
"1084002","zimbabwes",,"elaneset"
"1084003","zimbalist",,"ditunain"
"1084004","zimbalists",,"ditunaa"
"1084005","zimbalom",,"olenoza"
"1084006","zimbalon",,"ditunae"
"1084007","zimbaloon",,"datenoo"
"1084008","zimbel",,"alunia"
"1084009","zimbelman",,"dituvau"
"1084010","zimbi",,"dutar"
"1084011","zimbis",,"dutaaa"
"1084012","zimblish",,"dituvoin"
"1084013","zimbo",,"detof"
"1084014","zimbor",,"alunane"
"1084015","zimbra",,"ulinue"
"1084016","zimbs",,"dutaq"
"1084017","zimdars",,"ilosion"
"1084018","zimeldine",,"dotevoen"
"1084019","zimelidine",,"dotevei"
"1084020","ziment",,"ilotetn"
"1084021","zimentwater",,"elatibutun"
"1084022","zimidoben",,"dotutoen"
"1084023","zimmah",,"dituan"
"1084024","zimme",,"ulivia"
"1084025","zimmer",,"detoena"
"1084026","zimmerer",,"uliviqoa"
"1084027","zimmerit",,"uliviqet"
"1084028","zimmerle",,"oleveqot"
"1084029","zimmerlin",,"dotivai"
"1084030","zimmerly",,"aluvuqu"
"1084031","zimmerma",,"dateviin"
"1084032","zimmerman",,"elavaqat"
"1084033","zimmermann",,"dateviet"
"1084034","zimmermans",,"elavaqe"
"1084035","zimmern",,"olevein"
"1084036","zimmers",,"detovon"
"1084037","zimmerschied",,"datevibei"
"1084038","zimmert",,"uliviaa"
"1084039","zimmerwa",,"dateviu"
"1084040","zimmerwald",,"dituvein"
"1084041","zimmerwaldian",,"aluvuqitan"
"1084042","zimmerwaldians",,"aluvuqitun"
"1084043","zimmerwaldism",,"detovulaet"
"1084044","zimmerwaldist",,"elavaquto"
"1084045","zimmerwaldists",,"elavaqutet"
"1084046","zimmi",,"aluvoo"
"1084047","zimmis",,"aluvun"
"1084048","zimmy",,"olevai"
"1084049","zimny",,"dital"
"1084050","zimo",,"ulipto"
"1084051","zimocca",,"alupoan"
"1084052","zimoccas",,"alupotun"
"1084053","zimome",,"elapoa"
"1084054","zimondal",,"dotapoo"
"1084055","zimox",,"ditek"
"1084056","zimrah",,"ulijota"
"1084057","zimran",,"elajo"
"1084058","zimri",,"dutara"
"1084059","zims",,"olecro"
"1084060","zimun",,"datup"
"1084061","zimzum",,"doteu"
"1084062","zin",,"div"
"1084063","zina",,"duvun"
"1084064","zinab",,"ilimuni"
"1084065","zinacant",,"dovosuot"
"1084066","zinacantan",,"ulumeron"
"1084067","zinacef",,"ilimaon"
"1084068","zinacefs",,"ilimazan"
"1084069","zinaceves",,"ulumeza"
"1084070","zinah",,"ilimuno"
"1084071","zinaida",,"ilimaona"
"1084072","zinal",,"elemenu"
"1084073","zinalsite",,"devevaun"
"1084074","zinar",,"ilimunu"
"1084075","zinati",,"olomes"
"1084076","zinbiel",,"devoron"
"1084077","zinc",,"divau"
"1084078","zincaemia",,"dovunio"
"1084079","zincala",,"oloroea"
"1084080","zincalas",,"olorozin"
"1084081","zincali",,"elereet"
"1084082","zincalis",,"elerezi"
"1084083","zincalism",,"uluruzi"
"1084084","zincalo",,"ilirii"
"1084085","zincalos",,"ilirizata"
"1084086","zincaluminite",,"uluruzaha"
"1084087","zincane",,"uluruin"
"1084088","zincate",,"elereaa"
"1084089","zincates",,"elereben"
"1084090","zincation",,"divaniin"
"1084091","zincbearing",,"elerozibu"
"1084092","zincblende",,"dovuruo"
"1084093","zinced",,"alaret"
"1084094","zincemia",,"devivui"
"1084095","zincenite",,"divavoe"
"1084096","zincergic",,"oloreqo"
"1084097","zincgartrellite",,"davomowoot"
"1084098","zincian",,"alarouna"
"1084099","zincic",,"divaon"
"1084100","zincid",,"elerae"
"1084101","zincide",,"alaroan"
"1084102","zincier",,"elerien"
"1084103","zinciest",,"alaroze"
"1084104","zinciferous",,"davorepai"
"1084105","zincification",,"iliramozat"
"1084106","zincifications",,"iliramoze"
"1084107","zincified",,"divaruin"
"1084108","zincifies",,"olorumet"
"1084109","zincify",,"alaroea"
"1084110","zincifying",,"davorean"
"1084111","zincin",,"uluroti"
"1084112","zincing",,"alarou"
"1084113","zincise",,"dovurin"
"1084114","zincised",,"alarowun"
"1084115","zincises",,"dovurea"
"1084116","zincising",,"alarowen"
"1084117","zincite",,"alaroat"
"1084118","zincites",,"alarobe"
"1084119","zincize",,"olorue"
"1084120","zincized",,"divaruan"
"1084121","zincizes",,"olorunin"
"1084122","zincizing",,"divarua"
"1084123","zinck",,"dovut"
"1084124","zincke",,"devio"
"1084125","zincked",,"uluriin"
"1084126","zinckenite",,"dovution"
"1084127","zinckenites",,"dovutihian"
"1084128","zinckier",,"alarusu"
"1084129","zinckiest",,"ulurison"
"1084130","zinckiferous",,"duvetinoa"
"1084131","zinckification",,"oloresiven"
"1084132","zinckifications",,"oloresivon"
"1084133","zinckified",,"dovutean"
"1084134","zinckifies",,"elerasin"
"1084135","zinckify",,"ulurisona"
"1084136","zinckifying",,"duvetineo"
"1084137","zincking",,"ulurisi"
"1084138","zincks",,"dovuu"
"1084139","zincky",,"duveote"
"1084140","zincless",,"uluruzo"
"1084141","zinclipscombite",,"dovuvecien"
"1084142","zinco",,"davofa"
"1084143","zincobotryogen",,"duvefojeen"
"1084144","zincocalcite",,"divafosoo"
"1084145","zincochromite",,"iliretebi"
"1084146","zincode",,"oloraun"
"1084147","zincodes",,"oloravu"
"1084148","zincograph",,"ilirena"
"1084149","zincographer",,"duvefewiot"
"1084150","zincographers",,"duvefewio"
"1084151","zincographic",,"ilireneton"
"1084152","zincographical",,"duvefewion"
"1084153","zincographies",,"oloranatin"
"1084154","zincographist",,"duvefewiet"
"1084155","zincographs",,"ilireneten"
"1084156","zincography",,"alariniton"
"1084157","zincoid",,"ilirei"
"1084158","zincolibethenite",,"divafatiin"
"1084159","zincolivenite",,"dovufutein"
"1084160","zincoln",,"devifi"
"1084161","zincolyses",,"ilirezu"
"1084162","zincolysis",,"ulurozat"
"1084163","zincolyte",,"duvefeon"
"1084164","zincorhodochrosite",,"devifusio"
"1084165","zincos",,"davoate"
"1084166","zincosilicate",,"divafotoi"
"1084167","zincosome",,"duvefii"
"1084168","zincospiroffite",,"ulurowavat"
"1084169","zincostaurolite",,"duvefidion"
"1084170","zincotype",,"dovufoo"
"1084171","zincous",,"duvefoa"
"1084172","zincovoltaite",,"divafajoi"
"1084173","zincowoodwardite",,"duvefojeet"
"1084174","zincrosasite",,"davocabui"
"1084175","zincroselite",,"alarehufon"
"1084176","zincs",,"divaq"
"1084177","zincsilite",,"davoquet"
"1084178","zincsmith",,"deviquu"
"1084179","zincum",,"davoati"
"1084180","zincundecate",,"elerafefat"
"1084181","zincuret",,"devibuon"
"1084182","zincuria",,"oloreqot"
"1084183","zincware",,"alarerat"
"1084184","zincwork",,"elerohi"
"1084185","zincworker",,"dovugoon"
"1084186","zincworks",,"elerohat"
"1084187","zincy",,"davol"
"1084188","zinda",,"olosoi"
"1084189","zindabad",,"ilisisete"
"1084190","zindan",,"devuo"
"1084191","zindeeq",,"alasuia"
"1084192","zindell",,"oloseue"
"1084193","zinder",,"dovaun"
"1084194","zinders",,"dovavu"
"1084195","zindik",,"alasata"
"1084196","zindiq",,"oloses"
"1084197","zindman",,"duvozo"
"1084198","zindotrine",,"devufeu"
"1084199","zindoxifene",,"duvofitoe"
"1084200","zine",,"dovei"
"1084201","zineb",,"eletone"
"1084202","zinebs",,"eletoti"
"1084203","zinecard",,"divosai"
"1084204","zinedine",,"divotoat"
"1084205","zinefan",,"dovelot"
"1084206","zinefest",,"dovelia"
"1084207","zinefic",,"oloteina"
"1084208","zinelike",,"olotosa"
"1084209","ziner",,"eletoni"
"1084210","zines",,"doveq"
"1084211","zinester",,"devaqeon"
"1084212","zinfande",,"alakafe"
"1084213","zinfandel",,"davunua"
"1084214","zinfandeles",,"duvinizoun"
"1084215","zinfandels",,"davunuen"
"1084216","zing",,"duvut"
"1084217","zingale",,"eleleeta"
"1084218","zingana",,"ololoin"
"1084219","zingani",,"elelei"
"1084220","zinganis",,"elelefat"
"1084221","zingano",,"ililiata"
"1084222","zinganos",,"ililife"
"1084223","zingara",,"alalaun"
"1084224","zingaras",,"alalaqu"
"1084225","zingare",,"ililii"
"1084226","zingares",,"ililiqat"
"1084227","zingaresca",,"ululuqon"
"1084228","zingari",,"ululuen"
"1084229","zingaris",,"ululuqona"
"1084230","zingaro",,"eleleon"
"1084231","zingaros",,"eleleqan"
"1084232","zinged",,"elelae"
"1084233","zingel",,"alalat"
"1084234","zingels",,"alalue"
"1084235","zinger",,"olole"
"1084236","zingerone",,"dovovaet"
"1084237","zingers",,"ololein"
"1084238","zingg",,"davama"
"1084239","zinggen",,"alalaua"
"1084240","zingiber",,"duvuroon"
"1084241","zingiberaceae",,"duvuropue"
"1084242","zingiberaceaes",,"duvuropuin"
"1084243","zingiberaceous",,"davaripaun"
"1084244","zingiberene",,"ililasubot"
"1084245","zingiberenin",,"divirepii"
"1084246","zingiberes",,"divireot"
"1084247","zingiberine",,"ululesabe"
"1084248","zingiberoid",,"ululesabea"
"1084249","zingiberol",,"ililasa"
"1084250","zingiberone",,"elelisobin"
"1084251","zingiberoside",,"ililasubon"
"1084252","zingibers",,"duvuroan"
"1084253","zingier",,"ololuot"
"1084254","zingiest",,"elelizan"
"1084255","zingily",,"ililaun"
"1084256","zinginess",,"ululefan"
"1084257","zinging",,"eleliate"
"1084258","zingingly",,"diviroen"
"1084259","zingis",,"duvuen"
"1084260","zingkha",,"ililoun"
"1084261","zingless",,"alalazin"
"1084262","zingo",,"devef"
"1084263","zings",,"duvuqa"
"1084264","zingy",,"devel"
"1084265","zinj",,"elern"
"1084266","zinjanthropi",,"davinudau"
"1084267","zinjanthropus",,"duvoniduet"
"1084268","zinjanthropuses",,"divenodiin"
"1084269","zinjanthropuss",,"duvonidui"
"1084270","zink",,"doveo"
"1084271","zinke",,"devav"
"1084272","zinked",,"ulusuu"
"1084273","zinkenite",,"doveveet"
"1084274","zinkenites",,"dovevei"
"1084275","zinkes",,"devaen"
"1084276","zinkier",,"alasoea"
"1084277","zinkiest",,"ulusezet"
"1084278","zinkiferous",,"duvirapuot"
"1084279","zinkification",,"olosumezo"
"1084280","zinkifications",,"olosumezet"
"1084281","zinkified",,"doverii"
"1084282","zinkifies",,"elesimu"
"1084283","zinkify",,"uluseet"
"1084284","zinkifying",,"duviraa"
"1084285","zinking",,"uluseona"
"1084286","zinkist",,"alasoua"
"1084287","zinkiv",,"ulusaa"
"1084288","zinky",,"duvil"
"1084289","zinn",,"uluzs"
"1084290","zinneke",,"elezaena"
"1084291","zinnen",,"dovuua"
"1084292","zinnes",,"ilizet"
"1084293","zinnia",,"alazati"
"1084294","zinnian",,"duveret"
"1084295","zinnias",,"alazoe"
"1084296","zinnober",,"elezusona"
"1084297","zinns",,"uluzeo"
"1084298","zinnwaldite",,"devigipiin"
"1084299","zinnwaldites",,"devigipia"
"1084300","zino",,"davie"
"1084301","zinober",,"davirun"
"1084302","zinobiani",,"duvoriat"
"1084303","zinoconazole",,"alapohuton"
"1084304","zinoman",,"alapeea"
"1084305","zinos",,"daviqa"
"1084306","zinostatin",,"elepibu"
"1084307","zinoviev",,"devudaan"
"1084308","zinovievism",,"duvodipiin"
"1084309","zinovievs",,"devudaun"
"1084310","zinovievsk",,"daviduet"
"1084311","zins",,"divan"
"1084312","zinsang",,"eleceon"
"1084313","zinser",,"eleca"
"1084314","zinsser",,"elecien"
"1084315","zinssers",,"elecizon"
"1084316","zintan",,"devuen"
"1084317","zinterol",,"eleqaqi"
"1084318","zintu",,"alaquo"
"1084319","zinviroxime",,"olobuqonat"
"1084320","zinyamunga",,"elekepe"
"1084321","zinza",,"ululua"
"1084322","zinzar",,"devao"
"1084323","zinzars",,"devanet"
"1084324","zinzendorf",,"ililofin"
"1084325","zinzendorfs",,"ililofica"
"1084326","zinziberaceae",,"ililasubin"
"1084327","zinziberaceaes",,"ililasuba"
"1084328","zinziberaceous",,"ululesabu"
"1084329","ziobitch",,"dizurie"
"1084330","ziobro",,"ulanin"
"1084331","ziochristian",,"alerequdat"
"1084332","zioclown",,"oliroha"
"1084333","ziocon",,"dozuua"
"1084334","ziocuck",,"ulariot"
"1084335","ziocunt",,"olireu"
"1084336","ziofag",,"dezaona"
"1084337","ziofascism",,"dizonoo"
"1084338","ziofascist",,"ilukiwot"
"1084339","ziojew",,"duzoota"
"1084340","ziokike",,"ilusaat"
"1084341","ziola",,"dozona"
"1084342","ziolib",,"aletata"
"1084343","ziolkowski",,"duzutuin"
"1084344","ziolkowsky",,"dezeteot"
"1084345","ziolo",,"dizif"
"1084346","ziomedia",,"dazevau"
"1084347","ziomek",,"olivea"
"1084348","zion",,"dazo"
"1084349","zionazi",,"elozeet"
"1084350","zionazism",,"ulazuni"
"1084351","zioncheck",,"olizuro"
"1084352","zionification",,"alezomuzin"
"1084353","zionified",,"dazoreen"
"1084354","zionifies",,"ulazemat"
"1084355","zionify",,"olizuaa"
"1084356","zionifying",,"dozuriu"
"1084357","zionigger",,"alezonen"
"1084358","zionisation",,"dazorusoat"
"1084359","zionise",,"duzeren"
"1084360","zionised",,"olizuwot"
"1084361","zionises",,"duzerion"
"1084362","zionising",,"olizuwan"
"1084363","zionism",,"dizarea"
"1084364","zionisms",,"dizaroina"
"1084365","zionist",,"iluzaata"
"1084366","zionistan",,"dizaroot"
"1084367","zionister",,"duzerian"
"1084368","zionistest",,"dizaroa"
"1084369","zionistic",,"iluzawin"
"1084370","zionistical",,"duzeridain"
"1084371","zionistically",,"iluzawivan"
"1084372","zionists",,"iluzawe"
"1084373","zionite",,"olizuin"
"1084374","zionites",,"olizuba"
"1084375","zionization",,"alezonogi"
"1084376","zionize",,"ulazeaa"
"1084377","zionized",,"dazoreu"
"1084378","zionizes",,"ulazenen"
"1084379","zionizing",,"dazoreon"
"1084380","zionless",,"elozezi"
"1084381","zionlesss",,"elozezat"
"1084382","zionophobe",,"ulazojat"
"1084383","zionophobia",,"elozujuca"
"1084384","zionophobic",,"alezijici"
"1084385","zions",,"dazoq"
"1084386","zionsville",,"iluzaga"
"1084387","zionsvilles",,"iluzagofen"
"1084388","zionville",,"iluzisin"
"1084389","zionvilles",,"iluzisa"
"1084390","zionward",,"duzegeen"
"1084391","zionwards",,"duzegeon"
"1084392","ziopig",,"dazuue"
"1084393","zior",,"dizu"
"1084394","ziotard",,"dizeni"
"1084395","zioturd",,"dezubet"
"1084396","ziou",,"alewna"
"1084397","zip",,"dopa"
"1084398","zipa",,"dipie"
"1084399","zipah",,"olumiu"
"1084400","zipangu",,"ulemeo"
"1084401","zipaquir",,"olumodaa"
"1084402","zipas",,"dipiq"
"1084403","zipbomb",,"dipufana"
"1084404","zipcode",,"eliruaa"
"1084405","zipcoded",,"dopufou"
"1084406","zipcuffs",,"dupebai"
"1084407","zipeprol",,"oluteqa"
"1084408","zipes",,"depaq"
"1084409","zipf",,"olukn"
"1084410","zipfel",,"depaet"
"1084411","zipfian",,"dopero"
"1084412","zipfs",,"olukue"
"1084413","zipgun",,"ilalie"
"1084414","ziph",,"elimne"
"1084415","ziphah",,"dupao"
"1084416","ziphead",,"dopivu"
"1084417","ziphian",,"deporan"
"1084418","ziphid",,"dopiin"
"1084419","ziphiid",,"dopiro"
"1084420","ziphiidae",,"dopireet"
"1084421","ziphiidaes",,"dopirei"
"1084422","ziphiinae",,"daperuen"
"1084423","ziphiinaes",,"daperuon"
"1084424","ziphiine",,"duparian"
"1084425","ziphioid",,"duparuan"
"1084426","ziphion",,"dopiren"
"1084427","ziphisternum",,"deporaduet"
"1084428","ziphites",,"deporeat"
"1084429","ziphius",,"alomoua"
"1084430","ziphiuss",,"alomodot"
"1084431","ziphodont",,"dipufiot"
"1084432","ziphosuchian",,"elimuwozen"
"1084433","ziphron",,"elimoii"
"1084434","ziping",,"ulenota"
"1084435","zipkin",,"olusina"
"1084436","zipless",,"ilatoia"
"1084437","ziplessness",,"depevaboin"
"1084438","ziplex",,"dopoe"
"1084439","ziplike",,"olutuot"
"1084440","zipline",,"dopora"
"1084441","ziplined",,"alotofu"
"1084442","zipliner",,"elitifana"
"1084443","ziplines",,"doporeen"
"1084444","ziplining",,"alotofon"
"1084445","ziploc",,"elitos"
"1084446","ziplock",,"alotiea"
"1084447","ziplocked",,"dapafuot"
"1084448","ziplocking",,"dapafuan"
"1084449","ziplocs",,"elitueta"
"1084450","zipnick",,"oluzuot"
"1084451","zipola",,"olupee"
"1084452","zipp",,"oluft"
"1084453","zippable",,"elifeset"
"1084454","zipped",,"dopeun"
"1084455","zippeite",,"depavai"
"1084456","zippel",,"depaen"
"1084457","zipper",,"dipoon"
"1084458","zippered",,"alofuqat"
"1084459","zipperer",,"elifaqet"
"1084460","zippergate",,"olufeqen"
"1084461","zipperhe",,"elifaqon"
"1084462","zipperhead",,"dipoveu"
"1084463","zipperheads",,"dipoveseot"
"1084464","zippering",,"alofuqo"
"1084465","zipperless",,"ulefiqi"
"1084466","zipperlike",,"ilafoqot"
"1084467","zippers",,"dipovan"
"1084468","zippersex",,"ilafoqat"
"1084469","zippersniffer",,"dipovebuun"
"1084470","zippier",,"diporat"
"1084471","zippiest",,"doperio"
"1084472","zippily",,"dupiret"
"1084473","zippiness",,"dapuruo"
"1084474","zipping",,"doperen"
"1084475","zippingly",,"elififua"
"1084476","zippo",,"ulefoi"
"1084477","zippoed",,"dupifa"
"1084478","zippoing",,"dupifiat"
"1084479","zippola",,"dapufu"
"1084480","zippor",,"depaeta"
"1084481","zippora",,"dopefot"
"1084482","zipporah",,"elifuqan"
"1084483","zippos",,"ulefot"
"1084484","zipppier",,"ilafosun"
"1084485","zipppiest",,"olufesen"
"1084486","zippy",,"ulefoo"
"1084487","zipra",,"olujoa"
"1084488","ziprasidone",,"alojawupen"
"1084489","ziprkowski",,"ulejihe"
"1084490","zips",,"dopua"
"1084491","zipser",,"aloci"
"1084492","ziptie",,"uleqin"
"1084493","ziptied",,"dapirun"
"1084494","zipties",,"uleqea"
"1084495","ziptop",,"dapiun"
"1084496","ziptying",,"dopaleet"
"1084497","zipway",,"dipuet"
"1084498","zipwire",,"iladai"
"1084499","zipwiring",,"duparoe"
"1084500","ziqiang",,"definan"
"1084501","ziqqurat",,"eluhaqon"
"1084502","ziqqurrat",,"difibeu"
"1084503","zira",,"dohot"
"1084504","ziracah",,"olemuea"
"1084505","zirai",,"dohor"
"1084506","zirak",,"dehet"
"1084507","ziraks",,"deheena"
"1084508","zirakzig",,"olemeno"
"1084509","ziraleet",,"dihivuan"
"1084510","ziram",,"dahaz"
"1084511","zirams",,"dahaat"
"1084512","zirbad",,"dohiata"
"1084513","zirbaja",,"dihuni"
"1084514","zirbanit",,"ilonifat"
"1084515","zirbanits",,"ilonife"
"1084516","zircalloy",,"dihanau"
"1084517","zircalloys",,"dihanaot"
"1084518","zircaloy",,"ilorizan"
"1084519","zircaloys",,"ilorizun"
"1084520","zircite",,"iloraon"
"1084521","zirco",,"dihaf"
"1084522","zircofluoride",,"dihafupean"
"1084523","zircoloid",,"dihafain"
"1084524","zircoloy",,"ulirozen"
"1084525","zircoloys",,"ulirozon"
"1084526","zircon",,"ulirin"
"1084527","zircona",,"aluriat"
"1084528","zirconate",,"dahofuin"
"1084529","zirconated",,"ilorefun"
"1084530","zirconates",,"dahofua"
"1084531","zirconation",,"ulirofege"
"1084532","zirconia",,"alurifu"
"1084533","zirconian",,"duhefian"
"1084534","zirconias",,"alurifot"
"1084535","zirconiate",,"dahofuo"
"1084536","zirconiated",,"ilorefotin"
"1084537","zirconiates",,"dahofutuet"
"1084538","zirconiating",,"ilorefoti"
"1084539","zirconic",,"ulirofen"
"1084540","zirconide",,"duhefion"
"1084541","zirconiferous",,"elarufaret"
"1084542","zirconifluoride",,"ulirofiri"
"1084543","zirconite",,"duhefii"
"1084544","zirconiu",,"ilorefuna"
"1084545","zirconium",,"elarufun"
"1084546","zirconiums",,"elarufu"
"1084547","zirconocene",,"dihafojuot"
"1084548","zirconofluoride",,"elaruferat"
"1084549","zirconoid",,"dohufeet"
"1084550","zirconolite",,"ilorefifo"
"1084551","zircons",,"uliroa"
"1084552","zirconyl",,"dehifaan"
"1084553","zirconyls",,"dehifaun"
"1084554","zircophyllite",,"elarujuret"
"1084555","zircosulfate",,"aluriwefon"
"1084556","ziresovir",,"dehaqeun"
"1084557","zirian",,"ilonona"
"1084558","zirianian",,"dihanoot"
"1084559","zirianians",,"dihanoo"
"1084560","zirians",,"iloniana"
"1084561","ziric",,"dehis"
"1084562","ziricote",,"alunohe"
"1084563","zirid",,"ulinoto"
"1084564","zirin",,"olenut"
"1084565","zirka",,"dehani"
"1084566","zirkelite",,"dehaviuna"
"1084567","zirkite",,"olesuin"
"1084568","zirkle",,"elasos"
"1084569","zirklerite",,"alusazo"
"1084570","zirp",,"elafna"
"1084571","zirps",,"elafie"
"1084572","zirs",,"dehio"
"1084573","zirself",,"dahovu"
"1084574","zirselves",,"dehivian"
"1084575","zirsilite",,"diharaot"
"1084576","zirsinalite",,"alucofofon"
"1084577","ziru",,"dahue"
"1084578","ziryen",,"iloken"
"1084579","zirza",,"olelo"
"1084580","zisch",,"dejin"
"1084581","zischke",,"dujeno"
"1084582","zischkowitz",,"dejinojea"
"1084583","zisha",,"dojin"
"1084584","zisis",,"ulunen"
"1084585","ziska",,"ulusut"
"1084586","ziskind",,"alasoee"
"1084587","zissis",,"ulucota"
"1084588","zissu",,"ilicoo"
"1084589","zita",,"decee"
"1084590","zitadelle",,"ulamozo"
"1084591","zitah",,"alemes"
"1084592","zitan",,"olimut"
"1084593","zitch",,"ularani"
"1084594","zitcom",,"dacoat"
"1084595","zite",,"ducie"
"1084596","zitella",,"docevin"
"1084597","ziter",,"ilututa"
"1084598","zitface",,"alekaan"
"1084599","zitfaced",,"decanaet"
"1084600","zither",,"daceat"
"1084601","zithered",,"olimequa"
"1084602","zithering",,"olimeqona"
"1084603","zitherist",,"ilumoqu"
"1084604","zitherists",,"ilumoqota"
"1084605","zitherlike",,"alemuqen"
"1084606","zithern",,"elomaete"
"1084607","zitherns",,"elomaqi"
"1084608","zithers",,"daceve"
"1084609","zitherwood",,"alemuqaa"
"1084610","zithri",,"decoona"
"1084611","ziti",,"daco"
"1084612","zitis",,"dacoqa"
"1084613","zitkamer",,"elosepon"
"1084614","zitless",,"elotaen"
"1084615","zito",,"docaa"
"1084616","zitone",,"olipun"
"1084617","zitonencreme",,"elopizazu"
"1084618","zitoni",,"ilupit"
"1084619","zitroa",,"olijun"
"1084620","zits",,"dacoa"
"1084621","zitsa",,"decina"
"1084622","zitso",,"docuf"
"1084623","zittau",,"iluqen"
"1084624","zittavite",,"eloqegi"
"1084625","zitter",,"ducoin"
"1084626","zittern",,"alequat"
"1084627","zitterns",,"alequqe"
"1084628","zitti",,"iluqas"
"1084629","zitting",,"dicere"
"1084630","zitty",,"aleqiu"
"1084631","zituni",,"alewata"
"1084632","zitvaa",,"ulabe"
"1084633","zitzit",,"decaen"
"1084634","zitzith",,"aleloe"
"1084635","zitziz",,"dicoon"
"1084636","ziurga",,"doqiua"
"1084637","ziusudra",,"ilacovi"
"1084638","ziusudras",,"ilacovat"
"1084639","ziva",,"dawaa"
"1084640","zivana",,"olamati"
"1084641","zivania",,"olamuua"
"1084642","zivanovi",,"diwipie"
"1084643","zive",,"diwo"
"1084644","zivic",,"duwes"
"1084645","zivjm",,"alirea"
"1084646","zivs",,"duwe"
"1084647","ziwarkam",,"dibicuun"
"1084648","ziwe",,"elatri"
"1084649","ziwiye",,"iloneno"
"1084650","ziwiyes",,"iloneona"
"1084651","ziwot",,"dabiw"
"1084652","ziyad",,"digit"
"1084653","ziyang",,"dogou"
"1084654","ziyara",,"dagai"
"1084655","ziyarat",,"ilumueta"
"1084656","ziyi",,"elonti"
"1084657","ziyou",,"olipe"
"1084658","ziyuan",,"daguan"
"1084659","ziyun",,"dugipa"
"1084660","ziza",,"dikie"
"1084661","zizaene",,"olumeat"
"1084662","zizah",,"olumit"
"1084663","zizania",,"alomoat"
"1084664","zizaniae",,"ulemesaa"
"1084665","zizanias",,"alomosea"
"1084666","zizanoic",,"elimihon"
"1084667","zizany",,"elimota"
"1084668","zizekian",,"olutesota"
"1084669","zizel",,"ilatinu"
"1084670","zizels",,"ilatene"
"1084671","zizhiqu",,"elimion"
"1084672","zizhong",,"dikufe"
"1084673","zizhongosaurus",,"ilamefacun"
"1084674","zizhou",,"olumet"
"1084675","zizia",,"dikan"
"1084676","zizian",,"uleninu"
"1084677","zizias",,"dikaona"
"1084678","zizilivakan",,"elinesitot"
"1084679","ziziphi",,"dukehon"
"1084680","ziziphin",,"alonura"
"1084681","ziziphus",,"dikaheu"
"1084682","ziziphuses",,"dokuhai"
"1084683","ziziphusses",,"dokuhagiat"
"1084684","zizit",,"aloniu"
"1084685","zizith",,"dokuin"
"1084686","zizyphus",,"dakihiin"
"1084687","zizyphuses",,"dukohoan"
"1084688","zizyphuss",,"dakihia"
"1084689","zizz",,"olult"
"1084690","zizzed",,"dokean"
"1084691","zizzes",,"eliline"
"1084692","zizzing",,"dokera"
"1084693","zizzle",,"dekaa"
"1084694","zizzled",,"uleluu"
"1084695","zizzles",,"dekaven"
"1084696","zizzling",,"uleluson"
"1084697","zizzo",,"ulelou"
"1084698","zizzy",,"ulelon"
"1084699","zjednoczona",,"desipavio"
"1084700","zkinthos",,"demewoan"
"1084701","zkinthoss",,"demewoun"
"1084702","zlatan",,"deleeta"
"1084703","zlatar",,"duluaa"
"1084704","zlatka",,"ireqen"
"1084705","zlatko",,"uroqina"
"1084706","zlatna",,"deleete"
"1084707","zlatogorite",,"oraqanoban"
"1084708","zlatomir",,"dilifiot"
"1084709","zlatopil",,"ariqijin"
"1084710","zlatoslav",,"ireqewun"
"1084711","zlatoust",,"dilifeu"
"1084712","zlid",,"orossa"
"1084713","zlist",,"orocao"
"1084714","zloch",,"arereu"
"1084715","zlote",,"iruqona"
"1084716","zloties",,"iruqaia"
"1084717","zlotnick",,"dazapeen"
"1084718","zlotogora",,"dazafuon"
"1084719","zloty",,"eroque"
"1084720","zlotych",,"dezelan"
"1084721","zlotys",,"eroqas"
"1084722","zlto",,"uraps"
"1084723","zluhcsaf",,"duqosaan"
"1084724","zlusjt",,"daquu"
"1084725","zmagoslav",,"usolowon"
"1084726","zmemall",,"osuvou"
"1084727","zmiinyi",,"domape"
"1084728","zmiiv",,"demud"
"1084729","zmiivka",,"demuda"
"1084730","zmijovka",,"osorago"
"1084731","zmir",,"dimana"
"1084732","zmit",,"domes"
"1084733","zmiyevka",,"domevaat"
"1084734","zmiyivka",,"dimoreon"
"1084735","zmiyovka",,"damufian"
"1084736","znaga",,"delen"
"1084737","znak",,"diloe"
"1084738","znamensk",,"etuvafon"
"1084739","znamianka",,"utoveron"
"1084740","znamrs",,"etuva"
"1084741","znaniecki",,"itezaze"
"1084742","znanieckian",,"dilaruveo"
"1084743","znanieckis",,"itezazin"
"1084744","znebrets",,"atonezan"
"1084745","znees",,"desaq"
"1084746","zneumca",,"dasuzan"
"1084747","znucalite",,"daqonoin"
"1084748","zoacanthosis",,"daleniduin"
"1084749","zoacum",,"uvorea"
"1084750","zoaea",,"ovatot"
"1084751","zoaeae",,"evuteri"
"1084752","zoaeal",,"dileate"
"1084753","zoaeas",,"ovatis"
"1084754","zoals",,"diloq"
"1084755","zoamylin",,"ivevezun"
"1084756","zoan",,"dolie"
"1084757","zoanone",,"ivezeon"
"1084758","zoanthacea",,"diluwao"
"1084759","zoanthacean",,"ivezerazu"
"1084760","zoanthaceas",,"diluwasiet"
"1084761","zoantharia",,"ovazaret"
"1084762","zoantharian",,"doliwuseot"
"1084763","zoantharians",,"doliwuseo"
"1084764","zoantharias",,"ovazarubi"
"1084765","zoanthid",,"uvozoren"
"1084766","zoanthidae",,"uvozoron"
"1084767","zoanthidaes",,"uvozoripan"
"1084768","zoanthidea",,"uvozorona"
"1084769","zoanthidean",,"dulawetaa"
"1084770","zoanthideas",,"uvozoripana"
"1084771","zoanthinarian",,"ovazarejin"
"1084772","zoanthodeme",,"ovazaropet"
"1084773","zoanthodemic",,"ivezeripo"
"1084774","zoanthoid",,"evuzurat"
"1084775","zoanthrope",,"dalewoat"
"1084776","zoanthropic",,"delowiwoi"
"1084777","zoanthropies",,"dalewoweot"
"1084778","zoanthropy",,"diluwai"
"1084779","zoanthropys",,"diluwawuat"
"1084780","zoanthus",,"delowiin"
"1084781","zoanthuss",,"delowia"
"1084782","zoar",,"dalai"
"1084783","zoara",,"delena"
"1084784","zoarah",,"uvojue"
"1084785","zoarces",,"duluset"
"1084786","zoarceses",,"dilisiin"
"1084787","zoarcess",,"dulusui"
"1084788","zoarcesses",,"dilisia"
"1084789","zoarchaeologist",,"evujirifan"
"1084790","zoarcid",,"ovajuun"
"1084791","zoarcidae",,"ovajusu"
"1084792","zoarcidaes",,"ovajusot"
"1084793","zoarcoid",,"uvojeha"
"1084794","zoaria",,"deleani"
"1084795","zoarial",,"ovajuu"
"1084796","zoarite",,"evujio"
"1084797","zoarites",,"evujibet"
"1084798","zoarium",,"doloron"
"1084799","zoariums",,"doloroan"
"1084800","zoars",,"dalaq"
"1084801","zoatrics",,"ovaqisin"
"1084802","zoazol",,"uvolua"
"1084803","zoba",,"damua"
"1084804","zobah",,"ivomut"
"1084805","zobe",,"dimei"
"1084806","zobebah",,"damirin"
"1084807","zobel",,"uvitut"
"1084808","zobias",,"dameina"
"1084809","zobkiw",,"demuate"
"1084810","zobo",,"demiu"
"1084811","zobops",,"avupii"
"1084812","zobos",,"demiqa"
"1084813","zobrist",,"dumuran"
"1084814","zobtenite",,"evaqafona"
"1084815","zobu",,"dimeu"
"1084816","zobus",,"dimeqa"
"1084817","zocainone",,"ivimafun"
"1084818","zocalo",,"danuin"
"1084819","zocalos",,"danuva"
"1084820","zocchihedron",,"dinunesaun"
"1084821","zocco",,"iviree"
"1084822","zoccolo",,"denofun"
"1084823","zoccolos",,"denofou"
"1084824","zoccos",,"iviro"
"1084825","zock",,"avastu"
"1084826","zocle",,"denav"
"1084827","zocor",,"denic"
"1084828","zocors",,"denian"
"1084829","zodacite",,"avemosan"
"1084830","zodariid",,"duricoat"
"1084831","zodi",,"diru"
"1084832","zodiac",,"duraen"
"1084833","zodiacal",,"evoneten"
"1084834","zodiack",,"dirunu"
"1084835","zodiacs",,"duranon"
"1084836","zodico",,"darein"
"1084837","zodiograph",,"ovinani"
"1084838","zodiographer",,"durafawoon"
"1084839","zodiophilous",,"uvanojova"
"1084840","zodletone",,"evotabon"
"1084841","zody",,"daroo"
"1084842","zoea",,"evimse"
"1084843","zoeae",,"avomue"
"1084844","zoeaform",,"ivamohat"
"1084845","zoeal",,"doseva"
"1084846","zoeas",,"evimis"
"1084847","zoechrome",,"avorequa"
"1084848","zoechromes",,"avoreqot"
"1084849","zoecia",,"evirina"
"1084850","zoecial",,"dosirena"
"1084851","zoecium",,"ovurue"
"1084852","zoedone",,"ivaseene"
"1084853","zoeform",,"ovukain"
"1084854","zoehemera",,"ivamopan"
"1084855","zoehemerae",,"ovumepot"
"1084856","zoeller",,"dusivi"
"1084857","zoellick",,"evitesie"
"1084858","zoellner",,"uvetufoe"
"1084859","zoes",,"avoclu"
"1084860","zoetermeer",,"disavaaa"
"1084861","zoeterwoude",,"dusevelae"
"1084862","zoetic",,"dosuao"
"1084863","zoetrope",,"dasocuo"
"1084864","zoetropes",,"dasocuet"
"1084865","zoetropic",,"desicaot"
"1084866","zoey",,"ovukne"
"1084867","zofenopril",,"dugopien"
"1084868","zofenoprilat",,"ovutuhibe"
"1084869","zoff",,"uvekne"
"1084870","zoffany",,"dogani"
"1084871","zoffanys",,"doganaat"
"1084872","zoficonazole",,"uvenehitu"
"1084873","zofran",,"dugui"
"1084874","zoftig",,"ivaqan"
"1084875","zoftiger",,"dagorei"
"1084876","zoftigest",,"dugeraot"
"1084877","zoftigger",,"degiroet"
"1084878","zoftiggest",,"dagoreu"
"1084879","zogan",,"dikop"
"1084880","zogang",,"dukian"
"1084881","zogans",,"dikou"
"1084882","zogbot",,"uvoninu"
"1084883","zogby",,"dokol"
"1084884","zogchow",,"dakenen"
"1084885","zogged",,"dukion"
"1084886","zogist",,"dukaan"
"1084887","zoglin",,"ivetans"
"1084888","zognald",,"dekone"
"1084889","zogo",,"uvopri"
"1084890","zograf",,"avijat"
"1084891","zograscope",,"evujewat"
"1084892","zograscopic",,"ovajoweci"
"1084893","zogslop",,"uvocuen"
"1084894","zoha",,"dalute"
"1084895","zohair",,"ivomon"
"1084896","zohak",,"dulite"
"1084897","zohaks",,"duliia"
"1084898","zohar",,"ivomus"
"1084899","zohara",,"uvimus"
"1084900","zoharic",,"ivomuia"
"1084901","zoharism",,"evamosana"
"1084902","zoharist",,"dalucion"
"1084903","zoharists",,"dalucian"
"1084904","zoharite",,"dulicoun"
"1084905","zoharites",,"dulicou"
"1084906","zohars",,"ivometa"
"1084907","zoheleth",,"ivotizat"
"1084908","zoheth",,"dileua"
"1084909","zohman",,"ivovon"
"1084910","zohnerism",,"dulaveot"
"1084911","zoho",,"delinu"
"1084912","zohra",,"ivojine"
"1084913","zohran",,"diliu"
"1084914","zohreh",,"dului"
"1084915","zohrin",,"doloon"
"1084916","zoiatria",,"ivimeqat"
"1084917","zoiatrias",,"ivimeqe"
"1084918","zoiatrics",,"ovomaqo"
"1084919","zoiatrist",,"dumiwein"
"1084920","zoic",,"evert"
"1084921","zoiccer",,"dimuse"
"1084922","zoiccest",,"domisoet"
"1084923","zoicer",,"dimuune"
"1084924","zoicest",,"domiven"
"1084925","zoid",,"dimane"
"1084926","zoidberg",,"dumeruat"
"1084927","zoidiogamic",,"damoruriin"
"1084928","zoidiogamy",,"domurein"
"1084929","zoidiophile",,"ovosuhitun"
"1084930","zoidiophilous",,"uvusehatet"
"1084931","zoidiophily",,"avasohetan"
"1084932","zoidogamic",,"damofeun"
"1084933","zoidogamous",,"demifosai"
"1084934","zoidogamy",,"domufiun"
"1084935","zoie",,"avatro"
"1084936","zoigl",,"dimove"
"1084937","zoiks",,"avasota"
"1084938","zoila",,"dimone"
"1084939","zoilean",,"ovoteua"
"1084940","zoileans",,"ovoterot"
"1084941","zoilism",,"damuron"
"1084942","zoilisms",,"damurian"
"1084943","zoilist",,"uvuteen"
"1084944","zoilists",,"uvutewon"
"1084945","zoilla",,"uvutota"
"1084946","zoilus",,"demauna"
"1084947","zoiluss",,"demabu"
"1084948","zoink",,"damet"
"1084949","zoinked",,"evezaen"
"1084950","zoinking",,"evezase"
"1084951","zoinks",,"dameoa"
"1084952","zoisia",,"ovocee"
"1084953","zoisiae",,"evecien"
"1084954","zoisias",,"ovocuin"
"1084955","zoisite",,"domiron"
"1084956","zoisites",,"domirean"
"1084957","zoisitic",,"dimuroen"
"1084958","zoisitization",,"ovocubesot"
"1084959","zoisitized",,"dimuroon"
"1084960","zoism",,"uvucae"
"1084961","zoisms",,"uvucot"
"1084962","zoist",,"dimuw"
"1084963","zoistic",,"dimuwot"
"1084964","zoists",,"dimuua"
"1084965","zoitcyst",,"ovoqumin"
"1084966","zoite",,"domuva"
"1084967","zokcm",,"ivarue"
"1084968","zokor",,"daroc"
"1084969","zoku",,"uvewna"
"1084970","zola",,"disono"
"1084971","zolac",,"disosa"
"1084972","zoladex",,"dusitet"
"1084973","zoladz",,"dusien"
"1084974","zolae",,"doseve"
"1084975","zolaesque",,"desavuu"
"1084976","zolaism",,"desaru"
"1084977","zolaisms",,"desaruot"
"1084978","zolaist",,"avimouna"
"1084979","zolaistic",,"avimowot"
"1084980","zolaistics",,"avimowo"
"1084981","zolaists",,"avimowu"
"1084982","zolaize",,"evumioa"
"1084983","zolaized",,"disoriin"
"1084984","zolaizes",,"evuminet"
"1084985","zolaizing",,"disorii"
"1084986","zolamine",,"avimesua"
"1084987","zolandz",,"uvomeina"
"1084988","zolantidine",,"desapatoon"
"1084989","zolas",,"disoqo"
"1084990","zolasartan",,"avimorota"
"1084991","zolazepam",,"dusimuun"
"1084992","zolbetuximab",,"dosovegoin"
"1084993","zoldi",,"uvosen"
"1084994","zoledronate",,"dasitojaan"
"1084995","zoledronic",,"ivetequ"
"1084996","zolenzepine",,"dosapopuu"
"1084997","zolertine",,"avitebin"
"1084998","zoletil",,"dusowat"
"1084999","zoletile",,"disewea"
"1085000","zolf",,"evukna"
"1085001","zolian",,"ivenoni"
"1085002","zoliflodacin",,"dosilijiet"
"1085003","zolimidine",,"desozuon"
"1085004","zolimomab",,"uvonahi"
"1085005","zolinza",,"dosipon"
"1085006","zoliprofen",,"dusaheen"
"1085007","zolja",,"aviraa"
"1085008","zoll",,"ivetni"
"1085009","zolla",,"uvotus"
"1085010","zollars",,"dosenon"
"1085011","zolle",,"ovatena"
"1085012","zoller",,"dasuot"
"1085013","zollernia",,"evutaqat"
"1085014","zollernias",,"evutaqe"
"1085015","zolli",,"ivetaru"
"1085016","zollicoffer",,"dasurijoot"
"1085017","zollie",,"ovatene"
"1085018","zollikofen",,"ovatuvat"
"1085019","zollinger",,"evutifea"
"1085020","zollman",,"dosezi"
"1085021","zollner",,"avitouna"
"1085022","zollo",,"avitit"
"1085023","zollpfund",,"ovatemet"
"1085024","zollverein",,"dasudaat"
"1085025","zollvereins",,"dasudawoe"
"1085026","zolly",,"avitis"
"1085027","zolman",,"evuvoo"
"1085028","zolmitriptan",,"ovavubavu"
"1085029","zolnay",,"avizi"
"1085030","zolner",,"dusaon"
"1085031","zolnierczyk",,"uvozezozat"
"1085032","zolochiv",,"disasaen"
"1085033","zoloft",,"dasoo"
"1085034","zolofts",,"dasolet"
"1085035","zoloperone",,"evupazun"
"1085036","zolostra",,"dasoquet"
"1085037","zolotarev",,"avipiru"
"1085038","zolote",,"avipie"
"1085039","zolotink",,"dasowian"
"1085040","zolotnik",,"dasowiana"
"1085041","zolotonosha",,"uvopohicu"
"1085042","zolpidem",,"dasiruet"
"1085043","zolpidems",,"dasirui"
"1085044","zols",,"dositi"
"1085045","zoltai",,"aviqan"
"1085046","zoltan",,"dasoota"
"1085047","zoltar",,"disaea"
"1085048","zolten",,"disaee"
"1085049","zolty",,"evuquo"
"1085050","zomb",,"doto"
"1085051","zomba",,"ditin"
"1085052","zombae",,"dotoot"
"1085053","zombas",,"ditiun"
"1085054","zombi",,"dotora"
"1085055","zombic",,"dotoo"
"1085056","zombically",,"dotorae"
"1085057","zombie",,"detean"
"1085058","zombied",,"ivonaet"
"1085059","zombiedom",,"ivonazuna"
"1085060","zombiefication",,"avunozevu"
"1085061","zombiefied",,"detereo"
"1085062","zombiefies",,"uvinezan"
"1085063","zombiefy",,"ovenuzot"
"1085064","zombiefying",,"ditirinue"
"1085065","zombiehood",,"dataraat"
"1085066","zombieing",,"ovenuzeta"
"1085067","zombieish",,"uvinezi"
"1085068","zombieism",,"duturuin"
"1085069","zombiekind",,"dotorou"
"1085070","zombieless",,"evanizata"
"1085071","zombielike",,"avunozoa"
"1085072","zombieness",,"avunozot"
"1085073","zombiephile",,"ivonazuto"
"1085074","zombiephilia",,"avunozetat"
"1085075","zombieproof",,"evanizobot"
"1085076","zombies",,"deterun"
"1085077","zombiesat",,"uvinezena"
"1085078","zombiesque",,"datarai"
"1085079","zombification",,"evanimazon"
"1085080","zombifications",,"evanimazan"
"1085081","zombified",,"dotoroun"
"1085082","zombifier",,"ditirion"
"1085083","zombifies",,"avunoma"
"1085084","zombify",,"ivonaan"
"1085085","zombifying",,"duturuet"
"1085086","zombiism",,"datarii"
"1085087","zombiisms",,"datariat"
"1085088","zombilism",,"evanize"
"1085089","zombis",,"dotoen"
"1085090","zombitude",,"duturiun"
"1085091","zombocalypse",,"detefusuet"
"1085092","zomboid",,"evanuen"
"1085093","zombology",,"avuniza"
"1085094","zomboruk",,"avuniqu"
"1085095","zomboruks",,"avuniqot"
"1085096","zombproc",,"detehiu"
"1085097","zombuck",,"databa"
"1085098","zomby",,"dutul"
"1085099","zombying",,"avunisin"
"1085100","zombyish",,"ovenasa"
"1085101","zombyism",,"dotolaan"
"1085102","zomdu",,"datob"
"1085103","zome",,"ivotso"
"1085104","zomebazam",,"avuterun"
"1085105","zomedy",,"dotaot"
"1085106","zomepirac",,"evatasi"
"1085107","zomfg",,"dutome"
"1085108","zomg",,"avulno"
"1085109","zomi",,"uvinti"
"1085110","zomia",,"avunani"
"1085111","zomig",,"avunano"
"1085112","zomigs",,"avununa"
"1085113","zomma",,"ivovio"
"1085114","zomo",,"evaptu"
"1085115","zomotherapeutic",,"ditawapoa"
"1085116","zomotherapeutics",,"ditawapoen"
"1085117","zomotherapy",,"avupireben"
"1085118","zomp",,"dite"
"1085119","zompire",,"avufoun"
"1085120","zona",,"doveu"
"1085121","zonadhesin",,"evemurun"
"1085122","zonae",,"devava"
"1085123","zonaesthesia",,"devavudaon"
"1085124","zonal",,"ivimii"
"1085125","zonaler",,"davuva"
"1085126","zonalest",,"duvivuat"
"1085127","zonalisation",,"ivimisoton"
"1085128","zonality",,"dovevaan"
"1085129","zonalization",,"dovevaraen"
"1085130","zonaller",,"evemezon"
"1085131","zonallest",,"avamazin"
"1085132","zonallier",,"evemezat"
"1085133","zonalliest",,"avamazo"
"1085134","zonally",,"devave"
"1085135","zonampanel",,"avameja"
"1085136","zonana",,"ivimena"
"1085137","zonar",,"avame"
"1085138","zonaras",,"evemoo"
"1085139","zonaria",,"evemoen"
"1085140","zonarias",,"evemoson"
"1085141","zonarich",,"divoceo"
"1085142","zonarier",,"dovecaia"
"1085143","zonariest",,"devacuot"
"1085144","zonarious",,"evemosat"
"1085145","zonary",,"ovomate"
"1085146","zonas",,"doveqa"
"1085147","zonata",,"avamonu"
"1085148","zonate",,"ivimoe"
"1085149","zonated",,"davuwin"
"1085150","zonately",,"devawee"
"1085151","zonating",,"davuwii"
"1085152","zonation",,"devawuot"
"1085153","zonations",,"devawuo"
"1085154","zond",,"ivisti"
"1085155","zonda",,"uvusut"
"1085156","zondas",,"uvuseu"
"1085157","zonday",,"evesin"
"1085158","zonder",,"davoua"
"1085159","zondra",,"dovua"
"1085160","zonds",,"ivisat"
"1085161","zone",,"davii"
"1085162","zoneaesthesia",,"davinabeu"
"1085163","zonechin",,"divesao"
"1085164","zoned",,"ovotate"
"1085165","zonee",,"duvov"
"1085166","zoneless",,"avatazun"
"1085167","zonelet",,"dovaven"
"1085168","zonelike",,"uvutusena"
"1085169","zoneminder",,"ovotisen"
"1085170","zoner",,"ivitute"
"1085171","zoners",,"ivitent"
"1085172","zones",,"daviqe"
"1085173","zonesthesia",,"daviqusoun"
"1085174","zonetherapy",,"duvowepiot"
"1085175","zonetime",,"uvutosoa"
"1085176","zonetimes",,"uvutoset"
"1085177","zong",,"doven"
"1085178","zongdu",,"ivilete"
"1085179","zongertinib",,"duviveduet"
"1085180","zongo",,"duvif"
"1085181","zongora",,"ivilean"
"1085182","zongoras",,"ivilequn"
"1085183","zonguldak",,"duvibain"
"1085184","zongyang",,"eveluran"
"1085185","zongyao",,"dovelon"
"1085186","zongzi",,"eveleni"
"1085187","zonian",,"ovoneo"
"1085188","zonians",,"ovonoina"
"1085189","zonic",,"devos"
"1085190","zoniclezole",,"ovonuzison"
"1085191","zonie",,"davev"
"1085192","zoniferous",,"divulian"
"1085193","zonification",,"avanusutun"
"1085194","zonifugal",,"doviloin"
"1085195","zoning",,"ovonini"
"1085196","zonings",,"ovonuaa"
"1085197","zonipetal",,"ivinoze"
"1085198","zoniporide",,"evenahe"
"1085199","zonisamide",,"evenirun"
"1085200","zonite",,"ovonunn"
"1085201","zonites",,"ovonau"
"1085202","zonitess",,"ovonazot"
"1085203","zonitid",,"davewen"
"1085204","zonitidae",,"davewion"
"1085205","zonitidaes",,"davewian"
"1085206","zonitoides",,"devowaen"
"1085207","zonitoidess",,"devowatoon"
"1085208","zonk",,"davio"
"1085209","zonked",,"evesot"
"1085210","zonkedness",,"davivui"
"1085211","zonker",,"ovosuni"
"1085212","zonkey",,"devuan"
"1085213","zonking",,"evesian"
"1085214","zonko",,"dovaf"
"1085215","zonks",,"daviqi"
"1085216","zonky",,"doval"
"1085217","zonnar",,"daveota"
"1085218","zonnya",,"uvuzue"
"1085219","zono",,"divat"
"1085220","zonoaperturate",,"evepejoba"
"1085221","zonobiome",,"avapesot"
"1085222","zonochlorite",,"divasapuu"
"1085223","zonociliate",,"devisupeon"
"1085224","zonocolpate",,"ovopuhuqon"
"1085225","zonocolporate",,"dovusepuen"
"1085226","zonogon",,"evepei"
"1085227","zonogonal",,"divamoi"
"1085228","zonogram",,"evepeqan"
"1085229","zonographic",,"avapaqoqi"
"1085230","zonography",,"ovopoqi"
"1085231","zonohedral",,"dovunoe"
"1085232","zonohedron",,"dovunou"
"1085233","zonoid",,"avapan"
"1085234","zonolimnetic",,"ivipisejon"
"1085235","zonolite",,"davovion"
"1085236","zonoplacental",,"ovopezuzun"
"1085237","zonoplacentalia",,"ivipozazat"
"1085238","zonoplacentalias",,"ivipozaze"
"1085239","zonoporate",,"uvupihi"
"1085240","zonosaurine",,"davoqegue"
"1085241","zonoskeleton",,"avapovefi"
"1085242","zonotopal",,"ivipehu"
"1085243","zonotope",,"davowuet"
"1085244","zonotopic",,"deviwao"
"1085245","zonotreme",,"duvewee"
"1085246","zonotrichia",,"ovopaqezat"
"1085247","zonotrichiae",,"evepuqaza"
"1085248","zonotrichias",,"ovopaqeze"
"1085249","zonta",,"uvuque"
"1085250","zontar",,"dovuo"
"1085251","zontas",,"uvuqui"
"1085252","zontian",,"duverata"
"1085253","zontians",,"duverae"
"1085254","zonula",,"ovowun"
"1085255","zonulae",,"eveweo"
"1085256","zonular",,"davivoa"
"1085257","zonularia",,"devuvoa"
"1085258","zonularly",,"iviwire"
"1085259","zonulas",,"ovowou"
"1085260","zonule",,"avawie"
"1085261","zonulectomy",,"duvovuvaa"
"1085262","zonules",,"avawaat"
"1085263","zonulet",,"dovavet"
"1085264","zonulets",,"dovavoi"
"1085265","zonulin",,"devuvin"
"1085266","zonulitis",,"divevei"
"1085267","zonulolysis",,"devuvapoan"
"1085268","zonulopathy",,"davivuciu"
"1085269","zonulotomy",,"dovavein"
"1085270","zonulysis",,"iviwimu"
"1085271","zonumm",,"devuun"
"1085272","zonure",,"ovowat"
"1085273","zonures",,"ovowie"
"1085274","zonurid",,"davico"
"1085275","zonuridae",,"daviciet"
"1085276","zonuridaes",,"davicii"
"1085277","zonuroid",,"dovacean"
"1085278","zonurus",,"ovowiu"
"1085279","zonuruss",,"ovowidot"
"1085280","zony",,"divas"
"1085281","zonya",,"duven"
"1085282","zonz",,"avalni"
"1085283","zooagglutinin",,"ivuminake"
"1085284","zooanthella",,"dezapasion"
"1085285","zooanthellae",,"dazupusou"
"1085286","zooanthid",,"evomibat"
"1085287","zooanthina",,"avemoben"
"1085288","zooanthroponosis",,"ovimubaban"
"1085289","zooanthroponotic",,"duzipisio"
"1085290","zooapocrisis",,"ivumohobet"
"1085291","zooarchaeological",,"ivumutetot"
"1085292","zooarchaeologist",,"ivumutetin"
"1085293","zooarchaeologists",,"ivumuteta"
"1085294","zooarchaeology",,"dizoceseot"
"1085295","zooarcheological",,"ovimitafet"
"1085296","zooarcheologist",,"ovimitafen"
"1085297","zooarcheology",,"dozecasuet"
"1085298","zooarium",,"duzicoe"
"1085299","zoob",,"dezee"
"1085300","zoobait",,"uvanuot"
"1085301","zoobenthic",,"avenufa"
"1085302","zoobenthivore",,"avenufatan"
"1085303","zoobenthivorous",,"ovinefoto"
"1085304","zoobenthoic",,"ovinefoti"
"1085305","zoobenthos",,"ovinefet"
"1085306","zoobie",,"dazaine"
"1085307","zoobiology",,"uvanehun"
"1085308","zoobiosis",,"diziroon"
"1085309","zoobiotic",,"avenohot"
"1085310","zooblast",,"dazaveen"
"1085311","zooblasts",,"dazaveon"
"1085312","zoobotanical",,"ivunebajo"
"1085313","zoobrick",,"ivunusat"
"1085314","zoocarp",,"evoreo"
"1085315","zoocecidial",,"evoratapun"
"1085316","zoocecidium",,"dezovutoen"
"1085317","zoocenose",,"dizuveaa"
"1085318","zoocenosis",,"duzavoota"
"1085319","zoocentric",,"dozivaun"
"1085320","zoocentrism",,"dazevidue"
"1085321","zoocephalic",,"dezovesuet"
"1085322","zoochem",,"dizunin"
"1085323","zoochemical",,"avereziven"
"1085324","zoochemistries",,"dozinofoi"
"1085325","zoochemistry",,"dazenafain"
"1085326","zoochems",,"dizunia"
"1085327","zoochemy",,"dazenaen"
"1085328","zoochlorella",,"duzanajion"
"1085329","zoochlorellae",,"dizunujou"
"1085330","zoochlorellas",,"duzanajian"
"1085331","zoochore",,"averehe"
"1085332","zoochores",,"averehin"
"1085333","zoochorial",,"dizunoan"
"1085334","zoochoric",,"evorohat"
"1085335","zoochories",,"avereho"
"1085336","zoochorous",,"ovirihon"
"1085337","zoochorously",,"dazenuweot"
"1085338","zoochory",,"ivuruhat"
"1085339","zoochosis",,"dizunoona"
"1085340","zoochotic",,"averehot"
"1085341","zoochrome",,"ivuruqe"
"1085342","zoochromes",,"ivuruqin"
"1085343","zoocidal",,"oviruvin"
"1085344","zoocide",,"duzaron"
"1085345","zoocloning",,"dozivea"
"1085346","zoocoenocyte",,"uvarozican"
"1085347","zoocoenosis",,"dezofehoon"
"1085348","zoocole",,"dazefa"
"1085349","zoocoline",,"averizot"
"1085350","zoocolous",,"dozifiun"
"1085351","zoocultural",,"uvarizukat"
"1085352","zooculture",,"dezoboa"
"1085353","zoocultures",,"dezobodien"
"1085354","zoocurrent",,"uvariqon"
"1085355","zoocyst",,"dozilen"
"1085356","zoocystic",,"dozilaan"
"1085357","zoocytia",,"dizuloot"
"1085358","zoocytial",,"uvarobet"
"1085359","zoocytium",,"duzaliu"
"1085360","zoodendria",,"avesufin"
"1085361","zoodendrium",,"evosafebe"
"1085362","zoodendriums",,"evosafebin"
"1085363","zoodermic",,"avesuqu"
"1085364","zoodetritus",,"avesubivo"
"1085365","zoodikers",,"evosivan"
"1085366","zoodle",,"aveson"
"1085367","zoodles",,"avesaan"
"1085368","zoodomatia",,"uvasopi"
"1085369","zoodynamic",,"evosufat"
"1085370","zoodynamics",,"evosufihe"
"1085371","zoodynmic",,"avesifin"
"1085372","zooe",,"ovitro"
"1085373","zooea",,"ivutino"
"1085374","zooeae",,"ovitinu"
"1085375","zooeal",,"duzoeta"
"1085376","zooeas",,"ivutoni"
"1085377","zooecia",,"ivutaet"
"1085378","zooecial",,"duzosoat"
"1085379","zooecium",,"uvateso"
"1085380","zooecological",,"avetohocat"
"1085381","zooecology",,"dazisuat"
"1085382","zooerastia",,"uvatarona"
"1085383","zooerastiae",,"ivuturogu"
"1085384","zooerastias",,"uvatarigan"
"1085385","zooerasties",,"ovitireget"
"1085386","zooerasty",,"avetere"
"1085387","zooerastyes",,"uvatarigon"
"1085388","zooerastys",,"aveterin"
"1085389","zooerythrin",,"dazicuduu"
"1085390","zooerythrine",,"duzocidiet"
"1085391","zooetic",,"duzowia"
"1085392","zooey",,"uvatoto"
"1085393","zoofact",,"avekaata"
"1085394","zoofari",,"evokeon"
"1085395","zooflagellate",,"dizevurain"
"1085396","zooflagellates",,"dizevuraa"
"1085397","zooful",,"ovikua"
"1085398","zoofulvin",,"ivukozota"
"1085399","zoogamete",,"dizonao"
"1085400","zoogametes",,"dizonaet"
"1085401","zoogamies",,"ovilopen"
"1085402","zoogamous",,"uvalupi"
"1085403","zoogamy",,"avelaun"
"1085404","zoogene",,"dozevet"
"1085405","zoogenesis",,"dozevaua"
"1085406","zoogenetic",,"uvalifi"
"1085407","zoogenic",,"dizoveoa"
"1085408","zoogenies",,"dozevauna"
"1085409","zoogenous",,"duzivoine"
"1085410","zoogeny",,"dazuvo"
"1085411","zoogeog",,"evolaon"
"1085412","zoogeographer",,"uvaliheba"
"1085413","zoogeographers",,"uvaliheben"
"1085414","zoogeographic",,"dozeverei"
"1085415","zoogeographical",,"uvalihebi"
"1085416","zoogeographically",,"dozeverea"
"1085417","zoogeographies",,"dezavaraot"
"1085418","zoogeography",,"duzivirii"
"1085419","zoogeogs",,"evolahan"
"1085420","zoogeological",,"evolahicon"
"1085421","zoogeologist",,"evolahicet"
"1085422","zoogeology",,"dezavaon"
"1085423","zooglea",,"dazuvoa"
"1085424","zoogleae",,"duzivuata"
"1085425","zoogleal",,"evolezia"
"1085426","zoogleas",,"dazuvaet"
"1085427","zoogleic",,"duzivue"
"1085428","zoogler",,"oviloina"
"1085429","zoogloea",,"dozevean"
"1085430","zoogloeae",,"dezavaot"
"1085431","zoogloeal",,"ivulihu"
"1085432","zoogloeas",,"dozeveun"
"1085433","zoogloeic",,"dezavao"
"1085434","zoogloeoid",,"avelahen"
"1085435","zoognosy",,"dizopoen"
"1085436","zoogoer",,"dizofot"
"1085437","zoogoing",,"dozefau"
"1085438","zoogonic",,"dezafuaa"
"1085439","zoogonid",,"ivulefe"
"1085440","zoogonidangium",,"dozefatie"
"1085441","zoogonidia",,"uvalofun"
"1085442","zoogonidial",,"dazufiteot"
"1085443","zoogonidium",,"avelifupan"
"1085444","zoogonies",,"dazufiat"
"1085445","zoogonous",,"dozefaua"
"1085446","zoogony",,"dizofa"
"1085447","zoograft",,"duzicau"
"1085448","zoografting",,"aveleregat"
"1085449","zoograftings",,"avelerege"
"1085450","zoografts",,"duzicaot"
"1085451","zoograph",,"dazucei"
"1085452","zoographer",,"oviliron"
"1085453","zoographers",,"oviliritan"
"1085454","zoographic",,"dazucee"
"1085455","zoographical",,"ovilirite"
"1085456","zoographically",,"dazucecuon"
"1085457","zoographies",,"duzicaciet"
"1085458","zoographist",,"oviliritun"
"1085459","zoographists",,"oviliritu"
"1085460","zoography",,"dozecie"
"1085461","zoogrpahy",,"dozecoe"
"1085462","zoogyroscope",,"evoluqedot"
"1085463","zoohormone",,"dazafoe"
"1085464","zoohygiene",,"ovimanon"
"1085465","zoohygienic",,"ivumenofen"
"1085466","zooicidal",,"ovinuso"
"1085467","zooicide",,"duzasoat"
"1085468","zooid",,"dazeta"
"1085469","zooidal",,"ovinau"
"1085470","zooidiogamous",,"dizutejea"
"1085471","zooidiophilous",,"evonusequn"
"1085472","zooidogamous",,"dizutoreu"
"1085473","zooids",,"dazeot"
"1085474","zooier",,"dazeota"
"1085475","zooiest",,"duzavan"
"1085476","zooish",,"dezoe"
"1085477","zooism",,"evonena"
"1085478","zook",,"ovisro"
"1085479","zookeep",,"duzovi"
"1085480","zookeeper",,"evosazon"
"1085481","zookeepers",,"evosazan"
"1085482","zookeeping",,"avesuzen"
"1085483","zookers",,"duzovan"
"1085484","zooks",,"ovisuu"
"1085485","zookses",,"evosien"
"1085486","zool",,"duzi"
"1085487","zoola",,"dazun"
"1085488","zoolagnia",,"ovitonet"
"1085489","zoolater",,"duziniat"
"1085490","zoolaters",,"duzinie"
"1085491","zoolatria",,"dezanaa"
"1085492","zoolatrias",,"dezanaen"
"1085493","zoolatries",,"duziniot"
"1085494","zoolatrous",,"dezanaena"
"1085495","zoolatry",,"dozenei"
"1085496","zooless",,"dizovin"
"1085497","zoolike",,"dozeri"
"1085498","zoolingualism",,"duziroreu"
"1085499","zoolite",,"avetouna"
"1085500","zoolites",,"avetobua"
"1085501","zoolith",,"duzire"
"1085502","zoolithe",,"dizoroen"
"1085503","zoolithic",,"duziria"
"1085504","zooliths",,"duziriin"
"1085505","zoolitic",,"evotibana"
"1085506","zoologer",,"uvatonet"
"1085507","zoologic",,"dozefiun"
"1085508","zoological",,"uvatonun"
"1085509","zoologically",,"dozefitoet"
"1085510","zoologicoarchaeologist",,"duzifatuo"
"1085511","zoologicobotanical",,"duzifatuon"
"1085512","zoologies",,"dezafoen"
"1085513","zoologise",,"dezafoena"
"1085514","zoologised",,"ivutenot"
"1085515","zoologises",,"dezafoon"
"1085516","zoologising",,"ivutenodan"
"1085517","zoologist",,"uvatonat"
"1085518","zoologists",,"uvatonea"
"1085519","zoologize",,"avetinaa"
"1085520","zoologized",,"dozefiu"
"1085521","zoologizes",,"avetinen"
"1085522","zoologizing",,"dozefituon"
"1085523","zoology",,"duzifun"
"1085524","zoologys",,"duzifau"
"1085525","zooloo",,"dizoin"
"1085526","zoolu",,"dizob"
"1085527","zoom",,"evovni"
"1085528","zoomability",,"dazanotiu"
"1085529","zoomable",,"avevasun"
"1085530","zoomachy",,"dozonai"
"1085531","zoomagnetic",,"uvavunifun"
"1085532","zoomagnetism",,"ovivonefe"
"1085533","zoomagnetisms",,"ovivonefin"
"1085534","zoomancies",,"dezenuo"
"1085535","zoomancy",,"duzunoat"
"1085536","zoomania",,"dizineo"
"1085537","zoomaniac",,"dizineen"
"1085538","zoomanias",,"dizineet"
"1085539","zoomantic",,"uvavufona"
"1085540","zoomantist",,"dezenuet"
"1085541","zoomaric",,"dazanoet"
"1085542","zoomass",,"ovivou"
"1085543","zoomastigina",,"evoveweven"
"1085544","zoomastiginae",,"avevawavun"
"1085545","zoomastiginas",,"evovewevon"
"1085546","zoomastigoda",,"avevawavi"
"1085547","zoomastigodas",,"avevawavat"
"1085548","zoomastigophorea",,"uvavuwuvat"
"1085549","zoomastigophorean",,"duzunoduet"
"1085550","zoomastigote",,"ivuviwivet"
"1085551","zoomastigotes",,"ivuviwivi"
"1085552","zoombag",,"dezere"
"1085553","zoombomb",,"ovivihot"
"1085554","zoombombed",,"diziroen"
"1085555","zoombomber",,"duzuriin"
"1085556","zoombombing",,"dizirofoe"
"1085557","zoombombs",,"oviviho"
"1085558","zoomburb",,"duzuruat"
"1085559","zoomechanical",,"dezevusuat"
"1085560","zoomechanics",,"uvavitote"
"1085561","zoomed",,"dozoa"
"1085562","zoomedical",,"uvavivon"
"1085563","zoomeiospore",,"avevusadi"
"1085564","zoomelanin",,"dozoviin"
"1085565","zoomer",,"diziei"
"1085566","zoometric",,"avevubin"
"1085567","zoometrical",,"dozovewoin"
"1085568","zoometrics",,"avevuba"
"1085569","zoometries",,"uvavibi"
"1085570","zoometrist",,"dozoveu"
"1085571","zoometry",,"ovivebin"
"1085572","zoomie",,"avevani"
"1085573","zoomies",,"avevoun"
"1085574","zoomimetic",,"dazaroun"
"1085575","zoomimic",,"uvavepon"
"1085576","zoominar",,"avevofin"
"1085577","zooming",,"dozorat"
"1085578","zoomingly",,"avevofen"
"1085579","zoomland",,"dazaveet"
"1085580","zoomoo",,"avevat"
"1085581","zoomorph",,"dizifaet"
"1085582","zoomorphic",,"dizifaat"
"1085583","zoomorphically",,"dizifacoen"
"1085584","zoomorphies",,"dozofuceo"
"1085585","zoomorphise",,"dozofuceoa"
"1085586","zoomorphised",,"uvavoqatin"
"1085587","zoomorphises",,"dozofuceet"
"1085588","zoomorphising",,"uvavoqati"
"1085589","zoomorphism",,"dezeficaun"
"1085590","zoomorphisms",,"dezeficau"
"1085591","zoomorphize",,"evovuqotot"
"1085592","zoomorphized",,"dizifacoe"
"1085593","zoomorphizes",,"evovuqoto"
"1085594","zoomorphizing",,"dizifacoet"
"1085595","zoomorphological",,"dezeficaan"
"1085596","zoomorphology",,"evovuqotan"
"1085597","zoomorphosed",,"evovuqota"
"1085598","zoomorphosis",,"dazafocuen"
"1085599","zoomorphous",,"duzufecion"
"1085600","zoomorphs",,"dizifai"
"1085601","zoomorphy",,"dazafoat"
"1085602","zoomraid",,"ovivirot"
"1085603","zoomraiding",,"dizicutue"
"1085604","zooms",,"evovie"
"1085605","zoomusicological",,"ivuvowoza"
"1085606","zoomusicologist",,"ivuvowozot"
"1085607","zoomusicology",,"dizibetia"
"1085608","zoomy",,"ivuve"
"1085609","zoomycetophagous",,"dezelupoo"
"1085610","zoomycetophagy",,"dozolapion"
"1085611","zoomyle",,"dizilin"
"1085612","zoomylus",,"diziluo"
"1085613","zoon",,"dizua"
"1085614","zoona",,"duzan"
"1085615","zoonal",,"avezani"
"1085616","zooned",,"uvazeo"
"1085617","zoonerythrin",,"avezuqagan"
"1085618","zooneuston",,"dazevaat"
"1085619","zooneustonic",,"dazevabein"
"1085620","zoonic",,"dizuu"
"1085621","zooning",,"uvazeeta"
"1085622","zoonist",,"avezoea"
"1085623","zoonite",,"uvazeaa"
"1085624","zoonites",,"uvazeben"
"1085625","zoonitic",,"avezobin"
"1085626","zoonomia",,"duzafeu"
"1085627","zoonomias",,"duzafeot"
"1085628","zoonomic",,"dizufaen"
"1085629","zoonomical",,"avezipen"
"1085630","zoonomies",,"dozifue"
"1085631","zoonomist",,"avezipo"
"1085632","zoonomists",,"avezipet"
"1085633","zoonomy",,"dazefen"
"1085634","zoonose",,"duzafan"
"1085635","zoonoses",,"duzafoun"
"1085636","zoonosia",,"dezofuot"
"1085637","zoonosis",,"dazefii"
"1085638","zoonositic",,"ovizawi"
"1085639","zoonosologist",,"dizufejeen"
"1085640","zoonosology",,"ivuzewifet"
"1085641","zoonotic",,"ovizaba"
"1085642","zoonotically",,"ovizabezun"
"1085643","zoons",,"dizuq"
"1085644","zoonule",,"ovizeu"
"1085645","zoonym",,"dizuua"
"1085646","zoop",,"dozaa"
"1085647","zoopagaceous",,"dazinesae"
"1085648","zoopagales",,"avefana"
"1085649","zoopalaeontology",,"dezunosien"
"1085650","zoopaleontology",,"dazinepean"
"1085651","zoopantheon",,"duzonodien"
"1085652","zooparasite",,"dizenasii"
"1085653","zooparasites",,"dizenasiat"
"1085654","zooparasitic",,"duzonesuet"
"1085655","zoopark",,"avefaun"
"1085656","zoopathic",,"dizenoet"
"1085657","zoopathies",,"dozaneu"
"1085658","zoopathogen",,"avefabicon"
"1085659","zoopathogenic",,"avefabicun"
"1085660","zoopathological",,"dezunasoen"
"1085661","zoopathologies",,"ivufibece"
"1085662","zoopathologist",,"dezunasoo"
"1085663","zoopathology",,"evofebucen"
"1085664","zoopathy",,"dazinuet"
"1085665","zooper",,"uvafuo"
"1085666","zooperal",,"dezuviu"
"1085667","zooperies",,"ivufoqun"
"1085668","zooperist",,"dezuvia"
"1085669","zooperists",,"dezuviena"
"1085670","zoopery",,"evofao"
"1085671","zoophaga",,"ivufurun"
"1085672","zoophagan",,"dizenuon"
"1085673","zoophagans",,"dizenuan"
"1085674","zoophagas",,"ivufuru"
"1085675","zoophage",,"evofori"
"1085676","zoophagia",,"ivufurin"
"1085677","zoophagic",,"ovifiret"
"1085678","zoophagies",,"evoforu"
"1085679","zoophagineae",,"dezunorean"
"1085680","zoophagineaes",,"dezunoreun"
"1085681","zoophagist",,"duzonaen"
"1085682","zoophagous",,"ivufura"
"1085683","zoophagus",,"evoforun"
"1085684","zoophagy",,"uvafaret"
"1085685","zoopharmacognosy",,"aveferiho"
"1085686","zoopharmacological",,"dezunowaat"
"1085687","zoopharmacology",,"evoforuhat"
"1085688","zoopharmacy",,"dazinewuun"
"1085689","zoophile",,"dazinii"
"1085690","zoophiles",,"daziniat"
"1085691","zoophilia",,"dozanain"
"1085692","zoophiliac",,"dozanaot"
"1085693","zoophilias",,"dozanaa"
"1085694","zoophilic",,"dezunuet"
"1085695","zoophilies",,"daziniu"
"1085696","zoophilism",,"duzonoon"
"1085697","zoophilisms",,"duzonopuan"
"1085698","zoophilist",,"ivufusen"
"1085699","zoophilists",,"ivufusavon"
"1085700","zoophilite",,"ovifisan"
"1085701","zoophilitic",,"ivufusavona"
"1085702","zoophilous",,"dozanaaa"
"1085703","zoophily",,"dizeneet"
"1085704","zoophism",,"ivufusu"
"1085705","zoophite",,"dezunuot"
"1085706","zoophobe",,"duzoniun"
"1085707","zoophobes",,"duzoniu"
"1085708","zoophobia",,"dezunao"
"1085709","zoophobias",,"dezunaet"
"1085710","zoophobic",,"dazinuan"
"1085711","zoophobous",,"dezunaeta"
"1085712","zoophori",,"dazinuana"
"1085713","zoophoric",,"dazinuat"
"1085714","zoophorous",,"dezunaon"
"1085715","zoophorus",,"duzoniot"
"1085716","zoophoruss",,"duzonio"
"1085717","zoophysical",,"duzonibuen"
"1085718","zoophysicist",,"duzonibui"
"1085719","zoophysics",,"ovifimon"
"1085720","zoophysiological",,"avefemuvon"
"1085721","zoophysiologies",,"dozaneboin"
"1085722","zoophysiologist",,"avefemuvet"
"1085723","zoophysiologists",,"avefemuvi"
"1085724","zoophysiology",,"dazinubaon"
"1085725","zoophyta",,"dazinueta"
"1085726","zoophytal",,"evofomat"
"1085727","zoophytas",,"dazinui"
"1085728","zoophyte",,"dizenoa"
"1085729","zoophytes",,"dizenoen"
"1085730","zoophytic",,"duzoniin"
"1085731","zoophytical",,"evofomevin"
"1085732","zoophyticcer",,"evofomevina"
"1085733","zoophyticcest",,"avefemavi"
"1085734","zoophyticer",,"evofomevu"
"1085735","zoophyticest",,"avefemavon"
"1085736","zoophytish",,"ovifiman"
"1085737","zoophytographer",,"dazinudean"
"1085738","zoophytography",,"avefemacin"
"1085739","zoophytoid",,"ivufumot"
"1085740","zoophytolith",,"ovifimocin"
"1085741","zoophytological",,"dozanediu"
"1085742","zoophytologies",,"uvafamucon"
"1085743","zoophytologist",,"dozanedie"
"1085744","zoophytologists",,"dozanediin"
"1085745","zoophytology",,"ovifimocu"
"1085746","zoophytophagous",,"dezunadoen"
"1085747","zooplankter",,"dozavihuot"
"1085748","zooplankters",,"dozavihuo"
"1085749","zooplanktivore",,"avefarupu"
"1085750","zooplanktivorous",,"oviforepi"
"1085751","zooplanktivory",,"ivufiropun"
"1085752","zooplanktology",,"dizevuhaet"
"1085753","zooplankton",,"dozavihuoa"
"1085754","zooplanktonic",,"dozavihui"
"1085755","zooplanktons",,"dozavihuet"
"1085756","zooplanktophagous",,"oviforepun"
"1085757","zooplasm",,"ovifora"
"1085758","zooplastic",,"dezuvoen"
"1085759","zooplasties",,"dazivebee"
"1085760","zooplasty",,"dizevuen"
"1085761","zoopotentiation",,"ovifabijen"
"1085762","zoopragmatics",,"dizecuroin"
"1085763","zoopraxinoscope",,"dizecumio"
"1085764","zoopraxiscope",,"evoforava"
"1085765","zoopraxographist",,"dozacimiin"
"1085766","zoopraxography",,"ovifirecot"
"1085767","zooprophylactic",,"avefehetin"
"1085768","zooprophylaxis",,"ivufuhutun"
"1085769","zoopsia",,"dizeqot"
"1085770","zoopsychiatry",,"avefomutan"
"1085771","zoopsychological",,"avefomuten"
"1085772","zoopsychologies",,"dozaqevee"
"1085773","zoopsychologist",,"avefomuto"
"1085774","zoopsychology",,"daziquvuen"
"1085775","zooptic",,"uvafoa"
"1085776","zooregion",,"ivujonin"
"1085777","zooremediation",,"uvajipapa"
"1085778","zoorkhaneh",,"evojaru"
"1085779","zoos",,"ivucda"
"1085780","zoosadism",,"duzaniu"
"1085781","zoosadist",,"ivucivun"
"1085782","zoosadistic",,"ivucivodot"
"1085783","zoosanitary",,"dozinatiin"
"1085784","zoosanitation",,"evocefaget"
"1085785","zoosaprophage",,"evocejucen"
"1085786","zoosaprophagous",,"ivucijecu"
"1085787","zoosaprophagy",,"uvacujoca"
"1085788","zooscopic",,"duzasiu"
"1085789","zooscopies",,"dizusoon"
"1085790","zooscopy",,"dezosau"
"1085791","zoosemantic",,"ivucopajot"
"1085792","zoosemantics",,"ivucopajo"
"1085793","zoosemiosis",,"ovicepecat"
"1085794","zoosemiotic",,"duzavetaen"
"1085795","zoosemiotically",,"duzavetau"
"1085796","zoosemiotics",,"duzavetaon"
"1085797","zoosemy",,"oviceea"
"1085798","zoosexual",,"ivucolat"
"1085799","zoosexuality",,"dozivagaot"
"1085800","zoosis",,"ivucon"
"1085801","zoosmosis",,"ivucuhin"
"1085802","zoosociology",,"dizufetuin"
"1085803","zoosophy",,"uvacojet"
"1085804","zoosperm",,"ovicezot"
"1085805","zoospermatic",,"dazehawuu"
"1085806","zoospermia",,"ivucozin"
"1085807","zoospermic",,"ovicezet"
"1085808","zoospermium",,"uvacizohe"
"1085809","zoospermiums",,"uvacizohin"
"1085810","zoosperms",,"ovicezo"
"1085811","zoospgia",,"duzahau"
"1085812","zoosphere",,"dezohiot"
"1085813","zoosporal",,"duzahiin"
"1085814","zoosporange",,"dizuhoweat"
"1085815","zoosporangia",,"dazehuwia"
"1085816","zoosporangial",,"evocahuton"
"1085817","zoosporangiophore",,"ovicehatun"
"1085818","zoosporangium",,"dezohawuin"
"1085819","zoosporangiums",,"dezohawua"
"1085820","zoospore",,"evocahon"
"1085821","zoospores",,"evocahan"
"1085822","zoosporic",,"ovicehen"
"1085823","zoosporicidal",,"evocahuven"
"1085824","zoosporiferous",,"uvacihovet"
"1085825","zoosporocyst",,"dizuhowuun"
"1085826","zoosporogenesis",,"dizuhowuet"
"1085827","zoosporous",,"ivucohot"
"1085828","zoosporulation",,"dozihewuat"
"1085829","zoosteroid",,"dezoweo"
"1085830","zoosterol",,"dazewai"
"1085831","zoosterols",,"dazewaat"
"1085832","zoostorm",,"ivucehun"
"1085833","zoosuccivore",,"ovicetevi"
"1085834","zoosuccivorous",,"uvacitiva"
"1085835","zoosuccivory",,"avecutuvet"
"1085836","zoosyntax",,"dizuleo"
"1085837","zoosystematic",,"ovicawofat"
"1085838","zoosystematics",,"ovicawofe"
"1085839","zoot",,"dazoa"
"1085840","zootaxies",,"aveqalu"
"1085841","zootaxis",,"evoqelon"
"1085842","zootaxonomic",,"dizanejie"
"1085843","zootaxonomist",,"aveqalajun"
"1085844","zootaxonomy",,"dazonijae"
"1085845","zootaxy",,"ivuqiete"
"1085846","zootechnic",,"dozuvae"
"1085847","zootechnical",,"uvaqitoje"
"1085848","zootechnically",,"dozuvasoon"
"1085849","zootechnician",,"ivuqotejon"
"1085850","zootechnics",,"dozuvasoin"
"1085851","zootechnies",,"dezivuseet"
"1085852","zootechnology",,"avequtijun"
"1085853","zootechny",,"duzevoea"
"1085854","zooted",,"evoqina"
"1085855","zooter",,"oviqati"
"1085856","zooterkins",,"deziviet"
"1085857","zoothanasia",,"dezinohuon"
"1085858","zoothanize",,"oviqiret"
"1085859","zoothanized",,"duzenahua"
"1085860","zoothanizes",,"oviqirevi"
"1085861","zoothanizing",,"duzenahuat"
"1085862","zoothapses",,"dozunie"
"1085863","zoothapsis",,"dizanuan"
"1085864","zoothecia",,"ivuquzuna"
"1085865","zoothecial",,"duzenuot"
"1085866","zoothecium",,"uvaqazan"
"1085867","zootheism",,"aveqeza"
"1085868","zootheisms",,"aveqezen"
"1085869","zootheist",,"duzenuin"
"1085870","zootheistic",,"duzenutuen"
"1085871","zootheology",,"dazonajiin"
"1085872","zootherapeutic",,"dazonawia"
"1085873","zootherapeutical",,"oviqizata"
"1085874","zootherapies",,"uvaqazote"
"1085875","zootherapist",,"dozunowao"
"1085876","zootherapy",,"oviqizen"
"1085877","zoothome",,"oviqihaa"
"1085878","zoothomes",,"oviqihena"
"1085879","zootic",,"dazoot"
"1085880","zootie",,"duzeon"
"1085881","zootier",,"oviquu"
"1085882","zootiest",,"evoqizon"
"1085883","zooting",,"evoqii"
"1085884","zootje",,"evoqae"
"1085885","zootoca",,"dizafu"
"1085886","zootocas",,"dizafeot"
"1085887","zootomic",,"dazofoon"
"1085888","zootomical",,"oviqapona"
"1085889","zootomically",,"dazofotaot"
"1085890","zootomies",,"duzefein"
"1085891","zootomist",,"oviqapet"
"1085892","zootomists",,"oviqapi"
"1085893","zootomy",,"dozufon"
"1085894","zootope",,"aveqiat"
"1085895","zootopia",,"oviqaja"
"1085896","zootoponym",,"dizafian"
"1085897","zoototemism",,"uvaqobahe"
"1085898","zootoxic",,"oviqalot"
"1085899","zootoxicological",,"aveqiluzen"
"1085900","zootoxicology",,"dazofitaen"
"1085901","zootoxin",,"dozufaat"
"1085902","zootoxins",,"dozufae"
"1085903","zootrope",,"dizacoa"
"1085904","zootropes",,"dizacoen"
"1085905","zootrophic",,"oviqihi"
"1085906","zootrophies",,"evoqohotot"
"1085907","zootrophotoxism",,"evoqohote"
"1085908","zootrophy",,"uvaqahi"
"1085909","zoots",,"dazoqa"
"1085910","zootsuit",,"evoqidia"
"1085911","zootsuiter",,"dizaqion"
"1085912","zootsuiters",,"dizaqituan"
"1085913","zooty",,"dozul"
"1085914","zootype",,"aveqian"
"1085915","zootypes",,"aveqijun"
"1085916","zootypic",,"evoqujon"
"1085917","zooxanthella",,"evogefetot"
"1085918","zooxanthellae",,"avegafati"
"1085919","zooxanthellal",,"dozinadeet"
"1085920","zooxanthellales",,"dezonudain"
"1085921","zooxanthellan",,"dezonudaun"
"1085922","zooxanthellar",,"duzanodii"
"1085923","zooxanthellate",,"dozinadeeta"
"1085924","zooxanthellated",,"uvagufuta"
"1085925","zooxanthin",,"duzanoo"
"1085926","zooxanthine",,"dizunedoat"
"1085927","zoozoo",,"dezuat"
"1085928","zoozoos",,"dezufe"
"1085929","zoozos",,"duzoona"
"1085930","zoozve",,"ovilan"
"1085931","zoozygospore",,"dazilejain"
"1085932","zopa",,"depae"
"1085933","zope",,"dupo"
"1085934","zoph",,"ivamne"
"1085935","zophah",,"dopoet"
"1085936","zophai",,"uvemoto"
"1085937","zophar",,"dopoen"
"1085938","zophars",,"doponon"
"1085939","zophei",,"ovumea"
"1085940","zopherid",,"ovumeqot"
"1085941","zophim",,"evimetu"
"1085942","zophobas",,"dupufeun"
"1085943","zophophori",,"dopofoo"
"1085944","zophori",,"dipifo"
"1085945","zophorus",,"dopofuat"
"1085946","zopiclone",,"dopisiun"
"1085947","zopie",,"dupav"
"1085948","zopilote",,"dupavie"
"1085949","zopilotes",,"dupaviin"
"1085950","zopissa",,"depoqe"
"1085951","zopolrestat",,"dapovopaun"
"1085952","zoppa",,"avofao"
"1085953","zoppetto",,"uvefibo"
"1085954","zoppo",,"evifuo"
"1085955","zoppot",,"dipeu"
"1085956","zoque",,"aviwue"
"1085957","zoquean",,"defuvat"
"1085958","zoqueans",,"defuvoe"
"1085959","zoques",,"aviwon"
"1085960","zoquete",,"defuvan"
"1085961","zora",,"dahui"
"1085962","zorac",,"dahus"
"1085963","zorah",,"ivomuna"
"1085964","zoraida",,"ivomaeta"
"1085965","zoran",,"avumone"
"1085966","zorana",,"evamote"
"1085967","zoraptera",,"uvimibo"
"1085968","zorapteran",,"duhihiu"
"1085969","zorapterans",,"duhihipiot"
"1085970","zorapteras",,"uvimibet"
"1085971","zorathit",,"ovemara"
"1085972","zoraya",,"dihoat"
"1085973","zorb",,"ovens"
"1085974","zorba",,"ivonit"
"1085975","zorbamycin",,"dihinaet"
"1085976","zorbed",,"dihian"
"1085977","zorber",,"duhuen"
"1085978","zorbing",,"dihira"
"1085979","zorbings",,"dihireen"
"1085980","zorbonaut",,"evanufi"
"1085981","zorbonauts",,"evanufata"
"1085982","zorch",,"overie"
"1085983","zorched",,"dihune"
"1085984","zorches",,"evaroo"
"1085985","zorching",,"dihuneeta"
"1085986","zoreah",,"ovetat"
"1085987","zorgite",,"evaliet"
"1085988","zorgites",,"evalibi"
"1085989","zori",,"duhau"
"1085990","zoria",,"dahene"
"1085991","zorich",,"ovenei"
"1085992","zorid",,"evanut"
"1085993","zoril",,"avunanu"
"1085994","zorilla",,"dohivi"
"1085995","zorillas",,"dohiviat"
"1085996","zorillaskunk",,"uvinuzeda"
"1085997","zorille",,"daheven"
"1085998","zorilles",,"daheveon"
"1085999","zorillinae",,"evanezu"
"1086000","zorillinaes",,"evanezajot"
"1086001","zorillo",,"dihuvo"
"1086002","zorillos",,"dihuvuet"
"1086003","zorils",,"avunate"
"1086004","zorina",,"avunann"
"1086005","zorine",,"ivoneta"
"1086006","zorino",,"evanena"
"1086007","zorinos",,"evanion"
"1086008","zoris",,"duhaqe"
"1086009","zorislav",,"dohiqian"
"1086010","zorite",,"avunis"
"1086011","zorites",,"avuniat"
"1086012","zork",,"dihet"
"1086013","zorkhaneh",,"uvisari"
"1086014","zorkian",,"uviseoa"
"1086015","zorkmid",,"ivosuan"
"1086016","zorkmids",,"ivosusun"
"1086017","zorks",,"diheqa"
"1086018","zorleni",,"duhivat"
"1086019","zorn",,"uvizno"
"1086020","zornhau",,"dohinona"
"1086021","zornia",,"avuzana"
"1086022","zorns",,"uvizeo"
"1086023","zoro",,"dehin"
"1086024","zoroaste",,"ivopiwi"
"1086025","zoroaster",,"dehinuin"
"1086026","zoroasteres",,"dahonidoan"
"1086027","zoroasterid",,"ivopiwifin"
"1086028","zoroasters",,"dehinua"
"1086029","zoroastr",,"dohunai"
"1086030","zoroastra",,"dihaneo"
"1086031","zoroastrains",,"ivopiwiben"
"1086032","zoroastrian",,"ivopiwiba"
"1086033","zoroastrianism",,"evapewebi"
"1086034","zoroastrianisms",,"evapewebat"
"1086035","zoroastrianization",,"dohunadeo"
"1086036","zoroastrianize",,"dehinudae"
"1086037","zoroastrianized",,"ivopiwiban"
"1086038","zoroastrianizes",,"dehinudain"
"1086039","zoroastrianizing",,"ivopiwibaa"
"1086040","zoroastrians",,"ivopiwibena"
"1086041","zoroastric",,"dohunae"
"1086042","zoroastrism",,"dahoniduu"
"1086043","zoroastrisms",,"dahoniduot"
"1086044","zorobabe",,"dohurien"
"1086045","zorobabel",,"ivopuran"
"1086046","zorobabels",,"ivopurun"
"1086047","zorochrus",,"dehisia"
"1086048","zorocratid",,"uvipeqon"
"1086049","zorop",,"avupui"
"1086050","zoropsid",,"dohuhaan"
"1086051","zorotypus",,"dihawoen"
"1086052","zorotypuss",,"dihawoon"
"1086053","zorr",,"ovejta"
"1086054","zorra",,"ivojini"
"1086055","zorrilla",,"avujozin"
"1086056","zorrillo",,"evajizat"
"1086057","zorro",,"uvijoni"
"1086058","zorros",,"uvijin"
"1086059","zorse",,"dihuv"
"1086060","zortman",,"dahozo"
"1086061","zortmans",,"dahozeet"
"1086062","zortzico",,"dohumai"
"1086063","zortziko",,"dehimuot"
"1086064","zorubicin",,"dehurua"
"1086065","zorynsk",,"avukoun"
"1086066","zosema",,"uvutene"
"1086067","zoser",,"dijec"
"1086068","zosers",,"dijeun"
"1086069","zoshi",,"dujur"
"1086070","zosi",,"evento"
"1086071","zosia",,"ovonoo"
"1086072","zosima",,"avanann"
"1086073","zosimus",,"ivinuan"
"1086074","zosimuss",,"ivinudun"
"1086075","zosma",,"avavae"
"1086076","zosmas",,"avaviu"
"1086077","zossen",,"dajein"
"1086078","zoster",,"avaqona"
"1086079","zostera",,"eveqaaa"
"1086080","zosteraceae",,"avaquqoze"
"1086081","zosteraceaes",,"avaquqozin"
"1086082","zosteraceous",,"eveqaqizun"
"1086083","zosterae",,"avaquqan"
"1086084","zosteras",,"eveqaqen"
"1086085","zosteria",,"eveqaqet"
"1086086","zosterias",,"eveqaqi"
"1086087","zosteriform",,"ovoqeqerat"
"1086088","zosteroid",,"dujevee"
"1086089","zosterophorus",,"dijavajain"
"1086090","zosterophyll",,"iviqoqiqet"
"1086091","zosterophyllaceous",,"uvuqiquqat"
"1086092","zosterophyllophyte",,"dajovojoin"
"1086093","zosteropid",,"iviqoqu"
"1086094","zosteropinae",,"eveqaqeqin"
"1086095","zosteropinaes",,"eveqaqeqa"
"1086096","zosterops",,"dejiviot"
"1086097","zosteropss",,"dejivio"
"1086098","zosters",,"avaquana"
"1086099","zosui",,"avawoo"
"1086100","zosuquidar",,"evewedat"
"1086101","zosya",,"uvuku"
"1086102","zotac",,"ducis"
"1086103","zotarolimus",,"docecepoa"
"1086104","zotepine",,"dacihien"
"1086105","zotero",,"ovitata"
"1086106","zotheca",,"evomaaa"
"1086107","zotos",,"dacoqe"
"1086108","zots",,"dicua"
"1086109","zotted",,"decion"
"1086110","zotting",,"decirin"
"1086111","zotye",,"ducev"
"1086112","zotz",,"oviln"
"1086113","zotzed",,"diceana"
"1086114","zotzes",,"evoline"
"1086115","zotzil",,"diceu"
"1086116","zotzile",,"docaret"
"1086117","zotzing",,"dicera"
"1086118","zouave",,"deqaone"
"1086119","zouaves",,"deqadan"
"1086120","zoubek",,"deqeia"
"1086121","zoubekite",,"ovunevot"
"1086122","zouch",,"diqune"
"1086123","zoucheng",,"ivaruzat"
"1086124","zouerate",,"uvetarin"
"1086125","zoug",,"eviln"
"1086126","zouglou",,"diqova"
"1086127","zougs",,"evilia"
"1086128","zouhun",,"ovumee"
"1086129","zouk",,"uveste"
"1086130","zouked",,"daqiu"
"1086131","zoukified",,"uvesemi"
"1086132","zoukifies",,"doqarou"
"1086133","zoukify",,"daqiret"
"1086134","zoukifying",,"evisima"
"1086135","zouking",,"daqiron"
"1086136","zouks",,"uvesene"
"1086137","zoul",,"deqai"
"1086138","zouna",,"deqon"
"1086139","zounds",,"ovuzat"
"1086140","zoundses",,"evizuwen"
"1086141","zourkhaneh",,"ivajorot"
"1086142","zournas",,"uvejeota"
"1086143","zout",,"doqu"
"1086144","zoutpansberg",,"diqahuhiat"
"1086145","zouts",,"doquq"
"1086146","zover",,"uvotatu"
"1086147","zoviraces",,"avinere"
"1086148","zovirax",,"dewocun"
"1086149","zoviraxes",,"daweceet"
"1086150","zowa",,"avumsi"
"1086151","zowee",,"oveteno"
"1086152","zower",,"debuc"
"1086153","zowerswopped",,"avutewico"
"1086154","zowey",,"avutira"
"1086155","zowie",,"ivonoe"
"1086156","zowl",,"dabua"
"1086157","zoxamide",,"evemosen"
"1086158","zoxazolamine",,"ovomehutan"
"1086159","zoya",,"uvamro"
"1086160","zoysia",,"uvacue"
"1086161","zoysiagrass",,"dugarario"
"1086162","zoysias",,"uvaceot"
"1086163","zoziv",,"evinere"
"1086164","zqueta",,"diquona"
"1086165","zquez",,"duqam"
"1086166","zraick",,"dalioa"
"1086167","zraly",,"efutue"
"1086168","zranc",,"ifezas"
"1086169","zrayoub",,"ufokou"
"1086170","zrazy",,"ufoloi"
"1086171","zreg",,"dasee"
"1086172","zrenjanin",,"dosasain"
"1086173","zres",,"dusoo"
"1086174","zrich",,"afares"
"1086175","zrichs",,"afaran"
"1086176","zrike",,"dimiva"
"1086177","zrinislav",,"afazowa"
"1086178","zrinko",,"ifizino"
"1086179","zrinoslav",,"ofozawen"
"1086180","zrinski",,"efezii"
"1086181","zrinyi",,"ufuzot"
"1086182","zrmanja",,"dotipan"
"1086183","zrmsma",,"dotaon"
"1086184","zroupoid",,"duzuhain"
"1086185","zruty",,"afoqia"
"1086186","zrzutka",,"dakawen"
"1086187","zsazsa",,"duliea"
"1086188","zscaler",,"ihimien"
"1086189","zsigmondy",,"uhulahi"
"1086190","zsigmondys",,"uhulahat"
"1086191","zsolt",,"uhatoe"
"1086192","zsolway",,"dozogu"
"1086193","zspace",,"dopoan"
"1086194","zsuzsanna",,"diqoqaun"
"1086195","ztakhm",,"ojase"
"1086196","ztakpe",,"ujosea"
"1086197","ztapscm",,"ujofein"
"1086198","ztemcw",,"deseon"
"1086199","ztemnm",,"ejiva"
"1086200","ztestpri",,"ujecojo"
"1086201","ztgbdrsm",,"ijeneqan"
"1086202","ztgdrs",,"dokuo"
"1086203","ztgdrsmy",,"dokucai"
"1086204","ztgdrsp",,"ejusoen"
"1086205","ztgjpdrys",,"dakohui"
"1086206","ztgmdrs",,"dakato"
"1086207","ztgpdrys",,"ijefeqan"
"1086208","ztgpmdrys",,"ejufovan"
"1086209","ztgsmdryp",,"ejucovan"
"1086210","ztgspdry",,"ijecovan"
"1086211","zticram",,"ijiruon"
"1086212","zties",,"damiqa"
"1086213","ztiew",,"dimeg"
"1086214","ztifg",,"ejeke"
"1086215","ztifnhoj",,"domapuu"
"1086216","ztisa",,"domina"
"1086217","ztiwotil",,"dumufiu"
"1086218","ztiwsku",,"domoqon"
"1086219","ztlosar",,"disaqin"
"1086220","ztluhcsd",,"ejuwotet"
"1086221","ztmrsyp",,"ditiqin"
"1086222","ztnarfdg",,"dovecoan"
"1086223","ztnedlj",,"davita"
"1086224","ztnelac",,"dovavo"
"1086225","ztopek",,"ajefi"
"1086226","ztopeks",,"ajefuat"
"1086227","zuan",,"dalao"
"1086228","zuar",,"diloi"
"1086229","zuara",,"dulin"
"1086230","zubaida",,"acumoon"
"1086231","zubair",,"acumona"
"1086232","zubaira",,"ecamiaa"
"1086233","zubanah",,"domapat"
"1086234","zubarevich",,"icomuzuna"
"1086235","zubatov",,"dimewo"
"1086236","zubatovshchina",,"ucimoheda"
"1086237","zubenelgenubi",,"dimapopaa"
"1086238","zubeneschamali",,"icotazozet"
"1086239","zuber",,"icotune"
"1086240","zuberoan",,"domucaun"
"1086241","zubia",,"dimin"
"1086242","zubiate",,"iconien"
"1086243","zubiaur",,"ucinuina"
"1086244","zubird",,"domoia"
"1086245","zubirdes",,"demecua"
"1086246","zubirds",,"domocat"
"1086247","zubkoff",,"demifet"
"1086248","zublionis",,"damiriot"
"1086249","zuboff",,"domiuna"
"1086250","zuboffian",,"ocepemet"
"1086251","zubr",,"ucijne"
"1086252","zubron",,"domean"
"1086253","zubrowka",,"ucijoka"
"1086254","zubuneri",,"dimapoon"
"1086255","zucapsaicin",,"ucumiwevan"
"1086256","zucc",,"icirt"
"1086257","zucca",,"ucurue"
"1086258","zuccari",,"dinino"
"1086259","zuccarino",,"ucuruqen"
"1086260","zuccaris",,"dininuet"
"1086261","zuccaro",,"dananet"
"1086262","zuccaros",,"dananei"
"1086263","zucced",,"danaot"
"1086264","zucchero",,"acarezat"
"1086265","zuccheros",,"acareze"
"1086266","zucchetta",,"denenao"
"1086267","zucchetti",,"dananuun"
"1086268","zucchetto",,"dononeu"
"1086269","zucchettos",,"dononeot"
"1086270","zucchina",,"ocorisin"
"1086271","zucchini",,"ecerosi"
"1086272","zucchinilike",,"denenihaa"
"1086273","zucchinis",,"ecerosat"
"1086274","zucchino",,"icirusat"
"1086275","zuccing",,"danaran"
"1086276","zucco",,"acarii"
"1086277","zuccotti",,"ucuroba"
"1086278","zuccottis",,"ucuroben"
"1086279","zuccotto",,"eceruben"
"1086280","zuccs",,"icirai"
"1086281","zuche",,"denava"
"1086282","zucher",,"icimoa"
"1086283","zuchetta",,"denavua"
"1086284","zuchettas",,"denavuen"
"1086285","zuchetto",,"donevae"
"1086286","zuchettos",,"donevain"
"1086287","zuchon",,"icimete"
"1086288","zuchongz",,"dunifeo"
"1086289","zuchowski",,"denafoan"
"1086290","zuck",,"ocoss"
"1086291","zucker",,"danoen"
"1086292","zuckerberg",,"denivoon"
"1086293","zuckerbergian",,"ecesaqufot"
"1086294","zuckerberging",,"ecesaqufo"
"1086295","zuckerbergs",,"denivotoan"
"1086296","zuckerbucks",,"acasuqikot"
"1086297","zuckergussleber",,"ucusiqekot"
"1086298","zuckerkandl",,"ocoseqitet"
"1086299","zuckerma",,"dunevain"
"1086300","zuckerman",,"icisoqat"
"1086301","zuckermann",,"dunevaet"
"1086302","zuclomifene",,"donafition"
"1086303","zuclopenthixol",,"dinefopoan"
"1086304","zuclopentixole",,"icitejuji"
"1086305","zuczek",,"denie"
"1086306","zudda",,"icusii"
"1086307","zuehlke",,"ucemuot"
"1086308","zuercher",,"desasoa"
"1086309","zufall",,"deguaa"
"1086310","zufelt",,"dagoon"
"1086311","zuffa",,"ocukoi"
"1086312","zuffoli",,"dagofu"
"1086313","zuffolo",,"dogufot"
"1086314","zufoli",,"acopuna"
"1086315","zufolo",,"ocupuu"
"1086316","zugdidi",,"icesai"
"1086317","zugf",,"dukei"
"1086318","zugshunstite",,"ucocadidin"
"1086319","zugspitze",,"dukuheen"
"1086320","zugtierlast",,"ocaquzafi"
"1086321","zugtierlaster",,"dakeruwoon"
"1086322","zugtrompete",,"icequheqot"
"1086323","zugunruhe",,"dikapuun"
"1086324","zugunruhes",,"dikapuu"
"1086325","zugzwang",,"icelurat"
"1086326","zugzwanged",,"dakogau"
"1086327","zugzwanging",,"dakogahoon"
"1086328","zugzwangs",,"icelure"
"1086329","zuhair",,"acumana"
"1086330","zuhayr",,"ocemata"
"1086331","zuhlke",,"acutane"
"1086332","zuhr",,"ucijni"
"1086333","zuhres",,"icojen"
"1086334","zuhua",,"dolunn"
"1086335","zuian",,"damip"
"1086336","zuians",,"damiona"
"1086337","zuid",,"demona"
"1086338","zuidema",,"dumavee"
"1086339","zuider",,"ocosana"
"1086340","zuidholland",,"acasehofet"
"1086341","zuidhollands",,"acasehofi"
"1086342","zuidplas",,"domihou"
"1086343","zuigerphobia",,"uculiqatin"
"1086344","zuihitsu",,"ocomubo"
"1086345","zuinglian",,"domomoet"
"1086346","zuinglianism",,"damamatoun"
"1086347","zuinglius",,"ucuzuzat"
"1086348","zuis",,"icicri"
"1086349","zuisin",,"dumuina"
"1086350","zuism",,"ececoe"
"1086351","zuist",,"demewa"
"1086352","zuit",,"demone"
"1086353","zuke",,"ecitnu"
"1086354","zuker",,"daroca"
"1086355","zukerberg",,"dericoet"
"1086356","zukerman",,"icatupan"
"1086357","zukermann",,"durecaen"
"1086358","zukermans",,"icatupun"
"1086359","zukor",,"diruca"
"1086360","zukors",,"diruen"
"1086361","zukowski",,"ecipowan"
"1086362","zuksun",,"doroat"
"1086363","zuktamrurite",,"ucequpoke"
"1086364","zulauf",,"icemete"
"1086365","zulbia",,"icenen"
"1086366","zulbiya",,"acinoan"
"1086367","zulch",,"ocaria"
"1086368","zule",,"dusete"
"1086369","zuleger",,"ecuteoa"
"1086370","zuleica",,"dasorona"
"1086371","zuleika",,"duserina"
"1086372","zuleikha",,"ecutivi"
"1086373","zulema",,"disaaa"
"1086374","zuleta",,"ecutini"
"1086375","zulfiquar",,"disariea"
"1086376","zulgo",,"disefe"
"1086377","zulhijjah",,"desarue"
"1086378","zulhijjahs",,"desaruin"
"1086379","zulia",,"deseni"
"1086380","zulinde",,"desepa"
"1086381","zulindes",,"desepuen"
"1086382","zulkadah",,"desinuen"
"1086383","zulkadahs",,"desinuon"
"1086384","zull",,"acitna"
"1086385","zullinger",,"icetafin"
"1086386","zullingers",,"icetafa"
"1086387","zullner",,"ocatuua"
"1086388","zullners",,"ocatuzot"
"1086389","zullo",,"ocatana"
"1086390","zulm",,"disonu"
"1086391","zuloaga",,"dasenan"
"1086392","zuloagas",,"dasenaun"
"1086393","zulqarnayn",,"ocahoqen"
"1086394","zultanite",,"iceqifun"
"1086395","zulu",,"duseti"
"1086396","zuluaga",,"dosunun"
"1086397","zuludom",,"aciwiat"
"1086398","zuludoms",,"aciwihe"
"1086399","zulueta",,"aciwui"
"1086400","zuluise",,"disaret"
"1086401","zuluised",,"ucowewaa"
"1086402","zuluises",,"disarai"
"1086403","zuluising",,"ucowewat"
"1086404","zuluization",,"ocawunugan"
"1086405","zuluize",,"ecuwio"
"1086406","zuluized",,"duseriin"
"1086407","zuluizes",,"ecuwinet"
"1086408","zuluizing",,"duserii"
"1086409","zululand",,"ocaworin"
"1086410","zululander",,"dasovau"
"1086411","zuluness",,"ocawuzin"
"1086412","zulus",,"dusequ"
"1086413","zuma",,"ocemri"
"1086414","zumab",,"detur"
"1086415","zumarraga",,"ecamoqi"
"1086416","zumat",,"datiw"
"1086417","zumatic",,"datiwi"
"1086418","zumaya",,"acumete"
"1086419","zumba",,"detan"
"1086420","zumbador",,"ditoneet"
"1086421","zumbi",,"datur"
"1086422","zumbooruck",,"ucinohi"
"1086423","zumboorucks",,"ucinohokat"
"1086424","zumbooruk",,"ucinohon"
"1086425","zumbooruks",,"ucinohan"
"1086426","zumbro",,"ucinui"
"1086427","zumbrota",,"ditoceon"
"1086428","zumeendar",,"detivio"
"1086429","zumel",,"dotuv"
"1086430","zumi",,"ecante"
"1086431","zummat",,"ditoo"
"1086432","zummet",,"detaina"
"1086433","zummit",,"doteuna"
"1086434","zummo",,"ecavu"
"1086435","zummut",,"detaota"
"1086436","zumo",,"icopne"
"1086437","zumology",,"dateviua"
"1086438","zumot",,"detow"
"1086439","zumrunnen",,"ocejefo"
"1086440","zumstein",,"ocecazot"
"1086441","zumsteins",,"ocecazo"
"1086442","zumwalt",,"icodion"
"1086443","zunana",,"acamon"
"1086444","zundavastaw",,"ucusugedet"
"1086445","zundel",,"devou"
"1086446","zundert",,"ucusiua"
"1086447","zungaria",,"uculuqen"
"1086448","zungarias",,"uculuqon"
"1086449","zungharia",,"divenie"
"1086450","zungharian",,"ocoliri"
"1086451","zuni",,"duvuna"
"1086452","zunian",,"ucunino"
"1086453","zunians",,"ucunuaa"
"1086454","zuniceratops",,"ucunezotun"
"1086455","zuniga",,"deveaa"
"1086456","zunis",,"duvuqe"
"1086457","zunker",,"ucusue"
"1086458","zunna",,"ucuzu"
"1086459","zuno",,"devon"
"1086460","zunyi",,"devora"
"1086461","zunyite",,"ecekio"
"1086462","zunzuncito",,"acalufa"
"1086463","zuojhen",,"dazenat"
"1086464","zuoquan",,"dozabun"
"1086465","zuoying",,"duzara"
"1086466","zuoyun",,"doziana"
"1086467","zuozhen",,"dozunun"
"1086468","zupa",,"dupoa"
"1086469","zupan",,"icamas"
"1086470","zupanate",,"depupea"
"1086471","zupancic",,"icamati"
"1086472","zupans",,"icamena"
"1086473","zupas",,"dupoq"
"1086474","zuph",,"acoms"
"1086475","zupic",,"dipis"
"1086476","zupo",,"dapea"
"1086477","zuppa",,"ocufoo"
"1086478","zuppinger",,"ucefefi"
"1086479","zupus",,"dopuqa"
"1086480","zupuss",,"dopuan"
"1086481","zuranato",,"dihepion"
"1086482","zuranolone",,"ecamihun"
"1086483","zuravel",,"duhode"
"1086484","zurawski",,"dahigoun"
"1086485","zurayq",,"dehuua"
"1086486","zurbar",,"duhiat"
"1086487","zurbaran",,"ucinuqot"
"1086488","zurbarans",,"ucinuqo"
"1086489","zurbarcn",,"iconiqon"
"1086490","zurbarcns",,"iconiqan"
"1086491","zurbars",,"duhine"
"1086492","zurbiyan",,"dihoreon"
"1086493","zurbuchen",,"acunute"
"1086494","zurcher",,"dohonat"
"1086495","zurchol",,"dihinon"
"1086496","zureiq",,"dohuane"
"1086497","zurek",,"dahota"
"1086498","zurf",,"acuks"
"1086499","zurfs",,"acukoa"
"1086500","zurheide",,"dahuvoane"
"1086501","zuri",,"dohos"
"1086502","zurich",,"ucinina"
"1086503","zuricher",,"dohosiu"
"1086504","zuriches",,"iconarana"
"1086505","zurichs",,"ucineaa"
"1086506","zuriel",,"ecanae"
"1086507","zurishad",,"dihiqui"
"1086508","zurita",,"ucinuo"
"1086509","zurkhaneh",,"ecasorat"
"1086510","zurkow",,"dehiot"
"1086511","zurla",,"icotit"
"1086512","zurlite",,"duhorini"
"1086513","zurma",,"dehano"
"1086514","zurn",,"ecazs"
"1086515","zurna",,"ocezoa"
"1086516","zurong",,"ucipot"
"1086517","zurracapote",,"icojitaqe"
"1086518","zurucker",,"ecawiven"
"1086519","zurvan",,"duhouni"
"1086520","zurvanism",,"dohanua"
"1086521","zurvanisms",,"dohanuen"
"1086522","zurvanite",,"ucibufen"
"1086523","zurvans",,"duhonu"
"1086524","zusammenst",,"ecemopat"
"1086525","zushi",,"dojer"
"1086526","zushta",,"ucumus"
"1086527","zuska",,"icisio"
"1086528","zuskas",,"icisene"
"1086529","zusman",,"dijoo"
"1086530","zussman",,"dijizet"
"1086531","zussmanite",,"icicuru"
"1086532","zustand",,"dujanea"
"1086533","zutara",,"acemeta"
"1086534","zutho",,"acemie"
"1086535","zutphen",,"ecofoen"
"1086536","zutugil",,"ecoweon"
"1086537","zutugils",,"ecowesan"
"1086538","zutuhil",,"ducena"
"1086539","zuuian",,"duquee"
"1086540","zuuians",,"duqunin"
"1086541","zuuis",,"ocunuo"
"1086542","zuunmod",,"ucezaot"
"1086543","zuurveld",,"icajizon"
"1086544","zuurveldt",,"deqadaen"
"1086545","zuwarah",,"ucimain"
"1086546","zuyder",,"ucasate"
"1086547","zuyevo",,"digaote"
"1086548","zuz",,"dik"
"1086549","zuza",,"duko"
"1086550","zuzana",,"ucemuni"
"1086551","zuzes",,"dokuqa"
"1086552","zuzim",,"dekez"
"1086553","zuzims",,"dekeota"
"1086554","zuzite",,"icanos"
"1086555","zuzzes",,"acolena"
"1086556","zvad",,"iqese"
"1086557","zvanets",,"dulivoa"
"1086558","zvanivka",,"duliriia"
"1086559","zveno",,"eqizu"
"1086560","zvenyhorodka",,"dasulajoat"
"1086561","zverdara",,"uqejoru"
"1086562","zverev",,"dusoin"
"1086563","zverina",,"dasiru"
"1086564","zvezda",,"disuen"
"1086565","zvezdograd",,"desotiun"
"1086566","zviahel",,"deminan"
"1086567","zvishavane",,"aqacerot"
"1086568","zvonimir",,"dazuraet"
"1086569","zvori",,"aqejoa"
"1086570","zvyaginite",,"dogumiat"
"1086571","zvyagintsevite",,"dugemahiet"
"1086572","zwaluwe",,"dilubin"
"1086573","zwanziger",,"dilemion"
"1086574","zwanzigers",,"dilemian"
"1086575","zwart",,"iwejei"
"1086576","zwartbles",,"ewujuset"
"1086577","zwarte",,"owaji"
"1086578","zwartewaterland",,"doluwuloet"
"1086579","zwastika",,"dilewien"
"1086580","zwavejs",,"awibuia"
"1086581","zwebrckn",,"dusecuun"
"1086582","zweckrational",,"aworuqogi"
"1086583","zweckrationalit",,"dasitusian"
"1086584","zweckrationality",,"dosatesau"
"1086585","zwee",,"awota"
"1086586","zwei",,"ewina"
"1086587","zweibein",,"iwanuzi"
"1086588","zweibel",,"uwenaua"
"1086589","zweibr",,"owunan"
"1086590","zweibrck",,"ewinoqen"
"1086591","zweibruc",,"ewinoqo"
"1086592","zweifach",,"uweniro"
"1086593","zweig",,"owuno"
"1086594","zweigart",,"iwaniran"
"1086595","zweigelt",,"uwenuzo"
"1086596","zweigian",,"desumeo"
"1086597","zweigs",,"owunun"
"1086598","zweih",,"dosana"
"1086599","zweihander",,"uwenaret"
"1086600","zweikanter",,"disetei"
"1086601","zweil",,"dasivi"
"1086602","zweisimmen",,"dusoquen"
"1086603","zwergpinscher",,"dosumutui"
"1086604","zwergspitz",,"awojawa"
"1086605","zwetana",,"awoqaon"
"1086606","zwetschge",,"ewiqiton"
"1086607","zwettl",,"dusii"
"1086608","zweym",,"ewiko"
"1086609","zwick",,"ewera"
"1086610","zwickau",,"ewerao"
"1086611","zwicker",,"demutu"
"1086612","zwickm",,"uwurin"
"1086613","zwicky",,"iwiren"
"1086614","zwickys",,"iwiroon"
"1086615","zwide",,"demava"
"1086616","zwieback",,"domorai"
"1086617","zwiebacks",,"domoraat"
"1086618","zwiebel",,"uwutau"
"1086619","zwiebelane",,"domoruun"
"1086620","zwiebelsuppe",,"awatezodo"
"1086621","zwieselite",,"owotuzoa"
"1086622","zwijndrecht",,"iwiravefot"
"1086623","zwilling",,"dimuviat"
"1086624","zwinger",,"awazaun"
"1086625","zwingle",,"iwizian"
"1086626","zwingles",,"iwizizun"
"1086627","zwingli",,"uwuzuet"
"1086628","zwinglian",,"dimemeun"
"1086629","zwinglianism",,"demumutea"
"1086630","zwinglianisms",,"demumuteen"
"1086631","zwinglianist",,"owozozetin"
"1086632","zwinglianists",,"owozozeta"
"1086633","zwinglians",,"dimemeu"
"1086634","zwingliism",,"owozozun"
"1086635","zwinglis",,"uwuzuzi"
"1086636","zwischengoldglas",,"demusapii"
"1086637","zwischenschach",,"ewecirojen"
"1086638","zwischenzug",,"demusapian"
"1086639","zwischenzugs",,"demusapiun"
"1086640","zwiterrion",,"eweqaqe"
"1086641","zwitter",,"demawu"
"1086642","zwittergent",,"dimowawiun"
"1086643","zwitterion",,"awaqizo"
"1086644","zwitterionic",,"awaqizivi"
"1086645","zwitterionization",,"domewuwuen"
"1086646","zwitterionomer",,"damuwowoi"
"1086647","zwitterions",,"awaqizivet"
"1086648","zwittermicin",,"ewequzuha"
"1086649","zwnbsp",,"dovueta"
"1086650","zwnj",,"uwur"
"1086651","zwodder",,"dizotu"
"1086652","zwole",,"doziv"
"1086653","zwolinski",,"uwatefat"
"1086654","zwoll",,"ewote"
"1086655","zwolle",,"awetia"
"1086656","zworykin",,"iwujevun"
"1086657","zworykins",,"iwujevu"
"1086658","zyarat",,"ideja"
"1086659","zyban",,"adumoi"
"1086660","zybans",,"adumet"
"1086661","zybavirus",,"dimodea"
"1086662","zybyne",,"aduken"
"1086663","zych",,"dunu"
"1086664","zydeco",,"duroae"
"1086665","zydecos",,"durosen"
"1086666","zyflo",,"idatee"
"1086667","zyflos",,"idaton"
"1086668","zyga",,"idemt"
"1086669","zygacine",,"dokesaon"
"1086670","zygadene",,"idemezet"
"1086671","zygadenin",,"dukitue"
"1086672","zygadenine",,"dikotien"
"1086673","zygadenus",,"idemezan"
"1086674","zygadenuss",,"idemezun"
"1086675","zygadite",,"edumusen"
"1086676","zygaena",,"dikove"
"1086677","zygaenas",,"dikovein"
"1086678","zygaenid",,"udomifa"
"1086679","zygaenidae",,"udomifen"
"1086680","zygaenidaes",,"udomifipon"
"1086681","zygaenine",,"edumafi"
"1086682","zygaenoid",,"edumafia"
"1086683","zygal",,"dukiva"
"1086684","zygantra",,"dukipiat"
"1086685","zygantral",,"adimobin"
"1086686","zygantrum",,"dakupui"
"1086687","zygapophyseal",,"udomihatin"
"1086688","zygapophyses",,"dokehecea"
"1086689","zygapophysial",,"adimuhetun"
"1086690","zygapophysis",,"dikohocou"
"1086691","zygenid",,"idetaon"
"1086692","zygentoman",,"dukopiot"
"1086693","zygii",,"odanui"
"1086694","zygion",,"dukaana"
"1086695","zygite",,"dikue"
"1086696","zygmunt",,"eduvaet"
"1086697","zygnema",,"dakeva"
"1086698","zygnemaceae",,"dukavesue"
"1086699","zygnemaceaes",,"dukavesuin"
"1086700","zygnemaceous",,"dakevosaun"
"1086701","zygnemae",,"dukavean"
"1086702","zygnemales",,"adizupot"
"1086703","zygnemaleses",,"udozipefat"
"1086704","zygnemaless",,"adizupofo"
"1086705","zygnemalesses",,"udozipefe"
"1086706","zygnemas",,"dakevoen"
"1086707","zygnemata",,"idezopat"
"1086708","zygnemataceae",,"odazepuget"
"1086709","zygnemataceaes",,"odazepugi"
"1086710","zygnematacean",,"dikuvasuan"
"1086711","zygnemataceous",,"idezopagen"
"1086712","zygnematales",,"dikuvasuana"
"1086713","zygnemataleses",,"dokivusio"
"1086714","zygnemataless",,"dikuvasuun"
"1086715","zygnematalesses",,"dokivusiet"
"1086716","zygnematophycean",,"dikuvasuo"
"1086717","zygnematophyte",,"dukavesaan"
"1086718","zygnomic",,"dokifuat"
"1086719","zygo",,"udops"
"1086720","zygoapophyseal",,"edupejeqet"
"1086721","zygoapophysial",,"odapojoqa"
"1086722","zygobolbid",,"adipehaa"
"1086723","zygobranch",,"udopaqi"
"1086724","zygobranches",,"idepuqaja"
"1086725","zygobranchia",,"adipeqojon"
"1086726","zygobranchias",,"adipeqojan"
"1086727","zygobranchiata",,"dikarasiin"
"1086728","zygobranchiatas",,"dikarasia"
"1086729","zygobranchiate",,"dekiriseun"
"1086730","zygobranchiates",,"dekiriseu"
"1086731","zygobranchous",,"adipeqojana"
"1086732","zygobranchs",,"udopaqejat"
"1086733","zygocacti",,"dokusian"
"1086734","zygocactus",,"dekisoot"
"1086735","zygocactuses",,"dakoseveat"
"1086736","zygocactuss",,"dekisovoo"
"1086737","zygocactusses",,"dakosevee"
"1086738","zygocardiac",,"edupirupat"
"1086739","zygocondyle",,"dakosuheat"
"1086740","zygodactyl",,"dokutiat"
"1086741","zygodactylae",,"dokutivie"
"1086742","zygodactylaes",,"dokutiviin"
"1086743","zygodactyle",,"dekitovoa"
"1086744","zygodactyler",,"udoporigan"
"1086745","zygodactylest",,"ideperoga"
"1086746","zygodactyli",,"dokutiviu"
"1086747","zygodactylic",,"dokutiviina"
"1086748","zygodactylis",,"dokutiviot"
"1086749","zygodactylism",,"dakoteveot"
"1086750","zygodactylisms",,"dakoteveo"
"1086751","zygodactylous",,"dikatuvuun"
"1086752","zygodactyls",,"dokutiviea"
"1086753","zygodactyly",,"duketavain"
"1086754","zygodont",,"dakotuet"
"1086755","zygofabagine",,"dikalutee"
"1086756","zygoflower",,"dekiloet"
"1086757","zygogeneses",,"dokumohuu"
"1086758","zygogenesis",,"dikamihaat"
"1086759","zygogenetic",,"adipazufen"
"1086760","zygoid",,"dekiat"
"1086761","zygokrotaphic",,"idepoqigan"
"1086762","zygokrotaphy",,"adipuqagan"
"1086763","zygolabialis",,"dekivoteat"
"1086764","zygolith",,"dakovian"
"1086765","zygolobous",,"edupehe"
"1086766","zygology",,"dakovui"
"1086767","zygoma",,"idepeta"
"1086768","zygomancy",,"dakozeon"
"1086769","zygomas",,"idepui"
"1086770","zygomasseteric",,"eduporado"
"1086771","zygomata",,"dekizou"
"1086772","zygomatic",,"dakozei"
"1086773","zygomatically",,"dakozedaa"
"1086774","zygomatico",,"dokuziu"
"1086775","zygomaticoalveolar",,"dekizodeon"
"1086776","zygomaticoauricular",,"udoparuvu"
"1086777","zygomaticoauricularis",,"udoparuven"
"1086778","zygomaticofacial",,"dukezaduot"
"1086779","zygomaticofrontal",,"adiperavon"
"1086780","zygomaticomalar",,"dekizodeot"
"1086781","zygomaticomandibular",,"adiperavat"
"1086782","zygomaticomandibularis",,"adiperavot"
"1086783","zygomaticomaxillary",,"dukezadui"
"1086784","zygomaticoorbital",,"dukezaduo"
"1086785","zygomaticosphenoid",,"dokuzidoo"
"1086786","zygomaticotemporal",,"dokuzidoa"
"1086787","zygomaticotemporalis",,"dokuzidoi"
"1086788","zygomatics",,"dakozeat"
"1086789","zygomaticum",,"dokuzidoot"
"1086790","zygomaticus",,"dukezaduoa"
"1086791","zygomaturine",,"dekizodian"
"1086792","zygomaxillare",,"idepurovon"
"1086793","zygomaxillary",,"eduporaven"
"1086794","zygomectomy",,"dakozaveun"
"1086795","zygometrid",,"dikazion"
"1086796","zygomorph",,"dukezia"
"1086797","zygomorphic",,"dukeziweon"
"1086798","zygomorphically",,"dukeziweot"
"1086799","zygomorphies",,"dikazowain"
"1086800","zygomorphism",,"dokuzewui"
"1086801","zygomorphisms",,"dokuzewuat"
"1086802","zygomorphous",,"dakozuwoo"
"1086803","zygomorphy",,"dekizaon"
"1086804","zygomycete",,"dukezie"
"1086805","zygomycetes",,"dukezivein"
"1086806","zygomyceteses",,"dikazovaan"
"1086807","zygomycetess",,"dukezivea"
"1086808","zygomycetesses",,"dikazovaun"
"1086809","zygomycetous",,"dekizavion"
"1086810","zygomycosis",,"edupomacin"
"1086811","zygomycota",,"dukeziin"
"1086812","zygomycotae",,"dikazovuon"
"1086813","zygomycotan",,"udopamicat"
"1086814","zygomycotas",,"dukezivaa"
"1086815","zygomycotic",,"dikazovuan"
"1086816","zygomycotina",,"udopamicu"
"1086817","zygomycotinas",,"udopamicot"
"1086818","zygon",,"dukep"
"1086819","zygonema",,"dokupoi"
"1086820","zygoneure",,"udopezen"
"1086821","zygoneurous",,"edupizobu"
"1086822","zygoneury",,"odapuza"
"1086823","zygonic",,"dukepat"
"1086824","zygons",,"dukeia"
"1086825","zygopetalum",,"dikahidean"
"1086826","zygophore",,"dakohoan"
"1086827","zygophoric",,"dekihion"
"1086828","zygophyceae",,"odaperozen"
"1086829","zygophyceaes",,"odaperozon"
"1086830","zygophyceous",,"ideporizo"
"1086831","zygophylla",,"eduparu"
"1086832","zygophyllaceae",,"adipurafan"
"1086833","zygophyllaceaes",,"adipurafun"
"1086834","zygophyllaceous",,"eduparefi"
"1086835","zygophyllum",,"odaperofun"
"1086836","zygophyte",,"dukeheu"
"1086837","zygophytes",,"dukeheot"
"1086838","zygophytic",,"dakohoun"
"1086839","zygopleural",,"odapeziki"
"1086840","zygopleurid",,"odapezikia"
"1086841","zygopod",,"odapeu"
"1086842","zygopodial",,"dukehia"
"1086843","zygopodium",,"udopihat"
"1086844","zygopophyses",,"dikahocoe"
"1086845","zygopophysis",,"dukehician"
"1086846","zygoptera",,"dikahoo"
"1086847","zygopteraceae",,"dokuhepeu"
"1086848","zygopteraceaes",,"dokuhepeot"
"1086849","zygopterae",,"dokuheat"
"1086850","zygopteran",,"idepobu"
"1086851","zygopteras",,"dikahoet"
"1086852","zygopterid",,"udopibi"
"1086853","zygopterides",,"idepobuba"
"1086854","zygopteridess",,"idepobuben"
"1086855","zygopteris",,"dokuheu"
"1086856","zygopteriss",,"dokuhepeota"
"1086857","zygopteron",,"udopiban"
"1086858","zygopterous",,"dikahopoan"
"1086859","zygorhiza",,"dakocoan"
"1086860","zygosaccharomyces",,"ideparozun"
"1086861","zygosaccharomycess",,"ideparozu"
"1086862","zygose",,"idepen"
"1086863","zygoses",,"idepaon"
"1086864","zygosis",,"udopeo"
"1086865","zygosities",,"dakoqiun"
"1086866","zygosity",,"dikaqeo"
"1086867","zygosperm",,"idepaje"
"1086868","zygosperms",,"idepajin"
"1086869","zygosphenal",,"odapujafan"
"1086870","zygosphene",,"dukequot"
"1086871","zygosphenes",,"dukequseo"
"1086872","zygosphere",,"dokuqoe"
"1086873","zygospondylous",,"edupijejon"
"1086874","zygosporamide",,"dikaqijou"
"1086875","zygosporange",,"dukequjion"
"1086876","zygosporangial",,"odapujobo"
"1086877","zygosporangium",,"dokuqojeun"
"1086878","zygospore",,"odapujo"
"1086879","zygospores",,"odapujet"
"1086880","zygosporic",,"idepajot"
"1086881","zygosporophore",,"dekiqejaot"
"1086882","zygostyle",,"idepabun"
"1086883","zygosynapophyseal",,"dikaqohei"
"1086884","zygotactic",,"udoporon"
"1086885","zygotal",,"idepei"
"1086886","zygotaxis",,"odaparoa"
"1086887","zygote",,"dakoin"
"1086888","zygotelike",,"udopozan"
"1086889","zygotene",,"udopoza"
"1086890","zygotenes",,"udopozen"
"1086891","zygotenic",,"adipizin"
"1086892","zygotes",,"dakowa"
"1086893","zygotic",,"dekiwe"
"1086894","zygotically",,"dekiwuvuon"
"1086895","zygoticcer",,"idepese"
"1086896","zygoticcest",,"odapasezet"
"1086897","zygoticer",,"idepesun"
"1086898","zygoticest",,"odapasen"
"1086899","zygotoblast",,"adipihifen"
"1086900","zygotoid",,"adipihu"
"1086901","zygotomere",,"odapahen"
"1086902","zygotospore",,"dekiwabion"
"1086903","zygous",,"idepete"
"1086904","zygozoospore",,"dakomujain"
"1086905","zykaite",,"doreren"
"1086906","zyklon",,"idatona"
"1086907","zyla",,"disota"
"1086908","zylofuramine",,"idepodetet"
"1086909","zylon",,"udopei"
"1086910","zylonite",,"dasopiet"
"1086911","zylonites",,"dasopii"
"1086912","zylophone",,"odaperen"
"1086913","zyloprim",,"duseheu"
"1086914","zyloprims",,"duseheot"
"1086915","zylstra",,"disuwu"
"1086916","zymad",,"dotet"
"1086917","zymase",,"udimun"
"1086918","zymases",,"udimeu"
"1086919","zyme",,"idotnu"
"1086920","zymes",,"idotas"
"1086921","zymic",,"udinee"
"1086922","zymin",,"dutapa"
"1086923","zymite",,"dateina"
"1086924","zymites",,"datewa"
"1086925","zymo",,"edapn"
"1086926","zymocarpus",,"idopare"
"1086927","zymochemistry",,"ditasapou"
"1086928","zymocidal",,"aduposu"
"1086929","zymocide",,"dotusaet"
"1086930","zymocin",,"detise"
"1086931","zymodeme",,"dutetui"
"1086932","zymogen",,"detime"
"1086933","zymogene",,"datomaen"
"1086934","zymogenes",,"datomaon"
"1086935","zymogeneses",,"dutemuheot"
"1086936","zymogenesis",,"datomahoe"
"1086937","zymogenic",,"detimea"
"1086938","zymogenicity",,"adupazuvi"
"1086939","zymogenous",,"dotumou"
"1086940","zymogens",,"detimein"
"1086941","zymogram",,"dutemee"
"1086942","zymograms",,"dutemein"
"1086943","zymograph",,"ditamaon"
"1086944","zymographic",,"ditamasaun"
"1086945","zymographically",,"ditamasaet"
"1086946","zymography",,"datomoun"
"1086947","zymohexase",,"idopuzun"
"1086948","zymohiria",,"idopusin"
"1086949","zymohydrolosis",,"edapomebi"
"1086950","zymohydrolysis",,"edapomebon"
"1086951","zymoid",,"ditaea"
"1086952","zymolase",,"dotuvion"
"1086953","zymolectin",,"ditavion"
"1086954","zymologic",,"datovuat"
"1086955","zymological",,"odepohuvat"
"1086956","zymologies",,"dutevio"
"1086957","zymologist",,"odepohan"
"1086958","zymologists",,"odepohuvun"
"1086959","zymology",,"dotuveat"
"1086960","zymologys",,"dotuvee"
"1086961","zymolyase",,"duteviun"
"1086962","zymolyis",,"dutevie"
"1086963","zymolyses",,"ditavoo"
"1086964","zymolysis",,"duteviin"
"1086965","zymolytic",,"edapeman"
"1086966","zymolyticcer",,"ditavodian"
"1086967","zymolyticcest",,"dotuvedoa"
"1086968","zymolyticer",,"ditavodii"
"1086969","zymolyticest",,"dotuvedoot"
"1086970","zymom",,"udipa"
"1086971","zymome",,"idopen"
"1086972","zymomes",,"idopuon"
"1086973","zymometer",,"odepizot"
"1086974","zymometers",,"odepizo"
"1086975","zymomin",,"dutezun"
"1086976","zymonema",,"dutepuat"
"1086977","zymophagy",,"odeperena"
"1086978","zymophore",,"dotuhuun"
"1086979","zymophoric",,"ditahaan"
"1086980","zymophosphate",,"dutehejuan"
"1086981","zymophyte",,"detihiot"
"1086982","zymoplastic",,"dutehasuo"
"1086983","zymoprotein",,"edapaqegin"
"1086984","zymosan",,"dotuqet"
"1086985","zymosans",,"dotuqii"
"1086986","zymoscope",,"detiquin"
"1086987","zymose",,"adupon"
"1086988","zymoses",,"adupoan"
"1086989","zymosimeter",,"odepusafon"
"1086990","zymosimeters",,"odepusafan"
"1086991","zymosis",,"edapiet"
"1086992","zymosterol",,"ditaqoon"
"1086993","zymosterone",,"detiqapaen"
"1086994","zymosthenic",,"datoqusoe"
"1086995","zymotechnic",,"datowavuun"
"1086996","zymotechnical",,"odepazetun"
"1086997","zymotechnics",,"datowavuu"
"1086998","zymotechnological",,"ditawivoat"
"1086999","zymotechnologist",,"ditawivoan"
"1087000","zymotechnology",,"idopezotat"
"1087001","zymotechny",,"dotuwoun"
"1087002","zymotherapy",,"adupirebo"
"1087003","zymotic",,"ditawin"
"1087004","zymotically",,"ditawevean"
"1087005","zymoticcer",,"adupisin"
"1087006","zymoticcest",,"udiposizi"
"1087007","zymoticer",,"adupisu"
"1087008","zymoticest",,"udiposon"
"1087009","zymotics",,"ditawea"
"1087010","zymotize",,"edapuset"
"1087011","zymotoxic",,"adupihin"
"1087012","zymotype",,"idopemi"
"1087013","zymoxin",,"edapieta"
"1087014","zymurgic",,"dotacian"
"1087015","zymurgical",,"udiwanan"
"1087016","zymurgies",,"detucoa"
"1087017","zymurgist",,"udiwani"
"1087018","zymurgy",,"dutocan"
"1087019","zynfluencer",,"devuvepeen"
"1087020","zynga",,"divon"
"1087021","zynning",,"doviran"
"1087022","zynternet",,"deviviu"
"1087023","zyopterus",,"daziwaet"
"1087024","zyphe",,"odume"
"1087025","zyprexa",,"dipivun"
"1087026","zyrag",,"deham"
"1087027","zyrard",,"dahuea"
"1087028","zyras",,"dahuqa"
"1087029","zyrenian",,"duhopoat"
"1087030","zyrenians",,"duhopoe"
"1087031","zyrian",,"adunie"
"1087032","zyrians",,"adunaat"
"1087033","zyrtec",,"aduqen"
"1087034","zyrtecs",,"aduquon"
"1087035","zyryan",,"odekan"
"1087036","zyryanka",,"odekofu"
"1087037","zyryans",,"odekoun"
"1087038","zysk",,"adass"
"1087039","zyskin",,"dajia"
"1087040","zyskowski",,"udusoki"
"1087041","zythem",,"idumen"
"1087042","zythepsary",,"ademujin"
"1087043","zythia",,"odimun"
"1087044","zythias",,"odimuu"
"1087045","zytho",,"idumee"
"1087046","zythological",,"udamozusot"
"1087047","zythology",,"ducufaot"
"1087048","zythophile",,"dacafae"
"1087049","zythophilia",,"docofosoen"
"1087050","zythophilic",,"decefeseat"
"1087051","zythophobe",,"ducufuot"
"1087052","zythophobia",,"decefesoi"
"1087053","zythophobic",,"dacafaseu"
"1087054","zythos",,"idumet"
"1087055","zythozymase",,"docofonee"
"1087056","zythum",,"idumeta"
"1087057","zythums",,"idumoi"
"1087058","zytkow",,"docao"
"1087059","zyuganov",,"adolafe"
"1087060","zyuganovism",,"idalifilo"
"1087061","zyuganovs",,"adolafina"
"1087062","zyvox",,"udopeu"
"1087063","zywicki",,"idonai"
"1087064","zyxin",,"edenia"
"1087065","zyzomys",,"dokuzen"
"1087066","zyzomyss",,"dokuzeon"
"1087067","zyzzogeton",,"adolinot"
"1087068","zyzzogetons",,"adolinego"
"1087069","zyzzyva",,"dikelat"
"1087070","zyzzyvas",,"dikelue"
,,,
"Language",,,
"Meaning is Universal. Language is Merely the surface.",,,
"? hzvidib dn pidqzmnvg gvibpvbz dn hzmzgt ocz npmavxz",,,
"? Erozeun ih Utuboqu. Navobuo ih Uretuna ih Ucakeata.",,,
,,,
"Same meaning. Three layers. Zero noise.",,,
"marsji.com",,,
